appid,name,genres,release_date,is_free,price,developers,publishers,concurrent_players,source,peak_players,is_non_game
431960,Wallpaper Engine,"Action, Horror, Indie",,,,Wallpaper Engine Team,Wallpaper Engine Team,65691.0,steamspy,150271.0,True
786520,SAO Utils: Beta,Indie,,,,Joshua Chen,Studio GPBeta,871.0,steamspy,3847.0,True
1929610,Demonologist,"Action, Horror, Indie, Survival",,,,Clock Wizard Games,Clock Wizard Games,258.0,steamspy,8693.0,True
2552450,KINGDOM HEARTS III + Re Mind (DLC),"Action, Adventure, JRPG, RPG",,,,Square Enix,Square Enix,255.0,steamspy,1267.0,True
231120,Euro Truck Simulator 2 Demo,"Action, Adventure, Casual, Indie, RPG, Racing, Simulation",,,,SCS Software,SCS Software,212.0,steamspy,1310.0,True
830640,DayZ Tools,Survival,,,,Bohemia Interactive,Bohemia Interactive,82.0,steamspy,216.0,True
457550,Bigscreen Beta,"Adventure, Casual, Simulation",,,,"Bigscreen, Inc.","Bigscreen, Inc.",76.0,steamspy,2436.0,True
452280,Factorio Demo,"Indie, Simulation, Strategy, Survival",,,,Wube Software LTD.,Wube Software LTD.,74.0,steamspy,2987.0,True
2707900,NIGHT-RUNNERS PROLOGUE,"Horror, RPG, Racing, Sports",,,,PLANET JEM,PLANET JEM,62.0,steamspy,1992.0,True
10150,Prototype,"Action, Adventure, Horror, RPG",,,,Radical Entertainment,Activision,51.0,steamspy,965.0,True
2552440,KINGDOM HEARTS HD 2.8 Final Chapter Prologue,"Action, Adventure, JRPG, RPG",,,,Square Enix,Square Enix,50.0,steamspy,202.0,True
591960,Animation Throwdown: The Quest for Cards,"Adventure, Card & Board, Casual, Horror, RPG, Strategy",,,,"Synapse Games, Chinzilla",Kongregate,49.0,steamspy,1359.0,True
1410710,Democracy 4,"Indie, Simulation, Strategy",,,,Positech Games,Positech Games,48.0,steamspy,685.0,True
115320,Prototype 2,"Action, Adventure, Horror, RPG",,,,Radical Entertainment,Activision,43.0,steamspy,4062.0,True
1490890,Demon Slayer -Kimetsu no Yaiba- The Hinokami Chronicles,"Action, Adventure",,,,CyberConnect2,SEGA,39.0,steamspy,7939.0,True
564310,Serious Sam Fusion 2017 (beta),"Action, Indie, Shooter",,,,Croteam,"Devolver Digital, Croteam",39.0,steamspy,486.0,True
1344350,SUCCUBUS: Prologue,"Action, Adventure, Horror, Indie",,,,Madmind Studio,Madmind Studio,38.0,steamspy,395.0,True
2204130,Sid Meier's Alpha Centauri Planetary Pack,"4X, Strategy",,,,Firaxis Games,Electronic Arts,37.0,steamspy,276.0,True
1092720,Hello Neighbor Alpha 2,"Action, Horror, Puzzle, Survival",,,,Dynamic Pixels,tinyBuild,31.0,steamspy,102.0,True
3132990,Black Myth: Wukong Benchmark Tool,"Action, Adventure, Horror",,,,Game Science,Game Science,30.0,steamspy,47941.0,True
267530,The LEGO Movie - Videogame,"Action, Adventure, Casual, Platformer, RPG",,,,"TT Fusion, Traveller's Tales",Warner Bros. Interactive Entertainment,29.0,steamspy,1394.0,True
1396240,Contraband Police: Prologue,"Action, Shooter, Simulation",,,,Crazy Rocks,PlayWay S.A.,28.0,steamspy,798.0,True
3011030,NO-SKIN,"Horror, RPG, Strategy",,,,NoEye-Soft,NoEye-Soft,26.0,steamspy,214.0,True
2089250,Alpha Response,"Action, Shooter",,,,Ultimo Ratio Games,Ultimo Ratio Games,25.0,steamspy,1439.0,True
1092710,Hello Neighbor Alpha 1,"Action, Horror, Platformer, Puzzle, Survival",,,,Dynamic Pixels,tinyBuild,25.0,steamspy,149.0,True
1096710,Hello Neighbor Alpha 4,"Action, Adventure, Horror, Indie, Puzzle, Strategy, Survival",,,,Dynamic Pixels,tinyBuild,24.0,steamspy,141.0,True
1694430,Dynamic Dungeons Editor,"Adventure, Card & Board, RPG",,,,Dynamic Dungeons,Dynamic Dungeons,22.0,steamspy,88.0,True
1804010,Labyrinth Of The Demon King,"Action, Adventure, Horror, RPG, Survival",,,,J. R. Hudepohl,"Top Hat Studios, Inc.",22.0,steamspy,435.0,True
974630,Shadow of the Tomb Raider Demo,"Action, Adventure, Puzzle, Shooter, Survival",,,,"Eidos-Montréal, Crystal Dynamics, Nixxes software",Square Enix,21.0,steamspy,780.0,True
2315430,The Executive - Movie Industry Tycoon,"Casual, Indie, Simulation, Strategy",,,,Aniki Games,"Goblinz Publishing, Maple Whispering Limited",20.0,steamspy,911.0,True
1196080,Space Simulation Toolkit,"Indie, Platformer, Simulation",,,,Pavel Kudinov,Pavel Kudinov,19.0,steamspy,71.0,True
42850,Arsenal of Democracy: A Hearts of Iron Game,Strategy,,,,BL-Logic,Paradox Interactive,16.0,steamspy,93.0,True
1055010,Energy Engine PC Live Wallpaper,Simulation,,,,3dm_live_wallpapers,3dm_live_wallpapers,16.0,steamspy,201.0,True
115100,Costume Quest,"Action, Adventure, Casual, Indie, Puzzle, RPG, Strategy",,,,Double Fine Productions,Double Fine Productions,14.0,steamspy,742.0,True
1092700,Hello Neighbor Pre-Alpha,"Action, Horror, Puzzle, Survival",,,,Dynamic Pixels,tinyBuild,14.0,steamspy,143.0,True
1933660,Demons Roots,"Adventure, Indie, JRPG, RPG",,,,Quick nail Aristocrat,Kagura Games,13.0,steamspy,599.0,True
603440,Empires of the Undergrowth Demo,"Adventure, Indie, Simulation, Strategy, Survival",,,,Slug Disco Studios,Slug Disco Studios,13.0,steamspy,162.0,True
1743850,HYPER DEMON,"Action, Shooter",,,,Sorath,Sorath,13.0,steamspy,346.0,True
3204020,Juufuutei Raden's Guide for Pixel Museum,"Casual, Indie, Platformer, Puzzle",,,,Jupiter Corporation,Jupiter Corporation,13.0,steamspy,633.0,True
1377150,Operation: Tango - Demo,"Adventure, Casual, Puzzle",,,,Clever Plays,Clever Plays,13.0,steamspy,849.0,True
1003890,Blacksad: Under the Skin,"Adventure, Puzzle",,,,"Pendulo Studios, YS Interactive",Microids,12.0,steamspy,269.0,True
640590,The LEGO NINJAGO Movie Video Game,"Action, Adventure, Platformer",,,,"Traveller's Tales, TT Games",Warner Bros. Interactive Entertainment,12.0,steamspy,5388.0,True
1325900,Demon Turf: Queens Edition,"Action, Adventure, Platformer",,,,Fabraz,Playtonic Friends,11.0,steamspy,91.0,True
1168280,"Resident Evil 2 ""R.P.D. Demo""","Action, Horror, Shooter, Survival",,,,"CAPCOM Co., Ltd.","CAPCOM Co., Ltd.",11.0,steamspy,368.0,True
41010,Serious Sam HD: The Second Encounter - Demo,"Action, Indie, Shooter",,,,Croteam,Devolver Digital,11.0,steamspy,5992.0,True
881320,The LEGO Movie 2 Videogame,"Action, Adventure, Casual",,,,"TT Games, Feral interactive (Mac)","Warner Bros. Interactive Entertainment, Feral interactive (Mac)",11.0,steamspy,240.0,True
1092730,Hello Neighbor Alpha 3,"Action, Adventure, Horror, Indie, Puzzle, Strategy, Survival",,,,Dynamic Pixels,tinyBuild,10.0,steamspy,80.0,True
1364960,Hello Neighbor 2 Alpha 1.5,"Adventure, Horror, Platformer, Puzzle, Survival",,,,"Eerie Guest, tinyBuild",tinyBuild,9.0,steamspy,1061.0,True
2770160,Maxwell's puzzling demon,"Casual, Indie, Puzzle",,,,muratsubo Games,muratsubo Games,9.0,steamspy,72.0,True
3452,Typer Shark! Deluxe Free Demo,Casual,,,,"PopCap Games, Inc.","PopCap Games, Inc.",9.0,steamspy,,True
245470,Democracy 3,"Casual, Indie, Simulation, Strategy",,,,Positech Games,Positech Games,8.0,steamspy,2636.0,True
3332,Zuma Deluxe Free Demo,"Casual, Puzzle",,,,"PopCap Games, Inc.","PopCap Games, Inc.",8.0,steamspy,,True
34010,Alpha Protocol,"Action, Adventure, RPG, Shooter",,,,Obsidian Entertainment,SEGA,7.0,steamspy,389.0,True
1711950,GWENT: Rogue Mage (Single-Player Expansion),"Card & Board, Puzzle, Strategy",,,,CD PROJEKT RED,CD PROJEKT RED,7.0,steamspy,1071.0,True
2905970,Sunset Motel: Prologue,"Action, Casual, Simulation",,,,Efkey Studios,RockGame S.A.,7.0,steamspy,153.0,True
1812060,Yokai Art: Night Parade of One Hundred Demons,"Casual, Horror, Indie, Puzzle, Strategy, Survival, Tower Defense",,,,Secret Labo,Secret Labo,7.0,steamspy,241.0,True
350070,Environmental Station Alpha,"Action, Adventure, Indie, Metroidvania, Platformer, Puzzle",,,,"Arvi Teikari, Roope Mäkinen",Hempuli Oy,6.0,steamspy,63.0,True
1017060,Planet Evolution PC Live Wallpaper,Simulation,,,,3dm_live_wallpapers,3dm_live_wallpapers,6.0,steamspy,96.0,True
301280,Skin Deep,"Action, Indie, Simulation","30 Apr, 2025",False,"₩ 21,500",Blendo Games,Annapurna Interactive,6.0,appdetails,485.0,True
802870,The Ditzy Demons Are in Love With Me,"Adventure, Casual, Visual Novel",,,,SMILE,Sekai Project,6.0,steamspy,139.0,True
927730,3D Earth Time Lapse PC Live Wallpaper,Simulation,,,,3dm_live_wallpapers,3dm_live_wallpapers,5.0,steamspy,49.0,True
1467920,A Guidebook of Babel,"Adventure, Puzzle",,,,StarryStarry,Thermite Games,5.0,steamspy,,True
734880,A Hat in Time - Modding Tools,Horror,,,,,SP Digital Arts Inc.,5.0,steamspy,64.0,True
1019100,Attack on Titan 2 - A.O.T.2 - 進撃の巨人２ Demo,"Action, Adventure, Horror, RPG",,,,"KOEI TECMO GAMES CO., LTD.","KOEI TECMO GAMES CO., LTD.",5.0,steamspy,177.0,True
275180,Costume Quest 2,"Action, Adventure, Casual, Indie, JRPG, RPG",,,,Double Fine Productions,"Midnight City, Majesco Entertainment",5.0,steamspy,345.0,True
530210,INSIDE Demo,"Action, Adventure, Horror, Indie, Platformer, Puzzle",,,,Playdead,Playdead,5.0,steamspy,151.0,True
2659050,Movies Tycoon,"City Builder, Simulation, Strategy",,,,PixelCraze s.r.o.,PixelCraze s.r.o.,5.0,steamspy,172.0,True
1966220,Pampas & Selene: The Maze of Demons,"Action, Adventure, Metroidvania, Platformer",,,,@unepic_fran,Unepic Games,5.0,steamspy,104.0,True
2803360,Project L33T: Prologue,"Action, RPG, Shooter",,,,Holmgard Games,Holmgard Games,5.0,steamspy,87.0,True
993110,Skinwalker Hunt,"Action, Adventure, Horror, Shooter, Survival",,,,Gua,Gua,5.0,steamspy,,True
2551920,Tools Up! Ultimate Edition,"Action, Adventure, Casual, Platformer, Simulation",,,,The Knights of Unity,"Untold Tales, Gamersky Games",5.0,steamspy,100.0,True
449960,Book of Demons,"Action, Adventure, Card & Board, RPG, Roguelike",,,,Thing Trunk,Thing Trunk,4.0,steamspy,2054.0,True
1409670,Bright Memory: Infinite Ray Tracing Benchmark,Indie,,,,FYQD-Studio,"FYQD-Studio, PLAYISM",4.0,steamspy,,True
1522,DEFCON Demo,"Horror, Indie, Simulation, Strategy",,,,Introversion Software,Introversion Software,4.0,steamspy,,True
1141220,DemonCrawl,"Adventure, Indie, Puzzle, RPG, Strategy",,,,Therefore Games,Therefore Games,4.0,steamspy,,True
712190,Genesis Alpha One Deluxe Edition,"Action, Horror, Roguelike, Survival",,,,Radiation Blue,Team17 Digital Ltd,4.0,steamspy,763.0,True
22450,Hunted: The Demon’s Forge,"Action, Adventure, RPG, Shooter",,,,inXile Entertainment,Bethesda Softworks,4.0,steamspy,170.0,True
504130,Manual Samuel - Last Tuesday Edition,"Adventure, Casual, Indie",,,,Perfectly Paranormal,Curve Games,4.0,steamspy,8969.0,True
39000,Moonbase Alpha,"Adventure, Massively Multiplayer, Puzzle, Simulation, Strategy",,,,"Virtual Heroes, Army Game Studio",NASA,4.0,steamspy,303.0,True
2007530,Spellbook Demonslayers,"Action, Casual, RPG, Roguelike, Shooter",,,,Xendra,"Xendra, Erabit",4.0,steamspy,924.0,True
1121930,Synth Riders Beatmap Editor,Indie,,,,"Kluge Strategic, LLC","Kluge Strategic, LLC",4.0,steamspy,23.0,True
303210,The Beginner's Guide,"Adventure, Horror, Indie, Puzzle",,,,Everything Unlimited Ltd.,Everything Unlimited Ltd.,4.0,steamspy,913.0,True
992310,Backbone: Prologue,"Adventure, Indie, Puzzle, RPG",,,,EggNut,Raw Fury,3.0,steamspy,,True
207100,Castle Crashers Demo,"Action, Adventure, Casual, Indie, RPG",,,,The Behemoth,The Behemoth,3.0,steamspy,108.0,True
1732340,DEMON GAZE EXTRA,"JRPG, RPG",,,,"DRAGAMI GAMES, LTD.",Clouded Leopard Entertainment,3.0,steamspy,136.0,True
422510,DEMON'S TILT,"Action, Horror, Indie",,,,"WIZNWAR, FLARB LLC",FLARB LLC,3.0,steamspy,23.0,True
589120,Danganronpa V3: Killing Harmony Demo Ver.,"Adventure, Visual Novel",,,,"Spike Chunsoft Co., Ltd.","Spike Chunsoft Co., Ltd.",3.0,steamspy,1089.0,True
2364560,Demonheart: The Cursed Trial,"Adventure, Casual, RPG, Simulation, Visual Novel",,,,Rolling Crown,Rolling Crown,3.0,steamspy,,True
964080,Endless Universe 2 PC Live Wallpaper,Simulation,,,,3dm_live_wallpapers,3dm_live_wallpapers,3.0,steamspy,20.0,True
2081400,Gal Guardians: Demon Purge,"Action, Adventure, Metroidvania, Platformer",,,,"INTI CREATES CO., LTD.","INTI CREATES CO., LTD.",3.0,steamspy,1321.0,True
48010,LIMBO Demo,"Action, Adventure, Casual, Horror, Indie, Platformer, Puzzle",,,,Playdead,Playdead,3.0,steamspy,115.0,True
286650,MXGP - The Official Motocross Videogame Demo,"Action, Adventure, Racing, Simulation, Sports",,,,Milestone S.r.l.,"Plug In Digital, Milestone S.r.l.",3.0,steamspy,562.0,True
319260,NoLimits 2 Roller Coaster Simulation Demo,"Indie, Simulation",,,,Ole Lange,Mad Data GmbH & Co. KG,3.0,steamspy,,True
3592,Plants vs. Zombies Demo,"Adventure, Casual, Indie, Puzzle, Strategy, Survival, Tower Defense",,,,"PopCap Games, Inc.","PopCap Games, Inc.",3.0,steamspy,,True
455510,WolfQuest Demo,"Action, Adventure, Indie, RPG, Simulation, Survival",,,,eduweb,eduweb,3.0,steamspy,,True
213390,Atooms to Moolecules Demo,"Casual, Indie",,,,BitSits Games,BitSits Games,2.0,steamspy,,True
24710,Command and Conquer: Red Alert 3 Demo,"Action, Strategy",,,,EA Los Angeles,Electronic Arts,2.0,steamspy,94.0,True
497770,Epistory - Typing Chronicles Demo,"Action, Adventure, Indie, RPG",,,,Fishing Cactus,Fishing Cactus / Plugin Digital,2.0,steamspy,,True
671210,FINAL FANTASY XV WINDOWS EDITION PLAYABLE DEMO,"Action, JRPG, RPG",,,,Square Enix,Square Enix,2.0,steamspy,6034.0,True
2717570,Find the Demon 恶魔鉴定守则,"Casual, Puzzle, Visual Novel",,,,SHAKINO_UNION,LoveStoryProject,2.0,steamspy,210.0,True
1268040,Fluid Engine PC Live Wallpaper,Simulation,,,,3dm_live_wallpapers,3dm_live_wallpapers,2.0,steamspy,75.0,True
1695794,Halo 3: ODST Mod Tools - MCC,Action,,,,"343 Industries, Splash Damage, Ruffian Games, Bungie, Saber Interactive",Polyslash,2.0,steamspy,,True
557800,Hello Charlotte Demo,"Adventure, Horror, Indie, RPG, Visual Novel",,,,etherane,etherane,2.0,steamspy,,True
1504150,Hello Guest: Hello Neighbor 2 pre-alpha,"Action, Adventure, Horror, Indie, Puzzle, Strategy, Survival",,,,"Eerie Guest, tinyBuild",tinyBuild,2.0,steamspy,45.0,True
1373880,Hello Neighbor 2 Alpha 1,"Adventure, Horror, Platformer, Puzzle, Strategy, Survival",,,,"Eerie Guest, tinyBuild",tinyBuild,2.0,steamspy,141.0,True
3322,Insaniquarium Deluxe Free Demo,"Action, Casual, Simulation, Strategy",,,,"PopCap Games, Inc.","PopCap Games, Inc.",2.0,steamspy,,True
343730,Irrational Exuberance: Prologue,"Adventure, Casual, Indie",,,,Buffalo Vision,Buffalo Vision,2.0,steamspy,14.0,True
485030,PLANET ALPHA,"Action, Adventure, Indie, Platformer, Puzzle, Survival",,,,Planet Alpha ApS,Team17 Digital Ltd,2.0,steamspy,,True
1817300,Pose Tool 3D Pro,"Indie, Simulation",,,,Riven Phoenix,alienthink.com,2.0,steamspy,7.0,True
1431610,Prison Simulator: Prologue,"Action, Adventure, Shooter, Simulation",,,,Baked Games,"Baked Games, PlayWay S.A.",2.0,steamspy,,True
222500,Rail Adventures - VR Tech Demo,"Action, Indie, Racing",,,,exosyphen studios,exosyphen studios,2.0,steamspy,,True
207510,Rayman Origins Demo,"Action, Adventure, Platformer",,,,UBIart Montpellier,Ubisoft,2.0,steamspy,62.0,True
1691420,START AGAIN: a prologue,"Horror, JRPG, RPG",,,,insertdisc5,insertdisc5,2.0,steamspy,,True
2825130,Shadowed: The Demon Castle of Ooe,"RPG, Roguelike",,,,Lab Rabbit Games ltd,Lab Rabbit Games ltd,2.0,steamspy,6.0,True
202290,Sonic Generations Demo,"Action, Adventure, Platformer",,,,Devil's Details,SEGA,2.0,steamspy,,True
247750,The Stanley Parable Demo,"Adventure, Casual, Indie, Puzzle",,,,Galactic Cafe,Galactic Cafe,2.0,steamspy,952.0,True
1004490,Tools Up!,"Action, Adventure, Casual, Indie, Simulation",,,,The Knights of Unity,"Untold Tales, Gamersky Games",2.0,steamspy,253.0,True
34350,Total War: SHOGUN 2 Demo,"Action, Strategy",,,,The Creative Assembly,SEGA,2.0,steamspy,,True
727270,Will Glow the Wisp Demo,"Action, Indie, Platformer",,,,PartTimeIndie,PartTimeIndie,2.0,steamspy,,True
22010,World of Goo Demo,"Casual, Indie, Puzzle, Strategy",,,,2D BOY,2D BOY,2.0,steamspy,38.0,True
1074450,A Legionary's Life Demo,"Indie, RPG",,,,Alessandro Roberti,Alessandro Roberti,1.0,steamspy,,True
33970,ARMA II: Operation Arrowhead Demo,"Action, Shooter, Simulation, Strategy",,,,Bohemia Interactive,Bohemia Interactive,1.0,steamspy,150.0,True
642810,AccuRC 2 Demo,"Racing, Simulation, Sports",,,,Trasnatech,Trasnatech,1.0,steamspy,,True
3532,Amazing Adventures Around the World Demo,"Casual, Puzzle",,,,SpinTop Games,"PopCap Games, Inc.",1.0,steamspy,,True
285540,Among the Sleep Demo,"Action, Adventure, Horror, Indie",,,,Krillbite Studio,Krillbite Studio,1.0,steamspy,106.0,True
1428610,Animal Rescuer: Prologue,"Action, Adventure, Indie, RPG",,,,Turquoise Revival Games,Turquoise Revival Games,1.0,steamspy,,True
915520,Arcade Spirits Demo,"Casual, Indie, Simulation, Visual Novel",,,,Fiction Factory Games,PQube Limited,1.0,steamspy,,True
12910,AudioSurf Demo,"Casual, Indie, Puzzle, Racing",,,,Dylan Fitterer,,1.0,steamspy,81.0,True
3352,Bejeweled Deluxe Free Demo,"Casual, Puzzle",,,,"PopCap Games, Inc.","PopCap Games, Inc.",1.0,steamspy,,True
299050,Blood II: The Chosen + Expansion,"Action, Adventure","14 Jul, 2014",False,"₩ 1,100",Monolith Productions,Atari,1.0,appdetails,,True
1435090,Bloody Rally Show: Prologue,"RPG, Racing, Sports, Survival",,,,Kodo Linija,Kodo Linija,1.0,steamspy,,True
26810,Braid Demo,"Adventure, Casual, Indie, Platformer, Puzzle, Strategy",,,,Number None,Number None,1.0,steamspy,,True
1141550,CUCKOLD SIMULATOR: Life as a Beta Male Cuck,"Casual, Indie, Simulation, Visual Novel",,,,Team SNEED,Team SNEED,1.0,steamspy,57.0,True
2937710,Clothing Store Simulator: Prologue,"Action, Casual, Simulation",,,,Kiki Games,Kiki Games,1.0,steamspy,368.0,True
1261060,Cosmic Journey PC Live Wallpaper,Simulation,,,,3dm_live_wallpapers,3dm_live_wallpapers,1.0,steamspy,,True
1074760,Cricket 19 Demo,"Simulation, Sports",,,,Big Ant Studios,Big Ant Studios,1.0,steamspy,,True
370900,CrossCode Demo,"Action, Adventure, Indie, JRPG, Puzzle, RPG",,,,Radical Fish Games,Deck13,1.0,steamspy,,True
1389160,Dark Fracture: Prologue,"Action, Adventure, Horror, Indie, Simulation, Survival",,,,Twisted II Studio,"Twisted II Studio, Feardemic",1.0,steamspy,,True
427470,Democracy 3 Africa,"Indie, Simulation, Strategy",,,,Positech Games,Positech Games,1.0,steamspy,260.0,True
1261760,Democratic Socialism Simulator,"Casual, Indie, Simulation",,,,Molleindustria,Molleindustria,1.0,steamspy,,True
577670,Demolish & Build 2018,"Action, Casual, Indie, Simulation",,,,Noble Muffins,Demolish Games S.A.,1.0,steamspy,,True
1203670,Demolish & Build 3,"Action, Adventure, Indie, Simulation, Strategy",,,,Demolish Games S.A.,Demolish Games S.A.,1.0,steamspy,260.0,True
2607260,Demon Corporation: Onboarding,"Casual, Indie, JRPG, Puzzle, RPG",,,,A Shrine of Ludens,"A Shrine of Ludens, SapStaR Games",1.0,steamspy,,True
1803960,Demon Sword: Incubus,"Action, JRPG, Platformer, RPG",,,,Brianode,Eroge Japan,1.0,steamspy,,True
1747890,Demon Turf: Neon Splash,"Action, Adventure, Indie, Platformer, Simulation",,,,Fabraz,Playtonic Friends,1.0,steamspy,,True
454610,Demon's Crystals,"Action, Indie, Shooter",,,,Byte4Games,BadLand Publishing,1.0,steamspy,,True
1600910,Demon's Mirror,"Card & Board, Indie, Puzzle, RPG, Strategy",,,,Be-Rad Entertainment,Good Shepherd Entertainment,1.0,steamspy,,True
843900,Demon's Rise - War for the Deep,"Action, Indie, RPG, Strategy",,,,Wave Light Games Inc.,Wave Light Games Inc.,1.0,steamspy,41.0,True
897930,Demonheart: Hunters,"Adventure, RPG, Simulation, Visual Novel",,,,Rolling Crown,Rolling Crown,1.0,steamspy,124.0,True
215630,Demonicon,"Action, Adventure, RPG",,,,Noumena Studios,Kalypso Media Digital,1.0,steamspy,,True
1588340,Demonlore,"Adventure, Card & Board, Casual, RPG, Roguelike, Strategy, Tower Defense",,,,Barrel Smash Studios,Barrel Smash Studios,1.0,steamspy,53.0,True
1339460,Dinosaur Fossil Hunter: Prologue,"Action, Adventure, Simulation",,,,▲ Pyramid Games,Pyramid Games S.A.,1.0,steamspy,240.0,True
2781190,DragonLoop: Prologue,"Action, Adventure, Indie, Metroidvania, Platformer, RPG",,,,沙因小分队,沙因小分队,1.0,steamspy,,True
3162780,Drive Thru Miami Prologue,Simulation,,,,Alkame Games,Alkame Games,1.0,steamspy,,True
81257,Dungeon Defenders Halloween DLC Trailer,"Indie, RPG, Strategy",,,,Trendy Entertainment,,1.0,steamspy,,True
3382,Dynomite Deluxe Free Demo,"Casual, Puzzle",,,,"PopCap Games, Inc.","PopCap Games, Inc.",1.0,steamspy,,True
2224850,EMPTY SHELL: PROLOGUE,"Action, Adventure, Horror, Roguelike, Survival",,,,CC ARTS,Hyperstrange,1.0,steamspy,,True
422500,Emmerholt: Prologue,"Action, Adventure, Indie, RPG",,,,Oneiric Entertainment LLC,Oneiric Entertainment LLC,1.0,steamspy,13.0,True
10620,Empire: Total War Demo,"Action, Adventure, Strategy",,,,The Creative Assembly,SEGA,1.0,steamspy,,True
421800,EuroTruck Simulator - Mod Tools,"Action, Simulation",,,,,,1.0,steamspy,,True
1460540,Farlanders: Prologue,"City Builder, Simulation, Strategy, Survival",,,,Andriy Bychkovskyi,Crytivo,1.0,steamspy,,True
3392,Feeding Frenzy 2 Deluxe Free Demo,Casual,,,,"PopCap Games, Inc.","PopCap Games, Inc.",1.0,steamspy,,True
1478070,Fights in Tight Spaces (Prologue),"Action, Card & Board, Fighting, Strategy",,,,Ground Shatter,Raw Fury,1.0,steamspy,,True
16170,Fish Tycoon Demo,"Casual, Simulation",,,,Last Day of Work,Last Day of Work,1.0,steamspy,3.0,True
627610,Get To The Orange Door Demo,"Action, Adventure, Indie, Shooter",,,,Andrew Smith,Arcade Coin,1.0,steamspy,,True
1368460,Golden Axed: A Cancelled Prototype,"Action, Fighting",,,,"The Eccentric Ape, SEGA",SEGA,1.0,steamspy,,True
1230170,Gunsmith Simulator: Prologue,"Action, Indie, Puzzle, Shooter, Simulation",,,,GameHunters,PlayWay S.A.,1.0,steamspy,1102.0,True
3412,Heavy Weapon Deluxe Free Demo,"Action, Casual",,,,"PopCap Games, Inc.","PopCap Games, Inc.",1.0,steamspy,,True
1382910,Hell Architect: Prologue,"City Builder, Strategy",,,,Woodland Games,Leonardo Interactive,1.0,steamspy,350.0,True
562080,Hello Neighbor Demo,"Action, Adventure, Horror, Indie, Puzzle, Strategy, Survival",,,,Dynamic Pixels,tinyBuild,1.0,steamspy,,True
617730,Home Sweet Home Demo,"Action, Adventure, Horror, Indie, Puzzle, Survival",,,,"YGGDRAZIL GROUP CO., LTD","YGGDRAZIL GROUP CO., LTD",1.0,steamspy,,True
207080,Indie Game: The Movie,Indie,,,,BlinkWorks Media,BlinkWorks Media,1.0,steamspy,,True
3547420,Ire: A Prologue,"Action, Adventure","28 Oct, 2025",False,"₩ 21,500",ProbablyMonsters,ProbablyMonsters,1.0,appdetails,11.0,True
466590,Kathy Rain Demo,"Adventure, Indie",,,,Clifftop Games,Raw Fury,1.0,steamspy,,True
203970,Kingdoms of Amalur: Reckoning Demo,"Action, Adventure, RPG",,,,"Big Huge Games, 38 Studios",,1.0,steamspy,,True
224640,Krater Demo,"Action, Adventure, Indie, RPG, Strategy",,,,Fatshark,Satshark,1.0,steamspy,,True
11910,LUMINES Demo,"Casual, Puzzle",,,,Q Entertainment Inc.,Q Entertainment Inc.,1.0,steamspy,,True
464140,MXGP2 - The Official Motocross Videogame Demo,"Racing, Simulation, Sports",,,,Milestone S.r.l.,Milestone S.r.l.,1.0,steamspy,,True
7890,Men of War Demo,"Action, Shooter, Simulation, Strategy",,,,Best Way,"1C Entertainment, 1C-SoftClub",1.0,steamspy,25.0,True
207770,Men of War: Assault Squad GOTY Demo,"Action, Simulation, Strategy",,,,Digitalmindsoft,,1.0,steamspy,85.0,True
853650,Middle-earth: Shadow of War Demo,"Action, Adventure, RPG, Strategy",,,,Monolith Productions,WB Games,1.0,steamspy,263.0,True
873570,Monster Sanctuary Demo,"Action, Adventure, Indie, Metroidvania, Platformer, RPG, Strategy",,,,Moi Rai Games,Moi Rai Games,1.0,steamspy,,True
2682120,Movie Cinema Simulator,"Casual, Indie, Simulation",,,,Akhir Pekan Studio,Akhir Pekan Studio,1.0,steamspy,,True
1340530,Mr. Prepper: Prologue,"Adventure, Simulation, Survival",,,,Rejected Games,"PlayWay S.A., Rejected Games",1.0,steamspy,770.0,True
2626970,My Horse: Bonded Spirits - Prologue,"Adventure, Casual, Simulation",,,,Games Incubator,"Games Incubator, PlayWay S.A.",1.0,steamspy,,True
3572,Mystery P.I. - The New York Fortune Demo,Casual,,,,SpinTop Games,"PopCap Games, Inc.",1.0,steamspy,,True
3522,Mystery P.I. - The Vegas Heist Free Demo,Casual,,,,SpinTop Games,"PopCap Games, Inc.",1.0,steamspy,,True
270680,NEO Scavenger Demo,"Adventure, Indie, RPG, Simulation, Strategy, Survival",,,,Blue Bottle Games,Blue Bottle Games,1.0,steamspy,177.0,True
1636350,Nemezis: Mysterious Journey III Prologue,"Adventure, Casual, Indie, Puzzle",,,,Detalion Games S.A.,PlayWay S.A.,1.0,steamspy,8.0,True
1434310,PAW Patrol The Movie: Adventure City Calls,"Action, Adventure, Platformer",,,,Drakhar Studio,Outright Games Ltd.,1.0,steamspy,33.0,True
3432,Pizza Frenzy Deluxe Free Demo,Casual,,,,"PopCap Games, Inc.","PopCap Games, Inc.",1.0,steamspy,,True
16160,Plant Tycoon Demo,"Casual, Simulation",,,,Last Day of Work,Last Day of Work,1.0,steamspy,,True
859910,Play With Gilbert Demo,"Adventure, Casual, Indie",,,,Joure Visser,Joure Visser,1.0,steamspy,,True
1988830,Project Wunderwaffe: Prologue,"Action, Adventure, City Builder, Strategy, Survival",,,,Weasel Games,Weasel Games,1.0,steamspy,,True
969170,Project: Gorgon Demo,"Indie, Massively Multiplayer, RPG",,,,"Elder Game, LLC","Elder Game, LLC",1.0,steamspy,115.0,True
243340,Rayman Legends Demo,"Action, Adventure, Platformer",,,,,Ubisoft,1.0,steamspy,,True
229950,Resident Evil 6 Benchmark Tool,Shooter,,,,Capcom,Capcom,1.0,steamspy,,True
355660,Ride: Game Demo,"Racing, Simulation, Sports",,,,Milestone S.r.l.,Milestone S.r.l.,1.0,steamspy,,True
8690,STCC - The Game 1 - Expansion Pack for RACE 07,"Racing, Simulation",,,,SimBin,SimBin,1.0,steamspy,,True
2295920,Ship Graveyard Simulator 2: Prologue,"Action, Adventure, Casual, Indie, Simulation",,,,Games Incubator,"Games Incubator, PlayWay S.A.",1.0,steamspy,,True
340320,Sinless + OST,"Adventure, Indie, RPG, Visual Novel",,,,MGP Studios,Forever Entertainment S. A.,1.0,steamspy,,True
1842320,Slayer : the Demon Haunted World,"Action, Adventure, Indie, RPG, Roguelike, Strategy",,,,PLAY Mephistowaltz,PLAY Mephistowaltz,1.0,steamspy,,True
210470,Sniper Elite V2 Demo,"Action, Adventure, Shooter, Simulation, Strategy",,,,Rebellion,,1.0,steamspy,134.0,True
801210,Spellsword Cards: Demontide,"Adventure, Card & Board, Indie, RPG, Roguelike, Strategy",,,,One Up Plus Entertainment,One Up Plus Entertainment,1.0,steamspy,,True
398600,Stray Cat Crossing Demo,"Adventure, Indie",,,,"Jurlo, JetPackGone",Fridge,1.0,steamspy,,True
262810,Super Turbo Demon Busters!,"Casual, Indie, RPG, Shooter",,,,HeroLabs,HeroLabs,1.0,steamspy,,True
1000560,Supraland Demo,"Action, Adventure, Indie, Metroidvania, Platformer, Puzzle",,,,Supra Games,Supra Games,1.0,steamspy,,True
258200,Talisman: Prologue,"Card & Board, Indie, RPG, Strategy",,,,Nomad Games,Nomad Games,1.0,steamspy,,True
1903510,Technicity: Prologue,"Action, Adventure, City Builder, Simulation",,,,Osaris Games,RockGame S.A.,1.0,steamspy,63.0,True
2142400,The Riese Project - Prologue,"Action, Adventure, Puzzle, Visual Novel",,,,Real Invented Studio,Real Invented Studio,1.0,steamspy,,True
1293860,The Riftbreaker: Prologue,"Action, Adventure, Indie, RPG, Simulation, Strategy, Survival, Tower Defense",,,,EXOR Studios,"EXOR Studios, Surefire.Games",1.0,steamspy,1101.0,True
501130,Thea: The Awakening Demo,"4X, Card & Board, Indie, RPG, Strategy, Survival",,,,MuHa Games,MuHa Games,1.0,steamspy,,True
8030,Tomb Raider: Anniversary Demo,"Action, Adventure, Platformer, Puzzle, Shooter",,,,Crystal Dynamics,"SQUARE ENIX, Eidos Interactive",1.0,steamspy,28.0,True
1715460,Touhou Hero of Ice Fairy: Prologue,"Action, Adventure, JRPG, RPG, Shooter",,,,GAMEPULSE 游戏脉冲,GAMEPULSE 游戏脉冲,1.0,steamspy,,True
264850,TrackMania² Canyon Demo,"Action, Racing, Sports",,,,Nadeo,Ubisoft,1.0,steamspy,,True
233070,TrackMania² Stadium Demo,"Action, Racing, Simulation, Sports",,,,Nadeo,Ubisoft,1.0,steamspy,,True
1553230,Trailer Shop Simulator,"Action, Simulation, Survival",,,,GidAzGames,GidAzGames,1.0,steamspy,,True
33560,Tropico 3 Demo,"City Builder, Simulation, Strategy",,,,Haemimont Games,Kalypso Media Digital,1.0,steamspy,,True
57750,Tropico 4 Demo,"City Builder, Simulation, Strategy",,,,Haemimont Games,Kalypso Media Digital,1.0,steamspy,,True
302060,Trucks & Trailers,"Adventure, Indie, Simulation",,,,SCS Software,SCS Software,1.0,steamspy,,True
16140,Virtual Villagers: A New Home Demo,"Casual, Simulation",,,,Last Day of Work,Last Day of Work,1.0,steamspy,4.0,True
22690,Worms Reloaded Demo,"Action, Strategy",,,,Team17 Digital Ltd,Team17 Digital Ltd,1.0,steamspy,,True
1825930,孤岛海妖 The Sea-demon,"Adventure, Casual, Indie, Visual Novel",,,,章鱼罐头制作组,章鱼罐头制作组,1.0,steamspy,54.0,True
702800, - Tales of Hongyuan OST,"Indie, RPG",,,,弘原游戏,,0.0,steamspy,,True
685380, Demo,"Adventure, Indie, Puzzle, RPG, Visual Novel",,,,发胶事务所 Hairgel Agency,发胶事务所 Hairgel Agency,0.0,steamspy,,True
700500, Demo,"Casual, Indie, Strategy",,,,wei,wei,0.0,steamspy,,True
760260, Demo,Indie,,,,内购人生,内购人生,0.0,steamspy,,True
779630, Demo,"Adventure, Indie, RPG, Strategy",,,,lvkeai,lvkeai,0.0,steamspy,,True
221660, Edna & Harvey: Harvey's New Eyes Demo,"Adventure, Indie, Puzzle",,,,Daedalic Entertainment,Daedalic Entertainment,0.0,steamspy,,True
2243560,"""I Know This Place..?""  chapter I (prologue)","Adventure, Puzzle, Visual Novel",,,,"SameFrame, RBL LABS",RBL LABS,0.0,steamspy,2.0,True
942430,"""LoveChoice - Original Sound Track""","Indie, RPG",,,,Akaba Studio,Akaba Studio,0.0,steamspy,,True
940770,"""Reimu Hakurei"" Bikini Costume (Touhou Genso Wanderer -Reloaded-)","Adventure, Indie, RPG",,,,AQUASTYLE,AQUASTYLE,0.0,steamspy,,True
940771,"""Reimu Hakurei"" Santa Costume (Touhou Genso Wanderer -Reloaded-)","Adventure, Indie, RPG",,,,AQUASTYLE,AQUASTYLE,0.0,steamspy,,True
754550,"""The Guard Of Dungeon"" - wallpaper 1920x1080","Action, Indie, Shooter",,,,HeX,,0.0,steamspy,,True
635780,#monstercakes OST,"Casual, Indie",,,,Paleno Games,Paleno Games,0.0,steamspy,,True
573560,&lt;/reality&gt; Demo,"Adventure, Indie, Visual Novel",,,,Fancy Fish Games,Fancy Fish Games,0.0,steamspy,,True
795621,'Worlds Adrift - Pioneer Edition Upgrade DLC,"Action, Adventure, Massively Multiplayer",,,,Bossa Studios,Bossa Studios,0.0,steamspy,,True
2388360,"(val)iant: or, val's guide to having a broken vag","Casual, Puzzle, Visual Novel",,,,Cactus Studio,Cactus Studio,0.0,steamspy,,True
604080,-Arcane Raise- Demo,"Adventure, Casual, Indie, JRPG, RPG, Strategy",,,,Arcane Raise,ArcaneRaise,0.0,steamspy,2.0,True
746970,.hack//G.U. Last Recode Demo,"Action, Adventure, JRPG, RPG",,,,CyberConnect2,BANDAI NAMCO Entertainment,0.0,steamspy,,True
975450,03.04 Demo,"Action, Adventure, Horror, Indie, Survival",,,,JPEG OF PAIN GAMES,JPEG OF PAIN,0.0,steamspy,,True
1271540,1 Screen Platformer: Prologue,"Action, Adventure, Indie, Platformer",,,,"Return To Adventure Mountain, LLC","Return To Adventure Mountain, LLC",0.0,steamspy,,True
80751,1... 2... 3... KICK IT! Trailer,"Action, Indie",,,,"Dejobaan Games, LLC","Dejobaan Games, LLC",0.0,steamspy,,True
478200,10 Second Ninja X Demo,"Action, Indie, Platformer, Puzzle",,,,Four Circle Interactive,Curve Digital,0.0,steamspy,,True
304440,100% Orange Juice Demo,"Card & Board, Casual, Horror, Indie, Strategy, Survival",,,,Orange_Juice,Fruitbat Factory,0.0,steamspy,,True
81412,1000 Amps Trailer,"Adventure, Indie, Metroidvania, Platformer, Puzzle",,,,Brandon Brizzi,Brandon Brizzi,0.0,steamspy,,True
923380,11-11 Memories Retold War Child Charity DLC,"Adventure, Casual",,,,"Aardman Animations, Digixart",BANDAI NAMCO Entertainment Europe,0.0,steamspy,,True
662290,140 Soundtrack,"Action, Indie",,,,Carlsen Games,,0.0,steamspy,,True
899350,18+ Girls DLC,Casual,,,,KuKo,KuKo,0.0,steamspy,,True
1352230,1917 : The Prologue,"Adventure, Horror, Indie, Puzzle",,,,Payara Games,Payara Games,0.0,steamspy,,True
569880,1979 Revolution: Black Friday Demo,"Action, Adventure, Indie",,,,"iNK Stories, N-Fusion Interactive",iNK Stories,0.0,steamspy,,True
473590,1979 Revolution: Black Friday Original Soundtrack,"Adventure, Indie",,,,"iNK Stories, N-Fusion Interactive",,0.0,steamspy,,True
355290,199X (Original Soundtrack),"Adventure, Indie",,,,Evan Tognotti,,0.0,steamspy,,True
689920,1bitHeart Original Soundtrack,"Adventure, Casual, Indie",,,,△○□× (Miwashiba),PLAYISM,0.0,steamspy,,True
881990,1st Core Demo,"Action, Fighting, Horror, Indie, RPG, Shooter, Survival",,,,Jesper Skjærbæk,Jesper Skjærbæk,0.0,steamspy,1.0,True
622500,2 Ninjas 1 Cup - Soundtrack,"Action, Indie",,,,Vogelfänger,,0.0,steamspy,,True
278481,2014 Edition Add-on - Masters of the World DLC,Simulation,,,,Eversim,Eversim,0.0,steamspy,,True
582150,2017 Edition Add-on - Power & Revolution DLC,"Simulation, Strategy",,,,Eversim,,0.0,steamspy,,True
783910,2018 Edition Add-on - Power & Revolution DLC,"Simulation, Strategy",,,,Eversim,,0.0,steamspy,,True
2196390,2022生存指南 2022 SURVIVAL GUIDE,"Action, Adventure, Horror, Puzzle, RPG, Survival",,,,"塔克工作室, 毛玮欣MAO WEIXIN, DARK STUDIO","塔克工作室, 毛玮欣MAO WEIXIN, DARK STUDIO",0.0,steamspy,,True
407040,2064: Read Only Memories Demo,"Adventure, Indie",,,,"MidBoss, LLC.","MidBoss, LLC.",0.0,steamspy,,True
869830,20XX - Draco Character DLC,"Action, Indie",,,,"Batterystaple Games, Fire Hose Games",,0.0,steamspy,,True
783990,20XX - Hawk Character DLC,"Action, Indie",,,,"Batterystaple Games, Fire Hose Games",,0.0,steamspy,,True
692510,20XX Soundtrack,"Action, Indie",,,,"Batterystaple Games, Fire Hose Games",,0.0,steamspy,,True
862510,2236 A.D. Demo,"Casual, Indie, Visual Novel",,,,Chloro,Sekai Project,0.0,steamspy,,True
1376170,2945VR Demo,"Action, Casual, Indie, Shooter, Sports",,,,Pineapple,Pineapple,0.0,steamspy,,True
660190,2URVIVE Demo,"Action, Indie",,,,2BAD GAMES,2BAD GAMES,0.0,steamspy,,True
1006870,2nd Circle - Powerful Magic Demo,"Action, Adventure, Horror, Indie, RPG, Survival",,,,Jesper Skjærbæk,Jesper Skjærbæk,0.0,steamspy,,True
366730,3 Stars of Destiny - Official Guide,"Adventure, Indie, RPG",,,,Aldorlea Games,KOMODO,0.0,steamspy,,True
1597470,31st prototype,"Adventure, Casual, Platformer, Puzzle, Visual Novel",,,,HAIM,HAIM,0.0,steamspy,,True
486210,35MM - Soundtracks,Indie,,,,"Носков Сергей, Дмитрий Николаев",,0.0,steamspy,,True
599030,3D Chess Demo,"Card & Board, Casual, Simulation, Sports, Strategy",,,,bumblebee.,familyplay,0.0,steamspy,,True
954290,3DNesVR Demo,"Action, Adventure, Casual, Indie, Platformer, RPG, Racing, Simulation",,,,Geod Studio,Geod Studio,0.0,steamspy,,True
423370,3d Engineers Demo,Simulation,,,,Robert Dahlenburg,Dahlenburg,0.0,steamspy,,True
5804,4 Elements Movie,"Adventure, Casual, Puzzle",,,,Playrix Entertainment,Playrix Entertainment,0.0,steamspy,,True
772160,4 for the Money Demo,"Action, Indie",,,,Lost Marble,Lost Marble,0.0,steamspy,,True
1536830,41 Hours: Prologue,"Action, Adventure, RPG, Shooter",,,,Texelworks,ValkyrieInitiative,0.0,steamspy,,True
610100,64.0 Soundtrack,"Action, Indie",,,,rebel rabbit,"GrabTheGames, Indienova",0.0,steamspy,,True
15902,7 Wonders II Demo,"Casual, Puzzle",,,,MumboJumbo,MumboJumbo,0.0,steamspy,,True
16032,7 Wonders: Treasures of Seven Demo,"Casual, Puzzle",,,,MumboJumbo,MumboJumbo,0.0,steamspy,,True
996520,7th Sea: A Pirate's Pact Demo,"Adventure, Indie, RPG",,,,Choice of Games,Choice of Games,0.0,steamspy,1.0,True
387170,8-Bit Adventures - Soundtrack & Composer's Selection,"Adventure, Indie, JRPG, RPG",,,,Critical Games,Critical Games,0.0,steamspy,,True
370530,8-Bit Adventures: The Forgotten Journey Remastered Edition Demo,"Adventure, Indie, RPG",,,,Critical Games,Critical Games,0.0,steamspy,,True
462170,8-Bit Armies - Soundtrack,"Simulation, Strategy",,,,Petroglyph,Petroglyph,0.0,steamspy,,True
510530,8-Bit Hordes - Soundtrack,"Indie, Simulation, Strategy",,,,Petroglyph,Petroglyph,0.0,steamspy,,True
550710,8-Bit Invaders! - Soundtrack,"Indie, Simulation, Strategy",,,,Petroglyph,Petroglyph,0.0,steamspy,,True
1425880,9 Monkeys of Shaolin: Prologue,"Action, Adventure, Fighting",,,,Sobaka Studio,Buka Entertainment,0.0,steamspy,,True
275050,99 Levels to Hell Soundtrack,"Action, Indie",,,,"Zaxis Games, B-evil",,0.0,steamspy,,True
262230,99 Spirits - Weeping Demon's Bell,"Adventure, Indie",,,,TORaIKI,Fruitbat Factory,0.0,steamspy,1.0,True
707840,99Vidas Demo,"Action, Fighting, Indie",,,,QUByte Interactive,QUByte Interactive,0.0,steamspy,,True
3659180,?? Movie Theater,"Adventure, Casual, Horror, Platformer, Survival",,,,riinwin,riinwin,0.0,steamspy,,True
372730,A Bastard's Tale Demo,"Action, Adventure, Indie",,,,No Pest Productions,No Pest Productions,0.0,steamspy,,True
328230,A Bird Story - Original Soundtrack,"Adventure, Indie, RPG",,,,Freebird Games,,0.0,steamspy,,True
686460,A Bloody Night Demo,"Action, Indie",,,,Emanuele Leoncilli,Emanuele Leoncilli,0.0,steamspy,,True
797560,A Case of Distrust Demo,"Adventure, Indie",,,,The Wandering Ben,Serenity Forge,0.0,steamspy,,True
320440,A City Sleeps - Soundtrack,"Action, Indie",,,,"Harmonix Music Systems, Inc",,0.0,steamspy,,True
1027880,A Dance of Fire and Ice - Official Soundtrack,Indie,,,,7th Beat Games,indienova,0.0,steamspy,,True
569430,A Demon's Game - Episode 1,"Action, Adventure, Fighting, Horror, Indie, Puzzle, Survival",,,,RP Studios,Conglomerate 5,0.0,steamspy,,True
405260,A Fistful of Gun Soundtrack,"Action, Indie",,,,FarmerGnome,Devolver Digital,0.0,steamspy,,True
599920,A Foretold Affair Demo,"Casual, Indie, Visual Novel",,,,GB Patch Games,GB Patch Games,0.0,steamspy,2.0,True
82156,A Game of Dwarves Trailer,"Casual, City Builder, Simulation, Strategy",,,,Zeal Game Studio,,0.0,steamspy,,True
81155,A Game of Thrones-Genesis Official Trailer,Strategy,,,,Cyanide Studios,,0.0,steamspy,,True
324690,A Golden Wake Demo,"Adventure, Indie, RPG",,,,Grundislav Games,Wadjet Eye Games,0.0,steamspy,,True
693170,A Hat in Time - B-Side Soundtrack,"Adventure, Indie",,,,Gears for Breakfast,Gears for Breakfast,0.0,steamspy,,True
356831,A Hat in Time - Soundtrack,"Adventure, Indie",,,,Gears for Breakfast,Gears for Breakfast,0.0,steamspy,,True
882890,A Light in the Dark - Original Soundtrack,"Adventure, Casual, Indie",,,,"CreSpirit, Storia, Narrator",Sekai Project,0.0,steamspy,,True
889630,A Light in the Dark - Prologue Manga,"Adventure, Casual, Indie",,,,"CreSpirit, Storia, Narrator",Sekai Project,0.0,steamspy,,True
766880,A Light in the Dark Demo,"Casual, Indie, Visual Novel",,,,"CreSpirit, Storia, Narrator",Sekai Project,0.0,steamspy,,True
584610,A Long Road Home Demo,"Adventure, Casual, Indie, Puzzle",,,,One Bit Studio,One Bit Studio,0.0,steamspy,2.0,True
556660,A Magical High School Girl Demo,"Adventure, Casual, Indie, JRPG, RPG",,,,illuCalab,Sekai Project,0.0,steamspy,,True
520160,A Midsummer Night's Choice Demo,"Adventure, Indie, RPG",,,,Choice of Games,Choice of Games,0.0,steamspy,,True
736320,A Mortician's Tale Original Soundtrack,"Indie, Simulation",,,,Laundry Bear Games,,0.0,steamspy,,True
558220,A New Beginning - Final Cut Soundtrack,"Adventure, Indie",,,,Daedalic Entertainment,Daedalic Entertainment,0.0,steamspy,,True
580700,A Normal Lost Phone - Official Soundtrack,"Casual, Indie",,,,Accidental Queens,"PID Games, Dear Villagers",0.0,steamspy,,True
967380,A Plague Tale: Innocence - Coats of Arms DLC,Adventure,,,,Asobo Studio,Focus Entertainment,0.0,steamspy,,True
915050,A Rite from the Stars Demo,"Adventure, Indie",,,,Risin' Goat,Phoenix Online Publishing,0.0,steamspy,,True
690330,A Robot Named Fight Original Soundtrack,"Action, Indie",,,,Matt Bitner,,0.0,steamspy,,True
887070,A Roll-Back Story Demo,"Adventure, Indie, Metroidvania, Platformer",,,,iQuantile,iQuantile,0.0,steamspy,,True
454590,A Room Beyond Demo,"Adventure, Indie",,,,René Bühling,René Bühling,0.0,steamspy,,True
1074520,A Sceptic's Guide to Magic,"Adventure, Indie",,,,Pilgrim Adventures,GrabTheGames,0.0,steamspy,,True
1611760,A Sketchbook About Her Sun,"Adventure, Casual, Indie, Visual Novel",,,,Team SolEtude,Team SolEtude,0.0,steamspy,,True
880250,A Sky Full of Stars - Original Sound Track,"Adventure, Casual, Simulation",,,,MoeNovel,MoeNovel,0.0,steamspy,,True
1201280,A Space For The Unbound - Prologue,"Adventure, Indie","22 Jan, 2020",True,,Mojiken,"Toge Productions, Cube Game",0.0,appdetails,,True
81274,A Stroke of Fate: Operation Valkyrie Trailer,Adventure,,,,,,0.0,steamspy,,True
421640,A Study in Steampunk: Choice by Gaslight Demo,"Indie, RPG",,,,Hosted Games,Hosted Games,0.0,steamspy,,True
81764,A Valley Without Wind 1.1 Update Trailer,"Action, Adventure, Indie, Metroidvania, Platformer",,,,"Arcen Games, LLC",,0.0,steamspy,,True
211090,A Valley Without Wind Demo,"Action, Adventure, Indie, Metroidvania, Platformer",,,,"Arcen Games, LLC","Arcen Games, LLC",0.0,steamspy,,True
81590,A Valley Without Wind Trailer,"Action, Adventure, Indie, Metroidvania, Platformer",,,,"Arcen Games, LLC",,0.0,steamspy,,True
207655,A Virus Named TOM Soundtrack,"Casual, Indie",,,,Misfits Attic,Misfits Attic,0.0,steamspy,,True
81893,A Virus Named Tom Launch Trailer,"Action, Casual, Indie, Puzzle, Strategy",,,,Misfits Attic,Misfits Attic,0.0,steamspy,,True
503760,A Week of Circus Terror Demo,"Horror, Indie",,,,Richard Haraším,Richard Haraším,0.0,steamspy,,True
538340,A-Escape VR Demo,"Adventure, Indie",,,,"CTN Design, LLC",A-Escape,0.0,steamspy,,True
716820,A-Tech Cybernetic Demo,"Action, Horror, Indie, Shooter",,,,Xreal Games,Xreal Games,0.0,steamspy,,True
459380,A-Train 9 V4.0 : Japan Rail Simulator Demo,"City Builder, Simulation",,,,ARTDINK,Degica,0.0,steamspy,,True
909170,"A.D.M(Angels,Demons And Men)","Action, Adventure, Horror, Indie, RPG, Survival",,,,SmartOliveGames Ltd,HandMade Games,0.0,steamspy,,True
1107410,A.N.N.E Demo,"Action, Adventure, Indie, RPG",,,,Gamesbymo Inc.,Gamesbymo Inc.,0.0,steamspy,3.0,True
80516,A.R.E.S. Extinction Agenda Trailer,"Action, Indie, Metroidvania, Platformer, Shooter",,,,Extend Studio,ORiGO GAMES,0.0,steamspy,,True
92310,A.R.E.S.: Extinction Agenda Demo,"Action, Indie, Metroidvania, Platformer, Shooter",,,,Extend Studio,ORiGO GAMES,0.0,steamspy,,True
92303,A.R.E.S.: Original Soundtrack,"Action, Indie",,,,Extend Studio,ORiGO GAMES,0.0,steamspy,,True
350870,A.V. Demo,Adventure,,,,FirstForever Studios,MAGIC Spell Studios,0.0,steamspy,,True
577450,ABZU - Official Soundtrack,"Action, Adventure, Casual, Indie, Simulation",,,,Giant Squid,505 Games,0.0,steamspy,,True
929103,ACE COMBAT7: SKIES UNKNOWN - F-4E Phantom II + 3 Skins,"Action, Simulation",,,,BANDAI NAMCO Studios,BANDAI NAMCO Entertainment,0.0,steamspy,,True
929106,ACE COMBAT7: SKIES UNKNOWN - Season Pass,"Action, Simulation",,,,BANDAI NAMCO Studios,BANDAI NAMCO Entertainment,0.0,steamspy,,True
318271,ACE Founder Pack DLC,"Action, Indie, Sports, Strategy",,,,Spearhead Games,Spearhead Games,0.0,steamspy,,True
316131,ACE Pillar Pack DLC,"Action, Indie, Sports, Strategy",,,,Spearhead Games,Spearhead Games,0.0,steamspy,,True
81388,ACR Mediterranean Traveler Map Trailer,"Action, Adventure, RPG",,,,Ubisoft Montreal,,0.0,steamspy,,True
81387,ACR Mediterranean Traveler Map Trailer,"Action, Adventure, RPG",,,,,,0.0,steamspy,,True
699290,AER Memories of Old Soundtrack,"Adventure, Casual, Indie",,,,Forgotten Key,Daedalic Entertainment,0.0,steamspy,,True
80590,AI War Light of the Spire Trailer,"Indie, Strategy",,,,"Arcen Games, LLC","Arcen Games, LLC",0.0,steamspy,,True
5453,AI War Trailer,"4X, Indie, Simulation, Strategy, Tower Defense",,,,"Arcen Games, LLC","Arcen Games, LLC",0.0,steamspy,,True
80411,AI War: Children of Neinzul Trailer,"4X, Indie, Simulation, Strategy, Tower Defense",,,,,,0.0,steamspy,,True
40410,AI War: Fleet Command Demo,"4X, Indie, Simulation, Strategy, Tower Defense",,,,"Arcen Games, LLC","Arcen Games, LLC",0.0,steamspy,21.0,True
5505,AI War: Fleet Command Trailer,"4X, Indie, Simulation, Strategy, Tower Defense",,,,"Arcen Games, LLC","Arcen Games, LLC",0.0,steamspy,,True
5562,AI War: The Zenith Remnant Trailer,"Indie, Strategy",,,,"Arcen Games, LLC","Arcen Games, LLC",0.0,steamspy,,True
1082060,AIRA VR Demo,"Action, Indie, Shooter, Strategy, Survival, Tower Defense",,,,racoonbytes,racoonbytes,0.0,steamspy,,True
540220,AIRHEART - The Original Soundtrack,Indie,,,,Michel Barengo,Blindflug Studios AG,0.0,steamspy,,True
375980,AKIBA'S TRIP: Undead &amp; Undressed Demo,"Action, Adventure, Casual, RPG",,,,ACQUIRE Corp.,"XSEED Games, Marvelous USA, Inc.",0.0,steamspy,,True
880460,ALIENS INVADED OUR PLANET OST,"Action, Adventure, Casual, Indie",,,,Kerim Kumbasar,,0.0,steamspy,,True
336860,ALLTYNEX Second Original Soundtrack,"Action, Indie",,,,SITER SKAIN,Henteko Doujin,0.0,steamspy,,True
1171880,ALPHA,"Action, Adventure, Indie",,,,"KANAME.co, .ltd.","KANAME.co, .ltd.",0.0,steamspy,,True
2121350,ALPHA BOX,"Action, Casual, Racing",,,,new knight studio,new knight studio,0.0,steamspy,,True
1362270,ALPHA CENTAURI SPACE FORCE,"Action, Indie, Shooter",,,,ocasocreations,ocasocreations,0.0,steamspy,,True
2051100,ALPHA-NIGHTHAWK,"Adventure, Horror, Visual Novel",,,,Liar-soft,Shiravune,0.0,steamspy,,True
1108930,AMID EVIL - Official Soundtrack,"Action, Indie",,,,"Andrew Hulshult, Indefatigable",New Blood Interactive,0.0,steamspy,,True
903980,ANti: Virus Destroyer Demo,"Action, Indie",,,,"Nicholas Likiardopoulos, Daniel Likiardopoulos, Martin van Stipdonk",Borazon Games LLC,0.0,steamspy,,True
1089570,AO Tennis 2 Tools,Sports,,,,Big Ant Studios,Nacon,0.0,steamspy,,True
773350,AO Tennis Demo,"Simulation, Sports",,,,Big Ant Studios,Big Ant Studios,0.0,steamspy,,True
761560,APEX Tournament Demo,"Action, Indie",,,,APEX Tournament,Fantom Fathom LLC,0.0,steamspy,,True
80514,APOX Trailer,"Action, Indie, Strategy",,,,BlueGiant Interactive,BlueGiant Interactive,0.0,steamspy,,True
351070,AR-K Chapter 1&2 OST,"Adventure, Indie",,,,Gato Salvaje Studio,Gato Salvaje Studio,0.0,steamspy,,True
556930,ARAYA Demo,"Action, Adventure, Horror, Indie",,,,MAD Virtual Reality Studio,MAD Virtual Reality Studio,0.0,steamspy,,True
708770,ARK: Aberration - Expansion Pack,"Action, Adventure, Indie, Massively Multiplayer, RPG, Survival",,,,"Studio Wildcard, Instinct Games, Efecto Studios, Virtual Basement LLC, Abstraction Games",,0.0,steamspy,,True
887380,ARK: Extinction - Expansion Pack,"Action, Adventure, Indie, Massively Multiplayer, RPG, Survival",,,,"Studio Wildcard, Instinct Games, Efecto Studios, Virtual Basement LLC","Snail Games USA, Studio Wildcard",0.0,steamspy,,True
1113410,ARK: Genesis Season Pass,"Action, Adventure, Indie, Massively Multiplayer, RPG, Survival",,,,"Studio Wildcard, Instinct Games, Efecto Studios, Virtual Basement LLC","Snail Games USA, Studio Wildcard",0.0,steamspy,,True
512540,ARK: Scorched Earth - Expansion Pack,"Action, Adventure, Horror, Indie, Massively Multiplayer, RPG, Strategy, Survival",,,,"Studio Wildcard, Instinct Games, Efecto Studios, Virtual Basement LLC",,0.0,steamspy,,True
696680,ARK: Survival Evolved Season Pass,"Action, Adventure, Indie, Massively Multiplayer, RPG, Survival",,,,"Studio Wildcard, Instinct Games, Efecto Studios, Virtual Basement LLC",,0.0,steamspy,,True
5295,ARMA 2 Citizens Trailer,"Action, Shooter, Simulation, Strategy",,,,,,0.0,steamspy,,True
5261,ARMA 2 Trailer,"Action, Shooter, Simulation, Strategy",,,,,,0.0,steamspy,,True
5293,ARMA 2 USMC Trailer,"Action, Shooter, Simulation, Strategy",,,,,,0.0,steamspy,,True
5888,ARMA II - British Armed Force Trailer,"Action, Simulation, Strategy",,,,Bohemia Interactive,Bohemia Interactive,0.0,steamspy,,True
80670,ARMA II - CDF Trailer (ESRB),"Action, Shooter, Simulation, Strategy",,,,,,0.0,steamspy,,True
80671,ARMA II - ChDKZ Trailer (ESRB),"Action, Shooter, Simulation, Strategy",,,,,,0.0,steamspy,,True
80672,ARMA II - Civilian Trailer (ESRB),"Action, Shooter, Simulation, Strategy",,,,,,0.0,steamspy,,True
80673,ARMA II - NAPA Trailer (ESRB),"Action, Shooter, Simulation, Strategy",,,,,,0.0,steamspy,,True
5728,ARMA II - Operation Arrowhead Trailer,"Action, Shooter, Simulation, Strategy",,,,Bohemia Interactive,Bohemia Interactive,0.0,steamspy,,True
80674,ARMA II - Russian Trailer (ESRB),"Action, Shooter, Simulation, Strategy",,,,,,0.0,steamspy,,True
80676,ARMA II - USMC Trailer (ESRB),"Action, Shooter, Simulation, Strategy",,,,Bohemia Interactive,Bohemia Interactive,0.0,steamspy,,True
5538,ARMA II Eagle Wing Trailer,"Action, Shooter, Simulation, Strategy",,,,,,0.0,steamspy,,True
80675,ARMA II Trailer (ESRB),"Action, Shooter, Simulation, Strategy",,,,Bohemia Interactive,Bohemia Interactive,0.0,steamspy,,True
5794,ARMA II: Operation Arrowhead Trailer 2,"Action, Shooter, Simulation, Strategy",,,,Bohemia Interactive,Bohemia Interactive,0.0,steamspy,,True
80461,ARMA2 PMC Trailer,"Action, Simulation, Strategy",,,,,,0.0,steamspy,,True
924930,ARTBOOK,"Adventure, Indie, RPG",,,,HyacinthHeart,HyacinthHeart Studio,0.0,steamspy,,True
941010,ARTè: Mecenas Demo,"Casual, Indie, RPG, Simulation, Strategy",,,,Triseum,Triseum,0.0,steamspy,,True
933170,ASCENT: Crash Landing Demo,"Action, Adventure, Indie, Platformer",,,,SPARK Games,SPARK Games,0.0,steamspy,,True
733330,ASMR Universe 2 Demo,"Casual, Indie, Simulation",,,,Colossal Wreck,Colossal Wreck,0.0,steamspy,,True
2390670,ASSASSIN: The First List (Beta),"Action, Adventure, RPG, Shooter, Strategy",,,,AKIYAM,AKIYAM,0.0,steamspy,,True
1084390,ASTERELIS Demo,"Indie, RPG",,,,Khoi Dao,Khoi Dao,0.0,steamspy,,True
571010,ASTRONEER (Original Soundtrack),"Adventure, Indie",,,,"System Era Softworks, Rutger Zuydervelt",System Era Softworks,0.0,steamspy,,True
773860,AT SUNDOWN Demo,"Action, Casual, Indie, Shooter",,,,Mild Beast Games,Versus Evil,0.0,steamspy,,True
1051140,AUSSIE BATTLER TANKS Demo,"Action, Casual, Indie, Massively Multiplayer, Simulation",,,,"Scotia3d, Lovatto studio, Chobi glass",Aussie Battler Games,0.0,steamspy,,True
499500,AXYOS - Soundtrack,"Action, Indie, Massively Multiplayer",,,,Axyos Games,Axyos Games,0.0,steamspy,,True
1239180,AZ: Oath of Brotherhood Prologue 1,"Indie, RPG",,,,WeSoloAZ,WeSoloAZ,0.0,steamspy,,True
81584,AZMD Scorepocolypse Trailer,"Action, Indie, Shooter",,,,Doublesix Games,Doublesix Games,0.0,steamspy,,True
392670,AZURE STRIKER GUNVOLT OFFICIAL SOUNDTRACK,"Action, Indie",,,,"INTI CREATES CO., LTD.","INTI CREATES CO., LTD.",0.0,steamspy,,True
81295,AaaaaAAaaaAAAaaAAAAaAAAAA!!! for the Awesome Trailer,"Action, Casual, Indie, Sports",,,,,,0.0,steamspy,,True
257140,Aarklash: Legacy Demo,"Adventure, Strategy",,,,,,0.0,steamspy,42.0,True
493600,Abatron Demo,"Action, Indie, Shooter, Strategy",,,,W3 Studios,W3 Studios,0.0,steamspy,13.0,True
434430,Abbot's Book Demo,"Adventure, Horror, Indie, RPG",,,,"The Abbot's Book, LLC","Blackthorn Media, LLC",0.0,steamspy,17.0,True
558980,Abduction Demo,"Action, Adventure, Indie, Simulation, Strategy",,,,Red Iron Labs,Red Iron Labs,0.0,steamspy,,True
498460,Abduction Prologue: The Story Of Jonathan Blake,"Action, Adventure, Indie, Simulation, Strategy",,,,Red Iron Labs,Red Iron Labs,0.0,steamspy,,True
803580,Abo Khashem - Soundtrack,"Action, Adventure, Casual, Indie, RPG",,,,Moving Dimensions,,0.0,steamspy,,True
465340,Abrix the robot - bonus soundtrack DLC,"Casual, Indie, Strategy",,,,EJR ZZS,EJR ZZS,0.0,steamspy,,True
526830,Abrix the robot - rooms with bombs DLC,"Casual, Indie, Strategy",,,,EJR ZZS,EJR ZZS,0.0,steamspy,,True
489200,Abrix the robot - rooms with lasers DLC,"Casual, Indie, Strategy",,,,EJR ZZS,EJR ZZS,0.0,steamspy,,True
465460,Abrix the robot Demo,"Casual, Indie, Puzzle, Strategy",,,,EJRGames,EJRGames,0.0,steamspy,,True
810280,Absolute Blue Soundtrack,"Action, Indie, Shooter",,,,Intermediaware,Intermediaware,0.0,steamspy,,True
679350,Abstract Arena - Original Soundtrack,Action,,,,Gergely Kovács & Bálint Mikó,Credici,0.0,steamspy,,True
680610,Abstract Arena Demo,"Action, Indie",,,,Credici,Credici,0.0,steamspy,,True
311590,Abyss Odyssey - Soundtrack,"Action, Adventure, Indie",,,,ACE Team,SEGA,0.0,steamspy,,True
1453140,Abyss The Forgotten Past: Prologue,"Action, Adventure, Platformer, RPG",,,,OWG Studios,Sedoc LLC,0.0,steamspy,,True
694360,Abyssal Fall Demo,"Action, Casual, Indie",,,,Blazing stick,Blazing stick too,0.0,steamspy,,True
580110,Abyssal Zone Demo,"Casual, Indie, Puzzle",,,,Led,Led,0.0,steamspy,,True
585380,Acceleration of SUGURI 2 Demo,"Action, Fighting, Indie, Shooter",,,,Orange_Juice,Fruitbat Factory,0.0,steamspy,,True
752350,Achievement Clicker - Soundtrack,"Indie, Simulation",,,,OfficialAndy,MGG Studio,0.0,steamspy,,True
786600,Achievement Clicker 2018 - Soundtrack,"Casual, Indie, Simulation, Strategy",,,,OfficialAndy,MGG Studio,0.0,steamspy,,True
829270,Achievement Clicker 2019 - Soundtrack,"Adventure, Casual, Indie, Simulation, Strategy",,,,OfficialAndy,MGG Studio,0.0,steamspy,,True
798850,Achievement Lurker: Easiest Cosmetic Numbers,"Adventure, Indie, RPG",,,,Perverse Games,Perverse Games,0.0,steamspy,,True
81070,Achron Launch Trailer,"Indie, Strategy",,,,Hazardous Software Inc.,,0.0,steamspy,,True
954730,Achtung! Cthulhu Tactics Soundtrack,"Action, Indie, RPG, Strategy",,,,Auroch Digital,Ripstone,0.0,steamspy,,True
1333530,Acolyte: Prologue,"Adventure, Visual Novel",,,,Superstring,Superstring,0.0,steamspy,,True
563770,Acro Storm Demo,"Indie, Racing, Sports",,,,Blue Comet Games,Blue Comet Games,0.0,steamspy,,True
1528290,Across the demon realm,"Action, Adventure, Horror, Indie, RPG, Strategy",,,,Choloco,Choloco,0.0,steamspy,,True
1565990,Across the demon realm 2,"Action, Horror, Indie, Platformer",,,,Choloco,Choloco,0.0,steamspy,,True
786550,Adam Waste Demo,"Action, Adventure, Horror",,,,"Zygis Luksas, Kestutis Bucys",Branko Nesic,0.0,steamspy,,True
516760,Adam Wolfe - Season Pass,"Adventure, Casual, Horror, Puzzle",,,,Mad Head Games,Mad Head Games,0.0,steamspy,,True
465560,Adam and Eve: The Game - Chapter 1 Demo,"Action, Adventure, Casual, Indie, Platformer",,,,Religious Studios,Religious Studios,0.0,steamspy,,True
455250,Adam's Venture: Origins Special Edition DLC,"Adventure, Indie",,,,Vertigo Games,SOEDESCO Publishing,0.0,steamspy,,True
797840,Additional Christa Costume: Cutesy Goth Outfit,Action,,,,"KOEI TECMO GAMES CO., LTD.","KOEI TECMO GAMES CO., LTD.",0.0,steamspy,,True
797790,Additional Costume Set: Christmas Outfit,Action,,,,"KOEI TECMO GAMES CO., LTD.","KOEI TECMO GAMES CO., LTD.",0.0,steamspy,,True
797770,Additional Costume Set: Festival Outfit,Action,,,,"KOEI TECMO GAMES CO., LTD.","KOEI TECMO GAMES CO., LTD.",0.0,steamspy,,True
797780,Additional Costume Set: Halloween Outfit,Action,,,,"KOEI TECMO GAMES CO., LTD.","KOEI TECMO GAMES CO., LTD.",0.0,steamspy,,True
797760,Additional Costume Set: New Year's Outfit,Action,,,,"KOEI TECMO GAMES CO., LTD.","KOEI TECMO GAMES CO., LTD.",0.0,steamspy,,True
797750,Additional Levi Costume: Leather Jacket Outfit,Action,,,,"KOEI TECMO GAMES CO., LTD.","KOEI TECMO GAMES CO., LTD.",0.0,steamspy,,True
797800,Additional Mikasa Costume: Festival Outfit,Action,,,,"KOEI TECMO GAMES CO., LTD.","KOEI TECMO GAMES CO., LTD.",0.0,steamspy,,True
798030,Additional Sasha Costume: Sports Outfit,Action,,,,"KOEI TECMO GAMES CO., LTD.","KOEI TECMO GAMES CO., LTD.",0.0,steamspy,,True
960890,Adolescent Santa Claus OST And ART,"Adventure, Casual, Indie",,,,"TALESSHOP Co., Ltd.",,0.0,steamspy,,True
878260,Adva-lines Demo,"Casual, Indie, Strategy",,,,Mindfog games,Mindfog games,0.0,steamspy,,True
825220,Advent Rising - Soundtrack,Action,,,,GlyphX Games,Majesco Entertainment,0.0,steamspy,,True
880240,Adventure of a Lifetime - Original Sound Track,"Adventure, Casual, Simulation",,,,MoeNovel,MoeNovel,0.0,steamspy,,True
295560,Adventurer Manager - Original Soundtrack,"Casual, Indie, RPG, Simulation",,,,Vigilant Addiction Studios,"BBEW BBEW, LLC",0.0,steamspy,,True
214810,Adventures of Shuggy Demo,"Action, Indie, Platformer, Puzzle",,,,Smudged Cat Games Ltd,,0.0,steamspy,34.0,True
81669,Adventures of Shuggy Trailer,"Indie, Platformer, Puzzle",,,,Smudged Cat Games Ltd,,0.0,steamspy,,True
800810,Aegis Defenders Original Soundtrack,"Action, Adventure, Indie, RPG, Strategy",,,,"Riley Koenig, Power Up Audio, GUTS Department",Humble Games,0.0,steamspy,,True
2407720,Aenas-猫与海：序章(Aenas-Cat and The Sea-Prologue),"Action, Indie, RPG",,,,WinterSweet Cat Studio,WinterSweet Cat Studio,0.0,steamspy,,True
1025280,Aeon of Sands - Soundtrack,"Indie, RPG",,,,Two Bits Kid,,0.0,steamspy,,True
486110,Aerofly FS 2 - High Resolution Texture Pack for Southwestern USA (Free DLC),"Indie, Simulation",,,,IPACS,,0.0,steamspy,,True
660930,Aetherspace - Expansion Pack,"Indie, Strategy",,,,Munchkin's Lair,Munchkin's Lair,0.0,steamspy,,True
492380,Affairs of the Court: Choice of Romance Demo,"Adventure, Indie, RPG",,,,Choice of Games,Choice of Games,0.0,steamspy,7.0,True
1201220,Afterbern Democralypse,Action,"24 Dec, 2019",True,,Left Turn Workshop LLC,Left Turn Workshop LLC,0.0,appdetails,,True
716170,Aftercharge ( old alpha ),Action,,,,Chainsawesome Games,Chainsawesome Games,0.0,steamspy,,True
395070,Afterlife Empire Demo,"Indie, Simulation",,,,Autobotika,The Fine Young Capitalists,0.0,steamspy,,True
281602,Agarest Zero - DLC Bundle #3,"Adventure, RPG, Strategy",,,,Idea Factory,Ghostlight LTD,0.0,steamspy,,True
281603,Agarest Zero - DLC Bundle #4,"Adventure, RPG, Strategy",,,,Idea Factory,Ghostlight LTD,0.0,steamspy,,True
307824,Agarest: Generations of War DLC Bundle 5,"Adventure, RPG, Strategy",,,,Idea Factory,Ghostlight LTD,0.0,steamspy,,True
423670,Agatha Christie: The ABC Murders Demo,Adventure,,,,Artefacts Studio,Microids,0.0,steamspy,8.0,True
5105,Age of Booty Trailer,"Casual, Strategy",,,,Certain Affinity™,Capcom,0.0,steamspy,,True
81346,Age of Empires III: Complete Trailer,"Action, Adventure, City Builder, Simulation, Strategy",,,,,,0.0,steamspy,,True
341340,Age of Fear 2 Demo,"Adventure, Indie, RPG, Strategy",,,,Leszek Sliwko,KISS Ltd,0.0,steamspy,,True
791580,Age of Fear 3: The Blood and Moon Expansion,"Indie, RPG, Strategy",,,,Leslaw Sliwko,Age of Fear,0.0,steamspy,,True
688460,Age of Fear 3: The Elementalist Expansion,"Indie, RPG, Strategy",,,,Leslaw Sliwko,Age of Fear,0.0,steamspy,,True
972300,Age of Fear: The Quest for Immortality Expansion,"Indie, RPG, Strategy",,,,Leslaw Sliwko,Age of Fear,0.0,steamspy,,True
447250,Age of Steel OST,"Action, Casual, Indie, Strategy",,,,Quaint Emerald,,0.0,steamspy,,True
275560,Age of Wonders III - Deluxe Edition DLC,"RPG, Strategy",,,,Triumph Studios,Paradox Interactive,0.0,steamspy,,True
329530,Age of Wonders III - Eternal Lords Expansion,"4X, RPG, Strategy",,,,Triumph Studios,Triumph Studios,0.0,steamspy,,True
1078840,Age of Wonders: Planetfall Deluxe Edition Content Pack,Strategy,,,,Triumph Studios,Paradox Interactive,0.0,steamspy,,True
1124910,Age of Wonders: Planetfall Season Pass,Strategy,,,,Triumph Studios,Paradox Interactive,0.0,steamspy,,True
619584,Agents of Mayhem - Bombshells Skins Pack,Action,,,,Deep Silver Volition,Deep Silver,0.0,steamspy,,True
619585,Agents of Mayhem - Carnage a Trois Skins Pack,Action,,,,Deep Silver Volition,Deep Silver,0.0,steamspy,,True
619583,Agents of Mayhem - Firing Squad Skins Pack,Action,,,,Deep Silver Volition,Deep Silver,0.0,steamspy,,True
619582,Agents of Mayhem - Franchise Force Skins Pack,Action,,,,Deep Silver Volition,Deep Silver,0.0,steamspy,,True
1028120,Agony Soundtrack,"Action, Adventure, Indie",,,,Madmind Studio,Madmind Studio,0.0,steamspy,,True
80636,Agricultural Simulator 2011 Trailer,Simulation,,,,"UIG, Actalogic",Layernet,0.0,steamspy,,True
876660,Aground Demo,"Adventure, Casual, Indie, RPG, Strategy, Survival",,,,Fancy Fish Games,Fancy Fish Games,0.0,steamspy,,True
80933,Air Conflicts - Secret Wars Trailer,"Action, Simulation",,,,,,0.0,steamspy,,True
81983,Air Conflicts Pacific Carriers Trailer,"Action, Simulation",,,,Games Farm s.r.o.,,0.0,steamspy,,True
55030,Air Forte Demo,"Adventure, Casual, Indie",,,,Blendo Games,Blendo Games,0.0,steamspy,2.0,True
216173,AirMech Soundtrack,"Action, Indie, Strategy",,,,Carbon Games,Carbon Games,0.0,steamspy,,True
888240,AirMech Soundtrack 2: WarMech by Frontline Assembly,"Action, Indie, Strategy",,,,Carbon Games,Carbon Games,0.0,steamspy,,True
81864,AirMech Trailer,"Action, Adventure, Indie, Massively Multiplayer, RPG, Shooter, Strategy",,,,,,0.0,steamspy,,True
1493800,Aircraft Carrier Survival: Prologue,"Action, Card & Board, Simulation, Strategy, Survival",,,,CreativeForge Games,CreativeForge Games,0.0,steamspy,,True
914060,Aircraft Evolution - Skins for aircrafts,"Action, Casual, Indie, Shooter, Simulation",,,,Satur Entertainment,Satur Entertainment,0.0,steamspy,,True
205370,Airline Tycoon 2 Demo,"Simulation, Strategy",,,,b-Alive,Kalypso Media Digital,0.0,steamspy,,True
81229,Airline Tycoon 2 Trailer ESRB,"Simulation, Strategy",,,,b-Alive,,0.0,steamspy,,True
81230,Airline Tycoon 2 Trailer PEGI,"Simulation, Strategy",,,,,,0.0,steamspy,,True
691290,Airmen Demo,"Action, Adventure, Indie, Shooter, Strategy",,,,Airborne Games,Airborne Games,0.0,steamspy,,True
319620,Airship Dragoon Demo,"Indie, Strategy",,,,YorkshireRifles,YorkshireRifles,0.0,steamspy,,True
923580,Airships: Conquer the Skies - Soundtrack,"Action, Indie, Strategy",,,,David Stark,David Stark,0.0,steamspy,,True
989170,Akane: Soundtrack,"Action, Casual, Indie",,,,Ludic Studios,,0.0,steamspy,,True
2355750,Aker Fern: Rdzeń Szatrisa/ The Shatris Core Demo,"Adventure, Indie, RPG, Visual Novel",,,,Chaos Group Games,Chaos Group Games,0.0,steamspy,,True
571580,Akihabara - Feel the Rhythm - Soundtrack,Indie,,,,JMJ Interactive,JMJ Interactive,0.0,steamspy,,True
435090,Akuatica Demo,"Action, Adventure, Casual, Indie, Puzzle",,,,Tianyu Studio,Tianyu Studio,0.0,steamspy,,True
81422,Alan Wake Trailer,"Action, Adventure, Horror, Shooter, Survival",,,,Remedy Entertainment,Remedy Entertainment,0.0,steamspy,,True
81639,Alan Wake's American Nightmare Trailer,"Action, Adventure, Horror, Shooter, Survival",,,,Remedy Entertainment Ltd.,Remedy Entertainment Ltd.,0.0,steamspy,,True
364170,Albedo: Original Soundtrack,"Action, Adventure, Indie",,,,Z4G0 and Ivan Venturi Productions,,0.0,steamspy,,True
418580,Albert and Otto - Original Soundtrack,"Action, Adventure, Indie, Platformer",,,,Nikola Kostic,Kbros Entertainment,0.0,steamspy,,True
367320,Albino Lullaby Demo,"Action, Adventure, Indie",,,,Ape Law,Ape Law,0.0,steamspy,,True
597880,Alchemic Jousts Demo,"Action, Casual, Indie, Strategy",,,,Lunatic Pixels,Lunatic Pixels,0.0,steamspy,,True
1227260,Alder's Blood: Prologue,"Adventure, Indie, RPG, Strategy",,,,Shockwork Games,No Gravity Games,0.0,steamspy,17.0,True
582140,Alien Attack in Space Demo,"Action, Adventure, Casual, Indie, Simulation",,,,Deadly Silence Games,Deadly Silence Games,0.0,steamspy,,True
907800,Alien Attack: Pocket Edition Demo,"Action, Casual, Indie, Simulation",,,,Alien Jellyfish,Alien Jellyfish,0.0,steamspy,,True
22660,Alien Breed 2: Assault Demo,"Action, Horror, Shooter",,,,Team17 Digital Ltd,Team17 Digital Ltd,0.0,steamspy,,True
5932,Alien Breed 2: Assault Trailer,"Action, Horror, Shooter",,,,Team17 Software Ltd.,Team17 Software Ltd.,0.0,steamspy,,True
22680,Alien Breed 3: Descent Demo,"Action, Shooter",,,,Team17 Digital Ltd,Team17 Digital Ltd,0.0,steamspy,,True
80444,Alien Breed 3: Descent Trailer,"Action, Shooter",,,,,,0.0,steamspy,,True
5793,Alien Breed: Impact Co-op Trailer,"Action, Horror, Shooter",,,,Team17 Software Ltd.,Team17 Software Ltd.,0.0,steamspy,,True
22620,Alien Breed: Impact Demo,"Action, Horror, Shooter",,,,Team17 Software Ltd.,Team17 Software Ltd.,0.0,steamspy,,True
5735,Alien Breed: Impact Trailer,"Action, Horror, Shooter",,,,Team17 Software Ltd.,Team17 Software Ltd.,0.0,steamspy,,True
81041,Alien Hallway Trailer,"Action, Casual, Indie, Strategy",,,,,,0.0,steamspy,,True
257190,Alien Rage - Demo,"Action, Shooter",,,,CI Games,,0.0,steamspy,,True
81615,Alien Shooter 2 Conscription Trailer,"Action, Indie, RPG, Shooter",,,,,,0.0,steamspy,,True
33160,Alien Shooter 2: Reloaded Demo ,"Action, Indie, RPG, Shooter",,,,Sigma Team Inc.,Sigma Team Inc.,0.0,steamspy,,True
33140,Alien Shooter Demo ,"Action, Indie, RPG, Shooter",,,,Sigma Team Inc.,Sigma Team Inc.,0.0,steamspy,,True
607710,Alien Shooter TD Demo,"Action, Indie, Strategy, Tower Defense",,,,Sigma Team Inc.,Sigma Team Inc.,0.0,steamspy,,True
33150,Alien Shooter: Revisited Demo,"Action, Indie, RPG, Shooter",,,,Sigma Team Inc.,Sigma Team Inc.,0.0,steamspy,,True
81202,Alien Zombie Megadeath Trailer,"Action, Indie",,,,PomPom,Pom Pom Games,0.0,steamspy,,True
324030,Alien: Isolation - Deluxe Edition DLC,Action,,,,"Creative Assembly, Feral Interactive (Mac), Feral Interactive (Linux)","Feral Interactive (Mac), Feral Interactive (Linux)",0.0,steamspy,,True
219440,Aliens: Colonial Marines - Bug Hunt DLC,Action,,,,Gearbox Software,SEGA,0.0,steamspy,,True
219442,Aliens: Colonial Marines - Movie Map Pack,Action,,,,Gearbox Software,SEGA,0.0,steamspy,,True
36920,All Aspect Warfare Demo,"Action, Simulation",,,,3000AD,3000AD,0.0,steamspy,,True
1100080,All Evil Night 2 Demo,"Action, Adventure, Indie",,,,Mikhail Ramanouski,Mikhail Ramanouski,0.0,steamspy,,True
966030,All For One Demo,"Action, Adventure, Massively Multiplayer, RPG",,,,ALU Interactive inc.,ALU Interactive inc.,0.0,steamspy,,True
697170,All-Star Fruit Racing Demo,"Action, Casual, Indie, Racing, Sports",,,,3DClouds,PQube Limited,0.0,steamspy,,True
1395230,Almost My Floor: Prologue,"Adventure, Horror, Indie, Puzzle",,,,Potata Company,Potata Company,0.0,steamspy,,True
968320,Alpha & Beta,"Action, Casual, Platformer",,,,Alper Tüccar,Alper Tüccar,0.0,steamspy,,True
1051370,Alpha & Beta Demo,"Action, Adventure, Casual, Indie, Platformer, Puzzle",,,,Alper Tüccar,Alper Tüccar,0.0,steamspy,,True
1008430,Alpha Command,"Action, Casual, Indie",,,,VHornet Games,VHornet Games,0.0,steamspy,,True
1102700,Alpha Dog,"Action, Casual, Indie",,,,Nocturne Games,Nocturne Games,0.0,steamspy,,True
265870,Alpha Kimori 1,"Adventure, Casual, Indie, JRPG, RPG, Strategy",,,,Sherman3D,Sherman3D,0.0,steamspy,,True
1111090,Alpha Lyrae Discovery,"Adventure, Casual, City Builder, Indie, Platformer, RPG, Simulation, Strategy, Tower Defense",,,,xe2050,"WELOVEBOT CO., LTD.",0.0,steamspy,,True
689620,Alpha Mike Foxtrot VR - AMF VR,"Action, Indie, Simulation",,,,SUBLEVEL ONE STUDIOS,SUBLEVEL ONE STUDIOS,0.0,steamspy,,True
1258960,Alpha Particle,"Action, Indie, Metroidvania, Puzzle",,,,Function Unknown,Function Unknown,0.0,steamspy,,True
405780,Alpha Polaris : A Horror Adventure Game,"Adventure, Horror, Indie",,,,Turmoil Games,Turmoil Games,0.0,steamspy,61.0,True
2590,Alpha Prime,"Action, Shooter",,,,Black Element,Bohemia Interactive,0.0,steamspy,,True
5008,Alpha Prime Trailer,"Action, Shooter",,,,,,0.0,steamspy,,True
34019,Alpha Protocol,"Action, Adventure, RPG, Shooter",,,,Obsidian Entertainment,SEGA,0.0,steamspy,,True
3014230,Alpha Rooms,"Adventure, Casual, Horror, Indie",,,,Alpha Foundation,Alpha Foundation,0.0,steamspy,,True
387840,Alpha Runner,"Adventure, Casual, Indie, Platformer",,,,LightsoutGames,Lightsoutgames,0.0,steamspy,,True
3217590,Alpha Runner 2,"Casual, Platformer, Puzzle, Shooter, Simulation",,,,Lightsoutgames,Lightsoutgames,0.0,steamspy,,True
1806400,Alpha Shark,"Action, Adventure, Casual, Indie, Simulation, Strategy","10 Dec, 2021",False,"₩ 6,700",Revmatek,Revmatek,0.0,appdetails,,True
2371560,Alpha Sorcerer,"Action, Adventure, Metroidvania, Platformer, RPG",,,,Corey Hardman,Corey Hardman,0.0,steamspy,,True
359970,Alpha Version.0,"Action, Adventure, Indie, Platformer",,,,Team Scynix,Team Scynix,0.0,steamspy,,True
359980,Alpha Version.0 Demo,"Action, Indie",,,,Team Scynix,Team Scynix,0.0,steamspy,,True
1807640,Alpha Zoo,"Adventure, Casual, Indie",,,,Alpha Zoo LLC,Alpha Zoo LLC,0.0,steamspy,,True
313210,Alpha Zylon,"Action, Horror",,,,Team 6 Studios,Strategy First,0.0,steamspy,,True
3010840,Alpha and Iota,"Adventure, Indie, Platformer, Puzzle",,,,Alpha and Iota Games,Alpha and Iota Games,0.0,steamspy,,True
849750,Alpha/Omega: The Christian RPG Demo,RPG,,,,BUD Games,BUD Games,0.0,steamspy,,True
664800,Alter Ego Demo,"Adventure, Casual, Indie, RPG, Simulation",,,,Choose Multiple LLC,Choose Multiple LLC,0.0,steamspy,,True
5852,Alter Ego Trailer,Adventure,,,,bitComposer Games,Viva Media,0.0,steamspy,,True
362630,Alter World Demo,Indie,,,,Giorgi Abelashvili,Giorgi Abelashvili,0.0,steamspy,,True
500160,Alteric - Original Soundtrack,"Adventure, Indie",,,,Audio Insurgency,goonswarm,0.0,steamspy,,True
80432,Alternativa Trailer,Adventure,,,,,,0.0,steamspy,,True
5687,Altitude Gameplay Trailer,"Action, Casual, Indie, Shooter, Simulation",,,,Nimbly Games,Nimbly Games,0.0,steamspy,,True
5495,Altitude Trailer,"Action, Casual, Indie, Shooter, Simulation",,,,Nimbly Games,Nimbly Games,0.0,steamspy,,True
372100,Alum - Soundtrack,"Adventure, Indie, RPG",,,,Crashable Studios,Crashable Studios,0.0,steamspy,,True
493360,Alveari Demo,"Action, Adventure, Casual, Indie, RPG",,,,BeehiveBob,BeehiveBob,0.0,steamspy,5.0,True
505720,Always Higher Demo,"Action, Adventure, Indie",,,,AntiAnti,AntiAnti,0.0,steamspy,,True
294340,Always Remember Me - Deluxe DLC,"Casual, Indie, Simulation",,,,Winter Wolves,Winter Wolves,0.0,steamspy,,True
303780,Always Sometimes Monsters (Soundtrack),"Indie, RPG",,,,LASER DESTROYER TEAM,Vagabond Dog,0.0,steamspy,,True
382170,Always The Same Blue Sky... Original Soundtrack,"Adventure, Casual, Indie, Visual Novel",,,,Crimson Night,Flying Interactive,0.0,steamspy,,True
465530,Amaranthine - Original Soundtrack,"Action, Indie",,,,EvansBlack,EvansBlack,0.0,steamspy,,True
1413540,Amarok Dreams Demo,"Adventure, Horror, Indie, Strategy, Survival",,,,Kirley Games,Kirley Games,0.0,steamspy,,True
3512,Amazing Adventures The Lost Tomb Demo,"Casual, Puzzle",,,,SpinTop Games,"PopCap Games, Inc.",0.0,steamspy,,True
817050,Amberskull Demo,"Action, Horror, Indie",,,,Charlie Behan,Charlie Behan,0.0,steamspy,,True
654340,Ambre - Original Soundtrack,"Casual, Indie",,,,Träumendes Mädchen,Träumendes Mädchen,0.0,steamspy,1.0,True
386760,Ame no Marginal -Rain Marginal- - Original Soundtrack,Indie,,,,stage-nana,Sekai Project,0.0,steamspy,,True
946930,Ameagari no Hanaby - OST,"Action, Casual, Indie",,,,Enigmatic Network,Enigmatic Network,0.0,steamspy,,True
5531,America's Army 3 Authenticity Trailer,"Action, Adventure, Shooter, Simulation, Strategy",,,,,,0.0,steamspy,,True
5532,America's Army 3 Basic Combat Training Trailer,"Action, Adventure, Shooter, Simulation, Strategy",,,,,,0.0,steamspy,,True
5530,America's Army 3 Full Trailer,"Action, Adventure, Shooter, Simulation, Strategy",,,,U.S. Army,U.S. Army,0.0,steamspy,,True
5533,America's Army 3 New Features Trailer,"Action, Adventure, Shooter, Simulation, Strategy",,,,,,0.0,steamspy,,True
5534,America's Army 3 Technology Trailer,"Action, Adventure, Shooter, Simulation, Strategy",,,,U.S. Army,U.S. Army,0.0,steamspy,,True
5275,America's Army 3: Teaser Trailer,"Action, Adventure, Shooter, Simulation, Strategy",,,,U.S. Army,U.S. Army,0.0,steamspy,,True
5290,America's Army 3: Trailer,"Action, Adventure, Shooter, Simulation, Strategy",,,,U.S. Army,U.S. Army,0.0,steamspy,,True
1350630,American Isekai Prologue,RPG,"14 Jul, 2020",True,,Merle Tester,GMV Studios,0.0,appdetails,,True
415430,An Octave Higher - Basic Soundtrack,"Adventure, Indie",,,,Kidalang,PLAYISM,0.0,steamspy,,True
415431,An Octave Higher - Extended Soundtrack,"Adventure, Indie",,,,Kidalang,PLAYISM,0.0,steamspy,,True
82064,Analogue A Hate Story KR Trailer,"Adventure, Indie, Visual Novel",,,,Christine Love,,0.0,steamspy,,True
210740,Analogue: A Hate Story Demo,"Adventure, Indie, Visual Novel",,,,,,0.0,steamspy,,True
81949,Analogue: A Hate Story Trailer,"Adventure, Indie, Visual Novel",,,,,,0.0,steamspy,,True
490310,Anarcute - Official Soundtrack,"Action, Indie",,,,Anarteam,Plug In Digital,0.0,steamspy,,True
799330,Ancestors Legacy - Digital Artbook,Strategy,,,,Destructive Creations,Destructive Creations,0.0,steamspy,,True
799331,Ancestors Legacy - Digital Soundtrack,Strategy,,,,Destructive Creations,Destructive Creations,0.0,steamspy,,True
1100220,Ancestors Legacy - Saladin's Conquest Digital Soundtrack,Strategy,,,,Destructive Creations,1C Entertainment,0.0,steamspy,,True
878530,Ancestors Legacy Demo,"Action, Strategy",,,,Destructive Creations,1C Entertainment,0.0,steamspy,,True
720380,Ancestors Legacy Multiplayer Open Beta,Strategy,,,,Destructive Creations,1C Company,0.0,steamspy,1184.0,True
3033180,Ancient Demon Shadow,"Action, Indie, RPG, Racing, Roguelike, Strategy",,,,WJLE,WJLE,0.0,steamspy,,True
979990,Ancient Frontier: Steel Shadows BETA,Strategy,,,,"Fair Weather Studios, LLC","Fair Weather Studios, LLC",0.0,steamspy,,True
91830,Ancients of Ooga Demo,"Casual, Indie, Platformer, Puzzle",,,,Bacon Wrapped Games,NinjaBee.com,0.0,steamspy,,True
80872,Ancients of Ooga Trailer,"Casual, Indie, Platformer, Puzzle",,,,Bacon Wrapped Games,NinjaBee.com,0.0,steamspy,,True
18710,And Yet It Moves Demo,"Action, Casual, Indie, Platformer, Puzzle",,,,Broken Rules,Broken Rules,0.0,steamspy,,True
863220,Anderson (Alpha),"Adventure, Casual, Indie",,,,AJRPG,AJRPG,0.0,steamspy,,True
560780,Andoran Skye XD Demo,"Action, Adventure, RPG, Strategy",,,,Chadrick Evans,OMAG,0.0,steamspy,,True
781390,Android John 2.1 Demo,"Casual, Indie, Simulation",,,,Recreat4,Virtuactions,0.0,steamspy,,True
571440,Angel Express (Tokkyu Tenshi) - OST,Indie,,,,Easy Game Station,"Rockin' Android, Inc.",0.0,steamspy,,True
500490,Angel Express [Tokkyu Tenshi] Demo,"Action, Adventure, Indie, Racing",,,,"Easy Game Station, Starloop Studios S.L.",Rockin' Android,0.0,steamspy,,True
947320,"Angel and Devil,ninja,sushi,tempura,panda and the statue of liverty Demo","Action, Indie",,,,HUNTERS,HUNTERS,0.0,steamspy,,True
786890,Angels Fall First - Soundtrack,"Action, Simulation",,,,Strangely Interactive Ltd,Strangely Interactive Ltd,0.0,steamspy,,True
410680,Angels That Kill Demo,"Adventure, Casual, Indie",,,,Rising Sun Interactive,Rising Sun Interactive,0.0,steamspy,,True
1756490,Angels vs Demons,"Casual, Indie, Puzzle, RPG, Strategy, Tower Defense",,,,wow wow Games,wow wow Games,0.0,steamspy,,True
36930,Angle of Attack Demo,"Action, Simulation",,,,3000AD,3000AD,0.0,steamspy,,True
799580,Angles Demo,"Adventure, Casual, Indie, RPG",,,,Shogunate Games,Shogunate Games,0.0,steamspy,,True
966620,Angry Ball VR Demo,"Action, Casual, Sports, Strategy",,,,"MWN TECH., LTD","MWN TECH., LTD",0.0,steamspy,,True
409750,Angry Video Game Nerd Adventures Original Soundtrack,"Action, Adventure, Indie",,,,FreakZone Games,Retroware,0.0,steamspy,,True
538930,Anima Gate of Memories - Soundtrack,"Action, Adventure, RPG",,,,Anima Project,Anima Publishing,0.0,steamspy,,True
1696890,Anima Toon :3D Voxel Character Animation,Action,,,,Appy Monkeys Software Pvt. Ltd.,Appy Monkeys Software Pvt. Ltd.,0.0,steamspy,,True
403540,Animal Gods: Original Soundtrack,"Action, Adventure, Indie",,,,Still Games,,0.0,steamspy,,True
577200,Animal Lover Demo,"Casual, Indie, Simulation, Visual Novel",,,,Trainwreck Studios,Trainwreck Studios,0.0,steamspy,,True
2202220,Animal Trainer Simulator: Prologue,"Adventure, Casual, Simulation",,,,Games Incubator,"Games Incubator, PlayWay S.A.",0.0,steamspy,,True
519050,Animated Puzzles Demo,"Casual, Indie, Puzzle",,,,Mexond,Mexond,0.0,steamspy,,True
1720240,Animation Studio Manager,"Casual, Indie, RPG, Strategy",,,,David Estes Creations,David Estes Creations,0.0,steamspy,,True
648400,Animation Throwdown - Incredible Bundle,"Adventure, RPG, Strategy",,,,"Synapse Games, Chinzilla",Kongregate,0.0,steamspy,,True
454490,Anna's Quest Demo,"Adventure, Horror, Indie, Puzzle",,,,Daedalic Entertainment,Daedalic Entertainment,0.0,steamspy,,True
80800,Anno 2070 Trailer,"4X, City Builder, Simulation, Strategy",,,,,,0.0,steamspy,4.0,True
416480,Anno 2205 - Season Pass,"Simulation, Strategy",,,,Blue Byte,,0.0,steamspy,,True
331620,Anodyne OST,"Action, Adventure, Indie",,,,Sean Han Tani,,0.0,steamspy,,True
793580,Anomalies Demo,"Casual, Indie, Simulation",,,,Schmidt Workshops,Schmidt Workshops,0.0,steamspy,,True
1077740,Anomaly Hunter - Prologue,"Adventure, Casual, Indie, Puzzle",,,,Hook Games,Hook Games,0.0,steamspy,,True
80756,Anomaly: Warzone Earth Trailer,"Action, Indie, Strategy, Tower Defense",,,,,,0.0,steamspy,,True
717630,Another Lost Phone - Official Soundtrack,"Casual, Indie",,,,Accidental Queens,PID Games,0.0,steamspy,,True
951610,Another Sight - Hodge Skins,"Adventure, Casual, Indie",,,,Lunar Great Wall Studios,Fish Eagle,0.0,steamspy,,True
404670,Anoxemia - Soundtrack,"Adventure, Indie",,,,BSK Games,,0.0,steamspy,,True
866120,AntVentor ArtBook + Soundtrack,"Adventure, Casual, Indie",,,,LoopyMood,LoopyMood,0.0,steamspy,,True
332130,Antisquad - Skirmishes DLC,"Action, Adventure, Strategy",,,,InsGames,INSGAMES LIMITED,0.0,steamspy,,True
335982,Antisquad: Tasks in Mexico - Final. Tactics DLC,"Action, Adventure, Strategy",,,,InsGames,INSGAMES LIMITED,0.0,steamspy,,True
335981,Antisquad: Tasks in Mexico - The Beginning. Tactics FREE DLC,"Action, Adventure, Strategy",,,,InsGames,INSGAMES LIMITED,0.0,steamspy,,True
335990,Antisquad: Tasks in North Korea. Tactics DLC,"Action, Adventure, Strategy",,,,InsGames,INSGAMES LIMITED,0.0,steamspy,,True
335991,Antisquad: Tasks near the coast of Somalia. Tactics DLC,"Action, Adventure, Strategy",,,,InsGames,INSGAMES LIMITED,0.0,steamspy,,True
867990,AnyWay! - Scary blue moon rays DLC.,Indie,,,,SGS,SGS,0.0,steamspy,,True
891035,AnyWay! - Soundtrack!,Indie,,,,EYEFRONT,EYEFRONT,0.0,steamspy,,True
970270,Apartment 327 Demo,"Action, Adventure, Horror, Indie",,,,BinaryBox Studios,BinaryBox Studios,0.0,steamspy,,True
606390,Ape Out Demo,"Action, Indie",,,,Gabe Cuzzillo,Devolver Digital,0.0,steamspy,,True
1018100,Apex Construct Demo,"Action, Adventure",,,,Fast Travel Games,Fast Travel Games,0.0,steamspy,,True
825570,Apocalypse Flipper DLC,"Casual, Indie, Simulation",,,,Empyrean,"PlayWay S.A., Frozen District",0.0,steamspy,,True
900260,Apocalypse: The Game Demo,"Action, Indie, Survival",,,,Harley Game Studios,Harley GW Dolton,0.0,steamspy,,True
669590,Aporia: Beyond The Valley - Soundtrack,"Adventure, Indie",,,,Invisible Walls,,0.0,steamspy,,True
646880,Aporia: Beyond The Valley Demo,"Adventure, Horror, Indie, Puzzle",,,,Investigate North,Green Man Gaming Publishing,0.0,steamspy,,True
344730,Apotheon: Original Soundtrack,"Action, Adventure, Indie, RPG",,,,Alientrap,Alientrap,0.0,steamspy,,True
538450,AquaNimble Demo,"Action, Indie, Shooter",,,,"DrinkingNails, LLC","DrinkingNails, LLC",0.0,steamspy,,True
5675,AquaNox 2 Trailer,"Action, Simulation",,,,Nordic Games,Nordic Games,0.0,steamspy,,True
5674,AquaNox Trailer,"Action, Shooter, Simulation",,,,,,0.0,steamspy,,True
5166,Aquaria Trailer,"Action, Adventure, Indie, Metroidvania, Platformer, Puzzle",,,,"Bit Blot, LLC","Bit Blot, LLC",0.0,steamspy,,True
693900,Aquila Bird Flight Simulator Demo,"Casual, Simulation",,,,Graeme Scott,Graeme Scott,0.0,steamspy,,True
462390,Aragami - Digital Artbook,"Action, Adventure, Indie",,,,Lince Works,Lince Works,0.0,steamspy,,True
462391,Aragami - Soundtrack,"Action, Adventure, Indie",,,,Lince Works,Lince Works,0.0,steamspy,,True
5995,Arcadia Trailer,"Casual, Indie",,,,Joshyy,,0.0,steamspy,,True
620440,Arcane Maelstrom Demo,"Action, Adventure, Indie, RPG",,,,"Carlos Vilas Arias, Adrián Molina Borrego",Vilar Ingeniería de Software S.L.,0.0,steamspy,,True
279120,Arcane Worlds Demo,"Action, Adventure, Indie, Strategy",,,,Ranmantaru Games,Ranmantaru Games,0.0,steamspy,,True
65520,ArcaniA Demo,"Action, Adventure, Casual, RPG",,,,Spellbound Studios,THQ Nordic,0.0,steamspy,,True
5814,ArcaniA Trailer,"Action, Adventure, Casual, RPG",,,,Spellbound Studios,Nordic Games,0.0,steamspy,,True
5980,ArcaniA Trailer 3,"Action, Adventure, Casual, RPG",,,,Spellbound Studios,Nordic Games,0.0,steamspy,,True
2172500,Arcanima: Mist of Oblivion -  Prologue,"Action, Adventure, Indie, JRPG, RPG, Strategy",,,,Stendhal Games,Stendhal Games,0.0,steamspy,,True
80442,Archon Classic Trailer,"Card & Board, Indie, Strategy",,,,React Games,React Games,0.0,steamspy,,True
65410,Archon: Classic Demo,"Card & Board, Indie, Strategy",,,,React Games,React Games,0.0,steamspy,2.0,True
629510,Arctic Adventure: Episodes Demo,"Action, Adventure, Horror, Shooter",,,,L1gh7 (BriJee),L1gh7 (BriJee),0.0,steamspy,,True
695030,Arena Demo,"Action, Fighting, Indie, Simulation, Sports",,,,Surreal Games,Surreal Games,0.0,steamspy,,True
82101,Arena Wars 2 Gameplay Trailer,"Action, Strategy",,,,ExDream GmbH,,0.0,steamspy,,True
386130,Arevan - Official Guide,"Adventure, Casual, Indie, RPG",,,,Overcloud9,Overcloud9,0.0,steamspy,,True
316100,Aritana and the Harpy's Feather Demo,"Adventure, Indie",,,,Duaik Entretenimento,Duaik Entretenimento,0.0,steamspy,,True
3383930,Aritas: The Demon Lord,"Action, Adventure, RPG",,,,Sunrealm Studios,Sunrealm Studios,0.0,steamspy,,True
1115740,Arizona Derby Demo,"Action, Indie, Racing",,,,Falcon Interactive,Falcon Interactive,0.0,steamspy,,True
850210,Arizona Sunshine - Dead Man DLC,"Action, Adventure, Indie",,,,"Vertigo Games, Jaywalkers Interactive",Vertigo Games,0.0,steamspy,,True
5664,ArmA II CDF Trailer,"Action, Shooter, Simulation, Strategy",,,,,,0.0,steamspy,,True
5665,ArmA II NAPA Trailer,"Action, Shooter, Simulation, Strategy",,,,,,0.0,steamspy,,True
228800,Arma 3 Alpha Lite,"Action, Shooter, Simulation, Strategy",,,,,Bohemia Interactive,0.0,steamspy,,True
1042220,Arma 3 Creator DLC: Global Mobilization - Cold War Germany,"Action, Simulation, Strategy",,,,Vertexmacht,Bohemia Interactive,0.0,steamspy,,True
612480,Arma 3 DLC Bundle 2,"Action, Simulation, Strategy",,,,Bohemia Interactive,,0.0,steamspy,,True
258150,Arma Tactics Demo,"Action, Indie, Shooter, Strategy",,,,Bohemia Interactive,Bohemia Interactive,0.0,steamspy,,True
80779,Armada 2526 Trailer,"4X, Strategy",,,,Ntronium Games,Strategy First,0.0,steamspy,,True
398915,Armello - Seasons Board Skins Pack,"Adventure, Indie, RPG, Strategy",,,,League of Geeks,League of Geeks,0.0,steamspy,,True
398911,Armello Original Soundtrack - Wyld's Call,"Adventure, Indie, RPG, Strategy",,,,League of Geeks,League of Geeks,0.0,steamspy,,True
552650,Army Gals - Wallpapers,"Adventure, Casual, Indie",,,,Dharker Studios,Maid4Fun,0.0,steamspy,,True
550335,Arrange Costume Set Elphelt,Action,,,,Arc System Works,Arc System Works,0.0,steamspy,,True
3104930,Ars Demonium Invocatum,"Indie, Puzzle, RPG",,,,Ivan Pichugin,Ivan Pichugin,0.0,steamspy,,True
1149860,Arsenal Demon,"Action, Indie, RPG, Roguelike, Shooter, Survival",,,,Blast Programming,Blast Programming,0.0,steamspy,,True
525140,Artisan: Going Home Again Demo,"Casual, Indie, RPG, Simulation",,,,Unseen Kingdom Studios,Unseen Kingdom Games,0.0,steamspy,,True
1710,Arx Fatalis Demo,"Action, Adventure, Horror, RPG",,,,Arkane Studios,Arkane Studios,0.0,steamspy,,True
776650,Ash of Gods - Original Soundtrack,"Adventure, Indie, RPG, Strategy",,,,AurumDust,AurumDust,0.0,steamspy,,True
520642,Ashes of the Singularity: Escalation - Epic Map Pack DLC,"Indie, Simulation, Strategy",,,,"Stardock Entertainment, Oxide Games",Stardock Entertainment,0.0,steamspy,,True
520644,Ashes of the Singularity: Escalation - Gauntlet DLC,"Indie, Simulation, Strategy",,,,"Stardock Entertainment, Oxide Games",Stardock Entertainment,0.0,steamspy,,True
579270,Ashes of the Singularity: Escalation - Inception DLC,"Indie, RPG, Simulation, Strategy",,,,"Stardock Entertainment, Oxide Games",Stardock Entertainment,0.0,steamspy,,True
649310,Ashes of the Singularity: Escalation - Juggernaut DLC,"Indie, Simulation, Strategy",,,,"Stardock Entertainment, Oxide Games",Stardock Entertainment,0.0,steamspy,,True
520645,Ashes of the Singularity: Escalation - Oblivion DLC,"Indie, Simulation, Strategy",,,,"Stardock Entertainment, Oxide Games",Stardock Entertainment,0.0,steamspy,,True
520640,Ashes of the Singularity: Escalation - Overlord Scenario Pack DLC,"Indie, Simulation, Strategy",,,,"Stardock Entertainment, Oxide Games",Stardock Entertainment,0.0,steamspy,,True
757510,Ashes of the Singularity: Escalation - Secret Missions DLC,"Indie, Simulation, Strategy",,,,"Stardock Entertainment, Oxide Games",Stardock Entertainment,0.0,steamspy,,True
520641,Ashes of the Singularity: Escalation - Soundtrack DLC,"Indie, Simulation, Strategy",,,,"Stardock Entertainment, Oxide Games",Stardock Entertainment,0.0,steamspy,,True
520643,Ashes of the Singularity: Escalation - Turtle Wars DLC,"Indie, Simulation, Strategy",,,,"Stardock Entertainment, Oxide Games",Stardock Entertainment,0.0,steamspy,,True
1259180,Ashina: The Red Witch: Prologue,"Adventure, Casual, JRPG, RPG, Simulation, Strategy",,,,Stranga Games,GrabTheGames,0.0,steamspy,,True
5282,Assassin's Creed 2 E3 Trailer,"Action, Adventure",,,,,,0.0,steamspy,,True
5030,Assassin's Creed HD Trailer,"Action, Adventure",,,,Ubisoft Montreal,Ubisoft,0.0,steamspy,,True
937890,Assassin's Creed Odyssey - Season Pass,"Action, Adventure, RPG",,,,"Ubisoft Quebec, Ubisoft Montreal, Ubisoft Bucharest, Ubisoft Singapore, Ubisoft Montpellier, Ubisoft Kiev, Ubisoft Shanghai",Ubisoft,0.0,steamspy,,True
660080,Assassin's Creed Origins - Season Pass,"Action, Adventure, RPG",,,,Ubisoft Montreal,,0.0,steamspy,,True
81329,Assassin's Creed Revelations Ancestors Char Pack Trailer,"Action, Adventure, RPG",,,,Ubisoft Montreal,,0.0,steamspy,,True
80642,Assassins Creed Brotherhood Multi-Player Trailer,"Action, Adventure",,,,Ubisoft Montreal,Ubisoft,0.0,steamspy,,True
80643,Assassins Creed Brotherhood Story Trailer,"Action, Adventure",,,,Ubisoft Montreal,Ubisoft,0.0,steamspy,,True
81482,Assassins Creed III Montage Trailer,"Action, Adventure",,,,Ubisoft Montreal,Ubisoft,0.0,steamspy,,True
246660,Assault Android Cactus Demo,"Action, Indie, Shooter",,,,Witch Beam,,0.0,steamspy,,True
949250,Assault Spy - Digital Soundtrack,"Action, Indie",,,,Wazen,,0.0,steamspy,,True
742240,Astebreed - Original Soundtrack,"Action, Indie",,,,Edelweiss,PLAYISM,0.0,steamspy,,True
604320,Asteroid Blaster VR Demo,"Action, Casual, Indie",,,,Senomix Research,Senomix Research,0.0,steamspy,,True
502390,Asteroid Fight Demo,"Action, Indie, Strategy",,,,Katta Games,Katta Games,0.0,steamspy,,True
563590,Astervoid 2000 Soundtrack,"Action, Casual, Indie",,,,"Mad Capacity, LREVG",,0.0,steamspy,,True
672200,Astoria: The Holders of Power Saga Demo,"Action, Adventure, Indie, JRPG, RPG, Strategy",,,,Golden Unicorn Gaming Inc,Golden Unicorn Gaming Inc,0.0,steamspy,,True
465940,Astral Domine Demo,"Adventure, Indie, Puzzle",,,,Spectral Illusions,Spectral Illusions,0.0,steamspy,,True
473790,Astro Duel Demo,"Action, Fighting, Indie",,,,Rusty Moyher,Wild Rooster,0.0,steamspy,,True
201170,Astro Tripper Demo,"Action, Indie, Shooter",,,,PomPom,Pom Pom Games,0.0,steamspy,,True
3342,AstroPop Deluxe Free Demo,"Casual, Puzzle",,,,"PopCap Games, Inc.","PopCap Games, Inc.",0.0,steamspy,,True
573546,Atelier Firis - Atelier series special BGM pack / アトリエシリーズスペシャルBGMパック,RPG,,,,"KOEI TECMO GAMES CO., LTD.","KOEI TECMO GAMES CO., LTD.",0.0,steamspy,,True
620321,Atelier Firis - Costume: Brave Archer / リアーネ衣装『ブレイブアーチャー』,RPG,,,,"KOEI TECMO GAMES CO., LTD.","KOEI TECMO GAMES CO., LTD.",0.0,steamspy,,True
620325,Atelier Firis - Costume: Crest Paladin / シャノン衣装『クレストパラディン』,RPG,,,,"KOEI TECMO GAMES CO., LTD.","KOEI TECMO GAMES CO., LTD.",0.0,steamspy,,True
620323,Atelier Firis - Costume: Duel Warrior / ドロッセル衣装『デュエルウォーリア』,RPG,,,,"KOEI TECMO GAMES CO., LTD.","KOEI TECMO GAMES CO., LTD.",0.0,steamspy,,True
573543,Atelier Firis - Costume: Festive Amour / イルメリア衣装『紅白アムール』,RPG,,,,"KOEI TECMO GAMES CO., LTD.","KOEI TECMO GAMES CO., LTD.",0.0,steamspy,,True
620324,Atelier Firis - Costume: Glorious Sage / ソフィー衣装『グロリアスセイジ』,RPG,,,,"KOEI TECMO GAMES CO., LTD.","KOEI TECMO GAMES CO., LTD.",0.0,steamspy,,True
573542,Atelier Firis - Costume: Night Onyx / リアーネ衣装『夜のオニキス』,RPG,,,,"KOEI TECMO GAMES CO., LTD.","KOEI TECMO GAMES CO., LTD.",0.0,steamspy,,True
620322,Atelier Firis - Costume: Noble Wizard / イルメリア衣装『ノーブルウィザード』,RPG,,,,"KOEI TECMO GAMES CO., LTD.","KOEI TECMO GAMES CO., LTD.",0.0,steamspy,,True
573545,Atelier Firis - Costume: Passionate Soleil / ソフィー衣装『情熱のソレイユ』,RPG,,,,"KOEI TECMO GAMES CO., LTD.","KOEI TECMO GAMES CO., LTD.",0.0,steamspy,,True
573540,"Atelier Firis - Costume: Resort Vacation, Wonderland / ",RPG,,,,"KOEI TECMO GAMES CO., LTD.","KOEI TECMO GAMES CO., LTD.",0.0,steamspy,,True
620320,Atelier Firis - Costume: Ritual Cleric / フィリス衣装『リチュアルクレリック』,RPG,,,,"KOEI TECMO GAMES CO., LTD.","KOEI TECMO GAMES CO., LTD.",0.0,steamspy,,True
573541,Atelier Firis - Costume: Sky Blue Papillon / フィリス衣装『空色パピヨン』,RPG,,,,"KOEI TECMO GAMES CO., LTD.","KOEI TECMO GAMES CO., LTD.",0.0,steamspy,,True
573544,Atelier Firis - Costume: Verdant Feuilles / ドロッセル衣装『新緑のフォイユ』,RPG,,,,"KOEI TECMO GAMES CO., LTD.","KOEI TECMO GAMES CO., LTD.",0.0,steamspy,,True
1061754,Atelier Lulua: Atelier Series Legacy BGM Pack,RPG,,,,"KOEI TECMO GAMES CO., LTD.","KOEI TECMO GAMES CO., LTD.",0.0,steamspy,,True
776840,Atelier Lydie & Suelle - Bonus DLC,RPG,,,,"KOEI TECMO GAMES CO., LTD.","KOEI TECMO GAMES CO., LTD.",0.0,steamspy,,True
776850,Atelier Lydie & Suelle - Season Pass,RPG,,,,"KOEI TECMO GAMES CO., LTD.","KOEI TECMO GAMES CO., LTD.",0.0,steamspy,,True
810830,Atelier Lydie & Suelle Atelier Series BGM Pack,RPG,,,,"KOEI TECMO GAMES CO., LTD.","KOEI TECMO GAMES CO., LTD.",0.0,steamspy,,True
810820,Atelier Lydie & Suelle GUST Titles BGM Pack,RPG,,,,"KOEI TECMO GAMES CO., LTD.","KOEI TECMO GAMES CO., LTD.",0.0,steamspy,,True
909650,Ativeil Demo,"Adventure, Casual, Indie, Puzzle, Simulation",,,,Phoesion,Phoesion,0.0,steamspy,,True
55050,Atom Zombie Smasher Demo,"Action, Casual, Indie, Strategy, Tower Defense",,,,Blendo Games,Blendo Games,0.0,steamspy,,True
80597,Atom Zombie Smasher Trailer,"Action, Casual, Indie, Strategy, Tower Defense",,,,Blendo Games,Blendo Games,0.0,steamspy,,True
81717,Atooms to Moolecules Trailer,"Casual, Indie",,,,BitSits Games,,0.0,steamspy,,True
992030,Atrocity Demo,"Adventure, Indie, RPG, Simulation, Visual Novel",,,,Solare Games,Solare Games,0.0,steamspy,,True
486830,Attack heroes - Soundtrack,"Adventure, Indie, RPG, Strategy",,,,Ejoy Games,,0.0,steamspy,,True
953650,Attack of the Earthlings - Original Soundtrack,"Indie, Strategy",,,,Team Junkfish,Junkfish Limited,0.0,steamspy,,True
869360,Attack of the Giant Mutant Lizard Demo,"Action, Casual, Indie",,,,Medicated Games,Medicated Games,0.0,steamspy,,True
486009,Attack on Titan - Costume Set - Christmas,Action,,,,"KOEI TECMO GAMES CO., LTD.","KOEI TECMO GAMES CO., LTD.",0.0,steamspy,,True
486007,Attack on Titan - Costume Set - Halloween,Action,,,,"KOEI TECMO GAMES CO., LTD.","KOEI TECMO GAMES CO., LTD.",0.0,steamspy,,True
486011,Attack on Titan - Costume Set - Japanese New Year,Action,,,,"KOEI TECMO GAMES CO., LTD.","KOEI TECMO GAMES CO., LTD.",0.0,steamspy,,True
486002,Attack on Titan - Costume Set - Summer Festival,Action,,,,"KOEI TECMO GAMES CO., LTD.","KOEI TECMO GAMES CO., LTD.",0.0,steamspy,,True
486000,Attack on Titan - Mikasa Costume - Summer Festival,Action,,,,"KOEI TECMO GAMES CO., LTD.","KOEI TECMO GAMES CO., LTD.",0.0,steamspy,,True
943871,Attractorache - ArtBook DLC,"Casual, Indie",,,,CCYY,"Trueyuna Technology Co., Ltd.",0.0,steamspy,,True
989320,Audio Infection Demo,"Action, Casual, Indie",,,,RaafOritme,RaafOritme,0.0,steamspy,,True
373960,Audiosurf 2 Demo,"Casual, Indie",,,,Dylan Fitterer,Dylan Fitterer,0.0,steamspy,,True
5889,Aura: Fate of the Ages Trailer,"Adventure, Puzzle",,,,Streko Graphics,Nordic Games,0.0,steamspy,,True
436420,Aurion: Legacy of the Kori-Odan - Official OST,"Action, Adventure, Indie, RPG",,,,Kiro'o Games,Dear Villagers,0.0,steamspy,,True
397170,Aurora Dusk Demo,"Adventure, Casual, Indie, RPG, Strategy, Tower Defense",,,,Sylvain Harlaut,Sylvain Harlaut,0.0,steamspy,,True
1046020,Automachef Demo,"Indie, Puzzle, Simulation",,,,Hermes Interactive,Team17 Digital Ltd,0.0,steamspy,,True
521600,Automobilista - Season Pass for all DLCs,"Racing, Simulation, Sports",,,,Reiza Studios,,0.0,steamspy,,True
112110,Avadon: The Black Fortress Demo,"Adventure, Indie, RPG, Strategy",,,,Spiderweb Software,Spiderweb Software,0.0,steamspy,,True
81021,Avadon: The Black Fortress Trailer,"Adventure, Indie, RPG, Strategy",,,,Spiderweb Software,Spiderweb Software,0.0,steamspy,,True
377440,Avalanche 2: Super Avalanche OST,"Action, Indie",,,,Beast Games,,0.0,steamspy,,True
643580,Avatar Of The Wolf Demo,Adventure,,,,Choice of Games,Choice of Games,0.0,steamspy,,True
1968280,AvatarShop,Casual,,,,Suzuki Cecil,"Dream Factory Co., Ltd.",0.0,steamspy,,True
685820,Aven Colony - Soundtrack,"Indie, Simulation, Strategy",,,,Mothership Entertainment LLC,Team17 Digital Ltd,0.0,steamspy,,True
81557,Avernum: Escape From the Pit Trailer,"Adventure, Indie, RPG, Strategy",,,,,,0.0,steamspy,,True
427650,Aviary Attorney Soundtrack,"Adventure, Indie",,,,Sketchy Logic,,0.0,steamspy,,True
1124340,AvoCuddle Demo,"Action, Adventure, Indie, Platformer, Puzzle",,,,FistikTech,Ramez Al Tabbaa,0.0,steamspy,,True
1591840,Avoid The Demons,"Action, Adventure, Casual, Indie, Simulation, Survival",,,,Boogygames Studios,Boogygames Studios,0.0,steamspy,,True
1069730,Avorion - Soundtrack,"Action, Indie, Simulation",,,,Boxelware,Boxelware,0.0,steamspy,,True
759420,Awe of Despair Demo,"Action, Adventure, RPG, Simulation",,,,Reliant,Reliant,0.0,steamspy,,True
387984,Awesomenauts - 8-Bit Yoolip Skin,"Action, Indie, Strategy",,,,Ronimo Games,,0.0,steamspy,,True
251080,Awesomenauts - Abyssal Swiggins Skin,"Action, Indie, Strategy",,,,Ronimo Games,,0.0,steamspy,,True
251081,"Awesomenauts - Admiral Swiggins, PHD Skin","Action, Indie, Strategy",,,,Ronimo Games,,0.0,steamspy,,True
230888,Awesomenauts - Ahrpl Skin,"Action, Indie, Strategy",,,,Ronimo Games,Ronimo Games,0.0,steamspy,,True
230883,Awesomenauts - Bionic Raelynn Skin,"Action, Indie, Strategy",,,,Ronimo Games,Ronimo Games,0.0,steamspy,,True
497620,Awesomenauts - Bravely Scoop IV: Eternal Fantasy Skin,"Action, Indie, Strategy",,,,Ronimo Games,,0.0,steamspy,,True
204310,Awesomenauts - Bumble Gnaw Skin,"Action, Indie, Strategy",,,,Ronimo Games,Ronimo Games,0.0,steamspy,,True
204317,Awesomenauts - Cap'n Vinnie & Seadog Spike Skin,"Action, Indie, Strategy",,,,Ronimo Games,Ronimo Games,0.0,steamspy,,True
286671,Awesomenauts - Cheerleader Penny Skin,"Action, Indie, Strategy",,,,Ronimo Games,,0.0,steamspy,,True
387983,Awesomenauts - Clockwork Yoolip Skin,"Action, Indie, Strategy",,,,Ronimo Games,,0.0,steamspy,,True
230886,Awesomenauts - Cluck Skin,"Action, Indie, Strategy",,,,Ronimo Games,Ronimo Games,0.0,steamspy,,True
204304,Awesomenauts - Coco Hawaii Skin,"Action, Indie, Strategy",,,,Ronimo Games,Ronimo Games,0.0,steamspy,,True
230880,Awesomenauts - Coco McFly Skin,"Action, Indie, Strategy",,,,Ronimo Games,Ronimo Games,0.0,steamspy,,True
387982,Awesomenauts - Cosmic Captain Ksenia Skin,"Action, Indie, Strategy",,,,Ronimo Games,Ronimo Games,0.0,steamspy,,True
634014,Awesomenauts - Dark Masquerade Qi'Tara Skin,"Action, Indie, Strategy",,,,Ronimo Games,,0.0,steamspy,,True
230885,Awesomenauts - Demon Skølldir Skin,"Action, Indie, Strategy",,,,Ronimo Games,Ronimo Games,0.0,steamspy,,True
286670,Awesomenauts - Desperado Penny Skin,"Action, Indie, Strategy",,,,Ronimo Games,,0.0,steamspy,,True
256507,Awesomenauts - Digital G Skin,"Action, Indie, Strategy",,,,Ronimo Games,Ronimo Games,0.0,steamspy,,True
204311,Awesomenauts - Disco Voltar Skin,"Action, Indie, Strategy",,,,Ronimo Games,Ronimo Games,0.0,steamspy,,True
204319,Awesomenauts - Double-O Yuri Skin,"Action, Indie, Strategy",,,,Ronimo Games,Ronimo Games,0.0,steamspy,,True
387981,Awesomenauts - Dragon Huntress Ksenia Skin,"Action, Indie, Strategy",,,,Ronimo Games,Ronimo Games,0.0,steamspy,,True
387980,Awesomenauts - Electronic Supersonic Cybertronic Rocco Skin,"Action, Indie, Strategy",,,,Ronimo Games,Ronimo Games,0.0,steamspy,,True
204312,Awesomenauts - Expendable Clunk Skin,"Action, Indie, Strategy",,,,Ronimo Games,Ronimo Games,0.0,steamspy,,True
230884,Awesomenauts - Genji the Grey Skin,"Action, Indie, Strategy",,,,Ronimo Games,Ronimo Games,0.0,steamspy,,True
256505,Awesomenauts - Giga Sentorii Skin,"Action, Indie, Strategy",,,,Ronimo Games,Ronimo Games,0.0,steamspy,,True
230890,Awesomenauts - Gnabot Skin,"Action, Indie, Strategy",,,,Ronimo Games,Ronimo Games,0.0,steamspy,,True
376370,Awesomenauts - Gnariachi Skin,"Action, Indie, Strategy",,,,Ronimo Games,Ronimo Games,0.0,steamspy,,True
204307,Awesomenauts - Grandmaster Splash Skin,"Action, Indie, Strategy",,,,Ronimo Games,Ronimo Games,0.0,steamspy,,True
306890,Awesomenauts - Grim Genji Skin,"Action, Indie, Strategy",,,,Ronimo Games,Ronimo Games,0.0,steamspy,,True
204308,Awesomenauts - Hotrod Derpl Skin,"Action, Indie, Strategy",,,,Ronimo Games,Ronimo Games,0.0,steamspy,,True
319821,Awesomenauts - Jotunn Skølldir Skin,"Action, Indie, Strategy",,,,Ronimo Games,Ronimo Games,0.0,steamspy,,True
230882,Awesomenauts - Kage Genji Skin,"Action, Indie, Strategy",,,,Ronimo Games,Ronimo Games,0.0,steamspy,,True
204309,Awesomenauts - Kosmonaut Yuri Skin,"Action, Indie, Strategy",,,,Ronimo Games,Ronimo Games,0.0,steamspy,,True
634010,Awesomenauts - Kunoichi Dizzy Skin,"Action, Indie, Strategy",,,,Ronimo Games,,0.0,steamspy,,True
319820,Awesomenauts - Leon Legionnaire Skin,"Action, Indie, Strategy",,,,Ronimo Games,Ronimo Games,0.0,steamspy,,True
333170,Awesomenauts - Loninator Skin,"Action, Indie, Strategy",,,,Ronimo Games,,0.0,steamspy,,True
557001,Awesomenauts - Malicious Max Skin,"Action, Indie, Strategy",,,,Ronimo Games,,0.0,steamspy,,True
204305,Awesomenauts - Mousquetaire Leon Skin,"Action, Indie, Strategy",,,,Ronimo Games,Ronimo Games,0.0,steamspy,,True
204306,Awesomenauts - Officer Lonestar Skin,"Action, Indie, Strategy",,,,Ronimo Games,Ronimo Games,0.0,steamspy,,True
256502,Awesomenauts - Party Boy McPain Skin,"Action, Indie, Strategy",,,,Ronimo Games,Ronimo Games,0.0,steamspy,,True
204318,Awesomenauts - Pimpy G. Skin,"Action, Indie, Strategy",,,,Ronimo Games,Ronimo Games,0.0,steamspy,,True
230887,Awesomenauts - Pirate Leon Skin,"Action, Indie, Strategy",,,,Ronimo Games,Ronimo Games,0.0,steamspy,,True
204315,Awesomenauts - Private Mels Skin,"Action, Indie, Strategy",,,,Ronimo Games,Ronimo Games,0.0,steamspy,,True
497621,Awesomenauts - Pyromancer Smiles Skin,"Action, Indie, Strategy",,,,Ronimo Games,,0.0,steamspy,,True
204314,Awesomenauts - Ravishing Raelynn Skin,"Action, Indie, Strategy",,,,Ronimo Games,Ronimo Games,0.0,steamspy,,True
557000,Awesomenauts - Scourge Captain McPain Skin,"Action, Indie, Strategy",,,,Ronimo Games,,0.0,steamspy,,True
230891,Awesomenauts - Shaolin Ayla Skin,"Action, Indie, Strategy",,,,Ronimo Games,Ronimo Games,0.0,steamspy,,True
376372,Awesomenauts - Shinobi Rocco Skin,"Action, Indie, Strategy",,,,Ronimo Games,,0.0,steamspy,,True
256503,Awesomenauts - Skreeletor Skin,"Action, Indie, Strategy",,,,Ronimo Games,Ronimo Games,0.0,steamspy,,True
256506,Awesomenauts - Specimen X-58 Skin,"Action, Indie, Strategy",,,,Ronimo Games,,0.0,steamspy,,True
425542,Awesomenauts - Steel Seraph Ix Skin,"Action, Indie, Strategy",,,,Ronimo Games,,0.0,steamspy,,True
399832,Awesomenauts - Summertime Chucho Skin,"Action, Indie, Strategy",,,,Ronimo Games,,0.0,steamspy,,True
256504,Awesomenauts - Sun Wukong Skree Skin,"Action, Indie, Strategy",,,,Ronimo Games,,0.0,steamspy,,True
230892,Awesomenauts - Teddy Ayla Skin,"Action, Indie, Strategy",,,,Ronimo Games,Ronimo Games,0.0,steamspy,,True
256501,Awesomenauts - Titanium Ted Skin,"Action, Indie, Strategy",,,,Ronimo Games,Ronimo Games,0.0,steamspy,,True
376371,Awesomenauts - Voltar Bonaparte Skin,"Action, Indie, Strategy",,,,Ronimo Games,Ronimo Games,0.0,steamspy,,True
410100,Awesomenauts - Wicked Coco Skin,"Action, Indie, Strategy",,,,Ronimo Games,,0.0,steamspy,,True
327530,Awesomenauts - Wraithlord Scoop Skin,"Action, Indie, Strategy",,,,Ronimo Games,Ronimo Games,0.0,steamspy,,True
81909,Awesomenauts Trailer,"Action, Indie, Platformer, Strategy",,,,Ronimo Games,,0.0,steamspy,,True
204303,Awesomenauts: Official Soundtrack,"Action, Indie, Strategy",,,,Ronimo Games,Ronimo Games,0.0,steamspy,,True
425540,Awesomenauts: Overdrive Expansion,"Action, Indie, Strategy",,,,Ronimo Games,,0.0,steamspy,,True
256500,Awesomenauts: Starstorm Expansion,"Action, Indie, Platformer, Strategy",,,,Ronimo Games,Ronimo Games,0.0,steamspy,,True
542600,Awkward Dimensions Redux OST,"Adventure, Indie",,,,StevenHarmonGames,,0.0,steamspy,,True
368920,Axiom Verge Original Soundtrack,"Action, Adventure, Indie",,,,Thomas Happ Games LLC,Thomas Happ Games LLC,0.0,steamspy,,True
1885250,Axiom of Maria: Prologue,"Action, Adventure, Indie, Platformer",,,,Studio Ganzheit,Studio Ganzheit,0.0,steamspy,,True
5467,Aztaka Trailer,"Action, Indie, Metroidvania, Platformer, RPG",,,,Citeremis Inc.,Citeremis Inc.,0.0,steamspy,,True
367210,BADLAND: Game of the Year Edition - Digital Art Booklet & Ambient Soundtrack,"Action, Adventure, Indie",,,,Frogmind,Frogmind,0.0,steamspy,,True
573250,BAFL - Brakes Are For Losers Demo,"Indie, Racing",,,,Oudidon,"Playdius, Plug In Digital",0.0,steamspy,,True
2987540,BAN: The Prologue of GUCHA GUCHA,"Adventure, Casual, Horror, Indie",,,,市松製化,Kodansha,0.0,steamspy,,True
346690,BANZAI PECAN: The Last Hope For the Young Century Demo,"Action, Indie",,,,SERIOUS*IMPACT WORKS,"Zanza Studios, LLC",0.0,steamspy,,True
2647780,BAR OLD PAL VR : PROLOGUE,"Indie, Simulation",,,,"Hyun Jun Kim, Jun Hyun Baek, Yoon Gi Jang",BarSim,0.0,steamspy,,True
658860,BATTLECREW Space Pirates : All Pirates Skins,"Action, Indie",,,,DONTNOD ELEVEN,,0.0,steamspy,,True
799750,BATTLETECH Season Pass,"Action, Adventure, Strategy",,,,Harebrained Schemes,Paradox Interactive,0.0,steamspy,,True
804640,BBTAG DLC Character - Blake,Action,,,,Arc System Works,Arc System Works,0.0,steamspy,,True
804641,BBTAG DLC Character - Yang,Action,,,,Arc System Works,Arc System Works,0.0,steamspy,,True
804642,BBTAG DLC Character Pack Vol.1 - Platinum/Kanji/Orie,Action,,,,Arc System Works,Arc System Works,0.0,steamspy,,True
804643,BBTAG DLC Character Pack Vol.2 - Jubei/Aegis/Carmine,Action,,,,Arc System Works,Arc System Works,0.0,steamspy,,True
804644,BBTAG DLC Character Pack Vol.3 - Hakumen/NaotoShirogane/Vatista,Action,,,,Arc System Works,Arc System Works,0.0,steamspy,,True
804645,BBTAG DLC Character Pack Vol.4 - Izayoi/Mitsuru/Merkava,Action,,,,Arc System Works,Arc System Works,0.0,steamspy,,True
804646,BBTAG DLC Character Pack Vol.5 - Mai/Akihiko/Yuzuriha,Action,,,,Arc System Works,Arc System Works,0.0,steamspy,,True
804647,BBTAG DLC Character Pack Vol.6 - Nine/Labrys/Mika,Action,,,,Arc System Works,Arc System Works,0.0,steamspy,,True
1074980,BBTAG DLC Character Pack Vol.7 - Heart/NaotoKurogane/Teddie/Seth,Action,,,,Arc System Works,Arc System Works,0.0,steamspy,,True
824380,BBTAG DLC Color Pack 1,Action,,,,Arc System Works,Arc System Works,0.0,steamspy,,True
824381,BBTAG DLC Color Pack 2,Action,,,,Arc System Works,Arc System Works,0.0,steamspy,,True
824382,BBTAG DLC Color Pack 3,Action,,,,Arc System Works,Arc System Works,0.0,steamspy,,True
1209860,BDSM: Big Drunk Satanic Massacre Demo,"Action, Adventure, Indie, RPG",,,,Big Way Games,Big Way Games,0.0,steamspy,,True
456470,BEEP - Soundtrack,"Action, Adventure, Indie, Simulation, Strategy",,,,Big Fat Alien,,0.0,steamspy,,True
80820,BEEP Trailer,"Action, Adventure, Casual, Horror, Indie, Platformer, Puzzle, Shooter, Strategy",,,,Big Fat Alien,Big Fat Alien,0.0,steamspy,,True
999680,BELOW - Soundtrack,"Adventure, Indie, RPG",,,,"Jim Guthrie, Capybara Games",Capybara Games,0.0,steamspy,,True
753080,BELPAESE: Homecoming Demo,"Adventure, Indie",,,,Fazz Brothers,Fazz Brothers,0.0,steamspy,,True
569712,BERSERK - Casca Costume: Guts' Tank Top,Action,,,,"KOEI TECMO GAMES CO., LTD.","KOEI TECMO GAMES CO., LTD.",0.0,steamspy,,True
569713,BERSERK - Casca Costume: Winter Clothes,Action,,,,"KOEI TECMO GAMES CO., LTD.","KOEI TECMO GAMES CO., LTD.",0.0,steamspy,,True
569710,BERSERK - Exclusive Costumes,Action,,,,"KOEI TECMO GAMES CO., LTD.","KOEI TECMO GAMES CO., LTD.",0.0,steamspy,,True
569711,BERSERK - Guts Costume: Banquet Attire,Action,,,,"KOEI TECMO GAMES CO., LTD.","KOEI TECMO GAMES CO., LTD.",0.0,steamspy,,True
569715,BERSERK - Schierke Costume: Golem,Action,,,,"KOEI TECMO GAMES CO., LTD.","KOEI TECMO GAMES CO., LTD.",0.0,steamspy,,True
569714,BERSERK - Schierke Costume: Town Girl,Action,,,,"KOEI TECMO GAMES CO., LTD.","KOEI TECMO GAMES CO., LTD.",0.0,steamspy,,True
2051110,BETA-SIXDOUZE,"Adventure, Horror, Visual Novel",,,,Liar-soft,Shiravune,0.0,steamspy,,True
80427,BIT.TRIP BEAT Trailer,"Action, Casual, Indie",,,,Gaijin Games,Gaijin Games,0.0,steamspy,,True
82087,BIT.TRIP CORE Trailer,"Action, Indie",,,,Gaijin Games,,0.0,steamspy,,True
80655,BIT.TRIP RUNNER Trailer,"Action, Casual, Indie, Platformer",,,,,,0.0,steamspy,,True
205063,BIT.TRIP.CORE Soundtrack,"Action, Indie",,,,Gaijin Games,Gaijin Games,0.0,steamspy,,True
205083,BIT.TRIP.FATE Soundtrack,"Action, Indie",,,,Gaijin Games,Gaijin Games,0.0,steamspy,,True
205073,BIT.TRIP.VOID Soundtrack,"Action, Indie",,,,Gaijin Games,Gaijin Games,0.0,steamspy,,True
395510,BLACKHOLE Demo,"Action, Adventure, Indie, Platformer, Puzzle",,,,FiolaSoft Studio,1C Entertainment,0.0,steamspy,,True
445920,BLACKHOLE: Original Soundtrack,"Indie, Platformer, Puzzle",,,,FiolaSoft Studio,Fulqrum Publishing,0.0,steamspy,,True
529850,BLADE ARCUS from Shining: Battle Arena Demo,"Action, Fighting",,,,Studio Saizensen,Studio Saizensen,0.0,steamspy,,True
447340,"BLEAK: Original Soundtrack, Vol. 1","Action, Indie",,,,"Novelline, Inc.","Novelline, Inc.",0.0,steamspy,,True
804820,BLIK Demo,"Action, Adventure, Indie, Puzzle, Simulation",,,,DimleTeam,DimleTeam,0.0,steamspy,3.0,True
1421930,BLIND QUEST - The Frost Demon,"Action, Adventure, Indie, RPG",,,,Associazione Audiogames,"IV Productions, Associazione Audiogames",0.0,steamspy,,True
704150,BLUE REFLECTION: Season Pass,RPG,,,,"KOEI TECMO GAMES CO., LTD.","KOEI TECMO GAMES CO., LTD.",0.0,steamspy,,True
537670,BLUE REVOLVER Soundtrack,"Action, Indie",,,,Stellar Circle,,0.0,steamspy,,True
875710,BRANE: Prototype,"Casual, Indie",,,,John Wanot,,0.0,steamspy,,True
1318790,BROK the InvestiGator - Prologue,"Action, Adventure, Indie, RPG",,,,COWCAT,COWCAT,0.0,steamspy,,True
453640,BUCK Demo,"Action, Adventure, Indie, Metroidvania, RPG, Survival",,,,Wave Interactive,,0.0,steamspy,,True
536590,BUTCHER - Extended Soundtrack,"Action, Indie",,,,"Phobia Game Studio, Transhuman Design","Crunching Koalas, Transhuman Design",0.0,steamspy,,True
555420,BUTCHER - W.I.M.P. (EASY MODE) DLC,"Action, Indie",,,,Transhuman Design,,0.0,steamspy,,True
629260,BUTCHER Demo,"Action, Indie, Platformer, Shooter",,,,Transhuman Design,Transhuman Design,0.0,steamspy,,True
955710,Baba Is You Soundtrack,Indie,,,,Hempuli Oy,Hempuli Oy,0.0,steamspy,,True
81919,Babel Rising Trailer,"Action, Strategy",,,,Mondoproduction,,0.0,steamspy,,True
430370,Babel: Choice (Original Soundtrack),"Action, Indie",,,,Sogoal,Sogoal,0.0,steamspy,,True
80817,Back to the Future Episode 4 Trailer,"Adventure, Puzzle",,,,Telltale Games,Telltale Games,0.0,steamspy,,True
80921,Back to the Future Episode 5 Trailer,"Adventure, Puzzle",,,,,,0.0,steamspy,,True
80497,Back to the Future Trailer,"Adventure, Puzzle",,,,Telltale Games,Telltale Games,0.0,steamspy,,True
1072670,Backpack Twins Demo,"Action, Adventure, Casual, Indie, Platformer, Puzzle",,,,Tomás de Vicente,Tomás de Vicente,0.0,steamspy,,True
449400,Bacteria Soundtrack,"Casual, Indie",,,,Sometimes You,,0.0,steamspy,,True
236810,Bad Bots Demo,"Action, Indie, Metroidvania, Platformer, Shooter",,,,Point Five Projects,Digital Tribe,0.0,steamspy,,True
577650,Bad Dream: Coma Demo,"Adventure, Casual, Horror, Indie, Puzzle",,,,Desert Fox,PlayWay S.A.,0.0,steamspy,,True
565420,Bad Pad Demo,"Action, Indie, Metroidvania, Platformer",,,,"Headbang Games, Oray Studios",Headbang Games,0.0,steamspy,,True
391010,Badland Bandits - Raw Power Skins,"Action, Massively Multiplayer, RPG, Racing, Simulation",,,,Wild Wolf Std,,0.0,steamspy,,True
977330,Badminton Warrior Demo,"Action, Adventure, Indie, Sports",,,,Milpitians,Milpitians,0.0,steamspy,2.0,True
696620,Bai Qu - Digital Artbook,"Adventure, Casual, Indie",,,,Magenta Factory,Magenta Factory,0.0,steamspy,,True
661710,Bai Qu OST,"Adventure, Casual, Indie",,,,"Magenta Factory, Gustav Yu",Magenta Factory,0.0,steamspy,,True
1180650,Bakemono - Demon Brigade Tenmen Unit 01,"Action, Adventure, Shooter, Simulation",,,,SuperSane Games,SuperSane Games,0.0,steamspy,,True
573850,BalanCity - Original Soundtrack,"Casual, Indie, Simulation, Strategy",,,,Fernando Cordoba,,0.0,steamspy,,True
1052910,Balancelot Demo,"Action, Adventure, Casual, Horror, Indie, Platformer, Racing",,,,AnvilBird Interactive,Jestercraft,0.0,steamspy,,True
467620,Baldur's Gate II: Enhanced Edition Official Soundtrack,"RPG, Strategy",,,,Beamdog,Beamdog,0.0,steamspy,,True
459280,Baldur's Gate: Enhanced Edition Official Soundtrack,"RPG, Strategy",,,,Beamdog,Beamdog,0.0,steamspy,,True
459290,Baldur's Gate: Siege of Dragonspear Official Soundtrack,"RPG, Strategy",,,,Beamdog,Beamdog,0.0,steamspy,,True
1095270,Ballade2: the Celestial Promise / 叙事曲2：星空下的诺言 Demo,"Adventure, Indie, RPG, Visual Novel",,,,286studio,286studio,0.0,steamspy,,True
837830,BallisticNG - Soundtrack,"Action, Indie, Racing",,,,Neognosis,,0.0,steamspy,,True
855040,Balloon Strike Demo,"Adventure, Casual, Indie",,,,Yash Future Tech Solutions Pvt Ltd,Yash Future Tech Solutions Pvt Ltd,0.0,steamspy,,True
909590,Bang Bang Fruit 3 - Soundtrack,"Casual, Indie",,,,Snkl Studio,Snkl Studio,0.0,steamspy,,True
207970,Bang Bang Racing Demo,Racing,,,,Digital Reality Software & Playbox,HandyGames,0.0,steamspy,,True
81731,Bang Bang Racing Vantage Point Trailer,Racing,,,,Digital Reality Software & Playbox,Kalypso Media Digital,0.0,steamspy,,True
656420,Bannerman - Soundtrack,"Action, Adventure, Indie",,,,Armitage Games,,0.0,steamspy,,True
488530,Banzai Escape Soundtrack,Action,,,,XenoAisam,Xenoaisam Studio,0.0,steamspy,,True
395060,Bard's Gold - Soundtracks,Indie,,,,Erdem Sen,,0.0,steamspy,,True
1136400,Barney's Dream Cruise Demo,"Adventure, Indie, Puzzle",,,,Gubbi Games,Gubbi Games,0.0,steamspy,,True
470540,Barony Extended Soundtrack by Chris Kukla,"Action, Adventure, Indie, RPG",,,,Turning Wheel LLC,Turning Wheel LLC,0.0,steamspy,,True
289734,Barricade! DLC,Action,,,,Eko Software,505 Games,0.0,steamspy,,True
320363,Barry's Commandant Costume,"Action, Adventure",,,,Capcom,Capcom,0.0,steamspy,,True
503930,Basketball Court VR Demo,"Casual, Simulation",,,,Chun Y.,Chun Y.,0.0,steamspy,,True
493910,Bastard Bonds Demo,"Indie, RPG, Strategy",,,,Bigfingers,Bigfingers,0.0,steamspy,,True
107110,Bastion Demo,"Action, Adventure, Indie, RPG, Shooter",,,,Supergiant Games,Warner Bros. Interactive Entertainment,0.0,steamspy,,True
80996,Bastion Trailer,"Action, Adventure, Indie, RPG, Shooter",,,,Supergiant Games,Warner Bros. Interactive Entertainment,0.0,steamspy,,True
107104,Bastion: Original Soundtrack,"Action, Indie",,,,Supergiant Games,Supergiant Games,0.0,steamspy,,True
200240,Batman Arkham City Demo,"Action, Adventure, Fighting, Metroidvania",,,,Rocksteady Studios,Warner Bros. Interactive Entertainment,0.0,steamspy,,True
81310,Batman Arkham City Nightwing DLC Trailer,Action,,,,Rocksteady Studios,Warner Bros. Interactive Entertainment,0.0,steamspy,,True
81308,Batman Arkham City Robin Bundle Trailer,Action,,,,Rocksteady Studios,,0.0,steamspy,,True
81216,Batman Arkham City Trailer,"Action, Adventure, Fighting, Metroidvania",,,,,,0.0,steamspy,,True
200860,Batman Arkham City: Arkham City Skins Pack,Action,,,,Rocksteady Studios,Warner Bros. Interactive Entertainment,0.0,steamspy,,True
35020,Batman: Arkham Asylum Demo,"Action, Adventure, Fighting, Metroidvania, Puzzle",,,,Rocksteady Studios,"SQUARE ENIX, Eidos Interactive",0.0,steamspy,,True
401635,Batman: Arkham Knight - Season of Infamy: Most Wanted Expansion,"Action, Adventure",,,,Rocksteady Studios,,0.0,steamspy,,True
367480,Batman: Arkham Knight Season Pass,"Action, Adventure",,,,Rocksteady,Warner Bros. Interactive Entertainment,0.0,steamspy,,True
237621,Batman: Arkham Origins - Infinite Earths Skin Pack,"Action, Adventure",,,,,,0.0,steamspy,,True
237620,Batman: Arkham Origins - New Millennium Skins Pack,"Action, Adventure",,,,"WB Games Montreal, Splash Damage",Warner Bros. Interactive Entertainment,0.0,steamspy,,True
365380,Battle Brothers - Soundtrack,"Indie, RPG, Strategy",,,,"Overhype Studios, Breakdown Epiphanies",Breakdown Epiphanies,0.0,steamspy,,True
743790,Battle Chef Brigade - Soundtrack,"Action, Adventure, Indie, RPG",,,,Trinket Studios,Trinket Studios,0.0,steamspy,,True
493150,Battle Crust Original Soundtrack,"Action, Indie",,,,Picorinne Soft,,0.0,steamspy,,True
570080,Battle Dome Demo,Action,,,,Bad Bird Studios,Bad Bird Studios,0.0,steamspy,,True
383990,Battle Fantasia -Revised Edition- Original Soundtrack,Action,,,,"Arc System Works, DotEmu",,0.0,steamspy,,True
494270,Battle Girls - Soundtrack,"Adventure, Casual, Indie",,,,Dharker Studios,Dharker Studios,0.0,steamspy,,True
552640,Battle Girls - Wallpapers,"Adventure, Casual, Indie",,,,Dharker Studio,Dharker Studios Ltd,0.0,steamspy,,True
603980,Battle Princess Madelyn Demo,"Action, Adventure, Casual, Indie, Metroidvania, Platformer",,,,Causal Bit Games Inc.,"Causal Bit Games Inc., IndieHound",0.0,steamspy,,True
268030,Battle Worlds: Kronos Demo,"Indie, Strategy",,,,KING Art Games,THQ Nordic,0.0,steamspy,,True
622760,Battle for Orion 2 Soundtrack,"Action, Indie, Strategy",,,,Infinite Loop Games,,0.0,steamspy,,True
334810,Battle of Empires : 1914-1918 - Editor,"Action, Strategy",,,,Great War Team,Best Way Soft,0.0,steamspy,,True
409230,Battle of Empires: 1914-1918 - ART+OST,"Action, Indie, Strategy",,,,Great War Team,Best Way Soft,0.0,steamspy,,True
922600,Battle royale simulator Demo,"Action, Simulation, Strategy",,,,WhackAKey Games,WhackAKey Games,0.0,steamspy,,True
80876,Battle vs. Chess Trailer,"Card & Board, Casual, Strategy",,,,,,0.0,steamspy,,True
764661,BattleRush - German AT Infantry DLC,"Action, Adventure, Indie, Massively Multiplayer",,,,,,0.0,steamspy,,True
739256,BattleRush - German Snipers DLC,"Action, Adventure, Indie, Massively Multiplayer",,,,,,0.0,steamspy,,True
750492,BattleRush - German Special Forces DLC,"Action, Adventure, Indie, Massively Multiplayer",,,,,,0.0,steamspy,,True
739250,BattleRush - Heavy Tanks DLC,"Action, Indie, Massively Multiplayer",,,,,,0.0,steamspy,,True
739255,BattleRush - Imperial Japanese Army DLC,"Action, Indie, Massively Multiplayer",,,,,,0.0,steamspy,,True
739251,BattleRush - Medium Tanks DLC,"Action, Adventure, Indie, Massively Multiplayer",,,,,,0.0,steamspy,,True
764660,BattleRush - US AT Infantry DLC,"Action, Adventure, Indie, Massively Multiplayer",,,,,,0.0,steamspy,,True
750490,BattleRush - US Marine Corps DLC,"Action, Adventure, Indie, Massively Multiplayer",,,,,,0.0,steamspy,,True
750491,BattleRush - US Special Forces DLC,"Action, Adventure, Indie, Massively Multiplayer",,,,,,0.0,steamspy,,True
739253,BattleRush - USSR Army DLC,"Action, Adventure, Indie, Massively Multiplayer",,,,,,0.0,steamspy,,True
1032370,Battlefleet Gothic: Armada 2 - Chaos Campaign Expansion,Strategy,,,,Tindalos Interactive,Focus Entertainment,0.0,steamspy,,True
322480,Battlepaths - Soundtrack,"Indie, RPG",,,,Key17 Games,Digerati,0.0,steamspy,,True
313290,Battleplan: American Civil War Demo,"Casual, Simulation, Strategy",,,,The Mustard Corporation,"KISS ltd, Osprey Publishing",0.0,steamspy,,True
746731,Battlerite Soundtrack,Action,,,,Stunlock Studios,,0.0,steamspy,,True
8180,Battlestations Pacific Demo,"Action, Simulation, Strategy",,,,Eidos Studio Hungary,Square Enix,0.0,steamspy,13.0,True
5227,Battlestations Pacific Trailer,"Action, Simulation, Strategy",,,,,,0.0,steamspy,,True
6940,Battlestations: Midway Demo,"Action, Simulation, Strategy",,,,Eidos Interactive,"SQUARE ENIX, Eidos Interactive",0.0,steamspy,,True
955,Battlestations: Midway Trailer,"Action, Simulation, Strategy",,,,,,0.0,steamspy,,True
411030,Battlevoid: Harbinger OST,"Action, Indie, Simulation, Strategy",,,,Liam Davis,Bugbyte Ltd.,0.0,steamspy,,True
394050,Beach Bounce - Soundtrack,"Adventure, Casual, Indie",,,,Dharker Studios,Dharker Studios,0.0,steamspy,,True
925660,Beat Hazard 2 - Original Sound Track,"Action, Casual, Indie",,,,Cold Beam Games,Cold Beam Games,0.0,steamspy,,True
49610,Beat Hazard Demo,"Action, Casual, Indie, Shooter",,,,Cold Beam Games,Cold Beam Games,0.0,steamspy,,True
80915,Beat Hazard Ultra Trailer,"Action, Casual, Indie, Shooter",,,,Cold Beam Games,Cold Beam Games,0.0,steamspy,,True
927940,Beat the Song Demo,Indie,,,,AAAGAMES,AAAGAMES,0.0,steamspy,2.0,True
250790,BeatBlasters III Demo,"Action, Indie, Platformer",,,,Chainsawesome Games,,0.0,steamspy,,True
412980,Beatbuddy: On Tour - Original Soundtrack,"Action, Casual, Indie",,,,Threaks,Threaks,0.0,steamspy,,True
257310,Beatbuddy: Tale of the Guardians - Original Soundtrack,"Action, Adventure, Casual, Indie",,,,Threaks,Threaks,0.0,steamspy,,True
249150,Beatbuddy: Tale of the Guardians Demo,"Action, Adventure, Casual, Indie, Platformer, Puzzle",,,,Threaks,Reverb Publishing,0.0,steamspy,,True
530570,Beautiful Japanese Scenery - Animated Jigsaws Demo,"Casual, Puzzle, Simulation",,,,BottleCube inc.,BottleCube inc.,0.0,steamspy,,True
1470870,Because its hot! - Why pizza? PROLOGUE,"Adventure, Casual, Horror, Indie, Platformer",,,,Marginal act,Woo Foo games,0.0,steamspy,,True
574790,Bedfellows FRENZY Original Sound Track,"Action, Casual, Indie",,,,"Krispy Animation, Husky In Denial",,0.0,steamspy,,True
880290,Bedlamball Demo,"Indie, Sports, Strategy",,,,"Evan Peiperl, Brianna Livesay","Evan ""Solidplasma"" Peiperl",0.0,steamspy,,True
616070,BeeFense Demo,"Action, Indie, Strategy, Tower Defense",,,,ByteRockers' Games,ByteRockers' Games,0.0,steamspy,,True
529600,Beeftacular Demo,"Action, Casual, Indie, Platformer, Puzzle, Racing, Sports",,,,Retrific,Retrific,0.0,steamspy,,True
839860,Behind The Screen 螢幕判官 - Original Soundtracks,"Action, Adventure, Indie, RPG",,,,18Light Game Ltd.,18Light Game Ltd.,0.0,steamspy,,True
578840,Behind You Demo,"Action, Adventure, Horror, Indie",,,,Hatipoglu Sores,OxPrimeStudio,0.0,steamspy,,True
553670,Beholder - Original Soundtrack,"Adventure, Indie, Strategy",,,,Warm Lamp Games,Alawar Premium,0.0,steamspy,,True
3302,Bejeweled 2 Deluxe Free Demo,"Casual, Puzzle",,,,"PopCap Games, Inc.","PopCap Games, Inc.",0.0,steamspy,,True
80429,Bejeweled 3 Trailer,"Adventure, Casual, Indie, Puzzle, Strategy",,,,,,0.0,steamspy,,True
3562,Bejeweled Twist Free Demo,"Casual, Puzzle, Strategy",,,,"PopCap Games, Inc.","PopCap Games, Inc.",0.0,steamspy,,True
402050,Below Kryll Demo,"Action, Adventure, Indie, RPG",,,,Team Kryll,Team Kryll,0.0,steamspy,,True
640910,Ben And Ed - Blood Party OST,"Action, Indie",,,,Sluggerfly,Sluggerfly,0.0,steamspy,,True
3270220,Benchmark,"Action, Casual, RPG, Roguelike",,,,Benchmark,Benchmark,0.0,steamspy,,True
3194810,Benchmark Your Skills,"Action, Casual, Indie, Sports",,,,Kitsu Games,Kitsu Games,0.0,steamspy,,True
970520,Bendy and the Ink Machine Demo,"Action, Adventure, Horror, Indie, Puzzle, Survival",,,,Joey Drew Studios,Joey Drew Studios,0.0,steamspy,,True
337640,Bermuda Demo,"Adventure, Indie",,,,InvertMouse,InvertMouse,0.0,steamspy,,True
741980,Bernackels' Shoggoth Demo,"Action, Indie",,,,Bernackels,Bernackels,0.0,steamspy,2.0,True
464390,Best of Us Demo,"Adventure, Indie, RPG",,,,Hosted Games,Hosted Games,0.0,steamspy,,True
1676060,Beta Escape,"Adventure, Indie, Platformer, Puzzle",,,,Guillaume Lamontagne,Guillaume Lamontagne,0.0,steamspy,,True
2216250,Beta MAX,"Action, Adventure, Platformer, Puzzle",,,,Nexcide,Nexcide,0.0,steamspy,,True
656020,Beta Runner,"Adventure, Casual, Indie, Simulation",,,,Lightsoutgames,Lightsoutgames,0.0,steamspy,,True
1092490,Between the Stars - Original Soundtrack,"Action, Adventure, Indie, RPG, Simulation, Strategy",,,,Isolated Games,,0.0,steamspy,,True
928050,Between the Stars Demo,"Action, Adventure, Indie, RPG, Simulation, Strategy, Survival",,,,Isolated Games,Isolated Games,0.0,steamspy,,True
294270,Beware Planet Earth Demo,"Casual, Indie, Strategy",,,,Lightmare Studio,BANDAI NAMCO Games Europe,0.0,steamspy,,True
857970,"Beyond Distortions - Art, Music and Making Of - DLC","Action, Adventure, Indie, RPG",,,,Among Giants,,0.0,steamspy,,True
649090,Beyond Eden Demo,"Adventure, Indie, Visual Novel",,,,Studio Pieplus,Studio Pieplus,0.0,steamspy,,True
759760,Beyond Eden Digital Artbook,"Adventure, Indie",,,,Studio Pieplus,,0.0,steamspy,,True
390640,Big Journey to Home Demo,"Indie, RPG, Strategy",,,,The Light Sword Team,The Light Sword Team,0.0,steamspy,,True
3362,Big Money! Deluxe Free Demo,Casual,,,,"PopCap Games, Inc.","PopCap Games, Inc.",0.0,steamspy,,True
326290,Bik - Soundtrack,"Adventure, Indie",,,,Zotnip,Zotnip,0.0,steamspy,,True
210310,Binary Domain Demo,"Action, Adventure, RPG, Shooter",,,,Devil's Details,SEGA,0.0,steamspy,48.0,True
7710,BioShock Demo,"Action, Adventure, Horror, RPG, Shooter",,,,"2K Boston, 2K Australia",2K Games,0.0,steamspy,,True
984,BioShock HD Trailer,"Action, Adventure, Horror, RPG, Shooter",,,,2K Boston and 2K Australia,2K Games,0.0,steamspy,,True
214933,BioShock Infinite - Season Pass,"Action, Adventure, Shooter",,,,"Irrational Games, Virtual Programming (Linux)",2K,0.0,steamspy,,True
5309,Bionic Commando: Rearmed Trailer,"Action, Platformer",,,,,,0.0,steamspy,,True
410030,Birth of Shadows Demo,"Action, Indie, RPG, Strategy",,,,"Precision Games, LLC","Precision Games, LLC",0.0,steamspy,,True
1370650,Bit - Animation Editor,Indie,,,,Morgondag,Morgondag,0.0,steamspy,,True
548700,Bit Blaster XL Soundtrack,"Action, Casual, Indie, Shooter",,,,"Spiff Tune, Nickervision Studios",Nickervision Studios,0.0,steamspy,,True
202951,Bit.Trip Beat Soundtrack,"Action, Indie",,,,Gaijin Games,Gaijin Games,0.0,steamspy,,True
202961,Bit.Trip Runner Soundtrack,"Action, Indie",,,,Gaijin Games,Gaijin Games,0.0,steamspy,,True
1957650,Bitch demon twins,"Action, Adventure, RPG",,,,DAI,DAI,0.0,steamspy,,True
805730,Bitcoin Or Bomb? - OST,"Casual, Indie",,,,"Nikita ""Ghost_RUS""",Ghost_RUS Games,0.0,steamspy,,True
856630,Bitcoin Trader - Soundtrack,"Casual, Indie, Simulation",,,,Gamesforgames,Gamesforgames,0.0,steamspy,,True
817730,Bitcoin VS Brain - Soundtrack,"Casual, Indie",,,,Gamesforgames,Gamesforgames,0.0,steamspy,,True
1004720,Bizango Blast Demo,"Action, Casual, Indie, Puzzle, Simulation",,,,Olivier Archer,Olivier Archer,0.0,steamspy,,True
507310,Black Hole Hazard Demo,"Action, Indie, Platformer, Puzzle",,,,Superthumb,Superthumb,0.0,steamspy,,True
312590,Black Ice Demo,"Action, Indie, RPG",,,,Super Duper Garrett Cooper,Super Duper Garrett Cooper,0.0,steamspy,16.0,True
909730,Black Paradox - Soundtrack,"Action, Indie",,,,Highwalls,,0.0,steamspy,,True
900280,Black Paradox Demo,"Action, Adventure, Indie, RPG, Shooter",,,,Fantastico Studio,Fantastico Studio,0.0,steamspy,,True
1201710,Black Survival: Eternal Return - 4th Alpha,"Action, Indie, Strategy",,,,Nimble Neuron,Nimble Neuron,0.0,steamspy,,True
729020,Blackberry Honey - OST,"Adventure, Indie",,,,ebi-hime,ebi-hime,0.0,steamspy,,True
273450,Blackguards Demo,"Adventure, Indie, RPG, Strategy",,,,Daedalic Entertainment,Daedalic Entertainment,0.0,steamspy,,True
5813,Blacklight Tango Down Madness Of War Trailer,Action,,,,Zombie Studios,Ignition Entertainment,0.0,steamspy,,True
738810,Blackout Z: Original Soundtrack,"Action, Indie",,,,NukGames,NukGames,0.0,steamspy,,True
480470,Blacksea Odyssey Demo,"Action, Indie, RPG, Shooter",,,,Blacksea Odyssey,Blacksea Odyssey,0.0,steamspy,10.0,True
2254410,Blacksmith Simulator Prologue,"Casual, Indie, Simulation","6 Jan, 2025",True,,Potato Games,Forge Games,0.0,appdetails,,True
594184,Blackwake Official Soundtrack,"Action, Casual, Indie, Strategy",,,,Mastfire Studios Pty Ltd,,0.0,steamspy,,True
1129370,Blackwood - ATLAS Expansion Map,"Action, Adventure, Massively Multiplayer, RPG",,,,"Grapeshot Games, Instinct Games",Grapeshot Games,0.0,steamspy,,True
552530,Blade Ballet Demo,"Action, Casual, Fighting, Indie",,,,DreamSail Games,DreamSail Games,0.0,steamspy,,True
9950,Blade Kitten Demo,"Action, Adventure, Indie, Platformer",,,,Krome Studios,Atari,0.0,steamspy,,True
5902,Blade Kitten Trailer 2,"Action, Adventure, Indie, Platformer",,,,,,0.0,steamspy,,True
357171,Blade Kitten: Soundtrack + Remixes,"Action, Adventure",,,,Krome Studios,,0.0,steamspy,,True
1020880,Bladed Fury Original Soundtrack,"Action, Adventure, Casual, Indie, RPG",,,,NEXT Studios,NEXT Studios,0.0,steamspy,,True
208981,Blades of Time - Dismal Swamp DLC,"Action, Adventure",,,,Gaijin Entertainment Corporation,Gaijin Entertainment Corporation,0.0,steamspy,,True
210720,Blades of Time Demo,"Action, Adventure, RPG",,,,Gaijin Entertainment Corporation,,0.0,steamspy,,True
81518,Blades of Time Trailer,"Action, Adventure, RPG",,,,,,0.0,steamspy,,True
994000,Blame him Demo,"Action, Adventure, Casual, Horror, Indie, Puzzle, Simulation, Strategy",,,,Chilla's Art,Chilla's Art,0.0,steamspy,,True
3293390,Blank Wallpaper,"Casual, Indie",,,,Dawn Studios,Dawn Studios,0.0,steamspy,5.0,True
1143852,Blasphemous - OST,"Action, Adventure, Indie",,,,The Game Kitchen,Team17 Digital Ltd,0.0,steamspy,,True
488120,Blast-off Original Soundtrack,"Action, Indie",,,,Quad-Games,Quad-Games,0.0,steamspy,,True
1077610,Blazing Beaks OST,"Action, Indie, Shooter",,,,Applava,,0.0,steamspy,,True
787750,Blazing Core (beta),"Action, Massively Multiplayer, Shooter",,,,OctoBox Interactive,OctoBox Interactive,0.0,steamspy,,True
451490,Bleach The Movie 2: The DiamondDust Rebellion,Action,,,,Studio Pierrot,VIZ Media,0.0,steamspy,,True
451500,Bleach The Movie: Fade to Black,Action,,,,Studio Pierrot,VIZ Media,0.0,steamspy,,True
451510,Bleach The Movie: Hell Verse,Action,,,,Studio Pierrot,VIZ Media,0.0,steamspy,,True
451480,Bleach The Movie: Memories of Nobody,Action,,,,Studio Pierrot,VIZ Media,0.0,steamspy,,True
892220,Bleeding Sun Demo,"Indie, RPG",,,,Jaime Paz Lopes,Jaime Paz Lopes,0.0,steamspy,,True
319390,Blinding Dark Demo,"Action, Adventure, Horror",,,,Games Hut,Bulkypix,0.0,steamspy,,True
969850,Blink: Rogues Demo,"Action, Indie, Shooter",,,,Fox Dive Studio,Fox Dive Studio,0.0,steamspy,,True
673410,Blitzkrieg 3 Demo,"Massively Multiplayer, Simulation, Strategy",,,,Nival,Nival,0.0,steamspy,,True
437150,Blob From Space Demo,"Casual, Indie, Platformer",,,,JosPlays,KISS ltd,0.0,steamspy,,True
644840,Block Survival: Legend of the Lost Islands Demo,"Action, Adventure, Indie, Survival",,,,Inter Pixel Arts,Inter Pixel Arts,0.0,steamspy,,True
927870,BlockShip Wars: Roguelike Demo,"Action, Indie, RPG, Shooter, Simulation",,,,Chadams Studios,Chadams Studios,0.0,steamspy,,True
81039,Blocks That Matter - Trailer 1,"Casual, Indie, Platformer, Puzzle",,,,Swing Swing Submarine,,0.0,steamspy,,True
81028,Blocks That Matter - Trailer 2,"Casual, Indie, Platformer, Puzzle",,,,Swing Swing Submarine,,0.0,steamspy,,True
200570,Blocks That Matter Demo,"Casual, Indie, Platformer, Puzzle",,,,Swing Swing Submarine,Swing Swing Submarine,0.0,steamspy,,True
449370,Blood Alloy: Reborn Soundtrack,"Action, Indie",,,,Suppressive Fire Games,,0.0,steamspy,,True
672830,Blood Bowl 2 - Official Expansion,"Sports, Strategy",,,,Cyanide Studios,Nacon,0.0,steamspy,,True
80401,Blood Bowl: Legendary Edition Trailer,"Card & Board, Sports, Strategy",,,,Cyanide Studios,Focus Home Interactive,0.0,steamspy,,True
457720,Blood Code Costume Pack,"Adventure, Casual, Indie, Simulation, Strategy",,,,"ZiX Solutions, Weixi Studio",ZiX Solutions,0.0,steamspy,,True
414110,Blood Code OST,Indie,,,,"ZiX Solutions, Weixi Studio",ZiX Solutions,0.0,steamspy,,True
886190,Blood Money Demo,"Adventure, Indie, RPG",,,,Choice of Games,Choice of Games,0.0,steamspy,,True
857910,Blood Moon: The Last Stand Demo,"Action, Horror, Indie, Shooter, Survival",,,,Team Gizmoid,Team Gizmoid,0.0,steamspy,,True
498760,Blood and Gold Soundtrack,"Action, Adventure, Indie, RPG, Strategy",,,,Snowbird Games,Snowbird Games,0.0,steamspy,,True
3850,BloodRayne 2 Demo,"Action, Horror",,,,Terminal Reality,Majesco,0.0,steamspy,,True
81258,Bloodline Champions Launch Trailer,"Action, Massively Multiplayer, RPG",,,,,,0.0,steamspy,,True
1041460,"Bloodstained: Ritual of the Night - ""Iga's Back Pack"" DLC","Action, Adventure, Metroidvania, RPG",,,,ArtPlay,505 Games,0.0,steamspy,,True
1101300,Bloodstained: Ritual of the Night - Soundtrack,"Action, Adventure, RPG",,,,ArtPlay,505 Games,0.0,steamspy,,True
1001260,Bloody Chronicles Original Soundtrack,"Action, Adventure, Indie, Simulation",,,,"Nishiki Haruka, Andy Hiroyuki",Igrasil Studio Japan,0.0,steamspy,,True
5934,Bloody Good Time Clown Trailer (EN),"Action, Shooter",,,,,,0.0,steamspy,,True
80422,Bloody Good Time Launch Trailer (DE),"Action, Shooter",,,,,,0.0,steamspy,,True
80425,Bloody Good Time Launch Trailer (EN) PEGI,"Action, Shooter",,,,,,0.0,steamspy,,True
80424,Bloody Good Time Launch Trailer (ES),"Action, Shooter",,,,,,0.0,steamspy,,True
80426,Bloody Good Time Launch Trailer (FR),"Action, Shooter",,,,,,0.0,steamspy,,True
80423,Bloody Good Time Launch Trailer (IT),"Action, Shooter",,,,,,0.0,steamspy,,True
80592,Bloody Good Time Trailer,"Action, Shooter",,,,Outerlight Ltd.,Ubisoft,0.0,steamspy,,True
2881360,Bloody Heaven 2 ：Prologue,"Action, Indie, RPG, Roguelike",,,,ShaneGame,ShaneGame,0.0,steamspy,,True
692151,Bloons TD 5 - Candy Banana Farm Skin,"Action, Strategy",,,,Ninja Kiwi,,0.0,steamspy,,True
820220,Bloons TD 5 - Fireworks Mortar Tower Skin,"Action, Strategy",,,,Ninja Kiwi,,0.0,steamspy,,True
949780,Bloons TD 5 - Halloween Dart Monkey Skin,"Action, Strategy",,,,Ninja Kiwi,,0.0,steamspy,,True
692153,Bloons TD 5 - Hunter Sniper Monkey Skin,"Action, Strategy",,,,Ninja Kiwi,,0.0,steamspy,,True
691480,Bloons TD 5 - Medieval Dart Monkey Skin,"Action, Strategy",,,,Ninja Kiwi,,0.0,steamspy,,True
691510,Bloons TD 5 - Military Bomb Tower Skin,"Action, Strategy",,,,Ninja Kiwi,,0.0,steamspy,,True
691500,Bloons TD 5 - Mystical Apprentice Monkey Skin,"Action, Strategy",,,,Ninja Kiwi,,0.0,steamspy,,True
691490,Bloons TD 5 - Samurai Ninja Monkey Skin,"Action, Strategy",,,,Ninja Kiwi,,0.0,steamspy,,True
692150,Bloons TD 5 - Top Gun Monkey Ace Skin,"Action, Strategy",,,,Ninja Kiwi,,0.0,steamspy,,True
692152,Bloons TD 5 - Tribal Boomerang Thrower Skin,"Action, Strategy",,,,Ninja Kiwi,,0.0,steamspy,,True
820232,Bloons TD 5 - UFO Heli Pilot Skin,"Action, Strategy",,,,Ninja Kiwi,,0.0,steamspy,,True
599680,Blossom Tales: The Sleeping King Demo,"Action, Adventure, Indie",,,,"Castle Pixel, LLC.",FDG Entertainment,0.0,steamspy,,True
601190,Blossom Tales: The Sleeping King Soundtrack,"Action, Adventure",,,,"Castle Pixel, LLC.",FDG Entertainment,0.0,steamspy,,True
435390,Blue Bird Demo,"Indie, Visual Novel",,,,Deadline-Softs,Deadline-Softs,0.0,steamspy,,True
365630,Blue Rose Demo,"Adventure, Indie, Simulation",,,,White Cat,White Cat,0.0,steamspy,,True
90410,Blue Toad Murder Files: The Mysteries of Little Riddle Demo,"Adventure, Casual, Puzzle",,,,Relentless Software,Relentless Software,0.0,steamspy,,True
80446,Blue Toad Murder Files: The Mysteries of Little Riddle Trailer,"Adventure, Casual, Puzzle",,,,Relentless Software,Relentless Software,0.0,steamspy,,True
29170,Blueberry Garden Demo,"Adventure, Indie, Puzzle",,,,Erik Svedäng,Erik Svedäng,0.0,steamspy,,True
977280,Blueprint Word: Classroom Demo,"Casual, Indie, Puzzle, Strategy",,,,Shard Real,Shard Real,0.0,steamspy,,True
46010,Bob Came in Pieces Demo,"Adventure, Indie, Puzzle",,,,Ludosity Interactive,Ludosity Interactive,0.0,steamspy,,True
5577,Bob Came in Pieces Trailer,"Adventure, Indie, Puzzle",,,,Ludosity Interactive,Ludosity Interactive,0.0,steamspy,,True
398430,Bob Was Hungry Demo,Indie,,,,Shorebound Studios,Shorebound Studios,0.0,steamspy,,True
534950,Bohemian Killing - Original Soundtrack and Artbooks,"Adventure, Indie",,,,The Moonwalls,Libredia Entertainment,0.0,steamspy,,True
1008170,Bomb N' Bats Demo,Indie,,,,Kesyd Games,Kesyd Games,0.0,steamspy,,True
1007310,Bomber Barn Demo,"Action, Indie",,,,Late Leaf Games,Late Leaf Games,0.0,steamspy,,True
756070,Bomber Crew Official Soundtrack,"Simulation, Strategy",,,,Runner Duck,Curve Games,0.0,steamspy,,True
754680,Bomber Crew Secret Weapons DLC,"Simulation, Strategy",,,,Runner Duck,Curve Games,0.0,steamspy,,True
756080,Bomber Crew Skin Pack 2,"Simulation, Strategy",,,,Runner Duck,Curve Games,0.0,steamspy,,True
521370,BomberZone Demo,"Action, Casual, Indie",,,,Dracula Bytes,exosyphen studios,0.0,steamspy,,True
437580,Bombshell Digital Artbook and World Map,"Action, Adventure, RPG",,,,Interceptor Entertainment,3D Realms,0.0,steamspy,,True
761240,Bomsy Demo,"Action, Casual, Indie",,,,SUPERMEGAQUEST INC.,SUPERMEGAQUEST INC.,0.0,steamspy,3.0,True
964000,Bonds Demo,"Casual, Indie, Simulation, Visual Novel",,,,DID Games,DID Games,0.0,steamspy,,True
424050,Boogeyman Demo,"Action, Horror, Indie, Strategy",,,,Barry McCabe,BlackStarGames,0.0,steamspy,,True
991890,Book of Demons - Collector's Content,"Action, Adventure, Casual, Indie, RPG",,,,Thing Trunk,Thing Trunk,0.0,steamspy,,True
968890,Book of Demons - Dungeons & Streamers,"Action, Adventure, Casual, Indie, RPG",,,,Thing Trunk,Thing Trunk,0.0,steamspy,,True
529980,Book of Demons Demo,"Action, Adventure, Card & Board, Casual, Indie, RPG",,,,Thing Trunk,Thing Trunk,0.0,steamspy,,True
5682,Booster Trooper Trailer,"Action, Indie, Platformer, Shooter",,,,DnS Development,DnS Development,0.0,steamspy,,True
875560,Border Patrol Demo,"Adventure, Indie",,,,Paw Print Games Ltd.,Paw Print Games Ltd.,0.0,steamspy,,True
81881,Borderlands 2 Doomsday Trailer,"Action, Adventure, RPG, Shooter",,,,,,0.0,steamspy,,True
218560,Borderlands 2 Season Pass,"Action, RPG",,,,"Gearbox Software, Aspyr (Mac), Aspyr (Linux)","2K, Aspyr (Mac), Aspyr (Linux)",0.0,steamspy,,True
81880,Borderlands 2 Wimoweh Trailer,"Action, Adventure, RPG, Shooter",,,,Gearbox Software,,0.0,steamspy,,True
5422,Borderlands Trailer,"Action, Adventure, RPG, Shooter",,,,Gearbox Software,2K Games,0.0,steamspy,,True
5515,Borderlands Zombie Island Trailer,"Action, Adventure, RPG, Shooter",,,,Gearbox Software,2K Games,0.0,steamspy,,True
319090,Borderlands: The Pre-Sequel Season Pass,"Action, RPG, Shooter",,,,"2K Australia, Gearbox Software, Aspyr (Linux)","2K, Aspyr (Linux)",0.0,steamspy,,True
5617,Borderlands: The Secret Armory of General Knoxx Trailer,"Action, RPG",,,,,,0.0,steamspy,,True
1018761,Boring Man: Burning Weapon Skins,"Action, Indie, Massively Multiplayer",,,,Spasman Games,Spasman Games,0.0,steamspy,,True
1018760,Boring Man: Platinum Weapon Skins,"Action, Indie, Massively Multiplayer",,,,Spasman Games,Spasman Games,0.0,steamspy,,True
608460,Boruto: Naruto The Movie,Action,,,,MASASHI KISHIMOTO,VIZ Media LLC,0.0,steamspy,,True
650250,Botanicula Soundtrack + Art Book,"Adventure, Casual, Indie",,,,Amanita Design,Amanita Design,0.0,steamspy,,True
81551,Botanicula Trailer,"Adventure, Casual, Indie, Puzzle",,,,,,0.0,steamspy,,True
1354370,Bound Forest Alpha,"Action, Adventure, RPG",,,,Treplacon Studio,Treplacon Studio,0.0,steamspy,,True
577100,Boundel Soundtrack by James Thorley,"Indie, Massively Multiplayer, RPG",,,,James Thorley,Eren Aydin,0.0,steamspy,,True
536390,BowMage Demo,"Action, Adventure, Casual, Indie, Simulation",,,,Fusion Labz Corp.,Fusion Labz Corp.,0.0,steamspy,,True
532050,Box Maze - Cubert Friends Skins Pack,"Action, Adventure, Casual, Indie, Strategy",,,,GamersHype Productions,SA Industry,0.0,steamspy,1.0,True
562790,Box Maze - Everyday People Skins Pack,"Action, Adventure, Casual, Indie, Strategy",,,,GamersHype Productions,SA Industry,0.0,steamspy,,True
592790,Box Maze - Valentine's Skin Pack,"Action, Adventure, Casual, Indie, Strategy",,,,GamersHype Productions,SA Industry,0.0,steamspy,,True
569740,Box Maze - Xmas Skins Pack,"Action, Adventure, Casual, Indie, Strategy",,,,GamersHype Productions,SA Industry,0.0,steamspy,,True
880710,Box: The Game Demo,"Casual, Indie, Puzzle, Strategy",,,,Tom Heek,Tom Heek,0.0,steamspy,,True
26803,Braid Soundtrack,Indie,,,,Number None,,0.0,steamspy,,True
2824760,Brass Necessity - Demo,"Action, Adventure, Casual, Indie, Platformer, Puzzle",,,,"Popped Corn Bytes, Game Creators' Club",Popped Corn Bytes,0.0,steamspy,,True
316090,Bravada Demo,"Indie, RPG, Strategy",,,,Interbellum team,Interbellum team,0.0,steamspy,,True
312260,Braveland Demo,"Adventure, Casual, Indie, RPG, Strategy",,,,Tortuga Team,Tortuga Team,0.0,steamspy,,True
1033870,Breach - Early Access Pass DLC,"Action, RPG",,,,QC Games,QC Games,0.0,steamspy,,True
996570,Breach - Hero DLC,"Action, RPG",,,,QC Games,,0.0,steamspy,,True
996540,Breach - Starter DLC,"Action, RPG",,,,QC Games,QC Games,0.0,steamspy,,True
996541,Breach - Veil Demon DLC,"Action, RPG",,,,QC Games,QC Games,0.0,steamspy,,True
1048190,BreakFest Demo,"Action, Adventure, Casual, Indie, Puzzle",,,,Storme Games,Storme Games,0.0,steamspy,,True
731990,Breaking Fast Demo,"Action, Casual, Fighting, Indie, Racing",,,,Tale Studios,Tale Studios,0.0,steamspy,,True
569190,Breaking Wheel OST,"Action, Adventure, Casual, Indie",,,,Insane Mind Games,,0.0,steamspy,,True
80939,Breath of Death VII Trailer,"Adventure, Horror, Indie, JRPG, RPG",,,,,,0.0,steamspy,,True
338650,Brick-Force: Black Knight DLC,Action,,,,Exe Games Inc.,Infernum Games GmbH,0.0,steamspy,,True
338661,Brick-Force: Navy Soldier DLC,Action,,,,Exe Games Inc.,Infernum Games GmbH,0.0,steamspy,,True
338882,Brick-Force: Starter DLC,Action,,,,Exe Games Inc.,Infernum Games GmbH,0.0,steamspy,,True
463810,Bridge Constructor Trains - Expansion Pack,"Casual, Indie, Simulation",,,,ClockStone,Headup,0.0,steamspy,,True
267890,Bridge It Demo,"Indie, Puzzle, Simulation",,,,Chronic Logic,Libredia,0.0,steamspy,92.0,True
468280,Brigador Deluxe DLC Upgrade,"Action, Indie",,,,"Stellar Jockeys, Gausswerks",,0.0,steamspy,,True
686840,Brigand: Oaxaca Demo,"Action, Horror, Indie, RPG, Shooter, Survival",,,,"Brian Lancaster, Laughing Coyote Software","Brian Lancaster, Laughing Coyote Software",0.0,steamspy,,True
757090,Broadway: 1849 Demo,"Adventure, Indie, RPG",,,,Choice of Games,Choice of Games,0.0,steamspy,,True
976910,Brocat: the B Game Demo,"Action, Indie",,,,Fresh Red Minsche,Fresh Red Minsche,0.0,steamspy,,True
410790,Broforce: The Soundtrack,"Action, Adventure, Casual, Indie",,,,Free Lives,Devolver Digital,0.0,steamspy,,True
271950,Broken Age - Soundtrack,"Adventure, Casual, Puzzle",,,,Double Fine Productions,,0.0,steamspy,,True
933790,Broken Minds - OST,"Adventure, Indie",,,,LockedOn,,0.0,steamspy,,True
1071810,Broken Reality - Digital Soundtrack,"Adventure, Indie",,,,Dynamic Media Triad,Digital Tribe,0.0,steamspy,,True
761680,Broken Reality Demo,"Adventure, Indie, Puzzle",,,,Dynamic Media Triad,Digital Tribe,0.0,steamspy,,True
554650,Brumm Demo,Racing,,,,eiloware,eiloware,0.0,steamspy,,True
225270,Brutal Legend Soundtrack,"Action, Adventure, Strategy",,,,Double Fine Productions,Double Fine Productions,0.0,steamspy,,True
735480,Bubsy: The Woolies Strike Back Soundtrack,"Action, Adventure",,,,Black Forest Games,Accolade,0.0,steamspy,,True
724620,Buffy Stole Your Sandwich Demo,Indie,,,,Xivek's Toybox,Xivek's Toybox,0.0,steamspy,,True
768680,Bug Battle Demo,"Action, Casual, Indie",,,,Xamdes Games,Xamdes Games,0.0,steamspy,,True
978830,Bugs Must Die Demo,"Action, Adventure, Indie, Shooter",,,,DG Games Workshop,DG Games Workshop,0.0,steamspy,,True
557840,BuildMoreCubes Demo,"Action, Adventure, Casual, Indie, Strategy",,,,HA Studio Ltd.,HA Studio Ltd.,0.0,steamspy,8.0,True
1207590,Builders of Egypt: Prologue,"City Builder, Indie, Simulation, Strategy",,,,Strategy Labs,PlayWay S.A.,0.0,steamspy,674.0,True
394350,Bulb Boy Demo,"Adventure, Indie",,,,Bulbware,Bulbware,0.0,steamspy,,True
419210,Bullet Heaven 2 Soundtrack,"Action, Indie",,,,Phyrnna,Phyrnna,0.0,steamspy,,True
525320,Bullet Sorrow Demo,Action,,,,Viking VR Studio,Viking VR Studio,0.0,steamspy,17.0,True
553200,Bullets And More VR - BAM VR Demo,"Action, Indie",,,,Koenigz,Koenigz,0.0,steamspy,,True
5113,Bully: Scholarship Edition HD Trailer,"Action, Adventure, Simulation",,,,,,0.0,steamspy,,True
654460,Bump+Smack Demo,"Casual, Indie",,,,Jason Sadler,PopNine Studio,0.0,steamspy,,True
81250,Bunch of Heroes - Horror Pack Trailer,"Action, Indie",,,,,,0.0,steamspy,,True
81151,Bunch of Heroes Release Trailer,"Action, Indie, Shooter",,,,NGD Studios,,0.0,steamspy,,True
111403,Bunch of Heroes: Holiday Pack (Free DLC),"Action, Indie",,,,NGD Studios,NGD Studios,0.0,steamspy,,True
931970,Bunny Minesweeper: Skins,"Casual, Indie, Massively Multiplayer, Simulation, Strategy",,,,DillyFrame,,0.0,steamspy,,True
573480,Bunnyrama Demo,"Adventure, Casual, Indie, Strategy",,,,Starwind Games,Starwind Games,0.0,steamspy,,True
5830,Burn Zombie Burn Trailer,Action,,,,Doublesix Games,P2 Games,0.0,steamspy,,True
702140,Burst Fighter Demo,"Action, Indie",,,,Magesoft,Magesoft,0.0,steamspy,,True
844120,Burst Into Soundtrack,"Action, Indie, Massively Multiplayer",,,,Unknown Hero,Metal Fox,0.0,steamspy,,True
886910,Bus Simulator 18 - Country Skin & Decal Pack,Simulation,,,,stillalive studios,astragon Entertainment,0.0,steamspy,,True
682650,BusinessMan Demo,"Indie, Simulation, Strategy",,,,SugGames,SugGames,0.0,steamspy,,True
565310,Button Tales - Original Soundtrack,Casual,,,,Anvate Games,Anvate Games,0.0,steamspy,,True
335680,CAFE 0 ~The Drowned Mermaid~ Demo,"Adventure, Casual, Indie, Simulation",,,,ROSEVERTE MYSTERY,ROSEVERTE,0.0,steamspy,,True
562891,CAFE 0 ~The Sleeping Beast~ - Original Soundtrack,"Adventure, Casual, Indie",,,,Seycara Music and Arts,ROSEVERTE,0.0,steamspy,,True
534970,CAFE 0 ~The Sleeping Beast~ Demo,"Adventure, Casual, Horror, Indie, Visual Novel",,,,ROSEVERTE MYSTERY,ROSEVERTE,0.0,steamspy,,True
500650,CASE: Animatronics Demo,"Action, Adventure, Horror, Indie, Simulation, Strategy, Survival",,,,"Last Level, Aleson",HypeTrain Digital,0.0,steamspy,,True
82096,CCGM Launch Trailer,"Action, Simulation, Strategy",,,,Bohemia Interactive,Bohemia Interactive,0.0,steamspy,,True
82097,CCGM Trailer Out Now,"Action, Simulation, Strategy",,,,Bohemia Interactive,Bohemia Interactive,0.0,steamspy,,True
1011950,CHAOS;CHILD - LIMITED EDITION OST,Adventure,,,,MAGES. Inc.,"Spike Chunsoft Co., Ltd.",0.0,steamspy,,True
816970,CHOP Demo,"Action, Fighting, Indie",,,,Claws Up Games,Claws Up Games,0.0,steamspy,,True
811300,CHUCHEL Soundtrack + Art Book,"Adventure, Casual, Indie",,,,Amanita Design,,0.0,steamspy,,True
785980,CIBOS Demo,"Action, Adventure, Casual, Indie",,,,I AM A DOG studio,I AM A DOG studio,0.0,steamspy,3.0,True
615930,CLANNAD - 10th Anniversary Artbook,"Adventure, Casual",,,,VisualArts/Key,Sekai Project,0.0,steamspy,,True
2986830,CLOUDOME: Prototype,"Adventure, Casual, Platformer, Puzzle",,,,memorylick,memorylick,0.0,steamspy,,True
471870,CODE OF PRINCESS - Original Soundtrack,"Action, Adventure, RPG",,,,Studio Saizensen,KOMODO,0.0,steamspy,,True
249105,COH 2 - German Skin: (H) Case Blue Summer Pattern,Strategy,,,,"Relic Entertainment, Feral Interactive (Mac), Feral Interactive (Linux)","SEGA, Feral Interactive (Mac), Feral Interactive (Linux)",0.0,steamspy,,True
231475,COH 2 - German Skin: (H) Field Applied Whitewash Pattern,Strategy,,,,"Relic Entertainment, Feral Interactive (Mac), Feral Interactive (Linux)","SEGA, Feral Interactive (Mac), Feral Interactive (Linux)",0.0,steamspy,,True
231485,COH 2 - German Skin: (H) Four Color Disruptive Pattern,Strategy,,,,"Relic Entertainment, Feral Interactive (Mac), Feral Interactive (Linux)","SEGA, Feral Interactive (Mac), Feral Interactive (Linux)",0.0,steamspy,,True
231474,COH 2 - German Skin: (H) Late War Factory Pattern,Strategy,,,,"Relic Entertainment, Feral Interactive (Mac), Feral Interactive (Linux)","SEGA, Feral Interactive (Mac), Feral Interactive (Linux)",0.0,steamspy,,True
231453,COH 2 - German Skin: (H) Three Color Ambush Pattern,Strategy,,,,"Relic Entertainment, Feral Interactive (Mac), Feral Interactive (Linux)","SEGA, Feral Interactive (Mac), Feral Interactive (Linux)",0.0,steamspy,,True
231476,COH 2 - German Skin: (H) Three Color Disruptive Pattern,Strategy,,,,"Relic Entertainment, Feral Interactive (Mac), Feral Interactive (Linux)","SEGA, Feral Interactive (Mac), Feral Interactive (Linux)",0.0,steamspy,,True
249102,COH 2 - German Skin: (H) Voronezh Improvised Pattern,Strategy,,,,"Relic Entertainment, Feral Interactive (Mac), Feral Interactive (Linux)","SEGA, Feral Interactive (Mac), Feral Interactive (Linux)",0.0,steamspy,,True
231478,COH 2 - German Skin: (H) Winter Ambush Pattern,Strategy,,,,"Relic Entertainment, Feral Interactive (Mac), Feral Interactive (Linux)","SEGA, Feral Interactive (Mac), Feral Interactive (Linux)",0.0,steamspy,,True
231477,COH 2 - German Skin: (L) Four Color Disruptive Pattern,Strategy,,,,"Relic Entertainment, Feral Interactive (Mac), Feral Interactive (Linux)","SEGA, Feral Interactive (Mac), Feral Interactive (Linux)",0.0,steamspy,,True
231457,COH 2 - German Skin: (L) Late War Factory Pattern,Strategy,,,,"Relic Entertainment, Feral Interactive (Mac), Feral Interactive (Linux)","SEGA, Feral Interactive (Mac), Feral Interactive (Linux)",0.0,steamspy,,True
231483,COH 2 - German Skin: (L) Three Color Ambush Pattern,Strategy,,,,"Relic Entertainment, Feral Interactive (Mac), Feral Interactive (Linux)","SEGA, Feral Interactive (Mac), Feral Interactive (Linux)",0.0,steamspy,,True
231486,COH 2 - German Skin: (L) Winter Ambush Pattern,Strategy,,,,"Relic Entertainment, Feral Interactive (Mac), Feral Interactive (Linux)","SEGA, Feral Interactive (Mac), Feral Interactive (Linux)",0.0,steamspy,,True
231484,COH 2 - German Skin: (M) Four Color Disruptive Pattern,Strategy,,,,"Relic Entertainment, Feral Interactive (Mac), Feral Interactive (Linux)","SEGA, Feral Interactive (Mac), Feral Interactive (Linux)",0.0,steamspy,,True
231458,COH 2 - German Skin: (M) Late War Factory Pattern,Strategy,,,,"Relic Entertainment, Feral Interactive (Mac), Feral Interactive (Linux)","SEGA, Feral Interactive (Mac), Feral Interactive (Linux)",0.0,steamspy,,True
231492,COH 2 - German Skin: (M) Three Color Ambush Pattern,Strategy,,,,"Relic Entertainment, Feral Interactive (Mac), Feral Interactive (Linux)","SEGA, Feral Interactive (Mac), Feral Interactive (Linux)",0.0,steamspy,,True
231487,COH 2 - German Skin: (M) Winter Ambush Pattern,Strategy,,,,"Relic Entertainment, Feral Interactive (Mac), Feral Interactive (Linux)","SEGA, Feral Interactive (Mac), Feral Interactive (Linux)",0.0,steamspy,,True
231469,COH 2 - Soviet Skin: (H) Three Color Leningrad Front,Strategy,,,,"Relic Entertainment, Feral Interactive (Mac), Feral Interactive (Linux)","SEGA, Feral Interactive (Mac), Feral Interactive (Linux)",0.0,steamspy,,True
231491,COH 2 - Soviet Skin: (H) Three Color Northwestern Front,Strategy,,,,"Relic Entertainment, Feral Interactive (Mac), Feral Interactive (Linux)","SEGA, Feral Interactive (Mac), Feral Interactive (Linux)",0.0,steamspy,,True
231471,COH 2 - Soviet Skin: (H) Two Tone Bryansk Front,Strategy,,,,"Relic Entertainment, Feral Interactive (Mac), Feral Interactive (Linux)","SEGA, Feral Interactive (Mac), Feral Interactive (Linux)",0.0,steamspy,,True
231470,COH 2 - Soviet Skin: (H) Winter Cobblestone West Front,Strategy,,,,"Relic Entertainment, Feral Interactive (Mac), Feral Interactive (Linux)","SEGA, Feral Interactive (Mac), Feral Interactive (Linux)",0.0,steamspy,,True
231489,COH 2 - Soviet Skin: (H) Winter Whitewash Voronezh Front,Strategy,,,,"Relic Entertainment, Feral Interactive (Mac), Feral Interactive (Linux)","SEGA, Feral Interactive (Mac), Feral Interactive (Linux)",0.0,steamspy,,True
231467,COH 2 - Soviet Skin: (L) Three Color Leningrad Front,Strategy,,,,"Relic Entertainment, Feral Interactive (Mac), Feral Interactive (Linux)","SEGA, Feral Interactive (Mac), Feral Interactive (Linux)",0.0,steamspy,,True
231490,COH 2 - Soviet Skin: (L) Three Color Northwestern Front,Strategy,,,,"Relic Entertainment, Feral Interactive (Mac), Feral Interactive (Linux)","SEGA, Feral Interactive (Mac), Feral Interactive (Linux)",0.0,steamspy,,True
231488,COH 2 - Soviet Skin: (L) Winter Whitewash Voronezh Front,Strategy,,,,"Relic Entertainment, Feral Interactive (Mac), Feral Interactive (Linux)","SEGA, Feral Interactive (Mac), Feral Interactive (Linux)",0.0,steamspy,,True
231473,COH 2 - Soviet Skin: (M) Four Color Belorussian Front,Strategy,,,,"Relic Entertainment, Feral Interactive (Mac), Feral Interactive (Linux)","SEGA, Feral Interactive (Mac), Feral Interactive (Linux)",0.0,steamspy,,True
231468,COH 2 - Soviet Skin: (M) Three Color Leningrad Front,Strategy,,,,"Relic Entertainment, Feral Interactive (Mac), Feral Interactive (Linux)","SEGA, Feral Interactive (Mac), Feral Interactive (Linux)",0.0,steamspy,,True
231472,COH 2 - Soviet Skin: (M) Three Color Northwestern Front,Strategy,,,,"Relic Entertainment, Feral Interactive (Mac), Feral Interactive (Linux)","SEGA, Feral Interactive (Mac), Feral Interactive (Linux)",0.0,steamspy,,True
231454,COH 2 - Soviet Skin: (M) Winter Whitewash Voronezh Front,Strategy,,,,"Relic Entertainment, Feral Interactive (Mac), Feral Interactive (Linux)","SEGA, Feral Interactive (Mac), Feral Interactive (Linux)",0.0,steamspy,,True
538650,COLINA: Legacy Demo,"Action, Adventure, Horror, Indie, Puzzle, Survival",,,,Chance6 Studios,Chance6 Studios,0.0,steamspy,,True
615960,COMPOUND Demo,"Action, Indie",,,,Bevan McKechnie,Bevan McKechnie,0.0,steamspy,,True
872520,CONCLUSE - Original Soundtrack,"Action, Adventure, Indie",,,,"Studio Snowspot, T Allen Studios",Studio Snowspot,0.0,steamspy,,True
595830,CPU Invaders (Soundtrack),Casual,,,,Microblast Games,,0.0,steamspy,,True
1050030,CRIMSON METAL Demo,"Action, Adventure, Horror, Indie, Shooter, Simulation, Survival",,,,Madbox Entertainment,Madbox Entertainment,0.0,steamspy,,True
81958,CS:GO Trailer Long,"Action, Shooter, Sports, Strategy",,,,Valve,,0.0,steamspy,,True
515050,CURSE Demo,"Adventure, Horror, Indie, Survival",,,,Stormlord Games,Stormlord Games,0.0,steamspy,,True
225580,Cabela's Dangerous Hunts 2013 Demo,Action,,,,Cauldron,Activision,0.0,steamspy,,True
324490,Caffeine Demo,"Adventure, Indie",,,,Incandescent Imaging,Incandescent Imaging,0.0,steamspy,,True
5596,Cake Mania Main Street Trailer,Casual,,,,Sandlot Games,Sandlot Games,0.0,steamspy,,True
1014910,Caladria Chronicles Demo,"Adventure, Casual, Indie, Visual Novel",,,,Starlight Visual,Starlight Visual,0.0,steamspy,,True
998,Call of Duty 4 HD Trailer,"Action, Shooter",,,,,,0.0,steamspy,,True
80938,Call of Duty Black Ops - Annihilation Trailer,"Action, Adventure, Horror, Massively Multiplayer, Shooter",,,,,,0.0,steamspy,,True
82100,Call of Duty MW3 Collection 4 Trailer,Action,,,,,,0.0,steamspy,,True
317660,Call of Duty: Advanced Warfare - Season Pass,"Action, Shooter",,,,"Sledgehammer Games, Raven Software",Activision,0.0,steamspy,,True
42719,Call of Duty: Black Ops - Rezurrection Content Pack,"Action, Survival",,,,Treyarch,Activision,0.0,steamspy,,True
42722,Call of Duty: Black Ops Annihilation Content Pack,Action,,,,Treyarch,Activision,0.0,steamspy,,True
42718,Call of Duty: Black Ops Escalation Content Pack,Action,,,,Treyarch,Activision,0.0,steamspy,,True
42716,Call of Duty: Black Ops First Strike Content Pack,Action,,,,Treyarch,Activision,0.0,steamspy,,True
80738,Call of Duty: Black Ops First Strike Trailer,"Action, Adventure, Horror, Massively Multiplayer, Shooter",,,,,,0.0,steamspy,,True
81626,Call of Duty: Black Ops II Reveal Trailer,"Action, Adventure, Horror, Massively Multiplayer, Shooter, Survival",,,,Treyarch,Activision,0.0,steamspy,,True
366844,Call of Duty: Black Ops III - Awakening DLC Pack,"Action, Adventure",,,,Treyarch,Activision,0.0,steamspy,,True
366845,Call of Duty: Black Ops III - Eclipse DLC Pack,"Action, Adventure",,,,Treyarch,Activision,0.0,steamspy,,True
366843,Call of Duty: Black Ops III - Season Pass,"Action, Adventure, Shooter",,,,"Treyarch, Aspyr (Mac)","Activision, Aspyr (Mac)",0.0,steamspy,,True
255160,Call of Duty: Ghosts - Season Pass,Action,,,,Infinity Ward,Activision,0.0,steamspy,,True
268101,Call of Duty: Ghosts - Wolf Skin,Action,,,,Infinity Ward,Activision,0.0,steamspy,,True
420490,Call of Duty: Infinite Warfare - Season Pass,"Action, Adventure",,,,Infinity Ward,Activision,0.0,steamspy,,True
5411,Call of Duty: Modern Warfare 2 Gameplay Trailer,"Action, Adventure, Shooter, Strategy",,,,,,0.0,steamspy,,True
5470,Call of Duty: Modern Warfare 2 Infamy Trailer,"Action, Adventure, Shooter, Strategy",,,,Infinity Ward,Activision,0.0,steamspy,,True
5410,Call of Duty: Modern Warfare 2 Multiplayer Trailer,"Action, Adventure, Shooter, Strategy",,,,,,0.0,steamspy,,True
5409,Call of Duty: Modern Warfare 2 Reveal Trailer,"Action, Adventure, Shooter, Strategy",,,,,,0.0,steamspy,,True
683100,Call of Duty: WWII - Season Pass,Action,,,,"Sledgehammer Games, Raven Software",Activision,0.0,steamspy,,True
5147,Call of Duty: World at War Trailer,"Action, Adventure, Horror, Shooter, Survival",,,,Treyarch,Activision,0.0,steamspy,,True
5297,Call of Juarez 2 Brothers Trailer,"Action, Adventure, Shooter",,,,,,0.0,steamspy,,True
5369,Call of Juarez Bound in Blood - Feature Trailer,"Action, Adventure, Shooter",,,,Techland,Ubisoft,0.0,steamspy,,True
5249,Call of Juarez Bound in Blood Story Trailer,"Action, Adventure, Shooter",,,,Techland,Ubisoft,0.0,steamspy,,True
222400,Call of Juarez Gunslinger Demo,"Action, Adventure, Shooter",,,,Techland,Techland,0.0,steamspy,,True
80884,Call of Juarez The Cartel PEGI English Trailer,"Action, Adventure, Shooter",,,,,,0.0,steamspy,,True
983,Call of Juarez Trailer,"Action, Adventure, Shooter",,,,,,0.0,steamspy,,True
33290,Call of Juarez: Bound in Blood Demo,"Action, Adventure, Shooter",,,,Techland,Ubisoft,0.0,steamspy,,True
618280,Call of the Starseed Original Soundtrack,"Adventure, Indie",,,,Cloudhead Games ltd.,Cloudhead Games ltd.,0.0,steamspy,,True
561140,Call to Arms - Season Pass,"Action, Indie, Simulation, Strategy",,,,Digitalmindsoft,,0.0,steamspy,,True
422120,Cally's Caves 3 - Soundtrack,"Action, Adventure, Indie, RPG",,,,VDO Games,,0.0,steamspy,,True
422160,Cally's Caves 3 Demo,"Action, Adventure, Indie, RPG",,,,VDO Games,VDO Games,0.0,steamspy,,True
482410,Cally's Trials - OST,Indie,,,,VDO Games,,0.0,steamspy,,True
343300,Camera Obscura Soundtrack,"Adventure, Casual, Indie",,,,Trenton Ng,Anteater Games,0.0,steamspy,,True
454740,Candice DeBébé's Incredibly Trick Soundtrack,"Adventure, Indie, RPG",,,,Havishamone Games,Havishamone Games,0.0,steamspy,,True
941550,Candice DeBébé's Scandalous Soundtrack,"Action, Adventure, Indie, RPG",,,,Havishamone Games,Havishamone Games,0.0,steamspy,,True
793040,Candleman - Soundtrack,"Action, Adventure, Indie, RPG",,,,Candleman Games,Candleman Games,0.0,steamspy,,True
813950,Candy Snake Master Demo,"Action, Casual, Indie",,,,BD Studio Games,BD Studio Games,0.0,steamspy,,True
791300,Canek: Quest for Corn [Demo],"Action, Adventure, Casual, Indie",,,,Guami Games,Guami Games,0.0,steamspy,,True
325760,Cannon Brawl Demo,"Action, Adventure, Indie, Strategy",,,,Turtle Sandbox LLC,Turtle Sandbox LLC,0.0,steamspy,,True
773680,Cannon Fire Demo,"Action, Casual, Indie, Strategy",,,,Tian Jagodic,Tian Jagodic,0.0,steamspy,,True
81729,Cannon Fodder 3 Trailer,"Action, Strategy",,,,Burut CT,Game Factory Interactive,0.0,steamspy,,True
558430,Cannonfire Concerto Demo,"Adventure, Indie, RPG",,,,Choice of Games,Choice of Games,0.0,steamspy,,True
540630,CapitalShip:VR Demo,Strategy,,,,Ciaran Rowles,(self),0.0,steamspy,,True
95310,Capsized Demo,"Action, Adventure, Indie, Metroidvania, Platformer, Shooter",,,,Alientrap Games Inc,Alientrap Games Inc,0.0,steamspy,,True
80816,Capsized Release Trailer,"Action, Adventure, Indie, Metroidvania, Platformer, Shooter",,,,Alientrap Games Inc,Alientrap Games Inc,0.0,steamspy,,True
798450,Capsule Jump Demo,"Casual, Indie",,,,Generouz Entertainment,ZuHause Studios,0.0,steamspy,2.0,True
492330,Captain Content Pack,"Casual, Massively Multiplayer, Strategy",,,,"ZiMAD, Inc.","ZiMAD, Inc.",0.0,steamspy,,True
582180,Captain Lycop: Invasion of the Heters Demo,"Action, Adventure, Indie",,,,Aéronie,Aéronie,0.0,steamspy,,True
711360,Captive of Fortune Demo,"Adventure, Indie, RPG",,,,Hosted Games,Hosted Games,0.0,steamspy,1.0,True
705740,Car Demolition Clicker,"Action, Casual, Indie",,,,Blue Sunset Games,Demolish Games S.A.,0.0,steamspy,,True
361843,Car Mechanic Simulator 2015 - Performance DLC,"Racing, Simulation",,,,Red Dot Games,PlayWay S.A.,0.0,steamspy,,True
380970,Car Mechanic Simulator 2015 Demo,Simulation,,,,"Red Dot Games, PlayWay S. A.",PlayWay S. A.,0.0,steamspy,,True
783150,Car Mechanic Simulator 2018 - Bentley REMASTERED DLC,"Racing, Simulation",,,,Red Dot Games,PlayWay S.A.,0.0,steamspy,,True
672271,Car Mechanic Simulator 2018 - Dodge DLC,"Racing, Simulation",,,,Red Dot Games,PlayWay S.A.,0.0,steamspy,,True
987050,Car Mechanic Simulator 2018 - Dodge Modern DLC,"Indie, Racing, Simulation",,,,Red Dot Games,PlayWay S.A.,0.0,steamspy,,True
868280,Car Mechanic Simulator 2018 - Ford DLC,"Racing, Simulation",,,,Red Dot Games,PlayWay S.A.,0.0,steamspy,,True
799950,Car Mechanic Simulator 2018 - Garage Customization DLC,"Racing, Simulation, Strategy",,,,Red Dot Games,PlayWay S.A.,0.0,steamspy,,True
717490,Car Mechanic Simulator 2018 - Jeep DLC,"Indie, Racing, Simulation",,,,Red Dot Games,PlayWay S.A.,0.0,steamspy,,True
754923,Car Mechanic Simulator 2018 - Lotus DLC,"Casual, Indie, Racing, Simulation",,,,Red Dot Games,PlayWay S.A.,0.0,steamspy,,True
1019540,Car Mechanic Simulator 2018 - Maserati REMASTERED DLC,"Indie, Racing, Simulation",,,,Red Dot Games,PlayWay S.A.,0.0,steamspy,,True
672270,Car Mechanic Simulator 2018 - Mazda DLC,"Racing, Simulation",,,,Red Dot Games,PlayWay S.A.,0.0,steamspy,,True
754921,Car Mechanic Simulator 2018 - Pagani DLC,"Racing, Simulation",,,,Red Dot Games,PlayWay S.A.,0.0,steamspy,,True
754920,Car Mechanic Simulator 2018 - Plymouth DLC,"Indie, Racing, Simulation",,,,Red Dot Games,PlayWay S.A.,0.0,steamspy,,True
947930,Car Mechanic Simulator 2018 - Porsche DLC,"Indie, Racing, Simulation",,,,Red Dot Games,PlayWay S.A.,0.0,steamspy,,True
754922,Car Mechanic Simulator 2018 - RAM DLC,"Racing, Simulation",,,,Red Dot Games,PlayWay S.A.,0.0,steamspy,,True
710430,Car Mechanic Simulator 2018 - Tuning DLC,"Racing, Simulation, Strategy",,,,Red Dot Games,PlayWay S.A.,0.0,steamspy,,True
277990,Car Mechanic Simulator Demo,Simulation,,,,"Red Dot Games, PlayWay S.A.",PlayWay S. A.,0.0,steamspy,,True
875440,Carcassonne - The Princess & the Dragon Expansion,"Casual, Strategy",,,,"Twin Sails Interactive, Lucky Hammer",Twin Sails Interactive,0.0,steamspy,,True
904620,Card Battle Spirit Link Demo,"Indie, Strategy",,,,Speedrobo Games,Speedrobo Games,0.0,steamspy,,True
719710,Card City Nights 2 - Soundtrack,"Adventure, Indie, Strategy",,,,Ludosity,Ludosity,0.0,steamspy,,True
285150,Card City Nights Soundtrack,"Adventure, Casual, Indie",,,,Ludosity,Ludosity,0.0,steamspy,,True
817570,Cardinal Cross Demo,"Casual, Indie, Visual Novel",,,,ImpQueen,ImpQueen,0.0,steamspy,,True
1674660,Cards of the Dead - Prologue,"Action, Adventure, Indie, RPG, Simulation, Strategy","14 Oct, 2021",True,,Boomfire Games,JanduSoft,0.0,appdetails,,True
80792,Cargo!  The Quest for Gravity Trailer,"Action, Adventure, Simulation",,,,Ice-pick Lodge,"bitComposer Games, Viva Media",0.0,steamspy,,True
939070,Carly and the Reaperman Demo,"Adventure, Casual, Indie",,,,Odd Raven Studios,Odd Raven Studios,0.0,steamspy,,True
491230,Carpe Lucem - Seize The Light Demo,"Casual, Indie, Puzzle, Simulation, Strategy",,,,Hammer Labs,Application Systems Heidelberg,0.0,steamspy,,True
81972,Carrier Command E3 Trailer,"Action, Simulation, Strategy",,,,Bohemia Interactive,Bohemia Interactive,0.0,steamspy,,True
222700,Carrier Command Gaea Mission Demo,"Action, Simulation, Strategy",,,,Bohemia Interactive,Bohemia Interactive,0.0,steamspy,,True
82059,Carrier Command Trailer ,"Action, Simulation, Strategy",,,,Bohemia Interactive,Bohemia Interactive,0.0,steamspy,,True
573310,Cash_Out Demo,"Action, Shooter",,,,Untouch,Untouch,0.0,steamspy,,True
377540,Cast of the Seven Godsends - Redux - Soundtrack,"Action, Adventure, Indie",,,,Raven Travel Studios,Merge Games,0.0,steamspy,1.0,True
5211,Caster Launch Trailer,"Action, Adventure, Casual, Indie, RPG, Shooter, Strategy",,,,Elecorn,Elecorn,0.0,steamspy,,True
693500,Castle Demolition VR,"Casual, Indie",,,,Tall James Games,Tall James Games,0.0,steamspy,,True
238510,Castlevania: Lords of Shadow  Ultimate Edition Demo,"Action, Adventure, RPG",,,,MercurySteam - Climax Studios,Konami Digital Entertainment,0.0,steamspy,,True
273150,Castlevania: Lords of Shadow 2 - Armored Dracula Costume,"Action, Adventure",,,,MercurySteam,KONAMI,0.0,steamspy,1.0,True
273151,Castlevania: Lords of Shadow 2 - Dark Dracula Costume,"Action, Adventure",,,,MercurySteam,KONAMI,0.0,steamspy,,True
273153,Castlevania: Lords of Shadow 2 - Revelations DLC,"Action, Adventure",,,,MercurySteam,KONAMI,0.0,steamspy,,True
273130,Castlevania: Lords of Shadow 2 Demo,"Action, Adventure",,,,MercurySteam,Konami Digital Entertainment,0.0,steamspy,,True
678720,Cat Quest Demo,"Action, Adventure, Casual, Indie, RPG",,,,The Gentlebros,PQube Limited,0.0,steamspy,,True
2425870,Cat's Meow Live Wallpaper,"Casual, Platformer",,,,DevRegu,DevRegu,0.0,steamspy,5.0,True
654250,Catacombs 1: Demon War,"Adventure, Casual, Indie, RPG, Simulation, Strategy",,,,SimProse Studios,PlayIndustry LLC Publishing,0.0,steamspy,,True
374250,Catlateral Damage Soundtrack,"Action, Casual, Indie, Simulation",,,,"Manekoware, Fire Hose Games",Manekoware,0.0,steamspy,,True
860140,Catmaze - Soundtrack,"Action, Adventure, Indie, RPG",,,,Redblack Spade,,0.0,steamspy,,True
661140,Cattails Original Soundtrack & Deluxe Content,"Adventure, Casual, Indie, RPG, Simulation",,,,Falcon Development,,0.0,steamspy,,True
1483470,Catty & Batty: The Spirit Guide,"Casual, Indie, Puzzle, Tower Defense",,,,Philipp Lehner,Philipp Lehner,0.0,steamspy,,True
505890,Catyph: The Kunci Experiment Demo,"Adventure, Indie, Puzzle",,,,Simon Says: Play!,Simon Says: Play!,0.0,steamspy,,True
870600,Cave Digger: Riches DLC,"Action, Adventure, Casual, Indie",,,,Mekiwi,Mekiwi,0.0,steamspy,,True
81296,Cave Story+ Launch Trailer,"Action, Adventure, Indie, Metroidvania, Platformer, Shooter",,,,"Nicalis, Studio Pixel",,0.0,steamspy,,True
641430,Caveblazers Soundtrack,"Action, Adventure, Indie",,,,Deadpan Games,Yogscast Games,0.0,steamspy,,True
579750,Cavern escape - Soundtrack.,"Action, Adventure, Casual, Indie, Platformer",,,,White Dog Games,SA Industry,0.0,steamspy,,True
1994680,Cazzarion: Demon Hunting,"Action, Adventure, Shooter, Survival",,,,Zarpazo,Zarpazo,0.0,steamspy,,True
411401,Celeste - Sora Extra Soundtrack,Action,,,,"Orange_Juice, DEKU",Fruitbat Factory,0.0,steamspy,,True
1092840,Celeste Soundtrack,"Action, Adventure, Indie",,,,Lena Raine,Radical Dreamland,0.0,steamspy,,True
385190,Celestial Tear: Demon's Revenge,"Adventure, JRPG, RPG",,,,White Guardian Studios LLC,White Guardian Studios LLC,0.0,steamspy,,True
462611,Celestian Tales: Old North - Alternate Costume Pack,"Indie, RPG",,,,Ekuator Games,Digital Tribe,0.0,steamspy,,True
413330,Celestian Tales: Old North - Original Soundtrack,"Indie, RPG",,,,Ekuator Games,Digital Tribe,0.0,steamspy,,True
347910,Cell HD: emergence Demo,"Action, Indie, Simulation",,,,"New Life Interactive, LLC","New Life Interactive, LLC",0.0,steamspy,,True
366480,Ceres Demo,"Action, Indie, RPG, Simulation, Strategy",,,,Jötunn Games,Iceberg Interactive,0.0,steamspy,,True
5191,Ceville Trailer,"Simulation, Strategy",,,,Realmforge Studios,Kalypso Media Digital,0.0,steamspy,,True
558200,Chains of Satinav Soundtrack,"Adventure, Indie",,,,Daedalic Entertainment,Daedalic Entertainment,0.0,steamspy,,True
706970,Chainsaw Warrior - The Official Soundtrack,"Adventure, Indie, RPG, Strategy",,,,Auroch Digital,Auroch Digital,0.0,steamspy,,True
32127,Chainz 2 Demo,"Casual, Puzzle",,,,MumboJumbo,MumboJumbo,0.0,steamspy,,True
672560,Chambered Demo,"Action, Indie",,,,SegFault Games,SegFault Games,0.0,steamspy,,True
386530,Champion of the Gods Demo,"Indie, RPG",,,,Choice of Games,Choice of Games,0.0,steamspy,,True
838860,Changed-OST,Indie,,,,"DragonSnow, ShiZi",DragonSnow,0.0,steamspy,,True
70430,Chantelise - A Tale of Two Sisters Demo,"Action, Adventure, Indie, JRPG, RPG",,,,EasyGameStation,Carpe Fulgur LLC,0.0,steamspy,24.0,True
80955,Chantelise Trailer,"Action, Adventure, Indie, JRPG, RPG",,,,,,0.0,steamspy,,True
419060,Chaos Reborn Demo,"Indie, Strategy",,,,Snapshot Games Inc.,Snapshot Games Inc.,0.0,steamspy,,True
16510,Chaos Theory Demo,"Casual, Indie, Puzzle",,,,blurredVision,blurredVision,0.0,steamspy,,True
558140,Chaos on Deponia Soundtrack,"Adventure, Indie",,,,Daedalic Entertainment,Daedalic Entertainment,0.0,steamspy,,True
1832370,Charades Movie One,"Action, Adventure, Casual, Platformer, Puzzle, Shooter, Visual Novel",,,,Hede Games,Hede Games,0.0,steamspy,,True
329760,Chariot - Soundtrack,"Adventure, Indie",,,,Frima Studio,Microids Indie,0.0,steamspy,,True
795020,Charlie II Demo,"Action, Adventure, Casual, Indie, Platformer",,,,Mike Wiering,Wiering Software,0.0,steamspy,,True
5815,Chaser Trailer,"Action, Shooter",,,,Cauldron,Nordic Games,0.0,steamspy,,True
1032550,Chasm Demo,"Action, Adventure, Indie, Metroidvania, Platformer, RPG",,,,"Bit Kid, Inc.","Bit Kid, Inc.",0.0,steamspy,,True
339620,Check vs. Mate - Dark Desert DLC,"Action, Casual, Strategy",,,,Targem Games,TopWare Interactive,0.0,steamspy,,True
223890,Cherry Tree High Comedy Club Demo,"Adventure, Indie, RPG, Simulation, Visual Novel",,,,773,Nyu Media,0.0,steamspy,,True
2741350,Chess Tools,"Indie, Sports, Strategy","9 May, 2024",False,"₩ 13,500",Tom Sykes,Tom Sykes,0.0,appdetails,1.0,True
636770,Chess of Blades Demo,"Casual, Indie, Visual Novel",,,,Argent Games,Argent Games,0.0,steamspy,,True
900310,Chessaria: Original Soundtrack,"Action, Adventure, Card & Board, Casual, Indie, RPG, Simulation, Sports, Strategy",,,,Pixel Wizards,Pixel Wizards,0.0,steamspy,,True
862430,Chester One Demo,"Action, Adventure, Indie, Platformer, RPG",,,,"Brilliant Blue-G, LLC","Brilliant Blue-G, LLC",0.0,steamspy,,True
2175640,Chibi Ninja Shino-kun: Treasure of Demon Tower,"Action, Platformer",,,,Ohsat Games,Ohsat Games,0.0,steamspy,,True
464550,Chicku Demo,"Action, Casual, Indie",,,,Gatling Goat Studios,Gatling Goat Studios,0.0,steamspy,,True
604440,Child Of Ault Demo,"Action, Adventure, Casual, Shooter, Sports",,,,NezhaGames,NezhaGames,0.0,steamspy,,True
294510,Child of Light Demo,"Adventure, Casual, Indie, Platformer, RPG, Strategy",,,,Ubisoft Montréal,,0.0,steamspy,,True
2529590,Childish Life Prologue,"Action, Adventure, Horror, Puzzle, RPG, Survival",,,,Littleroot Studio,Littleroot Studio,0.0,steamspy,9.0,True
1106270,Children of Morta Demo,"Action, Adventure, Indie, RPG",,,,Dead Mage,11 bit studis,0.0,steamspy,,True
1451740,Children of Silentown: Prologue,"Adventure, Horror, Puzzle",,,,"Elf Games, Luna2 Studio",Daedalic Entertainment,0.0,steamspy,,True
17110,Children of the Nile: Enhanced Edition Demo,"City Builder, Simulation, Strategy",,,,"Tilted Mill Entertainment, Inc.","Tilted Mill Entertainment, Inc.",0.0,steamspy,,True
5929,Chime Markus  Trailer,"Casual, Indie, Puzzle",,,,Zoë Mode,OneBigGame,0.0,steamspy,,True
5903,Chime Preview Trailer,"Casual, Indie, Puzzle",,,,,,0.0,steamspy,,True
5927,Chime Preview Trailer,"Casual, Indie, Puzzle",,,,Zoë Mode,OneBigGame,0.0,steamspy,,True
384050,Chime Sharp Demo,"Casual, Puzzle",,,,Twistplay,Chilled Mouse,0.0,steamspy,,True
5928,Chime Tutorial Trailer,"Casual, Indie, Puzzle",,,,Zoë Mode,OneBigGame,0.0,steamspy,,True
356630,Chip's Challenge 2: Editor,Indie,,,,Niffler Ltd.,Niffler Ltd.,0.0,steamspy,,True
82125,Chivalry Medieval Warfare Trailer,"Action, Indie, Simulation",,,,Torn Banner Studios,,0.0,steamspy,,True
332240,Chivalry: Medieval Warfare and Chivalry: Deadliest Warrior - Soundtrack,"Action, Indie",,,,Torn Banner Studios,,0.0,steamspy,,True
466440,Choice of Alexandria Demo,"Adventure, Indie, RPG",,,,Choice of Games,Choice of Games,0.0,steamspy,,True
726470,Choice of Broadsides Demo,"Adventure, Indie, RPG",,,,Choice of Games,Choice of Games,0.0,steamspy,,True
928870,Choice of Broadsides: HMS Foraker Demo,"Adventure, Indie, RPG",,,,Choice of Games,Choice of Games,0.0,steamspy,,True
423450,Choice of Kung Fu Demo,"Indie, RPG",,,,Choice of Games,Choice of Games,0.0,steamspy,,True
748900,Choice of Rebels: Uprising Demo,"Adventure, Indie, RPG",,,,Choice of Games,Choice of Games,0.0,steamspy,,True
339360,Choice of Robots Demo,"Indie, RPG",,,,Choice of Games,Choice of Games,0.0,steamspy,,True
675190,Choice of Zombies Demo,"Adventure, Indie, RPG",,,,Choice of Games,Choice of Games,0.0,steamspy,2.0,True
715450,Choice of the Cat Demo,"Adventure, Indie, RPG",,,,Choice of Games,Choice of Games,0.0,steamspy,,True
318320,Choice of the Deathless Demo,"Adventure, Indie, RPG",,,,Choice of Games,Choice of Games,0.0,steamspy,,True
1044650,Choice of the Dragon Demo,"Adventure, Indie, RPG",,,,Choice of Games,Choice of Games,0.0,steamspy,,True
752860,Choice of the Ninja Demo,"Adventure, Indie, RPG",,,,Choice of Games,Choice of Games,0.0,steamspy,,True
476500,Choice of the Pirate Demo,"Adventure, Indie, RPG",,,,Choice of Games,Choice of Games,0.0,steamspy,,True
752840,Choice of the Rock Star Demo,"Adventure, Indie, RPG",,,,Choice of Games,Choice of Games,0.0,steamspy,,True
648520,Choice of the Star Captain Demo,"Adventure, Indie, RPG",,,,Choice of Games,Choice of Games,0.0,steamspy,,True
776010,Choice of the Vampire Demo,"Adventure, Indie, RPG",,,,Choice of Games,Choice of Games,0.0,steamspy,,True
776030,Choice of the Vampire: The Fall of Memphis Demo,"Adventure, Indie, RPG",,,,Choice of Games,Choice of Games,0.0,steamspy,,True
81353,Choplifter HD Trailer,Action,,,,"inXile Entertainment, Inc.","inXile Entertainment, Inc.",0.0,steamspy,,True
810600,Chroma Squad - Episode Editor,"Indie, RPG, Strategy",,,,Behold Studios,Behold Studios,0.0,steamspy,,True
363800,Chroma Squad - Soundtrack,"Indie, RPG, Strategy",,,,Behold Studios,Behold Studios,0.0,steamspy,,True
455660,ChromaGun Demo,"Action, Adventure, Indie, Platformer, Puzzle, Shooter, Strategy",,,,Pixel Maniacs,Pixel Maniacs,0.0,steamspy,,True
1011800,Chronicon Apocalyptica Demo,"Adventure, Indie, RPG",,,,Choice of Games,Choice of Games,0.0,steamspy,,True
1443030,ChronoTecture: The Eprologue,"Action, Platformer, Shooter",,,,ChronoTecture Game Studio LLC,ChronoTecture Game Studio LLC,0.0,steamspy,1.0,True
1667530,Chronotopia: Second Skin,"Adventure, Casual, Horror, Visual Novel",,,,Träumendes Mädchen,Träumendes Mädchen,0.0,steamspy,4.0,True
333700,Chuck's Challenge 3D 2020 - DLC 1 - Happy Holidays,Indie,,,,Niffler Ltd.,Niffler Ltd.,0.0,steamspy,,True
640020,Chuusotsu - 1st Graduation: Time After Time Demo,"Adventure, Casual, Indie, Visual Novel",,,,Studio Beast,Fruitbat Factory,0.0,steamspy,,True
3312,Chuzzle Deluxe Free Demo,"Casual, Puzzle",,,,"PopCap Games, Inc.","PopCap Games, Inc.",0.0,steamspy,,True
722820,Cinderella Escape 2 Revenge - Original Sound Track,Indie,,,,Hajime Doujin Circle,Hajime Doujin Circle,0.0,steamspy,,True
408010,Cinderella Escape! R12 Demo,Indie,,,,Hajime Doujin Circle,Hajime Doujin Circle,0.0,steamspy,,True
653580,Cinderella Phenomenon Digital Artbook,"Indie, Simulation",,,,Dicesuki,Dicesuki,0.0,steamspy,,True
390800,Circa Infinity Demo,"Action, Indie, Platformer",,,,Kenny Sun,Kenny Sun,0.0,steamspy,,True
393510,Circa Infinity Original Soundtrack,"Action, Indie",,,,"Jack Fay, Jim Fay",Kenny Sun,0.0,steamspy,,True
597080,Circles Demo,"Casual, Indie, Puzzle",,,,Jeroen Wimmers,Jeroen Wimmers,0.0,steamspy,,True
525930,Circuit Breakers Demo,"Action, Indie, Shooter",,,,Triverske,Excalibur,0.0,steamspy,,True
415750,Cities XXL - Map Editor,Simulation,,,,Focus Home Interactive,Focus Home Interactive,0.0,steamspy,,True
310050,Cities in Motion 2: Soundtrack,"Simulation, Strategy",,,,Colossal Order Ltd.,Paradox Interactive,0.0,steamspy,,True
81650,Cities in Motion Paris Trailer,Simulation,,,,Colossal Order Ltd.,,0.0,steamspy,,True
80606,Cities in Motion Trailer,"City Builder, Simulation, Strategy",,,,Colossal Order Ltd.,Paradox Interactive,0.0,steamspy,,True
310040,Cities in Motion: Soundtrack,Simulation,,,,Colossal Order Ltd.,Paradox Interactive,0.0,steamspy,,True
81364,Cities in Motion: US Cities Trailer,Simulation,,,,Colossal Order Ltd.,Paradox Interactive,0.0,steamspy,,True
5096,City Life 2008 Trailer,"City Builder, Simulation, Strategy",,,,Monte Cristo,Monte Cristo,0.0,steamspy,,True
485050,City Z Demo,"Action, Indie, Shooter",,,,Little Cloud Games,Little Cloud Games,0.0,steamspy,,True
834020,City of Brass - OST,"Action, Indie",,,,Uppercut Games Pty Ltd,,0.0,steamspy,,True
851279,City of God I:Prison Empire-Faithful Panda Season Pass,"Indie, RPG, Simulation, Strategy",,,,,,0.0,steamspy,,True
80824,Civ V DLC Denmark Trailer,"4X, Simulation, Strategy",,,,,,0.0,steamspy,,True
80825,Civ V DLC Explorers Map Pack Trailer,"4X, Simulation, Strategy",,,,Firaxis Games,2K Games,0.0,steamspy,,True
8820,Civilization IV: Beyond the Sword Demo,"4X, Strategy",,,,Firaxis Games,2K Games,0.0,steamspy,,True
981,Civilization IV: Beyond the Sword Trailer,"4X, Strategy",,,,,,0.0,steamspy,,True
81015,Civilization V - Ancient World DLC ESRB,Strategy,,,,,,0.0,steamspy,,True
81016,Civilization V - Ancient World DLC PEGI,Strategy,,,,,,0.0,steamspy,,True
81017,Civilization V - Korea DLC ESRB,Strategy,,,,Firaxis Games,2K Games,0.0,steamspy,,True
81014,Civilization V - Korea DLC PEGI,Strategy,,,,,,0.0,steamspy,,True
80682,Civilization V - Polynesia DLC Trailer,"4X, Simulation, Strategy",,,,,,0.0,steamspy,,True
81763,Civilization V Gods and Kings: Lead Your Civ to Greatness Trailer,"4X, Strategy",,,,,,0.0,steamspy,,True
212840,Cladun X2 Demo,"Action, Indie, JRPG, RPG",,,,System Prisma,NIS America,0.0,steamspy,,True
326270,Claire - Soundtrack,"Action, Adventure, Indie",,,,Hailstorm Games,,0.0,steamspy,,True
320360,Claire's Rodeo Costume,"Action, Adventure",,,,Capcom,Capcom,0.0,steamspy,,True
82176,Clan of Champions Trailer,Action,,,,ACQUIRE Corp.,,0.0,steamspy,,True
1120890,Clans to Kingdoms Demo,"4X, City Builder, Indie, Simulation, Strategy",,,,Clans to Kingdoms,Clans to Kingdoms,0.0,steamspy,,True
2574690,Clarent Saga: Prologue,"Action, Indie, JRPG, RPG",,,,"Coffee_chan, David Nguyen",David Nguyen,0.0,steamspy,,True
2304210,Clarity: The Seven Demons of Vanguardia,"Action, Adventure, Casual, Metroidvania, Platformer",,,,Team Quantum Games,Team Quantum Games,0.0,steamspy,,True
317560,Classroom Aquatic Demo,"Indie, Simulation",,,,Sunken Places,Sunken Places,0.0,steamspy,,True
818130,Clawface - Soundtrack,"Action, Indie",,,,"Hathos Interactive, Sacred Admirer",,0.0,steamspy,,True
2979020,Clayers: Prologue,"Action, Indie, Roguelike, Shooter",,,,Gin Jam Team,Gin Jam Team,0.0,steamspy,,True
1113260,Clea Demo,"Action, Adventure, Horror, Indie, Puzzle, Survival",,,,InvertMouse,InvertMouse,0.0,steamspy,,True
517050,Clean'Em Up OST,"Action, Indie",,,,Bauer,Cheesy Holes,0.0,steamspy,,True
818190,Clicker: Mining Simulator - Soundtrack,"Casual, Indie, Simulation",,,,Gamesforgames,Gamesforgames,0.0,steamspy,,True
80498,Clickr Trailer,"Casual, Indie, Puzzle",,,,"Ntreev Soft Co., Ltd.","Ntreev Soft Co., Ltd.",0.0,steamspy,,True
535810,Climbey Demo,"Indie, Racing, Simulation",,,,Brian Lindenhof,ShadowBrain Games,0.0,steamspy,,True
592210,Climbtime Demo,"Casual, Indie, Platformer, Puzzle, Racing, Simulation",,,,Saluda Systems,Saluda Systems,0.0,steamspy,,True
1101570,Cliper: A clipboard enhancement tool,Casual,,,,Starship Studio,Starship Studio,0.0,steamspy,10.0,True
1032190,Clocker - Original Soundtrack,"Adventure, Indie, RPG",,,,Wild Kid Games,indienova,0.0,steamspy,,True
1009620,Clocker Demo,"Adventure, Indie, Platformer, Puzzle, RPG",,,,Wild Kid Games,indienova,0.0,steamspy,,True
72410,Clones Demo,"Adventure, Casual, Indie, Puzzle, Strategy",,,,Tomkorp Computer Solutions Inc.,Tomkorp Computer Solutions Inc.,0.0,steamspy,,True
80443,Clones Trailer,"Adventure, Casual, Indie, Puzzle, Strategy",,,,Tomkorp Computer Solutions Inc.,Tomkorp Computer Solutions Inc.,0.0,steamspy,,True
91820,Cloning Clyde Demo,"Casual, Indie, Platformer",,,,Bacon Wrapped Games,NinjaBee,0.0,steamspy,,True
80648,Cloning Clyde Trailer,"Casual, Indie, Platformer",,,,Bacon Wrapped Games,NinjaBee,0.0,steamspy,,True
700290,Close Me - New Game+ & OST Selection Soundtrack,"Adventure, Horror, Indie, Puzzle",,,,Yai Gameworks,Yai Gameworks,0.0,steamspy,,True
973330,Close Your Eyes -Anniversary Remake- Demo,"Adventure, Horror, Indie, Puzzle",,,,Yai Gameworks,Yai Gameworks,0.0,steamspy,,True
82006,Closure_Trailer,"Horror, Indie, Platformer, Puzzle",,,,Eyebrow Interactive,,0.0,steamspy,,True
495860,Cloudphobia Demo,"Action, Indie",,,,Marsbound,Rockin' Android,0.0,steamspy,,True
452900,Club Life - Soundtrack,"Adventure, Casual, Indie",,,,Dharker Studio,Dharker Studios Ltd,0.0,steamspy,,True
739300,Clumsy Fred Demo,"Casual, Indie, Simulation",,,,BeshevGames,BeshevGames,0.0,steamspy,,True
529050,Clustertruck OST,"Action, Casual, Indie, Racing",,,,"Landfall, Karl Flodin",tinyBuild,0.0,steamspy,,True
249116,CoH 2 - Soviet Skin: (M) Makeshift Sand Southern Front,Strategy,,,,"Relic Entertainment, Feral Interactive (Mac), Feral Interactive (Linux)","SEGA, Feral Interactive (Mac), Feral Interactive (Linux)",0.0,steamspy,,True
1804650,Coal Mining Simulator: Prologue,"Adventure, Indie, Simulation, Strategy","21 Apr, 2022",True,,Grande Games,"GamePlanet, G-DEVS.com",0.0,appdetails,,True
674780,Code 7 - Soundtrack,"Adventure, Indie",,,,Goodwolf Studio,Goodwolf Studio,0.0,steamspy,,True
528280,Codex of Victory Demo,"Indie, Strategy",,,,Ino-Co Plus,1C Company,0.0,steamspy,15.0,True
852970,Coffee Crisis Demo,"Action, Adventure, Casual, Indie, RPG",,,,Mega Cat Studios,Mega Cat Studios,0.0,steamspy,,True
384350,Coffin Dodgers Demo,"Action, Casual, Racing",,,,Milky Tea Studios,Milky Tea Studios,0.0,steamspy,,True
316670,Cognition - Original Soundtrack Vol 1,"Adventure, Indie",,,,Phoenix Online Studios,,0.0,steamspy,,True
316671,Cognition - Original Soundtrack Vol 2,"Adventure, Indie",,,,Phoenix Online Studios,,0.0,steamspy,,True
251000,Cognition: An Erica Reed Thriller Demo,"Adventure, Indie",,,,Phoenix Online Studios,,0.0,steamspy,,True
26510,Cogs Demo,"Casual, Indie, Puzzle",,,,Lazy 8 Studios,,0.0,steamspy,,True
396920,Coin Crypt: Sea and Sky Expansion,"Indie, RPG",,,,"Greg Lobanov, Wishes Ultd.",,0.0,steamspy,,True
1073880,Cold Cable: Lifeshift Demo,"Action, Adventure, Indie",,,,Matheus Medeiros,Matheus Medeiros,0.0,steamspy,,True
642510,Cold Waters - Soundtrack,"Simulation, Strategy",,,,Killerfish Games,,0.0,steamspy,,True
1736450,Colonize Prologue,"City Builder, Simulation, Strategy, Survival",,,,Rembrosoft,CreativeForge Games,0.0,steamspy,,True
374130,Color Assembler Demo,"Casual, Indie",,,,Purple Nebula,Purple Nebula,0.0,steamspy,,True
377770,Color Guardians Demo,"Action, Indie",,,,Fair Play Labs,Niffler Ltd.,0.0,steamspy,,True
440350,Color Symphony 2 Demo,"Action, Casual, Indie, Platformer, Puzzle",,,,REMIMORY,REMIMORY,0.0,steamspy,,True
954460,Color by Numbers - Animals Demo,"Casual, Indie",,,,Kedronic UAB,Kedronic UAB,0.0,steamspy,,True
954480,Color by Numbers - Christmas Demo,"Casual, Indie",,,,Kedronic UAB,Kedronic UAB,0.0,steamspy,2.0,True
850020,Color by Numbers - Dinosaurs Demo,"Casual, Indie",,,,Kedronic UAB,Kedronic UAB,0.0,steamspy,,True
873340,Color by Numbers - Flowers Demo,"Casual, Indie",,,,Kedronic UAB,Kedronic UAB,0.0,steamspy,,True
954510,Color by Numbers - Halloween Demo,"Casual, Indie",,,,Kedronic UAB,Kedronic UAB,0.0,steamspy,2.0,True
1066300,Coloring Game - Expansion Pack No. 1,"Casual, Indie",,,,L. Stotch,L. Stotch,0.0,steamspy,,True
81928,Colour Bind Trailer,"Action, Indie, Puzzle",,,,Finn Morgan,Puppy Punch Productions,0.0,steamspy,,True
82061,Colourbind Trailer 2,"Action, Indie, Puzzle",,,,,,0.0,steamspy,,True
957210,Colourless Demo,"Action, Indie, Platformer",,,,Outrage Games,Outrage Games,0.0,steamspy,,True
5481,Command and Conquer 3: Kane's Wrath Trailer,Strategy,,,,EA Los Angeles,Electronic Arts,0.0,steamspy,,True
5478,Command and Conquer 3: Tiberium Wars Trailer,"Action, Strategy",,,,,,0.0,steamspy,,True
5636,Command and Conquer 4 Cinematics Trailer,Strategy,,,,EA Los Angeles,Electronic Arts,0.0,steamspy,,True
5637,Command and Conquer 4 Multiplayer Trailer,Strategy,,,,EA Los Angeles,Electronic Arts,0.0,steamspy,,True
5415,Command and Conquer Red Alert 3: Uprising Trailer,"Action, Strategy",,,,,,0.0,steamspy,,True
5160,Command and Conquer: Red Alert 3 HD Trailer 1,"Action, Strategy",,,,,,0.0,steamspy,,True
5177,Command and Conquer: Red Alert 3 HD Trailer 2,"Action, Strategy",,,,EA Los Angeles,Electronic Arts,0.0,steamspy,,True
1356460,Commander '85 Prologue,"Action, Adventure, Horror, Simulation, Survival",,,,The Moonwalls,"WIG Publishing, SIG Publishing",0.0,steamspy,,True
847440,Community College Hero: Knowledge is Power Demo,"Adventure, Indie, RPG",,,,Hosted Games,Hosted Games,0.0,steamspy,3.0,True
423130,Community College Hero: Trial by Fire Demo,"Indie, RPG",,,,Hosted Games,Hosted Games,0.0,steamspy,,True
82050,Company Of Heroes 2  Trailer,"Action, Simulation, Strategy",,,,,,0.0,steamspy,,True
82057,Company Of Heroes 2  Trailer DE,"Action, Adventure, Simulation, Strategy",,,,,,0.0,steamspy,,True
9300,Company of Heroes Singleplayer Demo,"Action, Simulation, Strategy",,,,Relic Entertainment,THQ,0.0,steamspy,,True
992,Company of Heroes: Opposing Fronts Trailer,"Action, Strategy",,,,,,0.0,steamspy,,True
5165,Company of Heroes: Tales of Valor Trailer,"Action, Strategy",,,,,,0.0,steamspy,,True
498010,Con Amore Demo,"Casual, Indie, Simulation, Visual Novel",,,,Team Taju,Wronghut,0.0,steamspy,,True
1066190,Conan Exiles - Year 2 Season Pass,"Action, Adventure, Massively Multiplayer, RPG, Simulation, Strategy",,,,Funcom,Funcom,0.0,steamspy,,True
651510,Conarium OST,"Adventure, Indie",,,,Stormling Studios,Iceberg Interactive,0.0,steamspy,,True
318080,Concursion Demo,Indie,,,,Puuba,Puuba,0.0,steamspy,,True
846520,Confederate Express Demo,"Action, Indie, RPG",,,,Maksym Pashanin,Maksym Pashanin,0.0,steamspy,,True
8090,Conflict: Denied Ops Demo,Action,,,,Pivotal Games,"SQUARE ENIX, Eidos Interactive",0.0,steamspy,5.0,True
2849430,Conflux: Prologue,"Adventure, Card & Board, Strategy, Visual Novel",,,,BERRY games,BERRY games,0.0,steamspy,,True
81517,Confrontation Teaser Trailer,"Action, RPG, Strategy",,,,Cyanide Studios,,0.0,steamspy,,True
548000,Congresswolf Demo,"Adventure, Indie, RPG",,,,Choice of Games,Choice of Games,0.0,steamspy,,True
944790,Conjure Strike Demo,"Action, Indie, Shooter",,,,The Strike Team,The Strike Team,0.0,steamspy,,True
477810,Conqueror Content Pack,"Casual, Massively Multiplayer, Strategy",,,,"ZiMAD, Inc.","ZiMAD, Inc.",0.0,steamspy,,True
579460,Conquest: Frontier Wars Demo,Strategy,,,,Fever Pitch Studios,"Descendent Studios, Fever Pitch Studios",0.0,steamspy,,True
2553960,Conquistadorio: Prologue,"Adventure, Casual, Puzzle",,,,Morion Studio,AD Gaming,0.0,steamspy,,True
726310,Consortium: The Tower Demo,"Action, Adventure, Indie, RPG, Simulation",,,,Interdimensional Games Inc,Interdimensional Games Inc,0.0,steamspy,,True
985140,Construct PRO Demo,Simulation,,,,EnterUserNamePlease,EnterUserNamePlease,0.0,steamspy,,True
1674620,Construct VR - The Volumetric Movie,Casual,"23 Dec, 2021",True,,PresenZ,PresenZ,0.0,appdetails,,True
596030,Construct: Escape the System Demo,"Action, Adventure, Indie, Platformer, Puzzle",,,,Oliver Boyce,Immanitas Entertainment,0.0,steamspy,,True
619760,Constructor Demo,"City Builder, Simulation, Strategy",,,,System 3,System 3,0.0,steamspy,,True
1072080,Contact : Last Defence Demo,"Action, Indie",,,,ODIAK Games,ODIAK Games,0.0,steamspy,2.0,True
407920,Contagion OST,"Action, Adventure, Indie",,,,"Monochrome, Inc","Monochrome, Inc",0.0,steamspy,,True
778490,Contagion VR: Outbreak Demo,"Action, Adventure, Horror, Indie, Simulation, Survival",,,,"Monochrome Games, Inc.","Monochrome Games, Inc.",0.0,steamspy,,True
81471,Containment Trailer,"Casual, Indie, Puzzle",,,,Bootsnake Games,,0.0,steamspy,,True
394321,Content Pack - Crusader Kings II: Conclave,"RPG, Simulation, Strategy",,,,Paradox Development Studio,Paradox Interactive,0.0,steamspy,,True
354331,Content Pack - Crusader Kings II: Horse Lords,"Simulation, Strategy",,,,Paradox Development Studio,Paradox Interactive,0.0,steamspy,,True
449981,Content Pack - Crusader Kings II: The Reaper's Due,"RPG, Simulation, Strategy",,,,Paradox Development Studio,Paradox Interactive,0.0,steamspy,,True
373150,Content Pack - Europa Universalis IV: Common Sense,"Simulation, Strategy",,,,Paradox Development Studio,Paradox Interactive,0.0,steamspy,,True
721341,Content Pack - Europa Universalis IV: Cradle of Civilization,"Simulation, Strategy",,,,Paradox Development Studio,Paradox Interactive,0.0,steamspy,,True
827250,Content Pack - Europa Universalis IV: Dharma,"Simulation, Strategy",,,,Paradox Development Studio,Paradox Interactive,0.0,steamspy,,True
338161,Content Pack - Europa Universalis IV: El Dorado,"Simulation, Strategy",,,,Paradox Development Studio,Paradox Interactive,0.0,steamspy,,True
538021,Content Pack - Europa Universalis IV: Mandate of Heaven,"Simulation, Strategy",,,,Paradox Development Studio,Paradox Interactive,0.0,steamspy,,True
436121,Content Pack - Europa Universalis IV: Mare Nostrum,"Simulation, Strategy",,,,Paradox Development Studio,Paradox Interactive,0.0,steamspy,,True
486571,Content Pack - Europa Universalis IV: Rights of Man,"Simulation, Strategy",,,,Paradox Development Studio,Paradox Interactive,0.0,steamspy,,True
373380,Content Pack - Europa Universalis IV: The Cossacks,"Simulation, Strategy",,,,Paradox Development Studio,Paradox Interactive,0.0,steamspy,,True
2136920,Content creator tool (CCT),Simulation,,,,Fury Boost PC,Fury Boost PC,0.0,steamspy,,True
82025,Continent of the Ninth Seal Trailer,"Action, Adventure, Massively Multiplayer, RPG",,,,,,0.0,steamspy,,True
786010,Contraption Maker: Battling Cards - Parts & Puzzles Expansion Pack,"Casual, Indie, Simulation",,,,Game Dev Castle,Top Meadow,0.0,steamspy,,True
745580,Contraption Maker: Wonderstructs - Part & Puzzle Expansion Pack,"Casual, Indie, Simulation",,,,Game Dev Castle,Top Meadow Inc,0.0,steamspy,,True
224462,Contrast - Original Soundtrack and Art Book,"Adventure, Indie",,,,Compulsion Games,Focus Home Interactive,0.0,steamspy,,True
586510,Convicted Galaxy Demo,"Action, Adventure, Indie",,,,Mind Grown Software,Mind Grown Software,0.0,steamspy,,True
1231920,Convoy Mod Tools,"Action, Adventure, Indie, Strategy",,,,Convoy Games,Indietopia Games,0.0,steamspy,,True
395950,Convoy Soundtrack,"Action, Adventure, Indie, RPG, Strategy",,,,"Convoy Games, Project Antinomia",Indietopia Games,0.0,steamspy,,True
359760,"Cook, Serve, Delicious Original Soundtrack","Action, Indie, Simulation, Strategy",,,,Vertigo Gaming Inc.,Vertigo Gaming Inc.,0.0,steamspy,,True
713690,"Cook, Serve, Delicious! 2!! Original Soundtrack","Action, Indie, Simulation, Strategy",,,,Vertigo Gaming Inc.,,0.0,steamspy,,True
898060,Cool Headed Demo,"Indie, Puzzle",,,,joqlepecheur,joqlepecheur,0.0,steamspy,,True
595980,Copoka: Original Soundtrack,"Casual, Indie",,,,Inaccurate Interactive,,0.0,steamspy,,True
367190,CopperCube 5 Demo,Indie,,,,Ambiera e.U.,Ambiera e.U.,0.0,steamspy,,True
1039050,Copperbell Demo,"Action, Adventure, Casual, Indie, Platformer",,,,Zero Fun Games,Zero Fun Games,0.0,steamspy,,True
1489660,Copy Editor: A RegEx Puzzle,"Casual, Indie, Puzzle, Simulation, Strategy",,,,Christopher Jarvis,Cinq-Mars Media,0.0,steamspy,,True
512980,Copy Kitty Demo,"Action, Indie, Platformer, Puzzle",,,,Nuclear Strawberry,Degica,0.0,steamspy,,True
914310,Copy Kitty OST,"Action, Indie",,,,Nuclear Strawberry,KOMODO,0.0,steamspy,,True
1729840,Core Alpha,"Action, Adventure, Shooter",,,,Legion Infinity Interactive,Legion Infinity Interactive,0.0,steamspy,,True
884540,Core Awaken ~The Yuka~ Demo,"Action, Indie",,,,Celusis,CelLab,0.0,steamspy,,True
384730,Cornerstone: The Song Of Tyrim Demo,"Action, Adventure, Indie, RPG",,,,Overflow Games,Phoenix Online Publishing,0.0,steamspy,14.0,True
704570,Cornflower Corbin Demo,"Action, Casual, Indie, Shooter",,,,"Larry Martin, Phillip Brossia",Afterthought Games,0.0,steamspy,,True
497600,Corona Blossom Vol.1 Gift From the Galaxy Demo,"Adventure, Casual, Visual Novel",,,,Frontwing,Frontwing,0.0,steamspy,,True
438250,Corpo Tale Demo,RPG,,,,hamstercube,Gindie,0.0,steamspy,,True
932080,Corrupt soundtrack by VEX: Boundless ~ Amita,"Indie, RPG, Simulation",,,,"Opendream, VEX",,0.0,steamspy,,True
340670,Corruption Soundtrack,"RPG, Simulation",,,,"New Reality Games, Scott Holmes",New Reality Games,0.0,steamspy,,True
82071,Cortex Command Trailer,"Action, Indie, Platformer, Strategy",,,,,,0.0,steamspy,,True
1086480,Cosmetic Pack - Hearts of Iron IV: Axis Armor,"Simulation, Strategy",,,,Paradox Development Studio,Paradox Interactive,0.0,steamspy,,True
459560,Cosmic Leap Demo,"Action, Indie",,,,Michael Hall,Michael Hall,0.0,steamspy,,True
621210,Cosmic Star Heroine Official Soundtrack,"Indie, RPG",,,,Zeboyd Digital Entertainment LLC,,0.0,steamspy,,True
383380,Cosmonautica - Soundtrack,"Adventure, Indie, Simulation, Strategy",,,,"Chasing Carrots, Schnack Music Manufacture",Chasing Carrots,0.0,steamspy,,True
5885,Cossacks: Back to War Trailer,Strategy,,,,GSC Games,GSC Games,0.0,steamspy,,True
4856,Cossacks: Campaign Expansion,Strategy,,,,GSC Game World,,0.0,steamspy,,True
1435330,Costume Kingdom,"Action, Adventure, Platformer, RPG",,,,Stratton Studios,Stratton Studios,0.0,steamspy,2.0,True
320364,Costume Pack,"Action, Adventure",,,,Capcom,Capcom,0.0,steamspy,,True
81196,Costume Quest Trailer,"Adventure, Casual, Indie, JRPG, Puzzle, RPG, Strategy",,,,,,0.0,steamspy,,True
645240,Costumenaut,"Action, Indie, Shooter",,,,Yaida,PsychoFlux Entertainment,0.0,steamspy,,True
403062,Costumes by Tamiki Wakaki Set,Action,,,,"Team NINJA, KOEI TECMO GAMES CO., LTD.",,0.0,steamspy,,True
429450,Counter-Strike Nexon: Zombies - Rivals DLC,"Action, Casual, Massively Multiplayer",,,,Nexon,Nexon Korea Corporation,0.0,steamspy,,True
635530,Covert Syndrome - Original Soundtrack,"Action, Casual, Indie",,,,Offworld Industries,,0.0,steamspy,,True
380710,Cradle - Soundtrack & Artbook,"Adventure, Indie",,,,Flying Cafe for Semianimals,Flying Cafe for Semianimals,0.0,steamspy,,True
1907060,Craft Hero - Prologue,"Adventure, Card & Board, Indie, RPG, Simulation, Strategy, Survival",,,,PandaCat 熊喵独立游戏,OKJOY,0.0,steamspy,,True
5364,Crash Time 2 Trailer,"Action, Adventure, Racing, Simulation",,,,RTL interactive,Meridian4,0.0,steamspy,,True
350230,Crashed Lander Demo,Indie,,,,Don Whitaker,Brain Blinks,0.0,steamspy,,True
432800,Crashlands Soundtrack,"Action, Adventure, Indie, RPG",,,,Butterscotch Shenanigans,Butterscotch Shenanigans,0.0,steamspy,,True
619690,Crawl OST,"Action, Indie, RPG",,,,Powerhoof,Powerhoof,0.0,steamspy,,True
26910,Crayon Physics Deluxe Demo,"Casual, Indie, Puzzle, Simulation",,,,Kloonigames,Kloonigames,0.0,steamspy,,True
622390,Crazy Buggy Racing Soundtracks,"Action, Racing, Simulation, Sports",,,,VGstudio,VGstudio,0.0,steamspy,,True
81490,Crazy Machine Elements Trailer,"Casual, Puzzle, Strategy",,,,Fakt Software,Viva Media,0.0,steamspy,,True
312090,Crazy Machines 2 - Jewel Digger DLC,"Casual, Strategy",,,,Fakt Software,Viva Media,0.0,steamspy,,True
5053,Crazy Machines 2 HD Trailer,"Casual, Puzzle, Strategy",,,,Fakt Software,Viva Media,0.0,steamspy,,True
81245,Crazy Machines 2 Halloween DLC Trailer,"Casual, Simulation",,,,Fakt Software,,0.0,steamspy,,True
335110,Crazy Machines 2: Anniversary DLC,"Casual, Strategy",,,,Fakt Software,Viva Media,0.0,steamspy,,True
202452,Crazy Machines 2: Happy New Year DLC,"Casual, Strategy",,,,Fakt Software,Viva Media,0.0,steamspy,,True
242630,"Crazy Machines 2: Invaders From Space, 2nd Wave DLC","Casual, Strategy",,,,Fakt Software,Viva Media,0.0,steamspy,,True
206416,Crazy Machines Elements DLC - Collision Course & Mental Activity,"Casual, Strategy",,,,Fakt Software,Viva Media,0.0,steamspy,,True
206415,Crazy Machines Elements DLC - Gadget Fun & Tricky Riddles,"Casual, Strategy",,,,Fakt Software,Viva Media,0.0,steamspy,,True
81863,Crazy Machines Invaders From Space DLC Trailer,"Casual, Strategy",,,,Fakt Software,,0.0,steamspy,,True
362040,Crazy Steam Bros 2 Demo,"Action, Casual, Indie",,,,Ars Creativa,Ars Creativa,0.0,steamspy,,True
80634,CreaVures Trailer,"Indie, Platformer, Puzzle",,,,Muse Games,Muse Games,0.0,steamspy,,True
633610,Creatures Such as We Demo,"Adventure, Indie, RPG",,,,Choice of Games,Choice of Games,0.0,steamspy,,True
2383190,Creeping Deck: Pharaoh's Curse Prologue,"Action, Adventure, Card & Board, RPG, Roguelike, Strategy",,,,BlanketGames,BlanketGames,0.0,steamspy,,True
887190,Cricket Captain 2018 Demo,"Simulation, Sports, Strategy",,,,Childish Things,Childish Things,0.0,steamspy,,True
1078990,Cricket Captain 2019 Demo,"Simulation, Sports",,,,Childish Things Ltd,Childish Things Ltd,0.0,steamspy,14.0,True
25510,Cricket Revolution Demo,"Indie, Simulation, Sports",,,,Mindstorm Studios,Mindstorm Studios,0.0,steamspy,4.0,True
5330,Cricket Revolution Gameplay Trailer,"Indie, Simulation, Sports",,,,Mindstorm Studios,Mindstorm Studios,0.0,steamspy,,True
5331,Cricket Revolution Trailer,"Indie, Simulation, Sports",,,,,,0.0,steamspy,,True
516331,Criminal Girls: Invite Only - Digital Soundtrack,"RPG, Strategy",,,,"Nippon Ichi Software, Inc.","NIS America, Inc.",0.0,steamspy,,True
501490,Crimson Room: Decade Demo,"Adventure, Horror, Indie",,,,"Dream Holdings, TAKAGISM Inc.","Degica, Dream Holdings",0.0,steamspy,,True
358800,Crimzon Clover WORLD IGNITION - Arranged Sound Track,"Action, Indie",,,,"YOTSUBANE, Adventure Planning Service",KOMODO,0.0,steamspy,,True
301880,Crimzon Clover WORLD IGNITION - Soundtrack,"Action, Indie",,,,"YOTSUBANE, Adventure Planning Service",KOMODO,0.0,steamspy,,True
326310,Crimzon Clover WORLD IGNITION - Superplay Strategy Guide,"Action, Indie",,,,"YOTSUBANE, Adventure Planning Service",KOMODO,0.0,steamspy,,True
105310,Critical Mass Demo,"Casual, Indie, Puzzle",,,,Manic Game Studios,Manic Game Studios,0.0,steamspy,,True
80912,Critical Mass Trailer,"Casual, Indie, Puzzle",,,,,,0.0,steamspy,,True
82022,Critter Crunch Trailer,"Action, Casual, Indie, Puzzle",,,,,,0.0,steamspy,,True
380050,Crookz Demo,"Simulation, Strategy",,,,Skilltree Studios,Kalypso Media Digital,0.0,steamspy,,True
401380,Cross of the Dutchman - Soundtrack,"Action, Adventure, Indie, RPG",,,,Triangle Studios,,0.0,steamspy,,True
960310,CrossCode - Ninja Skin,"Indie, RPG",,,,Radical Fish Games,"Deck13, Whisper Games, DANGEN Entertainment, Mayflower Entertainment",0.0,steamspy,,True
916190,CrossCode Original Soundtrack,"Indie, RPG",,,,"Radical Fish Games, Deniz Akbulut","Deck13, Materia Collective",0.0,steamspy,,True
800460,Crossing Souls Demo,"Action, Adventure, Indie, RPG",,,,Fourattic,Devolver Digital,0.0,steamspy,,True
799820,Crossing Souls Soundtrack,"Action, Adventure, Indie",,,,Fourattic,Devolver Digital,0.0,steamspy,,True
1567260,Crowalt: Traces of the Lost Colony - Prologue,"Adventure, Puzzle",,,,Madcraft Studios,GrabTheGames,0.0,steamspy,,True
427790,Crudelis - Original Soundtrack,"Adventure, Casual, Indie, RPG",,,,Whiskey Jack Games,,0.0,steamspy,,True
206310,Crusader Kings II Demo,"RPG, Simulation, Strategy",,,,Paradox Interactive,,0.0,steamspy,111.0,True
81433,Crusader Kings II Trailer,"RPG, Simulation, Strategy",,,,Paradox Interactive,,0.0,steamspy,,True
501510,Crush Your Enemies - Plundered Loot DLC,"Action, Indie, Strategy",,,,Vile Monarch,Good Shepherd Entertainment,0.0,steamspy,,True
469750,Crush Your Enemies Demo,"Action, Indie, Strategy",,,,Vile Monarch,Gambitious Digital Entertainment,0.0,steamspy,,True
1080300,Crying is not Enough Demo,"Action, Adventure, Horror, Indie, Survival",,,,Storyline Team.,Storyline Team.,0.0,steamspy,,True
366080,Crypt of the NecroDancer Extended Soundtrack,"Action, Indie, RPG",,,,Brace Yourself Games,,0.0,steamspy,,True
467300,Crypt of the NecroDancer Extended Soundtrack 2,"Action, Indie, RPG",,,,Brace Yourself Games,,0.0,steamspy,,True
698890,Crypt of the NecroDancer: AMPLIFIED OST - Chipzel,"Action, Indie, RPG",,,,Brace Yourself Games,,0.0,steamspy,,True
314680,Crypt of the Necrodancer Original Danny Baranowsky Soundtrack,"Action, Indie, RPG",,,,Brace Yourself Games,,0.0,steamspy,,True
580250,Crypt of the Serpent King Demo,"Action, Indie, RPG",,,,Rendercode Games,Rendercode Games,0.0,steamspy,,True
424120,Cryptark Soundtrack,"Action, Adventure, Indie, Strategy",,,,Alientrap,Alientrap,0.0,steamspy,,True
5085,Crysis HD Trailer,"Action, Adventure, Shooter",,,,,,0.0,steamspy,,True
5083,Crysis Warhead HD Trailer,"Action, Adventure, Shooter",,,,Crytek,Electronic Arts,0.0,steamspy,,True
5086,Crysis Wars HD Trailer,"Action, Adventure, Shooter",,,,,,0.0,steamspy,,True
346480,Crystal Story II - Soundtrack,"Adventure, Indie, RPG, Strategy",,,,MDKSound,Lanstrash,0.0,steamspy,,True
396190,Crystal Towers 2 Demo,"Action, Indie",,,,David Newton,David Newton,0.0,steamspy,,True
617200,Crystalline Demo,"Action, Adventure, Indie, RPG, Simulation, Visual Novel",,,,PixelFade Inc,PixelFade Inc,0.0,steamspy,,True
820430,Crystals and Curses Demo,"Adventure, Casual, Indie, Puzzle, Strategy",,,,Leapdoctor Games,Leapdoctor Games,0.0,steamspy,,True
80940,Cthulhu Save the World Trailer,"Action, Adventure, Indie, JRPG, RPG",,,,Zeboyd Games,Zeboyd Games,0.0,steamspy,,True
1456230,Cthulhu: Death Escape / 克苏鲁:死亡逃脱 Prototype,"Action, Adventure, Horror, Indie, Puzzle, Shooter",,,,Darktree Game Studio,Darktree Game Studio,0.0,steamspy,23.0,True
747530,Cube Racer Demo,"Action, Casual, Indie, Racing",,,,Simon Blasen,Simon Blasen,0.0,steamspy,6.0,True
872120,Cube Universe Demo,"Action, Indie, RPG, Survival",,,,Beosar,Beosar,0.0,steamspy,,True
81475,Cubemen Trailer ,"Indie, Strategy, Tower Defense",,,,Three Sprockets,Three Sprockets,0.0,steamspy,,True
1059950,Cubicity: Slide puzzle Demo,"Adventure, Indie, Puzzle",,,,Pirate Parrot,Pirate Parrot,0.0,steamspy,,True
550480,Cubotrox Demo,"Action, Casual, Indie, Puzzle",,,,The Barberians Game Studio,Talking About Media,0.0,steamspy,,True
511200,Cubway - Original Ost + 5 bonus tracks,"Action, Adventure, Indie",,,,Armnomads LLC,,0.0,steamspy,,True
2101600,Cult Of Babel : Prologue,"Action, Casual, RPG, Roguelike, Shooter",,,,Menacing Aura Games,Menacing Aura Games,0.0,steamspy,,True
1071450,Cultist Simulator Demo,"Card & Board, Casual, Horror, Indie, RPG, Simulation, Strategy",,,,Weather Factory,Humble Bundle,0.0,steamspy,,True
988320,Cultist Simulator: Original Soundtrack,"Indie, RPG, Simulation",,,,Weather Factory,Weather Factory,0.0,steamspy,,True
704710,Cuphead - Official Soundtrack,"Action, Indie",,,,StudioMDHR Entertainment Inc.,,0.0,steamspy,,True
408510,Curious Expedition OST & Artbook,"Adventure, Indie, RPG, Simulation, Strategy",,,,Maschinen-Mensch,,0.0,steamspy,,True
373690,Cursed Sight - Digital artbook,"Indie, Visual Novel",,,,InvertMouse,InvertMouse,0.0,steamspy,,True
372660,Cursed Sight - Original Soundtrack,"Indie, Visual Novel",,,,InvertMouse,InvertMouse,0.0,steamspy,,True
360560,Cursed Sight Demo,"Indie, Visual Novel",,,,InvertMouse,InvertMouse,0.0,steamspy,,True
958030,Cursed Town Demo,"Adventure, Horror, RPG, Survival",,,,RPG Adventures Team,RPG Adventures Team,0.0,steamspy,,True
608740,Custom Town Demo,"Action, Adventure, Casual, Indie, RPG, Racing, Simulation, Strategy",,,,CFM Games,CFM Games,0.0,steamspy,,True
1308870,Cyber Ops Prologue,"Action, Indie, RPG, Simulation, Strategy",,,,Octeto Studios,Games Operators,0.0,steamspy,,True
644730,CyberDrifter Demo,"Action, Indie, Shooter",,,,UziGames,UziGames,0.0,steamspy,,True
927110,CyberRebeat -The Fifth Domain of Warfare- Demo,"Casual, Indie, Visual Novel",,,,E.N.Nach,Sekai Project,0.0,steamspy,,True
520740,CyberThreat Demo,"Action, Indie, Shooter",,,,Enigmatic,Enigmatic,0.0,steamspy,,True
636880,Cyberhunt: Original Soundtrack,"Action, Adventure, Casual, Indie",,,,NukGames,NukGames,0.0,steamspy,,True
487410,Cyberpong VR Demo,"Action, Casual, Sports",,,,Colopl NI,Colopl NI,0.0,steamspy,,True
891910,Cybrus Demo,"Action, Adventure, Indie, RPG, Strategy",,,,ThatGuyGilby,ThatGuyGilby,0.0,steamspy,,True
645671,D&D Lords of Waterdeep: Skullport expansion,Strategy,,,,"Playdek, Inc.","Playdek, Inc.",0.0,steamspy,,True
645670,D&D Lords of Waterdeep: Undermountain expansion,Strategy,,,,"Playdek, Inc.","Playdek, Inc.",0.0,steamspy,,True
712720,D'LIRIUM Soundtrack,"Action, Adventure, Indie",,,,B52 Development Team,B52 Development Team,0.0,steamspy,,True
5109,D.I.P.R.I.P. Warm Up Trailer,"Action, Indie, Racing, Shooter",,,,,,0.0,steamspy,,True
384222,D4: Amanda's Costume Full Unlock Key,"Adventure, Casual, Indie",,,,Access Games,PLAYISM,0.0,steamspy,,True
384220,D4: David's Costume Full Unlock Key,"Adventure, Casual, Indie",,,,Access Games,PLAYISM,0.0,steamspy,,True
384221,D4: Forrest's Costume Full Unlock Key,"Adventure, Casual, Indie",,,,Access Games,AGM PLAYISM,0.0,steamspy,,True
372510,D4: Mini Soundtrack,"Adventure, Casual, Indie",,,,Access Games,PLAYISM,0.0,steamspy,,True
384223,D4: Olivia's Costume Full Unlock Key,"Adventure, Casual, Indie",,,,Access Games,PLAYISM,0.0,steamspy,,True
373560,D4: Special Costume Set -12 Beers-,"Adventure, Casual, Indie",,,,Access Games,AGM PLAYISM,0.0,steamspy,,True
431350,DARIUSBURST Chronicle Saviours - Darius Odyssey Digital Guidebook,Action,,,,"Pyramid, KADOKAWA CORPORATION",KOMODO,0.0,steamspy,,True
249170,DARK - Cult of the Dead DLC,"Action, RPG",,,,Realmforge Studios,,0.0,steamspy,,True
984970,DARK PLACES - Support DLC,"Adventure, Indie, Simulation",,,,Madbox Entertainmet,Madbox Entertainmet,0.0,steamspy,,True
284450,DARK SOULS II - Season Pass,"Action, Adventure, RPG",,,,"FromSoftware, Inc.","FromSoftware, Inc., BANDAI NAMCO Entertainement",0.0,steamspy,,True
5841,DC Universe Online - E3 Trailer,"Action, Adventure, Fighting, Indie, Massively Multiplayer, RPG",,,,Sony Online Entertainment,Sony Online Entertainment,0.0,steamspy,,True
652220,DC Wonder: Unlimited Demo,"Action, Indie",,,,Anthony Tyler Jr.,Enterbrain,0.0,steamspy,,True
813200,DDS(D.I.Y Drone Simulator) Demo,"Racing, Sports",,,,Juicy Lab,Juicy Lab,0.0,steamspy,,True
531162,DEAD OR ALIVE 5 Last Round: Core Fighters Character: Alpha-152,Action,,,,"Team NINJA, KOEI TECMO GAMES CO., LTD.",,0.0,steamspy,,True
872770,DEATHGARDEN - Origin Sets & Artbook,Action,,,,Behaviour Digital Inc.,Behaviour Digital Inc.,0.0,steamspy,,True
915350,DEATHGARDEN - Original Soundtrack,Action,,,,Behaviour Digital Inc.,Behaviour Digital Inc.,0.0,steamspy,,True
209772,DEFCON Soundtrack,"Indie, Strategy",,,,Introversion Software,Introversion Software,0.0,steamspy,,True
1008730,DEMON'S TILT Collectors Pack,"Action, Indie",,,,"WIZNWAR, FLARB LLC",FLARB LLC,0.0,steamspy,,True
2421770,DEMONIAC WORDS,"Adventure, Casual, RPG, Visual Novel",,,,Our Pencils,Our Pencils,0.0,steamspy,,True
3635380,DEMONK,"Action, Adventure, Horror",,,,VETO GAMES,VETO GAMES,0.0,steamspy,,True
1805570,DEMONS,"Indie, Strategy","21 Jul, 2025",False,"₩ 5,600","Andrew Fender, Alastair Headden",Joe Fender,0.0,appdetails,11.0,True
331050,DEMONS AGE,"Adventure, RPG",,,,BIGMOON ENTERTAINMENT,BIGMOON ENTERTAINMENT,0.0,steamspy,,True
710680,DERU - The Art of Cooperation Demo,"Casual, Indie, Puzzle",,,,Ink Kit,Ink Kit,0.0,steamspy,,True
805060,DESOLATE - Original Soundtrack,"Action, Adventure, RPG",,,,Nearga,HypeTrain Digital,0.0,steamspy,,True
602440,DESYNC: The Original Soundtrack - Volume 1 (Daniel Deluxe),"Action, Indie",,,,The Foregone Syndicate,Adult Swim Games,0.0,steamspy,,True
602441,DESYNC: The Original Soundtrack - Volume 2 (Volkor X),"Action, Indie",,,,The Foregone Syndicate,Adult Swim Games,0.0,steamspy,,True
80875,DETOUR Launch Trailer,"Action, Casual, Indie, Puzzle, Simulation, Strategy",,,,,,0.0,steamspy,,True
405350,DGU Demo,"Action, Adventure, Casual, Indie, Strategy",,,,DSK Green Ice Games,KISS ltd,0.0,steamspy,,True
806980,DJ Mole Demo,"Action, Casual, Indie, Puzzle, Strategy",,,,LittleAngel Studio,OtakuMaker SARL,0.0,steamspy,,True
226666,DLC - Crusader Kings II: Customization Pack,"Simulation, Strategy",,,,Paradox Development Studio,Paradox Interactive,0.0,steamspy,,True
226665,DLC - Crusader Kings II: Europa Universalis IV Converter,"Simulation, Strategy",,,,Paradox Development Studio,Paradox Interactive,0.0,steamspy,,True
203776,DLC - Crusader Kings II: Ruler Designer,Strategy,,,,Paradox Development Studio,Paradox Interactive,0.0,steamspy,,True
627390,DLC - WRC 7 Porsche Car,Racing,,,,KT Racing,Nacon,0.0,steamspy,,True
782620,DLC Character - Freyja,"Action, Indie",,,,Digital Crafter,,0.0,steamspy,,True
230050,DLC Quest,"Action, Adventure, Casual, Indie, Metroidvania, Platformer",,,,Going Loud Studios,Going Loud Studios,0.0,steamspy,1032.0,True
361060,"DLC""The Rainy Port Keelung - Radio Drama""(Only audio, no subtitles)","Adventure, Indie",,,,Erotes Studio,Erotes Studio,0.0,steamspy,,True
535950,DOA5LR Halloween 2016 Costume Set,Action,,,,"Team NINJA, KOEI TECMO GAMES CO., LTD.",,0.0,steamspy,,True
724060,DOA5LR Halloween Costumes 2017 Full Set,Action,,,,"Team NINJA, KOEI TECMO GAMES CO., LTD.","KOEI TECMO GAMES CO., LTD.",0.0,steamspy,,True
572030,DOA5LR High Society Costume Set,Action,,,,"Team NINJA, KOEI TECMO GAMES CO., LTD.",,0.0,steamspy,,True
627980,DOA5LR Rodeo Time Costume Set,Action,,,,"Team NINJA, KOEI TECMO GAMES CO., LTD.","KOEI TECMO GAMES CO., LTD.",0.0,steamspy,,True
614020,DOA5LR Shrine Maiden Costume Set,Action,,,,"Team NINJA, KOEI TECMO GAMES CO., LTD.","KOEI TECMO GAMES CO., LTD.",0.0,steamspy,,True
547230,DOA5LR Summer Festival Costume Set,Action,,,,"Team NINJA, KOEI TECMO GAMES CO., LTD.",,0.0,steamspy,,True
755860,DOA5LR TECMO 50th Anniversary Costume Set,Action,,,,"Team NINJA, KOEI TECMO GAMES CO., LTD.","KOEI TECMO GAMES CO., LTD.",0.0,steamspy,,True
1099213,DOA6 Happy Wedding Costume Vol.1 - Bass,Action,,,,"KOEI TECMO GAMES CO., LTD.","KOEI TECMO GAMES CO., LTD.",0.0,steamspy,,True
1099202,DOA6 Happy Wedding Costume Vol.1 - Marie Rose,Action,,,,"KOEI TECMO GAMES CO., LTD.","KOEI TECMO GAMES CO., LTD.",0.0,steamspy,,True
1042850,DOA6 Happy Wedding Costume Vol.1 Set,Action,,,,"KOEI TECMO GAMES CO., LTD.","KOEI TECMO GAMES CO., LTD.",0.0,steamspy,,True
1042851,DOA6 Happy Wedding Costume Vol.2 Set,Action,,,,"KOEI TECMO GAMES CO., LTD.","KOEI TECMO GAMES CO., LTD.",0.0,steamspy,,True
1074277,DOA6 Kula Diamond + Debut Costume Set,Action,,,,"KOEI TECMO GAMES CO., LTD.","KOEI TECMO GAMES CO., LTD.",0.0,steamspy,,True
1074276,DOA6 Kula Diamond Debut Costume Set,Action,,,,"KOEI TECMO GAMES CO., LTD.","KOEI TECMO GAMES CO., LTD.",0.0,steamspy,,True
1074267,DOA6 Mai Shiranui + Debut Costume Set,Action,,,,"KOEI TECMO GAMES CO., LTD.","KOEI TECMO GAMES CO., LTD.",0.0,steamspy,,True
1058120,DOA6 Pirates of the 7 Seas Costumes Vol.1 Set,Action,,,,"KOEI TECMO GAMES CO., LTD.","KOEI TECMO GAMES CO., LTD.",0.0,steamspy,,True
1058121,DOA6 Pirates of the 7 Seas Costumes Vol.2 Set,Action,,,,"KOEI TECMO GAMES CO., LTD.","KOEI TECMO GAMES CO., LTD.",0.0,steamspy,,True
1033490,DOA6 Season Pass 1,Action,,,,"KOEI TECMO GAMES CO., LTD.","KOEI TECMO GAMES CO., LTD.",0.0,steamspy,,True
1111440,DOA6 Season Pass 2,Action,,,,"KOEI TECMO GAMES CO., LTD.","KOEI TECMO GAMES CO., LTD.",0.0,steamspy,,True
979700,"DOKA 2: Humans, Wizards and Elves DLC#1","Action, Adventure, Casual, Indie, RPG, Simulation",,,,Agafonoff,Agafonoff,0.0,steamspy,,True
1019470,DOOMED Demo,"Action, Adventure, Horror, Indie, Shooter, Simulation",,,,Bloody Pixel,Bloody Pixel,0.0,steamspy,,True
758771,DRAGON BALL FighterZ - SSGSS Lobby Avatars,Action,,,,Arc System Works,Bandai Namco Entertainment,0.0,steamspy,,True
739281,DRAGON BALL XENOVERSE 2 - Extra DLC Pack 1,"Action, Adventure, Casual, Massively Multiplayer",,,,"QLOC, DIMPS",BANDAI NAMCO Entertainment,0.0,steamspy,,True
739282,DRAGON BALL XENOVERSE 2 - Extra DLC Pack 2,"Action, Adventure, Casual, Massively Multiplayer",,,,"QLOC, DIMPS",BANDAI NAMCO Entertainment,0.0,steamspy,,True
740143,DRAGON BALL XENOVERSE 2 - Extra DLC Pack 4,"Action, Adventure, Casual, Massively Multiplayer",,,,"QLOC, DIMPS",BANDAI NAMCO Entertainment,0.0,steamspy,,True
422190,DROD: Smitemaster's Selection Expansions 1+2,"Adventure, Indie, Strategy",,,,Caravel Games,Caravel Games,0.0,steamspy,,True
57710,DUNGEONS - Steam Special Edition Demo,"RPG, Simulation, Strategy",,,,Realmforge Studios,Kalypso Media Digital,0.0,steamspy,,True
503260,DUO Demo,"Action, Casual, Indie, Sports",,,,NiVision,NiVision,0.0,steamspy,,True
349940,DW8E: BGM Pack,Action,,,,"KOEI TECMO GAMES CO., LTD.",,0.0,steamspy,,True
349936,DW8E: DW7 Original Costume Pack 1,Action,,,,"KOEI TECMO GAMES CO., LTD.",,0.0,steamspy,,True
349937,DW8E: DW7 Original Costume Pack 2,Action,,,,"KOEI TECMO GAMES CO., LTD.",,0.0,steamspy,,True
349938,DW8E: DW7 Original Costume Pack 3,Action,,,,"KOEI TECMO GAMES CO., LTD.",,0.0,steamspy,,True
349932,DW8E: Old Costume Pack 1,Action,,,,"KOEI TECMO GAMES CO., LTD.",,0.0,steamspy,,True
349933,DW8E: Old Costume Pack 2,Action,,,,"KOEI TECMO GAMES CO., LTD.",,0.0,steamspy,,True
349934,DW8E: Old Costume Pack 3,Action,,,,"KOEI TECMO GAMES CO., LTD.",,0.0,steamspy,,True
349935,DW8E: Old Costume Pack 4,Action,,,,"KOEI TECMO GAMES CO., LTD.",,0.0,steamspy,,True
348687,"DW8E: Scenario, BGM and Edit Parts Pack",Action,,,,"KOEI TECMO GAMES CO., LTD.",,0.0,steamspy,,True
349930,DW8E: Special Costume Pack 1,Action,,,,"KOEI TECMO GAMES CO., LTD.",,0.0,steamspy,,True
349931,DW8E: Special Costume Pack 2,Action,,,,"KOEI TECMO GAMES CO., LTD.",,0.0,steamspy,,True
316820,DW8XLCE - BGM PACK,Action,,,,"KOEI TECMO GAMES CO., LTD.","KOEI TECMO GAMES CO., LTD.",0.0,steamspy,,True
316860,DW8XLCE - DW7 ORIGINAL COSTUME PACK 1,Action,,,,"KOEI TECMO GAMES CO., LTD.","KOEI TECMO GAMES CO., LTD.",0.0,steamspy,,True
316861,DW8XLCE - DW7 ORIGINAL COSTUME PACK 2,Action,,,,"KOEI TECMO GAMES CO., LTD.","KOEI TECMO GAMES CO., LTD.",0.0,steamspy,,True
316862,DW8XLCE - DW7 ORIGINAL COSTUME PACK 3,Action,,,,"KOEI TECMO GAMES CO., LTD.","KOEI TECMO GAMES CO., LTD.",0.0,steamspy,,True
316442,DW8XLCE - OLD COSTUME PACK 1,Action,,,,"KOEI TECMO GAMES CO., LTD.","KOEI TECMO GAMES CO., LTD.",0.0,steamspy,,True
316443,DW8XLCE - OLD COSTUME PACK 2,Action,,,,"KOEI TECMO GAMES CO., LTD.","KOEI TECMO GAMES CO., LTD.",0.0,steamspy,,True
316444,DW8XLCE - OLD COSTUME PACK 3,Action,,,,"KOEI TECMO GAMES CO., LTD.","KOEI TECMO GAMES CO., LTD.",0.0,steamspy,,True
316445,DW8XLCE - OLD COSTUME PACK 4,Action,,,,"KOEI TECMO GAMES CO., LTD.","KOEI TECMO GAMES CO., LTD.",0.0,steamspy,,True
316863,DW8XLCE - ORIGINAL COSTUME PACK,Action,,,,"KOEI TECMO GAMES CO., LTD.","KOEI TECMO GAMES CO., LTD.",0.0,steamspy,,True
316440,DW8XLCE - SPECIAL COSTUME PACK 1 & SPECIAL WEAPON,Action,,,,"KOEI TECMO GAMES CO., LTD.","KOEI TECMO GAMES CO., LTD.",0.0,steamspy,,True
316441,DW8XLCE - SPECIAL COSTUME PACK 2,Action,,,,"KOEI TECMO GAMES CO., LTD.","KOEI TECMO GAMES CO., LTD.",0.0,steamspy,,True
316821,DW8XLCE - WALLPAPER PACK,Action,,,,"KOEI TECMO GAMES CO., LTD.","KOEI TECMO GAMES CO., LTD.",0.0,steamspy,,True
1001784,DX-Ball 2: 20th Anniversary Edition - Season Pass,"Casual, Indie",,,,Longbow Games,Longbow Games,0.0,steamspy,,True
776520,DYNASTY WARRIORS 9/: Bonus DLC Set,Action,,,,"KOEI TECMO GAMES CO., LTD.","KOEI TECMO GAMES CO., LTD.",0.0,steamspy,,True
964936,DYNASTY WARRIORS 9: Bao Sanniang (Cheerleaders Costume) / 鮑三娘 「チアガール風コスチューム」,Action,,,,"KOEI TECMO GAMES CO., LTD.","KOEI TECMO GAMES CO., LTD.",0.0,steamspy,,True
978851,DYNASTY WARRIORS 9: Cai Wenji (Maid Costume) / 蔡文姫 「メイド風コスチューム」,Action,,,,"KOEI TECMO GAMES CO., LTD.","KOEI TECMO GAMES CO., LTD.",0.0,steamspy,,True
964932,DYNASTY WARRIORS 9: Daqiao (High school girls Costume) / 大喬 「女子高生風コスチューム」,Action,,,,"KOEI TECMO GAMES CO., LTD.","KOEI TECMO GAMES CO., LTD.",0.0,steamspy,,True
978855,DYNASTY WARRIORS 9: Diaochan (Bride Costume) / 貂蝉 「花嫁風コスチューム」,Action,,,,"KOEI TECMO GAMES CO., LTD.","KOEI TECMO GAMES CO., LTD.",0.0,steamspy,,True
978857,DYNASTY WARRIORS 9: Dong Bai (Cutesy Goth Costume) / 董白 「ゴスロリ制服風コスチューム」,Action,,,,"KOEI TECMO GAMES CO., LTD.","KOEI TECMO GAMES CO., LTD.",0.0,steamspy,,True
1019964,"DYNASTY WARRIORS 9: Guan Yinping ""Knight Costume"" / 関銀屏「騎士風コスチューム」",Action,,,,"KOEI TECMO GAMES CO., LTD.","KOEI TECMO GAMES CO., LTD.",0.0,steamspy,,True
964937,DYNASTY WARRIORS 9: Guan Yinping (High school girls Costume) / 関銀屏 「女子高生風コスチューム」,Action,,,,"KOEI TECMO GAMES CO., LTD.","KOEI TECMO GAMES CO., LTD.",0.0,steamspy,,True
1019971,"DYNASTY WARRIORS 9: Li Dian ""Knight Costume"" / 李典「騎士風コスチューム」",Action,,,,"KOEI TECMO GAMES CO., LTD.","KOEI TECMO GAMES CO., LTD.",0.0,steamspy,,True
964933,DYNASTY WARRIORS 9: Lianshi (Police Officer Costume) / 練師 「警官風コスチューム」,Action,,,,"KOEI TECMO GAMES CO., LTD.","KOEI TECMO GAMES CO., LTD.",0.0,steamspy,,True
978856,DYNASTY WARRIORS 9: Lu Lingqi (High School Girls Costume) / 呂玲綺 「女子高生風コスチューム」,Action,,,,"KOEI TECMO GAMES CO., LTD.","KOEI TECMO GAMES CO., LTD.",0.0,steamspy,,True
1019961,"DYNASTY WARRIORS 9: Lu Xun ""Knight Costume"" / 陸遜「騎士風コスチューム」",Action,,,,"KOEI TECMO GAMES CO., LTD.","KOEI TECMO GAMES CO., LTD.",0.0,steamspy,,True
1019986,"DYNASTY WARRIORS 9: Ma Dai ""Knight Costume"" / 馬岱「騎士風コスチューム」",Action,,,,"KOEI TECMO GAMES CO., LTD.","KOEI TECMO GAMES CO., LTD.",0.0,steamspy,,True
964930,DYNASTY WARRIORS 9: Season Pass 2 / シーズンパス２,Action,,,,"KOEI TECMO GAMES CO., LTD.","KOEI TECMO GAMES CO., LTD.",0.0,steamspy,,True
1019960,DYNASTY WARRIORS 9: Season Pass 3 / シーズンパス３,Action,,,,"KOEI TECMO GAMES CO., LTD.","KOEI TECMO GAMES CO., LTD.",0.0,steamspy,,True
964931,DYNASTY WARRIORS 9: Sun Shangxiang (High School Girl Costume) / 孫尚香 「女子高生風コスチューム」,Action,,,,"KOEI TECMO GAMES CO., LTD.","KOEI TECMO GAMES CO., LTD.",0.0,steamspy,,True
978852,DYNASTY WARRIORS 9: Wang Yi (Sommelier Costume) / 王異 「ソムリエ風コスチューム」,Action,,,,"KOEI TECMO GAMES CO., LTD.","KOEI TECMO GAMES CO., LTD.",0.0,steamspy,,True
1019968,"DYNASTY WARRIORS 9: Wang Yuanji ""Knight Costume"" / 王元姫「騎士風コスチューム」",Action,,,,"KOEI TECMO GAMES CO., LTD.","KOEI TECMO GAMES CO., LTD.",0.0,steamspy,,True
978854,DYNASTY WARRIORS 9: Wang Yuanji (Nurse Costume) / 王元姫 「ナース風コスチューム」,Action,,,,"KOEI TECMO GAMES CO., LTD.","KOEI TECMO GAMES CO., LTD.",0.0,steamspy,,True
964938,DYNASTY WARRIORS 9: Xiahouji (New wife Costume) / 夏侯姫 「新妻風コスチューム」,Action,,,,"KOEI TECMO GAMES CO., LTD.","KOEI TECMO GAMES CO., LTD.",0.0,steamspy,,True
964934,DYNASTY WARRIORS 9: Xiaoqiao (High School Girl Costume) / 小喬 「女子高生風コスチューム」,Action,,,,"KOEI TECMO GAMES CO., LTD.","KOEI TECMO GAMES CO., LTD.",0.0,steamspy,,True
1019988,"DYNASTY WARRIORS 9: Xin Xianying ""Knight Costume"" / 辛憲英「騎士風コスチューム」",Action,,,,"KOEI TECMO GAMES CO., LTD.","KOEI TECMO GAMES CO., LTD.",0.0,steamspy,,True
978853,DYNASTY WARRIORS 9: Xin Xianying (Concierge Costume) / 辛憲英 「コンシェルジュ風コスチューム」,Action,,,,"KOEI TECMO GAMES CO., LTD.","KOEI TECMO GAMES CO., LTD.",0.0,steamspy,,True
1019962,"DYNASTY WARRIORS 9: Xingcai ""Knight Costume"" / 星彩「騎士風コスチューム」",Action,,,,"KOEI TECMO GAMES CO., LTD.","KOEI TECMO GAMES CO., LTD.",0.0,steamspy,,True
964935,DYNASTY WARRIORS 9: Xingcai (High school girls Costume) / 星彩 「女子高生風コスチューム」,Action,,,,"KOEI TECMO GAMES CO., LTD.","KOEI TECMO GAMES CO., LTD.",0.0,steamspy,,True
1019963,"DYNASTY WARRIORS 9: Xun Yu ""Knight Costume"" / 荀彧「騎士風コスチューム」",Action,,,,"KOEI TECMO GAMES CO., LTD.","KOEI TECMO GAMES CO., LTD.",0.0,steamspy,,True
1019970,"DYNASTY WARRIORS 9: Yue Jin ""Knight Costume"" / 楽進「騎士風コスチューム」",Action,,,,"KOEI TECMO GAMES CO., LTD.","KOEI TECMO GAMES CO., LTD.",0.0,steamspy,,True
978850,DYNASTY WARRIORS 9: Zhenji (Flight Attendant Costume) / 甄姫 「CA風コスチューム」,Action,,,,"KOEI TECMO GAMES CO., LTD.","KOEI TECMO GAMES CO., LTD.",0.0,steamspy,,True
776530,DYNASTY WARRIORS 9:Season Pass/真・三國無双８:シーズンパス,Action,,,,"KOEI TECMO GAMES CO., LTD.","KOEI TECMO GAMES CO., LTD.",0.0,steamspy,,True
797260,DYO Demo,"Indie, Platformer, Puzzle",,,,Team DYO,Team DYO,0.0,steamspy,2.0,True
333670,Daedalus - No Escape Demo,"Action, Indie, Shooter",,,,Patrice Meneguzzi,Patrice Meneguzzi,0.0,steamspy,,True
490980,Daily Chthonicle: Editor's Edition,"Adventure, Casual, Horror, Indie, RPG, Simulation",,,,Sinister Systems,Sometimes You,0.0,steamspy,,True
215410,Damage Inc Demo,"Action, Simulation",,,,Trickstar Games,Mad Catz,0.0,steamspy,,True
81896,Damage Inc Launch Trailer,"Action, Simulation",,,,Trickstar Games,Mad Catz,0.0,steamspy,,True
5256,Damnation - Steam Punk Trailer,"Action, Adventure, Shooter",,,,Blue Omega Entertainment,Codemasters,0.0,steamspy,,True
673030,Damned Hours Demo,"Action, Adventure, Casual, Horror, Indie, Simulation, Strategy",,,,"Delusion Arts Entertainment, LLC","Delusion Arts Entertainment, LLC",0.0,steamspy,,True
2516700,Dance Dash Beatmap Editor,Indie,,,,Rebuff Reality,Rebuff Reality,0.0,steamspy,,True
744990,Dandara: Trials of Fear Edition Soundtrack ,"Action, Indie",,,,Long Hat House,Raw Fury,0.0,steamspy,,True
323760,Dandelion - Wishes brought to you - Demo,"Simulation, Visual Novel",,,,"Sujin Ri, Marcos Arroyo, Seona Lee, Somi Lee, Sohyeon Jeon",Cheritz,0.0,steamspy,,True
404450,Dandelion - Wishes brought to you - OST,Simulation,,,,Cheritz,Cheritz,0.0,steamspy,,True
390060,Dandy Original Soundtrack,"Action, Indie",,,,"wefiends, Inc.",,0.0,steamspy,,True
707390,Danganronpa V3: Killing Harmony OST,Adventure,,,,"Spike Chunsoft Co., Ltd.",,0.0,steamspy,,True
5459,Dangerous High School Girls in Trouble HD Trailer,"Card & Board, Casual, Indie, RPG",,,,,,0.0,steamspy,,True
902,Dangerous Waters Trailer,"Simulation, Strategy",,,,,,0.0,steamspy,,True
2255910,Dark Days : Devil Hunt Prologue,"Action, Adventure, Indie, RPG","11 Jan, 2023",True,,Mavi Game Studios,Mavi Game Studios,0.0,appdetails,17.0,True
81776,Dark Eye Trailer PEGI,"Adventure, Puzzle",,,,,,0.0,steamspy,,True
923280,Dark Forester Demo,"Indie, Massively Multiplayer, RPG, Strategy",,,,Morozov Sergey,Morozov Sergey,0.0,steamspy,,True
1776590,Dark Gravity: Prologue,"Action, Indie, Shooter",,,,Korgorus,"GamePlanet, G-DEVS.com",0.0,steamspy,,True
940,Dark Messiah Launch Trailer,"Action, Adventure, RPG",,,,Arkane Studios,Ubisoft,0.0,steamspy,,True
2120,Dark Messiah Singleplayer Demo,"Action, Adventure, RPG",,,,Arkane Studios,Ubisoft,0.0,steamspy,,True
660910,Dark Mystery Demo,"Adventure, Indie, Strategy",,,,Yash Future Tech Solutions Pvt Ltd,Yash Future Tech Solutions Pvt Ltd,0.0,steamspy,,True
81951,Dark Souls GamesCom Trailer PEGI,"Action, Adventure, RPG",,,,,,0.0,steamspy,,True
81964,Dark Souls PTDE  Release Trailer,"Action, Adventure, RPG",,,,FromSoftware,Namco Bandai Games,0.0,steamspy,,True
81713,Dark Souls Trailer ESRB,"Action, Adventure, RPG",,,,FromSoftware,Namco Bandai Games,0.0,steamspy,,True
81716,Dark Souls Trailer PEGI,"Action, Adventure, RPG",,,,,,0.0,steamspy,,True
81714,Dark Souls Trailer USK,"Action, Adventure, RPG",,,,,,0.0,steamspy,,True
605660,Dark Train Demo,"Adventure, Indie, Puzzle",,,,Paperash Studio,Paperash Studio,0.0,steamspy,,True
5551,Dark Void Trailer,"Action, Adventure, Shooter",,,,Airtight Games,Capcom,0.0,steamspy,,True
5646,Dark Void Zero Trailer,"Action, Adventure, Platformer",,,,Other Ocean Interactive,Capcom,0.0,steamspy,,True
444820,DarkMaus Soundtrack,"Action, Indie, RPG",,,,Eric Hopton,,0.0,steamspy,,True
605440,Darkarta: A Broken Heart's Quest Collector's Edition Demo,"Adventure, Casual, Indie, Puzzle",,,,Tuttifrutti Interactive,Tuttifrutti Interactive,0.0,steamspy,5.0,True
705360,Darkarta: A Broken Heart's Quest Standard Edition Demo,"Adventure, Casual, Indie, Puzzle",,,,Tuttifrutti Interactive,Tuttifrutti Interactive,0.0,steamspy,,True
345800,Darkest Dungeon Soundtrack,"Indie, RPG, Strategy",,,,Stuart Chatwood,Red Hook Studios,0.0,steamspy,,True
5338,Darkest of Days Instructional Trailer,Action,,,,,,0.0,steamspy,,True
5339,Darkest of Days Trailer,Action,,,,,,0.0,steamspy,,True
706830,Darkestville Castle Demo,"Adventure, Indie, Puzzle",,,,Epic llama,Buka Entertainment,0.0,steamspy,,True
369470,Darkness Assault - New Costumes,"Action, Indie",,,,Black Lime Studio,Black Lime Studio,0.0,steamspy,,True
339430,Darkness Assault - Soundtrack,Action,,,,Black Lime Studio,Black Lime Studio,0.0,steamspy,,True
781970,Darkness Restricted Demo,"Action, Casual, Indie, Simulation, Strategy",,,,Remi George,Remi George,0.0,steamspy,1.0,True
414640,Darkness Within 2: The Dark Lineage OST,"Adventure, Indie",,,,Stormling Studios,Iceberg Interactive,0.0,steamspy,,True
414680,Darkness Within: In Pursuit of Loath Nolder - OST,"Adventure, Indie",,,,Stormling Studios,Iceberg Interactive,0.0,steamspy,,True
560980,Darkness and Flame: Born of Fire Demo,"Adventure, Casual",,,,FIVE-BN GAMES,FIVE-BN GAMES,0.0,steamspy,,True
646340,Darkness and Flame: Missing Memories Demo,"Adventure, Casual",,,,FIVE-BN GAMES,FIVE-BN GAMES,0.0,steamspy,,True
417380,Darksiders II Deathinitive Edition Soundtrack,"Action, Adventure, RPG",,,,"Gunfire Games, Vigil Games, THQ Nordic",THQ Nordic,0.0,steamspy,,True
572020,Darwin's Demons,"Action, Casual, Indie, Simulation",,,,Polymorphic Games,"Polymorphic Games, University of Idaho",0.0,steamspy,,True
1502,Darwinia Demo,"Action, Indie, Strategy",,,,Introversion Software,Introversion Software,0.0,steamspy,,True
209771,Darwinia Soundtrack,"Indie, Strategy",,,,Introversion Software,Introversion Software,0.0,steamspy,,True
5803,Darwinia trailer,"Action, Indie, Strategy",,,,Introversion Software,Introversion Software,0.0,steamspy,,True
975480,Das Geisterschiff / The Ghost Ship Demo,"Adventure, Indie, RPG",,,,Graverobber Foundation,Graverobber Foundation,0.0,steamspy,,True
110520,Data Jammers: FastForward Demo,"Action, Indie",,,,Digital Eel,Digital Eel,0.0,steamspy,1.0,True
81203,Data Jammers: FastForward Trailer,"Action, Indie",,,,Digital Eel,Digital Eel,0.0,steamspy,,True
698290,Data Thief Demo,Indie,,,,"James Smith, Nicholas Carlson, Jorge Castaneda, Caliber Seraphim","Ottercopter Studios, LLC",0.0,steamspy,,True
495510,Daughter of Shadows: An SCP Breach Event - Friend and Foe Expansion,"Adventure, Horror, Indie, RPG",,,,Blackrose Industries,Blackrose Industries,0.0,steamspy,,True
994580,Dave Demo,"Adventure, Casual, Indie, Platformer",,,,Rosyaev,Rosyaev,0.0,steamspy,,True
615030,Davyria: Heroes of Eternity Demo,"Action, Adventure, Fighting, Indie, RPG",,,,Sebastian Groll,Sebastian Groll,0.0,steamspy,,True
5020,Dawn of War - Soulstorm HD Trailer,"Action, Adventure, Strategy",,,,Relic Entertainment,THQ,0.0,steamspy,,True
9330,Dawn of War - Winter Assault Demo,"Action, Strategy",,,,Relic Entertainment,THQ,0.0,steamspy,,True
9320,Dawn of War Demo,"Action, Strategy",,,,Relic Entertainment,THQ,0.0,steamspy,,True
727600,Dawn of a Soul Demo,"Casual, Indie, Puzzle",,,,Waldemar Umaniz,Waldemar Umaniz,0.0,steamspy,,True
1018190,Dawn of the Lost Castle Demo,"Action, Adventure, Casual, Indie, RPG, Simulation",,,,HappyGame,HappyGame,0.0,steamspy,,True
918,Day of Defeat: Colmar Trailer,"Action, Massively Multiplayer, Shooter, Simulation, Strategy",,,,,,0.0,steamspy,,True
917,Day of Defeat: Jagd Trailer,"Action, Massively Multiplayer, Shooter, Simulation, Strategy",,,,,,0.0,steamspy,,True
610400,Day of Infamy - Deluxe DLC (Unit Starter Pack and Soundtrack),"Action, Indie, Strategy",,,,New World Interactive,,0.0,steamspy,,True
2978750,DeMonkey,"Action, Adventure, Casual, Horror, Massively Multiplayer, Racing",,,,"DenelVR, twixs",DenelVR,0.0,steamspy,,True
538500,Dead Beats: Soundtrack of Dead,Action,,,,Alec Smith,Milo Games,0.0,steamspy,,True
306160,Dead Bits (Soundtrack),Casual,,,,Microblast Games,,0.0,steamspy,,True
665380,Dead Cells: Soundtrack,"Action, Indie",,,,Yoann Laulan,Motion Twin,0.0,steamspy,,True
475110,Dead Effect 2 Demo,"Action, Horror, Indie, RPG, Shooter, Survival",,,,BadFly Interactive a.s.,BadFly Interactive a.s.,0.0,steamspy,,True
883700,Dead Ground:Arena Demo,"Action, Horror, Indie, Shooter, Survival",,,,VRillAR,VRillAR,0.0,steamspy,,True
80974,Dead Horde Trailer,"Action, Horror, Indie, Shooter, Survival",,,,DnS Development,DnS Development,0.0,steamspy,,True
206730,Dead Hungry Diner Demo,"Casual, Indie",,,,Black Market Games,Black Market Games,0.0,steamspy,,True
81665,Dead Hungry Diner Gameplay Trailer,"Casual, Indie",,,,Black Market Games,Black Market Games,0.0,steamspy,,True
81658,Dead Hungry Diner Trailer,"Casual, Indie",,,,,,0.0,steamspy,,True
81750,Dead Hungry Diner Zen Master Guide,"Casual, Indie",,,,,,0.0,steamspy,,True
396490,Dead In Bermuda Demo,"Adventure, Indie, RPG, Simulation, Strategy",,,,CCCP,Plug In Digital,0.0,steamspy,,True
842090,Dead In Vinland Demo,"Adventure, Indie, RPG, Simulation, Strategy, Survival",,,,CCCP,"Dear Villagers, Plug In Digital",0.0,steamspy,,True
592700,Dead Rising 4 - Season Pass,Action,,,,"Capcom Game Studio Vancouver, Inc.",Capcom,0.0,steamspy,,True
822730,Dead Shot Heroes Demo,"Action, Indie",,,,Martin Kutlak,Martin Kutlak,0.0,steamspy,,True
5163,Dead Space HD Trailer,"Action, Adventure, Horror, Shooter, Survival",,,,EA Redwood Shores,Electronic Arts,0.0,steamspy,,True
346640,Dead State Demo,RPG,,,,DoubleBear Productions,DoubleBear Productions,0.0,steamspy,,True
358870,Dead Synchronicity - Soundtrack,"Adventure, Indie",,,,Fictiorama Studios,,0.0,steamspy,,True
492140,Dead by Daylight - Original Soundtrack,Action,,,,Behaviour Digital Inc.,Behaviour Digital Inc.,0.0,steamspy,,True
82167,Deadlight Fear the End Trailer,"Action, Adventure, Horror, Indie, Platformer, Puzzle, Survival",,,,"Tequila Works, S.L.",,0.0,steamspy,,True
211419,Deadlight Original Soundtrack,Indie,,,,Tequila Works SL,Mrray,0.0,steamspy,,True
82151,Deadlight Trailer,"Action, Adventure, Horror, Indie, Platformer, Puzzle, Survival",,,,,,0.0,steamspy,,True
810150,Deadly Cryptids Demo,"Action, Indie",,,,Timothy Brake,Flow,0.0,steamspy,,True
596510,Deadly Hunter VR Demo,"Action, Adventure, RPG, Simulation, Sports, Strategy",,,,Leiting Interactive,Leiting Interactive,0.0,steamspy,,True
256240,Deadly Premonition: The Director's Cut - Original Soundtrack,"Action, Adventure",,,,,,0.0,steamspy,,True
1029880,Deadsiege Demo,"Action, Adventure, Indie, RPG",,,,Null Pointer Studio,Null Pointer Studio,0.0,steamspy,,True
465420,Deadstone Demo,"Action, Indie, RPG, Shooter, Strategy, Tower Defense",,,,Timeslip Softworks,Timeslip Softworks,0.0,steamspy,,True
81367,Dear Esther Trailer,"Adventure, Casual, Indie",,,,,,0.0,steamspy,,True
961340,Death Collector Demo,"Adventure, Indie, RPG",,,,Choice of Games,Choice of Games,0.0,steamspy,,True
417770,Death Goat Soundtrack Vol. 1,"Action, Casual, Indie",,,,Terminal Press,Terminal Press,0.0,steamspy,,True
81914,Death Rally Launch Trailer,"Action, Racing",,,,"Remedy Entertainment Ltd., Mountain Sheep Inc., Cornfox & Brothers Ltd.",Remedy Entertainment Ltd.,0.0,steamspy,,True
2434090,Death Roads: Tournament Prologue,"Card & Board, Indie, Racing, Strategy",,,,The Knights of Unity,The Knights of Unity,0.0,steamspy,8.0,True
326300,Death Skid Marks Soundtrack,Indie,,,,Studio Whisky Tango Inc.,Studio Whisky Tango Inc.,0.0,steamspy,,True
750750,Death Squared Demo,"Casual, Indie, Puzzle",,,,SMG Studio,SMG Studio,0.0,steamspy,,True
1012381,Death end re;Quest Swimsuit Costume Set,"Action, Adventure, RPG",,,,"Idea Factory, Compile Heart",Idea Factory International,0.0,steamspy,,True
538740,Death's Hangover Demo,"Action, Casual, Indie",,,,Retro Army Limited,Retro Army Limited,0.0,steamspy,,True
978600,Deathdays End Demo,"Adventure, Indie, Visual Novel",,,,Anonymous Games,Anonymous Games,0.0,steamspy,,True
846140,Debugger 3.16: Hack'n'Run Demo,"Action, Adventure, Indie, Platformer, Puzzle",,,,Spiderwork Games,Spiderwork Games,0.0,steamspy,2.0,True
403061,Deception Costume Set,Action,,,,"Team NINJA, KOEI TECMO GAMES CO., LTD.",,0.0,steamspy,,True
540160,Deckbound Heroes (Open Beta),"Indie, Strategy",,,,Deckbound,Deckbound,0.0,steamspy,,True
81578,Deep Black Feature Trailer,"Action, Shooter",,,,Biart,,0.0,steamspy,,True
81573,Deep Black Trailer,"Action, Shooter",,,,,,0.0,steamspy,,True
718100,Deep Dark Fantasies - Artbook,"Adventure, Casual, Indie",,,,"Nikita ""Ghost_RUS""",Ghost_RUS Games,0.0,steamspy,,True
318770,Deep Fritz 14 DLC,Strategy,,,,ChessBase,Viva Media,0.0,steamspy,,True
1649290,Deep Lake: Prologue,"Action, Adventure, Casual, Indie, Visual Novel",,,,"Sinto_Kengeki, Vengersky, Aleksey_Chuyko, Ilya_Chuyko",Kairos GD,0.0,steamspy,,True
802640,Deep Rock Galactic - Original Soundtrack Volume I + II,"Action, Indie",,,,Ghost Ship Games,Coffee Stain Publishing,0.0,steamspy,,True
460880,Deer Man Soundtrack,"Adventure, Casual, Indie",,,,Red Mount Media,Red Mount Media,0.0,steamspy,,True
458880,Defend your Crypt Demo,"Indie, Strategy",,,,Ratalaika Games S.L.,Ratalaika Games S.L.,0.0,steamspy,,True
223090,Defender's Quest: Valley of the Forgotten Demo,"Adventure, Indie, RPG, Strategy, Tower Defense",,,,"Level Up Labs, LLC",Level Up Labs,0.0,steamspy,,True
82173,Defenders Quest Trailer,"Adventure, Indie, RPG, Strategy, Tower Defense",,,,"Level Up Labs, LLC",,0.0,steamspy,,True
203670,Defenders of Ardania Demo,"Strategy, Tower Defense",,,,Most Wanted Entertainment,,0.0,steamspy,,True
81483,Defenders of Ardania Trailer,"Strategy, Tower Defense",,,,Most Wanted Entertainment,Paradox Interactive,0.0,steamspy,,True
326440,Defenders of Time Demo,"Indie, Strategy, Tower Defense",,,,Four Lights,Four Lights,0.0,steamspy,,True
742730,Defense Clicker - Halloween Tower  Skin,"Casual, Strategy",,,,Albatros Softworks,,0.0,steamspy,,True
81316,Defense Grid - You Monster DLC Trailer,"Indie, Strategy, Tower Defense",,,,Hidden Path Entertainment,Hidden Path Entertainment,0.0,steamspy,,True
329260,Defense Grid 2 Demo,Strategy,,,,Hidden Path Entertainment,505 Games,0.0,steamspy,,True
18523,Defense Grid: Containment DLC,"Indie, Strategy, Tower Defense",,,,"Hidden Path Entertainment, Inc.","Hidden Path Entertainment, Inc.",0.0,steamspy,,True
18522,Defense Grid: The Awakening - You Monster DLC,"Indie, Strategy, Tower Defense",,,,Hidden Path Entertainment,Hidden Path Entertainment,0.0,steamspy,,True
18510,Defense Grid: The Awakening Demo,"Action, Adventure, Indie, Strategy, Tower Defense",,,,Hidden Path Entertainment,Hidden Path Entertainment,0.0,steamspy,,True
5153,Defense Grid: The Awakening Trailer,"Adventure, Indie, Strategy, Tower Defense",,,,,,0.0,steamspy,,True
385820,Deficis Demo,"Casual, Indie, Strategy",,,,Gneu LLC,Gneu LLC,0.0,steamspy,2.0,True
451030,Defy Gravity - Soundtrack,"Action, Indie",,,,Paul Fisch,Fish Factory Media,0.0,steamspy,,True
80945,Defy Gravity Trailer,"Action, Casual, Horror, Indie, Platformer, Puzzle, Shooter",,,,,,0.0,steamspy,,True
1518990,Degradation(Alpha),"Action, Roguelike, Shooter",,,,"SRCS, EDGE-GAMES",SRCS,0.0,steamspy,,True
554360,Delicious Emily's Christmas Carol - Soundtrack,"Adventure, Casual, Indie",,,,"Blue Giraffe, GameHouse",GameHouse,0.0,steamspy,,True
946940,Deliver Us The Moon - Original Soundtrack,"Action, Adventure, Indie",,,,KeokeN Interactive,Wired Productions,0.0,steamspy,,True
1099000,Delta G Demo,"Action, Indie",,,,Evols,Evols,0.0,steamspy,1.0,True
650360,Deluxe Content - Cossacks 3: OST,Strategy,,,,GSC Game World,,0.0,steamspy,,True
5931,Delve Deeper Trailer,"Adventure, Indie, RPG, Strategy",,,,Lunar Giant,Lunar Giant Studios,0.0,steamspy,,True
489780,Demetrios - Artbook,"Adventure, Indie",,,,COWCAT,COWCAT,0.0,steamspy,,True
481490,Demetrios - Original Soundtrack,"Adventure, Casual, Indie",,,,COWCAT,COWCAT,0.0,steamspy,,True
472850,Demetrios - The BIG Cynical Adventure Demo,"Adventure, Indie",,,,COWCAT,COWCAT,0.0,steamspy,,True
1100510,Demo,"Action, Indie, RPG, Shooter",,,,,nightowls,0.0,steamspy,,True
218040,Democracy 2,"Indie, Simulation, Strategy",,,,Positech Games,Positech Games,0.0,steamspy,,True
218290,Democracy 2 Demo,"Indie, Simulation, Strategy",,,,Positech Games,Positech,0.0,steamspy,,True
82049,Democracy 2 Trailer,"Indie, Simulation, Strategy",,,,Positech Games,,0.0,steamspy,,True
322000,Democracy 3: Clones and Drones,"Indie, Simulation, Strategy",,,,Positech Games,Positech Games,0.0,steamspy,,True
483450,Democracy 3: Electioneering,"Indie, Simulation, Strategy",,,,Positech Games,,0.0,steamspy,,True
291900,Democracy 3: Extremism,"Indie, Simulation, Strategy",,,,Positech Games,Positech Games,0.0,steamspy,,True
274050,Democracy 3: Social Engineering,"Indie, Simulation, Strategy",,,,Positech Games,Positech Games,0.0,steamspy,,True
3135580,Demolish,"Casual, Platformer, Simulation, Sports",,,,didigames,didigames,0.0,steamspy,,True
470740,Demolish & Build 2017,"Action, Casual, Simulation",,,,Noble Muffins,Demolish Games S.A.,0.0,steamspy,,True
1736090,Demolish & Build VR,"Action, Adventure, Casual, Simulation",,,,Ultimate VR,"Ultimate VR, Demolish Games",0.0,steamspy,,True
2147890,Demolish or Die,"Action, Adventure, Shooter",,,,Douglas Rocha Vasco,Occult Software,0.0,steamspy,,True
467650,Demolition,"Action, Indie, Simulation, Strategy",,,,khos85,khos85,0.0,steamspy,,True
864200,Demolition Ball,"Action, Casual, Indie",,,,CSA Software,CSA Software,0.0,steamspy,,True
1139090,Demolition Expert - The Simulation,"Action, Casual, Simulation",,,,abramedia,United Independent Entertainment,0.0,steamspy,,True
81127,Demolition Inc Trailer,"Action, Casual, Indie, Puzzle, Simulation, Strategy",,,,Zeroscale,Zeroscale,0.0,steamspy,,True
98600,Demolition Inc.,"Action, Casual, Indie, Puzzle, Simulation, Strategy",,,,Zeroscale,Zeroscale,0.0,steamspy,,True
1645180,Demolition Master - Destruction Simulator,"Action, City Builder, Indie, Simulation",,,,KreizLand Games,KreizLand Games,0.0,steamspy,,True
288710,Demolition Master 3D,"Casual, Simulation",,,,Appmania,Libredia,0.0,steamspy,,True
2172750,Demolition Party,"Action, Casual, Indie, Racing, Shooter",,,,Bhor Games,Bhor Games,0.0,steamspy,,True
823230,Demolition Pro Online,Simulation,,,,"Darius Bode, Barbara Bode",Darius Bode,0.0,steamspy,,True
1784550,Demolition race,Racing,,,,xFAIRx,xFAIRx,0.0,steamspy,,True
98610,"Demolition, Inc. Demo","Action, Casual, Indie, Puzzle, Simulation, Strategy",,,,Zeroscale,Zeroscale,0.0,steamspy,,True
3339100,Demon Alive,"Action, Horror, Indie, Shooter",,,,B.S.S.,Peacy Games,0.0,steamspy,,True
719470,Demon And Fairy,"Adventure, Indie",,,,bottyann,bottyann,0.0,steamspy,,True
603340,Demon Blade VR,"Action, Adventure, Indie",,,,Monkeys Crowd Entertainment,Monkeys Crowd Entertainment,0.0,steamspy,,True
1250940,Demon Blast,"Action, Adventure, RPG, Shooter",,,,Start Warp,Start Warp,0.0,steamspy,,True
2371910,Demon Command Token   御妖令,"Adventure, Casual, Indie, RPG, Simulation",,,,红尘背包客,红尘背包客,0.0,steamspy,,True
2904160,Demon Core,"Action, Adventure, Horror, Survival",,,,Great Ganba,Great Ganba,0.0,steamspy,,True
1646710,Demon Cycle,"Card & Board, Casual, Strategy",,,,Rise,Rise,0.0,steamspy,,True
2472120,Demon Dodger,"Action, Platformer",,,,"Tethered By Reality, Ultra-Gravity",Tethered By Reality,0.0,steamspy,,True
2055130,Demon Go!,"Action, Adventure, Casual, Indie, Platformer",,,,Artifact,"CFK Co., Ltd.",0.0,steamspy,,True
574410,Demon Grade VR,"Action, Indie",,,,"Richard Stenson, Solus Games","Solus Games, Inc.",0.0,steamspy,,True
367350,Demon Hearts,"Action, Indie, Platformer",,,,Jon Harwood Games LLC,Jon Harwood Games LLC,0.0,steamspy,,True
535530,Demon Hunter,"Action, Adventure, RPG",,,,"Beijing Skyline Interaction Technology Co., Ltd.","Beijing Skyline Interaction Technology Co., Ltd.",0.0,steamspy,,True
2478750,Demon Hunter,"Action, Indie, RPG",,,,MoonlightGames,MoonlightGames,0.0,steamspy,,True
465720,Demon Hunter 2: New Chapter,"Adventure, Casual, Horror, Indie, Puzzle",,,,Brave Giant LTD,Artifex Mundi,0.0,steamspy,,True
527420,Demon Hunter 3: Revelation,"Adventure, Casual, Horror, Indie, Puzzle",,,,Brave Giant LTD,Artifex Mundi,0.0,steamspy,554.0,True
762520,Demon Hunter 4: Riddles of Light,"Adventure, Casual, Horror, Indie, Puzzle, Visual Novel",,,,Brave Giant LTD,Artifex Mundi,0.0,steamspy,44.0,True
1020270,Demon Hunter 5: Ascendance,"Adventure, Casual, Horror, Puzzle",,,,Brave Giant LTD,Artifex Mundi,0.0,steamspy,36.0,True
330990,Demon Hunter: Chronicles from Beyond,"Adventure, Casual, Horror, Indie, Puzzle",,,,Brave Giant LTD,Artifex Mundi,0.0,steamspy,1345.0,True
3183640,Demon Hunters,"Action, Indie, RPG","10 Mar, 2025",False,"₩ 6,700",3D Cube Games,3D Cube Games,0.0,appdetails,,True
2258550,Demon Invasion: Endless,"Casual, Strategy, Tower Defense",,,,Lanqing Games,Lanqing Games,0.0,steamspy,,True
1307270,Demon Keeper 2+,"Adventure, Casual, Indie, RPG, Simulation, Strategy",,,,PandaCat 熊喵独立游戏,PandaCat 熊喵独立游戏,0.0,steamspy,,True
1494510,Demon Killer VR,Action,,,,ZoneStudios,ZoneStudios,0.0,steamspy,,True
3309460,Demon Knives,"Action, Horror, Indie, Shooter, Survival",,,,"Thomas Randall, Charlie Malmqvist",bald,0.0,steamspy,,True
2439830,Demon Loop,"Adventure, Card & Board, RPG, Strategy",,,,"Magnolia Games, Enhydra Games, Chocolate Ship Games",Magnolia Games,0.0,steamspy,,True
578920,Demon Lord,"Adventure, Casual, Indie, RPG, Simulation, Strategy",,,,Galaxy Game Studio,Galaxy Game Studio,0.0,steamspy,,True
1667720,Demon Lord Jill -REVIVAL-,"Indie, JRPG, RPG",,,,ななっしー,WASABI entertainment,0.0,steamspy,14.0,True
2395150,Demon Lord Reincarnation,"JRPG, RPG",,,,Graverobber Foundation,Graverobber Foundation,0.0,steamspy,,True
2245480,Demon Lord Tamer,"Casual, Indie, Platformer, Simulation",,,,HEG Games,HEG Games,0.0,steamspy,,True
635830,Demon Mark: A Russian Saga,"Adventure, Indie, RPG",,,,Choice of Games,Choice of Games,0.0,steamspy,,True
635840,Demon Mark: A Russian Saga Demo,"Adventure, Indie, RPG",,,,Choice of Games,Choice of Games,0.0,steamspy,,True
2582100,Demon Of The Dark,"Action, Adventure, Horror, Indie, Puzzle, Survival",,,,Green Stream Studio,Green Stream Studio,0.0,steamspy,,True
525380,Demon Peak,"Action, Adventure, Indie, Metroidvania, Platformer",,,,Kajak Games,"Kajak Games, Kajaksi Game Collective",0.0,steamspy,,True
548240,Demon Pit,"Action, Indie, Shooter",,,,"Psychic Software, DoomCube",Digerati,0.0,steamspy,,True
1444950,Demon Purge Saga,"Casual, Horror, Indie, Puzzle, Strategy",,,,IndigoWare,IndigoWare,0.0,steamspy,,True
1042600,Demon Queen Melissa,"Indie, JRPG, RPG",,,,Acerola,Kagura Games,0.0,steamspy,120.0,True
3133560,Demon Quest,"Action, Adventure, Indie, Metroidvania, Platformer, Puzzle",,,,Pattern Games,Pattern Games,0.0,steamspy,,True
1777130,Demon Runner The Forsaken,"Action, Adventure, Indie, Metroidvania, Platformer",,,,Blue Slayer Gaming,Blue Slayer Gaming,0.0,steamspy,,True
2407800,Demon Scrolls,"Indie, JRPG, RPG",,,,Wolfs Moon Studios,Wolfs Moon Studios,0.0,steamspy,,True
1522140,Demon Skin,"Action, Adventure, Platformer, RPG",,,,Ludus future,ESDigital Games,0.0,steamspy,,True
3025800,Demon Slayer,"Action, Adventure, Casual, Indie, Platformer, Puzzle",,,,Nikita Morti,Nikita Morti,0.0,steamspy,,True
2424110,Demon Slayer -Kimetsu no Yaiba- Sweep the Board!,"Action, Card & Board, Casual, Simulation",,,,CyberConnect2,SEGA,0.0,steamspy,,True
1551230,Demon Slayer Akagi,"Action, Indie, Platformer",,,,Cookie Games Club,Cookie Games Club,0.0,steamspy,,True
2420620,Demon Slayer Shion,"Indie, JRPG, RPG",,,,7th Door,Kagura Games,0.0,steamspy,,True
1402420,Demon Strikes Back,"Action, Adventure, RPG, Roguelike",,,,WildPlanet,Gamirror Games,0.0,steamspy,45.0,True
3425850,Demon Town Maker,"City Builder, Strategy",,,,Zemon,Zemon,0.0,steamspy,,True
489760,Demon Truck,"Action, Casual, Indie, Racing",,,,Triger Mountain,Adventurepro Games LLC,0.0,steamspy,,True
1451650,Demon Turf: Trials,"Action, Adventure, Indie, Platformer",,,,Fabraz,Playtonic Friends,0.0,steamspy,,True
1541110,Demon Zombie Outpost,"Action, Shooter",,,,"CitizenZ, CitizenZ",Citizen Z,0.0,steamspy,,True
1464190,Demon heart,"Adventure, Platformer, Puzzle, RPG",,,,Jiabisu,Jiabisu,0.0,steamspy,,True
2456130,Demon's Bane,"Card & Board, Indie, RPG, Roguelike, Strategy",,,,JD van Dingenen,JD van Dingenen,0.0,steamspy,,True
2478840,Demon's Blood,"Action, Horror, Shooter",,,,"Another Slime Studio, Ptits Potes N'Co",Another Slime Studio,0.0,steamspy,,True
844420,Demon's Rise - Lords of Chaos,"Action, Indie, RPG, Strategy",,,,Wave Light Games Inc.,Wave Light Games Inc.,0.0,steamspy,91.0,True
2619280,DemonCountdown,"Action, Adventure, Casual, Roguelike, Shooter",,,,VicAgent,VicAgent,0.0,steamspy,,True
1620700,DemonPandemicVR,"Action, Adventure, Casual, Horror, Shooter",,,,Alekcake Incorporated,Alekcake Incorporated,0.0,steamspy,,True
3264720,DemonSeal:HeroicGathering,"Adventure, Card & Board, JRPG, Platformer, RPG, Strategy, Tower Defense",,,,HenryGuo,HenryGuo,0.0,steamspy,,True
2577180,DemonStar - Original Missions,"Action, Indie, Shooter",,,,Scott Host,Scott Host,0.0,steamspy,,True
2089460,Demong Hunter,"Action, Casual, Indie, RPG",,,,LinkTown Inc,LinkTown Inc,0.0,steamspy,,True
578900,Demonheart,"Adventure, Simulation, Visual Novel",,,,Rolling Crown,Rolling Crown,0.0,steamspy,101.0,True
957630,Demonheart - Dev's Coffee,"Adventure, Casual, Indie",,,,Rolling Crown,,0.0,steamspy,,True
1078980,Demonheart Demo,"Adventure, Casual, RPG, Simulation, Visual Novel",,,,Rolling Crown,Rolling Crown,0.0,steamspy,,True
1711620,Demonheart: The Ice Demon,"Adventure, Simulation, Visual Novel",,,,Rolling Crown,Rolling Crown,0.0,steamspy,,True
2781720,Demoniac TV,"Action, Card & Board, Indie, Roguelike",,,,Oak Dev,Oak Dev,0.0,steamspy,1.0,True
1107370,Demoniaca: Everlasting Night,"Action, Adventure, Fighting, Indie, Metroidvania, Platformer",,,,Demon Girl,Demon Girl,0.0,steamspy,,True
1341100,Demonic Blade,"Adventure, Casual, Visual Novel",,,,Mikołaj Spychał,Mikołaj Spychał,0.0,steamspy,,True
2438240,Demonic Episode,"Action, Horror, Indie",,,,RecklessGames UG,RecklessGames UG,0.0,steamspy,,True
2301330,Demonic Supremacy,"Action, RPG, Shooter",,,,ChiliDog Interactive,ChiliDog Interactive,0.0,steamspy,,True
542820,DemonicGuestVR,"Casual, Horror",,,,Mgsstudio,Mgsstudio,0.0,steamspy,,True
1493490,Demonicute,"Action, Platformer",,,,Boolean,Boolean,0.0,steamspy,,True
1091390,Demonizer,"Action, Indie, Shooter",,,,Iori Branford,Iori Branford,0.0,steamspy,,True
321610,Demonlisher,Casual,,,,Brain Bombers,Strategy First,0.0,steamspy,,True
1500600,Demonpact: Clarice,"Adventure, Casual, Indie, RPG","11 Feb, 2021",True,,Goiaba Megas Xellox,Goiaba Megas Xellox,0.0,appdetails,,True
1992020,Demons Happened,"Action, Adventure, Indie, Puzzle, Shooter",,,,Delusional Scrapyard,Delusional Scrapyard,0.0,steamspy,,True
2324380,Demons Infernalize,"Action, Casual, Indie, Roguelike, Survival",,,,"Dimitek, Pixowell",Dimitek,0.0,steamspy,,True
1138410,Demons Never Lie,"Adventure, Casual, Horror, Indie, Visual Novel",,,,IndieBug,RecordMedia,0.0,steamspy,,True
2779930,Demons and Doobins,"Casual, Horror, Indie",,,,chrisamerica,chrisamerica,0.0,steamspy,,True
2702030,Demons are coming!,"Action, Indie, Roguelike, Shooter",,,,Kacper Soroka,Kacper Soroka,0.0,steamspy,,True
1382790,Demons of Asteborg,"Action, Adventure, Metroidvania, Platformer, Puzzle",,,,"Neofid Studios, Nindo",Neofid Studios,0.0,steamspy,,True
370940,Demons with Shotguns,"Action, Horror, Indie, Platformer, Shooter",,,,"MindShaft Games, LLC","MindShaft Games, LLC",0.0,steamspy,,True
861050,DemonsAreCrazy,"Action, Adventure, Casual, Indie, Massively Multiplayer, RPG, Strategy",,,,Bigbug Studio,Bigbug Studio,0.0,steamspy,445.0,True
698590,DemonsTier,"Action, Adventure, Indie, RPG",,,,Daniel Fernandez Chavez,Diabolical Mind,0.0,steamspy,,True
1592020,Demonsions: Industry,"Action, Adventure, Survival",,,,"Vyrulent Studios, StarLight",Vyrulent,0.0,steamspy,,True
2313440,Demonslayer AKA Me,"Action, Adventure, RPG, Shooter, Simulation, Strategy",,,,晶尘工作室,晶尘工作室,0.0,steamspy,,True
2506820,Demonsomnia,"Action, Horror, Shooter",,,,Woziva,Woziva,0.0,steamspy,,True
217830,Deponia Demo,"Adventure, Indie, Puzzle",,,,Daedalic Entertainment,Daedalic Entertainment,0.0,steamspy,,True
81925,Deponia Launch Trailer DE,"Adventure, Indie, Puzzle",,,,,,0.0,steamspy,,True
557470,Deponia Soundtrack,"Adventure, Indie",,,,Daedalic Entertainment,Daedalic Entertainment,0.0,steamspy,,True
81915,Deponia Trailer,"Adventure, Indie, Puzzle, Visual Novel",,,,,,0.0,steamspy,,True
81916,Deponia Trailer DE,"Adventure, Indie, Puzzle",,,,,,0.0,steamspy,,True
777080,Depraved - Soundtrack + Name In Game,"Indie, Simulation, Strategy",,,,Evil Bite,Evil Bite,0.0,steamspy,,True
1089410,Depression The Game Music DLC,"Indie, Simulation",,,,DeepWorks Studios,DeepWorks Studios,0.0,steamspy,,True
423853,Depth - Battle-scarred Bull Skin,"Action, Indie",,,,Digital Confectioners,,0.0,steamspy,,True
361312,Depth - Corsair APS Skin,"Action, Indie",,,,Digital Confectioners,,0.0,steamspy,,True
361314,Depth - Corsair Knife Skin,"Action, Indie",,,,Digital Confectioners,,0.0,steamspy,,True
361313,Depth - Corsair P-11 Skin,"Action, Indie",,,,Digital Confectioners,,0.0,steamspy,,True
423851,Depth - Digital Artbook,"Action, Indie",,,,Digital Confectioners,,0.0,steamspy,,True
361310,Depth - Legendary Hammerhead Skin,"Action, Indie",,,,Digital Confectioners,,0.0,steamspy,,True
850850,Depth - Nighttip Whitetip Skin,"Action, Indie",,,,Digital Confectioners,,0.0,steamspy,,True
413991,Depth - Old Bones Hammerhead Skin,"Action, Indie",,,,Digital Confectioners,,0.0,steamspy,,True
728600,Depth - Quill Goblin Skin,"Action, Indie",,,,Digital Confectioners,,0.0,steamspy,,True
370341,Depth - Reef Stalker Tiger Skin,"Action, Indie",,,,Digital Confectioners,,0.0,steamspy,,True
370340,Depth - Sawtooth Mako Skin,"Action, Indie",,,,Digital Confectioners,,0.0,steamspy,,True
423852,Depth - Soundtrack,"Action, Indie",,,,Digital Confectioners,,0.0,steamspy,,True
456050,Depth - Specimen 7 Tiger Skin,"Action, Indie",,,,Digital Confectioners,,0.0,steamspy,,True
392860,Depth - Specimen 8 Great White Skin,"Action, Indie",,,,Digital Confectioners,,0.0,steamspy,,True
413990,Depth - Thorntail Thresher Skin,"Action, Indie",,,,Digital Confectioners,,0.0,steamspy,,True
317910,Depth Hunter 2: Deep Dive Demo,"Action, Indie, Simulation, Sports",,,,Biart Company LLC,Biart Company LLC,0.0,steamspy,27.0,True
23610,Depths of Peril Demo,"Action, Indie, RPG, Strategy",,,,Soldak Entertainment,Soldak Entertainment,0.0,steamspy,,True
588530,Derail Valley Demo,"Adventure, Indie, Simulation",,,,Altfuture,Altfuture,0.0,steamspy,,True
1079460,Descenders Soundtrack,"Action, Racing, Sports",,,,RageSquid,,0.0,steamspy,,True
1042910,Desdemona,"Action, Adventure, Horror, Indie, Puzzle",,,,Batuhan Guner,Batuhan Guner,0.0,steamspy,,True
425140,Design Award Costumes 2015 Set,Action,,,,"Team NINJA, KOEI TECMO GAMES CO., LTD.",,0.0,steamspy,,True
261421,Desktop Dungeons Goatperson DLC,"Adventure, Casual, Indie, RPG, Strategy",,,,QCF Design,QCF Design,0.0,steamspy,,True
261420,Desktop Dungeons Soundtrack,"Adventure, Casual, Indie, RPG, Strategy",,,,QCF Design,QCF Design,0.0,steamspy,,True
1130390,Desolatium - Prologue,"Adventure, Horror, Indie",,,,SUPERLUMEN,SUPERLUMEN,0.0,steamspy,6.0,True
1640540,Desolatium: Prologue,"Adventure, Horror, Visual Novel",,,,SUPERLUMEN,SUPERLUMEN,0.0,steamspy,,True
979650,Despotism 3k - Soundtrack,"Indie, Strategy",,,,Konfa Games,Konfa Games,0.0,steamspy,,True
670300,Destiny of a Wizard Demo,"Adventure, RPG",,,,UltimaCJ Productions,UltimaCJ Productions,0.0,steamspy,,True
895530,Detached: Non-VR Edition Demo,"Indie, Simulation",,,,Anshar Studios,Anshar Studios,0.0,steamspy,,True
614870,Detective Butler: Maiden Voyage Murder - Soundtrack,"Adventure, Casual, Indie",,,,Goldbar Games,,0.0,steamspy,,True
421950,Detective Grimoire Soundtrack,"Adventure, Indie",,,,SFB Games,SFB Games,0.0,steamspy,,True
568290,Detention - Original Soundtracks,"Adventure, Horror, Indie",,,,"RedCandleGames, Weifan Chang",RedCandleGames,0.0,steamspy,,True
725150,Detrita Battlegrounds Demo,"Action, Casual, Indie",,,,Guy Bits Games,Guy Bits Games,0.0,steamspy,,True
413370,Deus Ex: Mankind Divided DLC - A Criminal Past,"Action, RPG",,,,"Eidos Montreal, Feral Interactive (Linux), Feral Interactive (Mac)","Eidos Interactive Corp., Feral Interactive (Linux), Feral Interactive (Mac)",0.0,steamspy,,True
413380,Deus Ex: Mankind Divided DLC - Assault Pack,"Action, RPG",,,,"Eidos Montreal, Feral Interactive (Linux), Feral Interactive (Mac)","Eidos Interactive Corp., Feral Interactive (Linux), Feral Interactive (Mac)",0.0,steamspy,,True
470070,Deus Ex: Mankind Divided DLC - Season Pass,"Action, RPG",,,,"Eidos Montreal, Feral Interactive (Linux), Feral Interactive (Mac)","Eidos Interactive Corp., Feral Interactive (Linux), Feral Interactive (Mac)",0.0,steamspy,,True
413390,Deus Ex: Mankind Divided DLC - Tactical Pack,"Action, RPG",,,,"Eidos Montreal, Feral Interactive (Linux), Feral Interactive (Mac)","Eidos Interactive Corp., Feral Interactive (Linux), Feral Interactive (Mac)",0.0,steamspy,,True
940510,Devil Engine Demo,Action,,,,Protoculture Games,DANGEN Entertainment,0.0,steamspy,13.0,True
1040700,Devil Engine Original Soundtrack,Action,,,,Protoculture Games,Poppy Works,0.0,steamspy,,True
5488,Devil May Cry 4 Trailer,"Action, Adventure, Horror, RPG",,,,,,0.0,steamspy,,True
941952,Devil May Cry 5 - Live Action Cutscenes,Action,,,,"CAPCOM Co., Ltd.","CAPCOM Co., Ltd.",0.0,steamspy,,True
1050460,Devil May Cry 5 Original Soundtrack,Action,,,,"CAPCOM CO., LTD.","CAPCOM CO., LTD.",0.0,steamspy,,True
363960,Devils & Demons,"RPG, Strategy",,,,HandyGames,HandyGames,0.0,steamspy,,True
1026010,Devotion - Original Soundtracks,"Adventure, Horror, Indie",,,,RedCandleGames,,0.0,steamspy,,True
385420,Dex - Soundtrack,"Action, Adventure, Indie, RPG",,,,Dreadlocks Ltd,,0.0,steamspy,,True
542810,Dex Demo,"Action, Adventure, Indie, Metroidvania, Platformer, RPG",,,,Dreadlocks Ltd.,Dreadlocks Ltd.,0.0,steamspy,,True
416650,Diabolical Demo,"Indie, RPG",,,,Choice of Games,Choice of Games,0.0,steamspy,,True
70510,Diamond Dan Demo,"Action, Adventure, Casual, Indie, Platformer",,,,GrendelGames,GrendelGames,0.0,steamspy,2.0,True
80463,Diamond Dan ESRB Trailer,"Action, Adventure, Casual, Indie, Platformer",,,,GrendelGames,GrendelGames,0.0,steamspy,,True
892392,Diaochan (Dudou Costume)/貂蝉「肚兜風コスチューム」,Action,,,,"KOEI TECMO GAMES CO., LTD.","KOEI TECMO GAMES CO., LTD.",0.0,steamspy,,True
912330,Die In The Dark Demo,"Adventure, Indie, Simulation",,,,Side B Gaming,Side B Gaming,0.0,steamspy,,True
803340,Die With Glory  The Original Soundtrack,"Action, Adventure, Indie",,,,Castle,Veslo Games,0.0,steamspy,,True
973000,Die Young: Prologue,"Action, Adventure, Horror, Indie, Survival",,,,IndieGala,IndieGala,0.0,steamspy,130.0,True
1275590,Dieselpunk Wars Prologue,"Action, Indie, Racing, Simulation",,,,"Image Power S.A., Roasted Games","Image Power S.A., PlayWay S.A.",0.0,steamspy,37.0,True
1049500,Digital Jigsaw Puzzle Demo,"Casual, Indie, Puzzle",,,,Timothy Findling,Timothy Findling,0.0,steamspy,,True
942210,Digital LimitedPack [OST + Art Book] (Touhou Genso Wanderer -Reloaded-),"Adventure, Indie, RPG",,,,AQUASTYLE,AQUASTYLE,0.0,steamspy,,True
577610,Diluvion - Digital Artbook,"Action, Adventure, Indie, RPG",,,,Arachnid Games,Good Shepherd Entertainment,0.0,steamspy,,True
577600,Diluvion - Original Soundtrack,"Action, Adventure, Indie, RPG",,,,Arachnid Games,Good Shepherd Entertainment,0.0,steamspy,,True
783280,Dimension Drive - Soundtrack,"Action, Indie",,,,2Awesome Studio,,0.0,steamspy,,True
458120,Dimensional (VR-Only) Demo,"Action, Adventure, Indie, Puzzle",,,,Brett Jackson,Head Start Design,0.0,steamspy,,True
218110,Din's Curse Demo,"Action, Indie, RPG",,,,Soldak Entertainment,Soldak Entertainment,0.0,steamspy,30.0,True
217300,Din's Curse: Demon War DLC,"Action, Indie, RPG",,,,Soldak Entertainment,Soldak Entertainment,0.0,steamspy,,True
1144190,Din's Legacy Demo,"Action, Indie, RPG",,,,Soldak Entertainment,Soldak Entertainment,0.0,steamspy,,True
81432,Dinner Date Release Trailer,"Casual, Indie, Simulation",,,,,,0.0,steamspy,,True
80814,Dinner Date Trailer,"Casual, Indie, Simulation",,,,,,0.0,steamspy,,True
311660,Dino D-Day: Last Stand DLC,"Action, Indie",,,,800 North and Digital Ranch,,0.0,steamspy,,True
510800,Dino Run DX OST & Supporter Pack,"Action, Indie, Racing",,,,Pixeljam,Pixeljam,0.0,steamspy,,True
923220,DinoKnights Demo,"Adventure, Indie, RPG",,,,Choice of Games,Choice of Games,0.0,steamspy,,True
434942,Dinosaur Hunt - Brontosaurus Expansion Pack,"Action, Adventure, Indie, Simulation",,,,Racing Bros,ANPA.US,0.0,steamspy,,True
408101,Dinosaur Hunt - Carnotaurus Expansion Pack,"Action, Adventure, Indie, Simulation",,,,Racing Bros,ANPA.US,0.0,steamspy,,True
408102,Dinosaur Hunt - Dragon Hunter Expansion Pack,"Action, Adventure, Indie, Simulation",,,,Racing Bros,ANPA.US,0.0,steamspy,,True
431191,Dinosaur Hunt - Giant Spiders Hunter Expansion Pack,"Action, Adventure, Indie, Simulation",,,,Racing Bros,ANPA.US,0.0,steamspy,,True
434941,Dinosaur Hunt - Guns Expansion Pack,"Action, Adventure, Indie, Simulation",,,,Racing Bros,ANPA.US,0.0,steamspy,,True
434940,Dinosaur Hunt - Medieval Knights Hunter Expansion Pack,"Action, Adventure, Indie, Simulation",,,,Racing Bros,ANPA.US,0.0,steamspy,,True
408100,Dinosaur Hunt - Stegosaurus Expansion Pack,"Action, Adventure, Indie, Simulation",,,,Racing Bros,ANPA.US,0.0,steamspy,,True
431190,"Dinosaur Hunt - Vampires, Gargoyles, Mutants Hunter Expansion Pack","Action, Adventure, Indie, Simulation",,,,Racing Bros,ANPA.US,0.0,steamspy,,True
434944,Dinosaur Hunt - WW2 War Expansion Pack,"Action, Adventure, Indie, Simulation",,,,Racing Bros,ANPA.US,0.0,steamspy,,True
434943,Dinosaur Hunt - Wild West Guns Expansion Pack,"Action, Adventure, Indie, Simulation",,,,Racing Bros,ANPA.US,0.0,steamspy,,True
81957,Dins Curse Trailer,"Action, Indie, RPG",,,,"Soldak Entertainment, Inc.",,0.0,steamspy,,True
629390,Diorama Worlds Demo,"Casual, City Builder, Indie, Simulation",,,,V.A.R. Studios,V.A.R.Studios,0.0,steamspy,,True
572340,Disastr_Blastr - Soundtrack_to_Disastr,"Action, Indie",,,,Dog Theory,,0.0,steamspy,,True
5808,Disciples III - Renaissance Trailer,"RPG, Strategy",,,,"Akella, .dat",Kalypso Media Digital,0.0,steamspy,,True
810370,Disco Time 80s VR Demo,"Casual, Indie, Simulation",,,,Indiecode Games,Indiecode Games,0.0,steamspy,4.0,True
16002,Discovery! A Seek and Find Adventure Demo,Casual,,,,MumboJumbo,MumboJumbo,0.0,steamspy,,True
527090,Disgaea 2 PC Demo,"JRPG, RPG, Strategy",,,,"Nippon Ichi Software, Inc.","NIS America, Inc.",0.0,steamspy,,True
439541,Disgaea PC /  PC - Digital Soundtrack / ,RPG,,,,"Nippon Ichi Software, Inc.",,0.0,steamspy,,True
488320,Disgraced Revolutionary's Edition DLC,"Action, Adventure, Indie, RPG, Simulation, Strategy",,,,Corrosive Studios LLC,Corrosive Studios LLC,0.0,steamspy,,True
538610,Disgraced Role Playing Game DLC,"Action, Adventure, Indie, RPG, Simulation, Strategy",,,,Corrosive Studios LLC,Corrosive Studios LLC,0.0,steamspy,,True
596060,Dishonored 2 Demo,"Action, Adventure",,,,Arkane Studios,Bethesda Softworks,0.0,steamspy,1249.0,True
81912,Dishonored Trailer,"Action, Adventure, RPG, Shooter",,,,Arkane Studios,,0.0,steamspy,,True
389610,Disposable Heroes Soundtrack,"Action, Adventure, Casual, Indie",,,,Ben Aprigliano,Evilized productions,0.0,steamspy,1.0,True
947820,Distance - Soundtrack & Art Book,"Action, Indie, Racing",,,,Refract,Refract,0.0,steamspy,,True
551560,Disturbed - Support DLC,"Adventure, Casual, Indie, Simulation",,,,iBlackpen,,0.0,steamspy,,True
80494,Dive to the Titanic Trailer,Simulation,,,,RailSimulator.com,BigSims.com,0.0,steamspy,,True
752260,Divide &amp; Conquer Demo,"Action, Adventure, Casual, Indie, Strategy",,,,Lunchbox Edu,Lunchbox Edu,0.0,steamspy,,True
81883,Divine Divinity Gameplay Trailer,"Action, Adventure, RPG",,,,,,0.0,steamspy,,True
81904,Divine Divinity Gameplay Trailer DE,"Action, Adventure, RPG",,,,,,0.0,steamspy,,True
81905,Divine Divinity Gameplay Trailer FR,"Action, Adventure, RPG",,,,,,0.0,steamspy,,True
81903,Divine Divinity Gameplay Trailer RU,"Action, Adventure, Indie, RPG",,,,,,0.0,steamspy,,True
81747,Divine Divinity Trailer,"Action, Adventure, Indie, RPG",,,,,,0.0,steamspy,,True
81886,Divine Divinity Trailer French,"Action, Adventure, Indie, RPG",,,,,,0.0,steamspy,,True
81885,Divine Divinity Trailer German,"Action, Adventure, Indie, RPG",,,,,,0.0,steamspy,,True
81884,Divine Divinity Trailer Russian,"Action, Adventure, RPG",,,,,,0.0,steamspy,,True
390470,Divine Slice of Life - Soundtrack,"Adventure, Casual, Indie",,,,Dharker Studios,Dharker Studios,0.0,steamspy,,True
82163,Divinity II Developers Cut Trailer DE,"Action, Adventure, RPG",,,,,,0.0,steamspy,,True
82159,Divinity II Developers Cut Trailer ENG,"Action, Adventure, RPG",,,,,,0.0,steamspy,,True
82161,Divinity II Developers Cut Trailer FR,"Action, Adventure, RPG",,,,,,0.0,steamspy,,True
82162,Divinity II Developers Cut Trailer PL,"Action, Adventure, RPG",,,,,,0.0,steamspy,,True
82164,Divinity II Developers Cut Trailer RU,"Action, Adventure, RPG",,,,,,0.0,steamspy,,True
223790,DmC Devil May Cry: Costume Pack,Action,,,,Ninja Theory,Capcom,0.0,steamspy,,True
806430,Do you know de way - OST,"Adventure, Casual, Indie, Puzzle",,,,Laush Dmitriy Sergeevich,Laush Studio,0.0,steamspy,,True
550380,DoDonPachi Resurrection BLACK LABEL Original Sound Track,Action,,,,"CAVE Interactive CO., LTD.",KOMODO,0.0,steamspy,,True
530490,DoDonPachi Resurrection OST,Action,,,,"CAVE Interactive CO., LTD.",KOMODO,0.0,steamspy,,True
80586,Doc Clock Gameplay Trailer,"Adventure, Casual, Indie, Puzzle",,,,Stickmen Studios,Stickmen Studios,0.0,steamspy,,True
883340,Dog's Quest Demo,"Casual, Indie",,,,Andy Zelonis,Andy Zelonis,0.0,steamspy,,True
82017,Dogfight 1942 Trailer,"Action, Shooter, Simulation",,,,,,0.0,steamspy,,True
1035620,Doggo Dig Down Demo,"Casual, Indie, Platformer",,,,Roppy Chop Studios,Roppy Chop Studios,0.0,steamspy,,True
780250,Dogstar Demo,"Action, Casual, Indie",,,,2Dog Games,2Dog Games,0.0,steamspy,1.0,True
807040,Dokkaebi Hentai Adventures - OST,"Adventure, Casual, Indie",,,,"Nikita ""Ghost_RUS""",Ghost_RUS Games,0.0,steamspy,,True
1492160,Doll Explorer Prologue,"Card & Board, Casual, Indie, Puzzle, Strategy",,,,Pico Games,Pico Games,0.0,steamspy,,True
214330,Dollar Dash - More Ways to Win DLC,"Action, Indie",,,,Candygun Games,Kalypso Media Digital,0.0,steamspy,,True
214331,Dollar Dash - Robber's Toolkit DLC,"Action, Indie",,,,Candygun Games,Kalypso Media Digital,0.0,steamspy,,True
468180,DollcitydemoV_1 Demo,"Action, Adventure, Indie",,,,"GaelDK, Fabien Spiess (Sogaki), Antoine Rigitano, Serge Sentis (Aerosteak)",GaelDK,0.0,steamspy,,True
827200,Dominari Tournament Demo,"Action, Indie, Strategy",,,,Tiny RTS,Tiny RTS,0.0,steamspy,3.0,True
285550,Dominique Pamplemousse: Soundtrack & Sheet Music,"Adventure, Indie",,,,Squinky and the Squinkettes,Squinkifer Productions,0.0,steamspy,,True
816440,Domino Effect Demo,"Action, Adventure, Indie",,,,GoshFather,GoshFather,0.0,steamspy,,True
303990,Don Bradman Cricket 14 Demo,"Indie, Simulation, Sports",,,,Big Ant Studios,Big Ant Studios,0.0,steamspy,,True
465090,Don Bradman Cricket 17 Demo,"Simulation, Sports",,,,Big Ant Studios,Big Ant Studios,0.0,steamspy,,True
989530,Don't Forget Our Esports Dream Demo,"Adventure, Casual, Indie, RPG, Simulation, Visual Novel",,,,Team Eleven,Team Eleven,0.0,steamspy,,True
494340,Don't Knock Twice Demo,"Action, Adventure, Horror, Indie, Puzzle, Survival",,,,Wales Interactive,Wales Interactive,0.0,steamspy,,True
219750,Don't Starve Soundtrack,"Indie, Simulation, Survival",,,,Klei Entertainment,Klei Entertainment,0.0,steamspy,,True
556100,Don't open the doors! - Original Soundtrack,"Action, Adventure, Indie, RPG",,,,Anton Riot,,0.0,steamspy,,True
716910,Dong-Jin Rice-hime -Expansion Pack,"Adventure, Indie",,,,"Storia, SimonCreative",SimonCreative,0.0,steamspy,,True
931370,Donut County - Original Soundtrack,"Adventure, Casual, Indie",,,,Ben Esposito,Annapurna Interactive,0.0,steamspy,,True
680760,Doodle God - Soundtrack,"Casual, Indie, Simulation",,,,JoyBits Ltd.,JoyBits Ltd.,0.0,steamspy,,True
746180,Doodle God Blitz - Complete OST Collection,"Casual, Indie, Simulation",,,,JoyBits Ltd.,JoyBits Ltd.,0.0,steamspy,,True
707740,Doodle God Blitz - Greatest Inventions DLC,"Casual, Indie, Simulation",,,,JoyBits Ltd.,,0.0,steamspy,,True
726660,Doodle God Blitz - The Rise of Egypt DLC,"Casual, Indie, Simulation",,,,JoyBits Ltd.,,0.0,steamspy,,True
733880,Doodle God Blitz - World of Magic DLC,"Casual, Indie, Simulation",,,,JoyBits Ltd.,JoyBits Ltd.,0.0,steamspy,,True
598830,Doodle God Demo,"Adventure, Card & Board, Casual, Indie, Puzzle, Simulation",,,,JoyBits Ltd.,JoyBits Ltd.,0.0,steamspy,,True
664540,Doodle Kingdom Demo,"Action, Card & Board, Casual, Indie, Puzzle, Simulation",,,,JoyBits Ltd.,JoyBits Ltd.,0.0,steamspy,,True
954370,DoodleVR Demo,"Casual, Indie, Strategy",,,,Laurens van Roomen,VR-House,0.0,steamspy,,True
81007,Doom 3 Trailer,"Action, Adventure, Horror, Shooter, Survival",,,,id Software,id Software,0.0,steamspy,,True
866810,Doomsday on Demand 2 Demo,"Adventure, Indie, RPG",,,,Hosted Games,Hosted Games,0.0,steamspy,,True
866820,Doomsday on Demand Demo,"Adventure, Indie, RPG",,,,Hosted Games,Hosted Games,0.0,steamspy,,True
362900,Door Kickers Soundtrack,Indie,,,,KillHouse Games,KillHouse Games,0.0,steamspy,,True
926800,Door Kickers: Action Squad Soundtrack,"Action, Indie",,,,"Gavin Harrison, PixelShard, KillHouse Games",KillHouse Games,0.0,steamspy,,True
831230,Doors Quest Demo,Indie,,,,Nick Page!,Nick Page!,0.0,steamspy,,True
1155480,Doors of Silence - the prologue,"Action, Adventure, Horror, Indie, Survival",,,,Blackbite Interactive,Blackbite Interactive,0.0,steamspy,,True
526122,Doorways: Holy Mountains of Flesh - Movies,"Action, Adventure, Indie",,,,Saibot Studios,Saibot Studios,0.0,steamspy,,True
526121,Doorways: Holy Mountains of Flesh - Soundtrack,"Action, Adventure, Indie",,,,Saibot Studios,Saibot Studios,0.0,steamspy,,True
511970,Doorways: Holy Mountains of Flesh Demo,"Action, Adventure, Horror, Indie, Platformer, Survival",,,,Saibot Studios,Saibot Studios,0.0,steamspy,,True
525780,Doorways: Old Prototype,"Action, Adventure, Horror, Indie, Platformer, Puzzle",,,,Saibot Studios,Saibot Studios,0.0,steamspy,,True
538400,Doorways: Old Prototype - Bonus Pack,"Action, Adventure, Indie",,,,Saibot Studios,,0.0,steamspy,,True
526572,Doorways: Prelude - Movies,"Action, Adventure, Indie",,,,Saibot Studios,,0.0,steamspy,,True
526571,Doorways: Prelude - Soundtrack,"Action, Adventure, Indie",,,,Saibot Studios,Saibot Studios,0.0,steamspy,,True
526562,Doorways: The Underworld - Movies,"Action, Adventure, Indie",,,,Saibot Studios,Saibot Studios,0.0,steamspy,,True
526561,Doorways: The Underworld - Soundtrack,"Action, Adventure, Indie",,,,Saibot Studios,Saibot Studios,0.0,steamspy,,True
680470,Dormant World Demo,"Action, Adventure, Indie",,,,XENOpz,XENOpz,0.0,steamspy,,True
81026,Dota 2 Gamescom Trailer,"Action, RPG, Simulation, Sports, Strategy, Tower Defense",,,,Valve,Valve,0.0,steamspy,,True
80493,Double Civ DLC - Trailer,"4X, Simulation, Strategy",,,,Firaxis Games,2K Games,0.0,steamspy,,True
582120,Double Cubes Demo,"Action, Adventure, Indie, Simulation",,,,Recreat4,Recreat4,0.0,steamspy,,True
903590,Double Demo,"Action, Adventure, Indie, Visual Novel",,,,TomatoFantasyGames,TomatoFantasyGames,0.0,steamspy,,True
536082,Double Fine Adventure: Ep05 Bonus - Lumberjack Party (Kinect Demo),Indie,,,,,,0.0,steamspy,,True
536086,Double Fine Adventure: Ep09 Bonus - Broken Age Teaser Trailer,Indie,,,,,,0.0,steamspy,,True
536085,Double Fine Adventure: Ep09 Bonus - Teaser Trailer Previz,Indie,,,,,,0.0,steamspy,,True
536097,Double Fine Adventure: Ep14 Bonus - Broken Age Shay Trailer,Indie,,,,,,0.0,steamspy,,True
536096,Double Fine Adventure: Ep14 Bonus - Broken Age Vella Trailer,Indie,,,,,,0.0,steamspy,,True
536098,Double Fine Adventure: Ep15 Bonus - Broken Age Act 1 Trailer,Indie,,,,,,0.0,steamspy,,True
536105,Double Fine Adventure: Ep19 Bonus - Broken Age Launch Trailer,Indie,,,,,,0.0,steamspy,,True
819390,Double Kick Heroes - Original Sound Track Vol I & II,"Action, Indie",,,,Headbang Club,Headbang Club,0.0,steamspy,,True
849040,Double Kick Heroes Demo,"Action, Indie, Shooter",,,,Headbang Club,"Headbang Club, Whisper Games, Kakehashi",0.0,steamspy,3.0,True
436790,Downfall - Original Soundtrack,"Adventure, Indie",,,,Harvester Games,Screen 7,0.0,steamspy,,True
438050,Downfall Demo,"Adventure, Horror, Indie",,,,Harvester Games,Screen 7,0.0,steamspy,,True
598380,Downward Demo,"Action, Adventure, Casual, Indie, Platformer, Puzzle",,,,Caracal Games,IndieGala,0.0,steamspy,,True
574940,Downward Spiral: Prologue,"Action, Adventure, Indie",,,,3rd Eye Studios,3rd Eye Studios,0.0,steamspy,,True
11090,Dracula Origin Demo,"Adventure, Puzzle",,,,Frogwares,Focus Home Interactive,0.0,steamspy,,True
1016640,Drag Star Demo,"Adventure, Indie, RPG",,,,Choice of Games,Choice of Games,0.0,steamspy,,True
80413,Dragon Age: Origins - Ultimate Edition Trailer,"Adventure, RPG, Strategy",,,,BioWare,Electronic Arts,0.0,steamspy,,True
5638,Dragon Age: Origins Awakening Launch Trailer,"Action, Adventure, RPG",,,,BioWare,Electronic Arts,0.0,steamspy,,True
5550,Dragon Age: Origins Awakening Trailer,"Action, Adventure, RPG",,,,,,0.0,steamspy,,True
5449,Dragon Age: Origins Blood Dragon Armor Trailer,"Action, Adventure, RPG",,,,,,0.0,steamspy,,True
5446,Dragon Age: Origins Grey Wardens Trailer,"Action, Adventure, RPG",,,,,,0.0,steamspy,,True
5451,Dragon Age: Origins Sacred Ashes Trailer,"Action, Adventure, RPG",,,,,,0.0,steamspy,,True
5447,Dragon Age: Origins Stone Prisoner Trailer,"Action, Adventure, RPG",,,,BioWare,Electronic Arts,0.0,steamspy,,True
5445,Dragon Age: Origins Wardens Calling Trailer,"Action, Adventure, RPG",,,,BioWare,Electronic Arts,0.0,steamspy,,True
538890,Dragon Bros Demo,"Action, Casual, Indie, Platformer",,,,Space Lizard Studio LTD,Space Lizard Studio LTD,0.0,steamspy,,True
1006480,Dragon Racer Demo,"Adventure, Indie, RPG",,,,Hosted Games,Hosted Games,0.0,steamspy,,True
1363490,Dragon Spirits : Prologue,"Adventure, Indie, JRPG, RPG, Strategy",,,,FHNBHJ,"indienova, FHNBHJ",0.0,steamspy,,True
425710,Dragon's Wake - Soundtrack,"Action, Adventure, Indie",,,,Brainbox Software,,0.0,steamspy,,True
428090,Dragonpath Demo,"Action, Indie, RPG",,,,Ebonscale Games,Ebonscale Games,0.0,steamspy,,True
863360,Draid Demo,"Adventure, Indie, Platformer, Puzzle",,,,Bullet Bears,Bullet Bears,0.0,steamspy,,True
5214,Drakensang HD Trailer,"Adventure, RPG",,,,,,0.0,steamspy,,True
5215,Drakensang Trailer (DE),"Adventure, RPG",,,,,,0.0,steamspy,,True
80640,Drakensang: The River of Time Trailer,"Adventure, RPG",,,,DTP,Valusoft,0.0,steamspy,,True
691400,Draw Puzzle Demo,"Casual, Indie, Puzzle",,,,Hen Wen Studio,indienova,0.0,steamspy,,True
444750,Drawn Story Demo,"Adventure, Indie",,,,Vitaly Rekubratskiy,Vitaly Rekubratskiy,0.0,steamspy,,True
80509,Drawn: The Painted Tower Intro Trailer,"Adventure, Casual, Puzzle",,,,Big Fish Games,Big Fish Games,0.0,steamspy,,True
80508,Drawn: The Painted Tower Trailer,"Adventure, Casual, Puzzle",,,,Big Fish Games,Big Fish Games,0.0,steamspy,,True
692960,DreadEye VR Demo,"Action, Adventure, Horror, Indie",,,,Digital Happiness,Digital Happiness,0.0,steamspy,,True
759510,Dreadlands Beta,"Indie, Strategy",,,,Blackfox Studios,Fatshark,0.0,steamspy,,True
931980,Dreadnought Outlaw Hoard DLC,"Action, Massively Multiplayer",,,,"Six Foot, YAGER",Grey Box,0.0,steamspy,,True
916771,Dreadnought Renegade Stash DLC,"Action, Massively Multiplayer",,,,"Six Foot, YAGER",Grey Box,0.0,steamspy,,True
916772,Dreadnought Rogue Cache DLC,"Action, Massively Multiplayer",,,,"Six Foot, YAGER",Grey Box,0.0,steamspy,,True
384710,Dream - Soundtrack,"Adventure, Indie",,,,"HyperSloth, Norman Legies",Mastertronic,0.0,steamspy,,True
82032,Dream Pinball 3D Ingame Trailer,"Casual, Simulation",,,,,,0.0,steamspy,,True
544010,Dream UniVRse Demo Demo,"Action, Casual, Indie, Sports",,,,viVRe,viVRe,0.0,steamspy,,True
557560,Dreamcage Escape Demo,"Adventure, Casual, Indie, Puzzle",,,,Big Loop Studios ltd.,Big Loop Studios ltd.,0.0,steamspy,,True
80663,Dreamcast Collection Trailer (DE),"Action, Casual, Racing",,,,,,0.0,steamspy,,True
80658,Dreamcast Collection Trailer (EN) (ESRB),"Action, Casual, Racing",,,,,,0.0,steamspy,,True
80660,Dreamcast Collection Trailer (EN) (OFLC),"Action, Racing",,,,,,0.0,steamspy,,True
80664,Dreamcast Collection Trailer (EN) (PEGI),"Action, Racing",,,,,,0.0,steamspy,,True
80661,Dreamcast Collection Trailer (ES),"Action, Casual, Racing",,,,SEGA,SEGA,0.0,steamspy,,True
80662,Dreamcast Collection Trailer (FR),"Action, Casual, Racing",,,,,,0.0,steamspy,,True
80659,Dreamcast Collection Trailer (IT),"Action, Casual, Racing",,,,,,0.0,steamspy,,True
669480,Dreamfall Chapters: The Original Soundtrack,"Adventure, Indie",,,,Red Thread Games,Red Thread Games,0.0,steamspy,,True
321990,Dreaming Sarah OST,"Adventure, Casual, Indie",,,,"Andre Chagas Silva, Anthony Septim",,0.0,steamspy,,True
828130,Dreams of Greatness Demo,"Adventure, Indie, JRPG, RPG",,,,Steel Fox,Steel Fox,0.0,steamspy,,True
747410,Dreamstones Soundtrack,Indie,,,,Windybeard,Windybeard,0.0,steamspy,,True
432660,Drift Into Eternity Demo,"Action, Adventure, Indie",,,,We Are Bots,We Are Bots,0.0,steamspy,7.0,True
1384870,Drifters Loot the Galaxy - Beta,"Action, Casual, Indie, Shooter",,,,"Blind Squirrel Entertainment, Inc.",Blind Squirrel Publishing,0.0,steamspy,,True
327240,Drifting Lands Demo,"Action, Indie, RPG, Shooter",,,,Alkemi,Alkemi,0.0,steamspy,,True
1376890,Drill Deal: Borehole (Alpha),"Adventure, City Builder, Indie, Simulation, Strategy",,,,A2 Softworks,"Manager Games S.A., Red Dev Studio S.A.",0.0,steamspy,,True
823120,Drink Inc. Demo,"Action, Casual, Indie, Platformer",,,,Nikkihends Production,Nikkihends Production,0.0,steamspy,,True
646990,Drone Fighters Demo,"Action, Fighting, Indie, Simulation, Sports",,,,Surreal Games,Surreal Games,0.0,steamspy,,True
1087180,Drone Strike Force Demo,"Action, Massively Multiplayer, Shooter, Simulation",,,,"Odisi Games, Nimble Giant Entertainment, Globant",Odisi Games,0.0,steamspy,,True
541950,Drop Out 0 Demo,"Action, Indie",,,,Ward Dehairs,Ward Dehairs,0.0,steamspy,,True
282270,Drox Operative Demo,"4X, Action, Indie, RPG, Strategy",,,,Soldak Entertainment,Soldak Entertainment,0.0,steamspy,,True
923600,Druid Demo,"Adventure, Casual, Indie, Metroidvania, Puzzle",,,,Blazing Planet Studio,Blazing Planet Studio,0.0,steamspy,,True
785010,Drunk or Dead Demo,"Action, Indie, Simulation",,,,4 I Lab,4 I Lab,0.0,steamspy,,True
1129000,Dry Drowning Demo,"Adventure, Indie, Visual Novel",,,,Studio V,VLG Publishing,0.0,steamspy,,True
524130,Dual Core Demo,"Action, Indie, RPG, Shooter",,,,Gray Fin Studios,Gray Fin Studios,0.0,steamspy,4.0,True
309890,DubWars Demo,"Action, Casual, Indie",,,,MURA Interactive,WOBBL3 Entertainment LLC,0.0,steamspy,,True
511710,Duck Force Demo,"Action, Adventure, Casual, Indie, Simulation",,,,Andreas Aust,Andreas Aust,0.0,steamspy,,True
81771,Duels of the Planeswalkers 2013 Trailer,"Card & Board, Strategy",,,,Stainless Games,,0.0,steamspy,,True
81331,Duke Nukem Forever: The Doctor Who Cloned Me Trailer,Action,,,,,,0.0,steamspy,,True
567580,Duke of Alpha Centauri,"Action, Casual, Indie, Shooter",,,,EGAMER,SA Industry,0.0,steamspy,,True
445850,Dungelot OST,"Action, Indie, RPG",,,,Red Winter Software,tinyBuild,0.0,steamspy,,True
757150,Dungeon Builder S Demo,"Indie, Simulation, Strategy",,,,LIN KE HSI,LIN KE HSI,0.0,steamspy,,True
81842,Dungeon Defenders  - Quest for the Lost Eternia Shards Part 4 Trailer,"Indie, RPG",,,,Trendy Entertainment,Trendy Entertainment,0.0,steamspy,,True
81409,Dungeon Defenders - Barbarian Hero Trailer,"Action, Indie, RPG",,,,Trendy Entertainment,Trendy Entertainment,0.0,steamspy,,True
81427,Dungeon Defenders - Etherian Festival of Love Trailer,"Action, Indie, RPG",,,,Trendy Entertainment,Trendy Entertainment,0.0,steamspy,,True
81332,Dungeon Defenders - Quest for the Lost Eternia Shards Trailer,"Action, Indie, RPG",,,,Trendy Entertainment,,0.0,steamspy,,True
82181,Dungeon Defenders Anniversary Pack Trailer,"Action, Indie, RPG, Shooter, Strategy, Tower Defense",,,,Trendy Entertainment,,0.0,steamspy,,True
81611,Dungeon Defenders Aquanos Trailer,"Action, Indie, RPG, Strategy",,,,Trendy Entertainment,Trendy Entertainment,0.0,steamspy,,True
201680,Dungeon Defenders Demo,"Action, Indie, RPG, Shooter, Strategy, Tower Defense",,,,Trendy Entertainment,,0.0,steamspy,130.0,True
81301,Dungeon Defenders Heroes Swap Trailer,"Action, Indie, RPG",,,,,,0.0,steamspy,,True
81335,Dungeon Defenders Holiday Trailer,"Action, Indie, RPG",,,,Trendy Entertainment,Trendy Entertainment,0.0,steamspy,,True
427561,Dungeon Defenders II - The Awakening Costume Pack,"Action, Indie, RPG, Strategy",,,,Trendy Entertainment,,0.0,steamspy,,True
81227,Dungeon Defenders Launch Trailer,"Action, Indie, RPG, Shooter, Strategy, Tower Defense",,,,Trendy Entertainment,,0.0,steamspy,,True
208540,Dungeon Defenders Lucky Costume Pack,"Indie, RPG, Strategy",,,,Chromatic Games,Chromatic Games,0.0,steamspy,,True
203701,Dungeon Defenders New Heroes DLC,"Action, Indie, RPG",,,,Chromatic Games,Chromatic Games,0.0,steamspy,,True
81434,Dungeon Defenders Presidents Day Trailer,"Action, Indie, RPG",,,,Trendy Entertainment,Trendy Entertainment,0.0,steamspy,,True
81487,Dungeon Defenders Quest for the Lost Eternia Shards Part 2 Trailer,"Indie, RPG, Strategy",,,,,,0.0,steamspy,,True
81531,Dungeon Defenders Series EV Trailer,"Indie, RPG, Strategy",,,,,,0.0,steamspy,,True
81681,Dungeon Defenders Summoner Hero Trailer,"Indie, RPG, Strategy",,,,,,0.0,steamspy,,True
203700,Dungeon Defenders The Great Turkey Hunt! Mission & Costumes,"Action, Indie, RPG",,,,Chromatic Games,Chromatic Games,0.0,steamspy,,True
204386,Dungeon Defenders: Barbarian Hero DLC,"Action, Indie, RPG",,,,Chromatic Games,Chromatic Games,0.0,steamspy,,True
208546,Dungeon Defenders: Jester Hero DLC,"Indie, RPG, Strategy",,,,Chromatic Games,Chromatic Games,0.0,steamspy,,True
208541,Dungeon Defenders: Series EV Hero DLC,"Indie, RPG, Strategy",,,,Chromatic Games,Chromatic Games,0.0,steamspy,,True
208544,Dungeon Defenders: Summoner Hero DLC,"Indie, RPG, Strategy",,,,Chromatic Games,Chromatic Games,0.0,steamspy,,True
497760,Dungeon Escape - Soundtrack,"Action, Adventure, Indie",,,,"HateBit, Roenko Games",Roenko Games,0.0,steamspy,,True
403020,Dungeon Manager ZV Demo,"Simulation, Strategy",,,,StudioGIW,Zoo Corporation,0.0,steamspy,,True
613590,Dungeon Of Zaar - Open Beta,"Indie, Strategy",,,,KURB,Plug In Digital,0.0,steamspy,,True
582230,Dungeon Rushers - Dark Warriors Skins Pack,"Adventure, Indie, RPG, Strategy",,,,Goblinz Studio,Goblinz Publishing,0.0,steamspy,,True
581951,Dungeon Rushers - Pirates Skins Pack,"Adventure, Indie, RPG, Strategy",,,,Goblinz Studio,Goblinz Studio,0.0,steamspy,,True
581950,Dungeon Rushers - Veterans Skins Pack,"Adventure, Indie, RPG, Strategy",,,,Goblinz Studio,Goblinz Publishing,0.0,steamspy,,True
859110,Dungeon Rushers Demo,"Indie, RPG, Strategy",,,,Goblinz Studio,Goblinz Studio,0.0,steamspy,,True
39230,Dungeon Siege III Demo,"Action, Adventure, RPG",,,,Obsidian Entertainment,Square Enix,0.0,steamspy,,True
463630,Dungeon Souls - Original Soundtrack,"Action, Adventure, Indie, RPG",,,,"Lamina Studios, Mike Studios",Plug In Digital,0.0,steamspy,,True
744930,Dungeon of the Endless - Digital Artbook,"Adventure, Indie, RPG, Strategy",,,,AMPLITUDE Studios,SEGA,0.0,steamspy,,True
375560,DungeonRift Demo,"Action, Casual, Indie, RPG",,,,RiftyGames,RiftyGames,0.0,steamspy,,True
372410,Dungeoncraft Demo,"Indie, RPG, Strategy",,,,Zinnusl,Zinnusl,0.0,steamspy,,True
231890,Dungeons & Dragons: Chronicles of Mystara Demo,"Action, Adventure, RPG",,,,Iron Galaxy Studios,,0.0,steamspy,,True
510640,Dungeons &amp; Darkness Demo,"Action, Indie, RPG",,,,Yamiuchi Project,PLAYISM,0.0,steamspy,,True
686370,Dungeons &amp; Treasure VR Demo,"Action, Adventure, Indie",,,,SDC Ventures,SDC Ventures,0.0,steamspy,,True
80476,Dungeons Trailer,"RPG, Simulation, Strategy",,,,Realmforge Studios,Kalypso Media Digital,0.0,steamspy,,True
81947,Dungeons and Dragons Online Trailer,"Action, Adventure, Massively Multiplayer, Puzzle, RPG",,,,"Turbine, Inc",,0.0,steamspy,,True
666370,Dungeons and Geese OST,"Action, Adventure, Indie",,,,the Bratans,the Bratans,0.0,steamspy,,True
80937,Dungeons of Dredmor Trailer,"Adventure, Casual, Indie, RPG",,,,"Gaslamp Games, Inc.","Gaslamp Games, Inc.",0.0,steamspy,,True
81322,Dungeons of Dredmor: Realm of the Diggle Gods Trailer,"Adventure, Casual, Indie, RPG",,,,"Gaslamp Games, Inc.",,0.0,steamspy,,True
98821,Dungeons of Dredmor: You Have To Name The Expansion Pack,"Adventure, Casual, Indie, RPG",,,,"Gaslamp Games, Inc.","Gaslamp Games, Inc.",0.0,steamspy,,True
201060,Dungeons: The Dark Lord Demo,"RPG, Simulation, Strategy",,,,Realmforge Studios,Kalypso Media Digital,0.0,steamspy,,True
81117,Dungeons: The Dark Lord ESRB Trailer,"RPG, Simulation, Strategy",,,,Realmforge Studios,Kalypso Media Digital,0.0,steamspy,,True
81116,Dungeons: The Dark Lord PEGI Trailer,"RPG, Simulation, Strategy",,,,,,0.0,steamspy,,True
765430,Dungreed - Soundtrack,Action,,,,TEAM HORAY,TEAM HORAY,0.0,steamspy,,True
713000,Duped Demo,"Action, Indie",,,,Reuben Moorhouse,No Moss Studios,0.0,steamspy,,True
81362,Dustforce Gameplay Trailer,"Action, Indie, Platformer",,,,Hitbox Team,Hitbox Team,0.0,steamspy,,True
81363,Dustforce Trailer,"Action, Indie, Platformer",,,,Hitbox Team,,0.0,steamspy,,True
615430,"DvDrum, Ultimate Drum Simulator! Demo","Casual, Indie, Simulation, Sports",,,,DarkTigerDevelop,DarkTigerDevelop,0.0,steamspy,,True
630990,Dwarflings Demo,"Adventure, Indie, Platformer, Puzzle, RPG, Strategy",,,,Starwind Games,Starwind Games,0.0,steamspy,,True
80821,Dwarfs!? Trailer,"Casual, Indie, Strategy, Tower Defense",,,,,,0.0,steamspy,,True
104300,Dwarfs?! Demo,"Casual, Indie, Strategy, Tower Defense",,,,Power of 2,Tripwire Interactive,0.0,steamspy,,True
622860,Dyadic Demo,"Indie, Platformer, Puzzle",,,,Handsome Dragon Games,Handsome Dragon Games,0.0,steamspy,,True
435111,Dying Light - Crash Test Skin Bundle,"Action, RPG",,,,Techland,,0.0,steamspy,,True
798542,Dying Light Collectors Artbook,"Action, RPG",,,,Techland,,0.0,steamspy,,True
381570,Dying Light Demo,"Action, Adventure, Horror, RPG, Shooter, Survival",,,,Techland,Techland,0.0,steamspy,,True
798540,Dying Light Original Soundtrack,"Action, RPG",,,,Techland,Techland Publishing,0.0,steamspy,,True
798543,Dying Light Wallpaper Pack,"Action, RPG",,,,Techland,,0.0,steamspy,,True
485090,Dyna Bomb - Soundtrack OST,"Action, Adventure, Casual, Indie, Platformer, Puzzle",,,,7 Raven Studios,OtakuMaker.com,0.0,steamspy,,True
485070,Dyna Bomb Demo,"Action, Adventure, Casual, Indie, Platformer, Puzzle, Shooter",,,,7 Raven Studios,OtakuMaker.com,0.0,steamspy,,True
594610,Dynamic - DLC,"Action, Adventure, Casual, Indie, Platformer",,,,White Dog,White Dog,0.0,steamspy,,True
548160,Dynamic Demo,"Action, Adventure, Casual, Indie, Platformer",,,,White Dog,White Dog,0.0,steamspy,,True
81640,Dynamite Jack Trailer,"Action, Adventure, Indie",,,,"Hassey Enterprises, Inc.","Hassey Enterprises, Inc.",0.0,steamspy,,True
649290,Dynasty Feud Demo,"Action, Fighting, Indie",,,,Kaia Studios,Kaia Studios,0.0,steamspy,,True
358970,Dyscourse Special Edition DLC,"Adventure, Casual, Indie, Simulation",,,,Owlchemy Labs,,0.0,steamspy,,True
80972,E.Y.E Divine Cybermancy - Gameplay Trailer 2,"Action, Adventure, Indie, RPG, Shooter",,,,Streum On Studio,Streum On Studio,0.0,steamspy,,True
80894,E.Y.E: Divine Cybermancy - MOTRA Trailer,"Action, Adventure, Indie, RPG, Shooter",,,,,,0.0,steamspy,,True
80893,E.Y.E: Divine Cybermancy - Rotten Mound Trailer,"Action, Adventure, Indie, RPG, Shooter",,,,Streum On Studio,Streum On Studio,0.0,steamspy,,True
80819,E.Y.E: Divine Cybermancy - Trailer 1,"Action, Adventure, Indie, RPG, Shooter",,,,,,0.0,steamspy,,True
214820,E.Y.E: Divine Cybermancy Demo,"Action, Adventure, Indie, RPG, Shooter",,,,Streum On Studio,,0.0,steamspy,,True
841240,EARTHLOCK Demo,"Adventure, Indie, JRPG, RPG, Strategy",,,,Snowcastle Games,Snowcastle Games,0.0,steamspy,,True
38750,EDGE Demo,"Action, Casual, Indie, Platformer, Puzzle",,,,Two Tribes,Two Tribes,0.0,steamspy,,True
81020,EDGE Trailer,"Action, Casual, Indie, Platformer, Puzzle",,,,,,0.0,steamspy,,True
466510,EF-12 Fighting game maker Demo,"Fighting, Sports",,,,"QUAD ARROW Co., Ltd.",AGM PLAYISM,0.0,steamspy,,True
738050,ELMIA Original Soundtrack,"Action, Casual, Indie",,,,AECRNIA,AnelaGamesStudio,0.0,steamspy,,True
670690,ENIGMA: Demo,"Adventure, Indie, Visual Novel",,,,Uzumeya,Fruitbat Factory,0.0,steamspy,,True
760830,ERSATZ Demo,"Action, Indie, Platformer",,,,Paris Stalker,ALL iN,0.0,steamspy,,True
409480,ESCHATOS - Arranged Soundtrack,Action,,,,Qute,KOMODO,0.0,steamspy,,True
500510,ESCHATOS Demo,Action,,,,Qute,Degica,0.0,steamspy,,True
331250,ETHER VAPOR Remaster Original Soundtrack,"Action, Indie",,,,Edelweiss,PLAYISM,0.0,steamspy,,True
1165670,EVE Aether Wars - Tech Demo,"Action, Indie, Massively Multiplayer",,,,"CCP, Hadean",CCP,0.0,steamspy,,True
766712,EVE Online: 10 Daily Alpha Injectors,"Action, Massively Multiplayer, RPG, Strategy",,,,CCP,CCP,0.0,steamspy,,True
659290,EVE Online: Alpha Pack,"Action, Massively Multiplayer, RPG, Strategy",,,,CCP,CCP,0.0,steamspy,,True
536330,EXIT Demo,"Casual, Indie, Puzzle",,,,SIXNAILS,SIXNAILS,0.0,steamspy,,True
744090,EXON: The Impossible Challenge Demo,"Action, Casual, Indie",,,,Simple Interactive Games,Simple Interactive Games,0.0,steamspy,,True
1088970,Eagle Island Demo,"Action, Adventure, Indie, Metroidvania, Platformer",,,,Pixelnicks,Screenwave Media,0.0,steamspy,,True
779370,Earth 2140 - Soundtrack,Strategy,,,,Reality Pump Studios,,0.0,steamspy,,True
986120,Earth 2150 Trilogy - Soundtrack,Strategy,,,,Reality Pump Studios,TopWare Interactive,0.0,steamspy,,True
81318,Earth Defense Force: Insect Armageddon Trailer,"Action, Shooter",,,,"D3Publisher of America, Inc.",,0.0,steamspy,,True
578340,Earthfall Soundtrack,Action,,,,Holospark,,0.0,steamspy,,True
1032390,Eastshade Original Soundtrack,"Adventure, Indie",,,,Eastshade Studios,,0.0,steamspy,,True
764620,Easy Red Demo,"Action, Indie, Shooter, Simulation, Strategy",,,,Marco Amadei,Marco Amadei,0.0,steamspy,,True
372810,Echo Tokyo - Wallpapers,"Adventure, Casual, Indie",,,,Dharker Studios,Dharker Studios,0.0,steamspy,,True
937880,Echoes III - Soundtrack,"Action, Indie",,,,Anti-Lag,Anti-Lag,0.0,steamspy,,True
433020,Echoes of Aetheria: Soundtrack,"Indie, RPG",,,,Dancing Dragon Games,Dancing Dragon Games,0.0,steamspy,,True
433021,Echoes of Aetheria: Strategy Guide,"Indie, RPG",,,,Dancing Dragon Games,Dancing Dragon Games,0.0,steamspy,,True
516350,Echoes of the Fey - The Fox's Trail Demo,"Adventure, Casual, Indie, Visual Novel",,,,Woodsy Studio,Woodsy Studio,0.0,steamspy,,True
589330,Echoes of the Fey - The Immolation Soundtrack,"Adventure, Indie",,,,Woodsy Studio,,0.0,steamspy,,True
471900,Eclipse --- Defending the motherland Demo,"Adventure, Horror, Survival",,,,NezhaGames,NezhaGames,0.0,steamspy,,True
564240,Eclipsed Demo,"Adventure, Casual, Indie",,,,Christ Laurenz Sambrano,Christ Laurenz Sambrano,0.0,steamspy,,True
2218720,Ecosphere - Prologue,"Adventure, Indie, Visual Novel",,,,Talestrike,Talestrike,0.0,steamspy,,True
1000400,Edge Of Eternity - War Nekaroo Skin,"Action, Adventure, Indie, RPG, Strategy",,,,Midgar Studio,Dear Villagers,0.0,steamspy,,True
2171750,Editor's Hell,"Adventure, Puzzle, Simulation, Strategy",,,,Pixelated Goose Games,Pixelated Goose Games,0.0,steamspy,,True
558160,Edna & Harvey: Harvey's New Eyes Soundtrack,"Adventure, Indie",,,,Daedalic Entertainment,Daedalic Entertainment,0.0,steamspy,,True
558190,Edna & Harvey: The Breakout Soundtrack,"Adventure, Indie",,,,Daedalic Entertainment,Daedalic Entertainment,0.0,steamspy,,True
353060,Edolie Strategy Guide,"Indie, RPG",,,,Eridani Games,KOMODO,0.0,steamspy,,True
6110,Eets Demo,"Casual, Indie, Puzzle, Strategy",,,,Klei Entertainment,Klei Entertainment,0.0,steamspy,,True
426110,Ego Protocol Demo,"Casual, Indie",,,,Static Dreams,IQ Publishing,0.0,steamspy,,True
844470,Egypt Original Soundtrack,"Indie, Simulation, Strategy",,,,Clarus Victoria,Clarus Victoria,0.0,steamspy,,True
844480,Egypt: Old Kingdom - Artbook,"Indie, Simulation, Strategy",,,,Clarus Victoria,Clarus Victoria,0.0,steamspy,,True
863370,Egypt: Old Kingdom Demo,"4X, Indie, Simulation, Strategy",,,,Clarus Victoria,Clarus Victoria,0.0,steamspy,20.0,True
2410890,El Dorado: The Golden City Builder - Prologue,"City Builder, Simulation, Strategy, Survival",,,,"Hobo Bunch, Gameparic","Gameparic, Games Incubator, PlayWay S.A.",0.0,steamspy,,True
1301990,Electro Ride Prologue,"Action, Casual, Indie, Racing, Simulation, Sports",,,,Sylwester Osik,"Garage 5, Kurki.games",0.0,steamspy,35.0,True
317770,Electronic Super Joy - A Hot Sticky Mess DLC,"Action, Indie, Platformer",,,,Michael Todd Games,Michael Todd Games,0.0,steamspy,,True
271400,Electronic Super Joy - Bonus Content Pack!,"Action, Indie, Platformer",,,,Michael Todd Games,,0.0,steamspy,,True
365490,Elementary My Dear Majesty! Demo,Casual,,,,Alawar Dreamdale,Alawar Entertainment,0.0,steamspy,,True
468580,Elements Soundtrack,RPG,,,,Soul Catapult,New Reality Games,0.0,steamspy,,True
579600,Elephant Express VR Demo,"Action, Adventure, Casual",,,,Blob Lab,Blob Group Ltd,0.0,steamspy,,True
823170,Ellen Demo,"Horror, Indie",,,,Red Mount Media,"Red Mount Media, Antarsoft",0.0,steamspy,,True
488110,Ember Kaboom Demo,"Action, Indie, Platformer",,,,Josh Koenig (Slashandz),Josh Koenig (Slashandz),0.0,steamspy,,True
663270,Embers of Mirrim Demo,"Adventure, Indie, Platformer, Puzzle",,,,Creative Bytes Studios,Creative Bytes Studios,0.0,steamspy,,True
2380850,Emberwood (Beta),"Action, Adventure, Platformer, RPG",,,,Lost Coast Entertainment,Lost Coast Entertainment,0.0,steamspy,,True
604530,EmbodyMe Beta,"Casual, Massively Multiplayer",,,,EmbodyMe Inc.,EmbodyMe Inc.,0.0,steamspy,,True
503740,EmergeNYC Demo,"Action, Adventure, Casual, Indie, RPG, Racing, Simulation, Strategy",,,,FlipSwitch Games,FlipSwitch Games,0.0,steamspy,,True
734060,Emily Wants to Play Too Demo,"Action, Adventure, Horror, Indie, Simulation, Strategy, Survival",,,,Shawn Hitchcock,SKH Apps,0.0,steamspy,,True
950980,Emitters Demo,"Action, Casual",,,,HYTEK94,Emitters,0.0,steamspy,,True
634170,Empathy: Path of Whispers - Original soundtrack,"Action, Adventure, Indie",,,,Pixel Night,Iceberg Interactive,0.0,steamspy,,True
492331,Emperor Content Pack,"Casual, Massively Multiplayer, Strategy",,,,"ZiMAD, Inc.","ZiMAD, Inc.",0.0,steamspy,,True
437050,Empire of the Gods Demo,"Card & Board, Casual, Indie, Strategy",,,,Lonely Troops,Lonely Troops,0.0,steamspy,,True
5197,Empire: Total War - Launch Trailer (English),"Action, Adventure, Strategy",,,,,,0.0,steamspy,,True
5389,Empire: Total War - The Warpath Campaign Trailer,Strategy,,,,The Creative Assembly,SEGA,0.0,steamspy,,True
5394,Empire: Total War - The Warpath Campaign Trailer (German),Strategy,,,,The Creative Assembly,SEGA,0.0,steamspy,,True
5200,Empire: Total War Launch Trailer (Dutch),"Action, Adventure, Strategy",,,,,,0.0,steamspy,,True
5198,Empire: Total War Launch Trailer (French),"Action, Adventure, Strategy",,,,,,0.0,steamspy,,True
5199,Empire: Total War Launch Trailer (German),"Action, Adventure, Strategy",,,,,,0.0,steamspy,,True
5201,Empire: Total War Launch Trailer (Polish),"Action, Adventure, Strategy",,,,,,0.0,steamspy,,True
5202,Empire: Total War Launch Trailer (Spanish),"Action, Adventure, Strategy",,,,,,0.0,steamspy,,True
5203,Empire: Total War Launch Trailer (UK),"Action, Adventure, Strategy",,,,,,0.0,steamspy,,True
5136,Empire: Total War Trailer,"Action, Adventure, Strategy",,,,,,0.0,steamspy,,True
557710,Empyrean Demo,"Adventure, Indie, RPG",,,,Choice of Games,Choice of Games,0.0,steamspy,,True
1039730,Enchanted Path - Soundtrack,"Casual, Indie, Strategy",,,,Tuwi Michael Nannings,,0.0,steamspy,,True
985470,Enclave - Soundtrack,RPG,,,,Starbreeze,TopWare Interactive,0.0,steamspy,,True
560610,Endangered Demo,"Action, Adventure, Strategy",,,,"Strawberry Game Studios, LLC","Strawberry Game Studios, LLC",0.0,steamspy,,True
1027920,Enderal - Forgotten Stories OST,RPG,,,,SureAI,,0.0,steamspy,,True
944240,Enderal - Original Soundtrack,RPG,,,,SureAI,,0.0,steamspy,,True
671910,Endless ATC Demo,"Casual, Indie, Simulation",,,,startgrid,startgrid,0.0,steamspy,6.0,True
961570,Endless Jade Sea Artbook,"Adventure, Indie, RPG",,,,Cabbit,SakuraGame,0.0,steamspy,,True
718570,Endless Legend - Digital Artbook,"RPG, Strategy",,,,AMPLITUDE Studios,SEGA,0.0,steamspy,,True
547750,Endless Night - Alpha,"Action, Adventure, Indie",,,,Yerawizard LLC,Yerawizard LLC,0.0,steamspy,,True
376190,Enemy Demo,"Indie, RPG, Strategy",,,,Tom Johnson,Tom Johnson,0.0,steamspy,,True
389440,Energy Balance Demo,"Casual, Indie, Puzzle",,,,Sometimes You,Sometimes You,0.0,steamspy,,True
403550,Energy Balance Soundtrack,"Casual, Indie",,,,Sometimes You,,0.0,steamspy,,True
423240,Energy Cycle Soundtrack,"Casual, Indie",,,,Sometimes You,,0.0,steamspy,,True
1731930,Engineer Alpha,"Simulation, Survival",,,,Aaron Worcester,Aaron Worcester,0.0,steamspy,,True
81532,English Country Tune Trailer,"Casual, Indie, Puzzle",,,,increpare games,,0.0,steamspy,,True
994800,Engram Demo,"Casual, Indie",,,,Fugalengram,Fugalengram,0.0,steamspy,,True
2529570,Enigma Code: Prologue,"Indie, RPG, Visual Novel",,,,Gerytsch,Gerytsch,0.0,steamspy,,True
720400,Enigmatis 3: The Shadow of Karkhala - Artbook & Soundtrack,"Adventure, Casual, Indie",,,,Artifex Mundi,Artifex Mundi,0.0,steamspy,,True
658460,Enshrouded World: Home Truths Demo,"Action, Survival",,,,Brandon Gallo,Brandon Gallo,0.0,steamspy,,True
457840,Enter the Gungeon - Soundtrack,"Action, Adventure, Indie",,,,Dodge Roll,Devolver Digital,0.0,steamspy,,True
1440810,Enthrean Radiance : Prologue,"Action, Adventure, Indie, JRPG, RPG",,,,"Enthrean Guardian, Eggion, stellarNull",Eggion,0.0,steamspy,,True
881800,Entropic Shop VR Demo,"Action, Casual, Indie",,,,Big Horn Studio,Big Horn Studio,0.0,steamspy,,True
769990,Entropy : Zero Soundtrack,Action,,,,Breadman,,0.0,steamspy,,True
350400,Environmental Station Alpha Demo,"Action, Adventure, Indie",,,,"Arvi Teikari, Roope Mäkinen",Hempuli Oy,0.0,steamspy,,True
384720,Environmental Station Alpha Soundtrack,"Action, Adventure, Indie",,,,"Roope Mäkinen, Arvi Teikari",Hempuli Oy,0.0,steamspy,,True
554850,Eon Altar Demo,"Action, Adventure, Indie, RPG",,,,Flying Helmet Games,Flying Helmet Games,0.0,steamspy,,True
372520,Epanalepsis - Soundtrack,"Adventure, Indie",,,,Cameron Kunzelman,Mastertronic,0.0,steamspy,,True
347110,Ephemerid: Original Soundtrack,"Adventure, Indie",,,,SuperChop Games,,0.0,steamspy,,True
523690,Epic Battle Fantasy 3 - Soundtrack,"Adventure, Indie, RPG",,,,Phyrnna,Phyrnna,0.0,steamspy,,True
419290,Epic Battle Fantasy 4 Soundtrack,"Adventure, RPG",,,,Phyrnna,Phyrnna,0.0,steamspy,,True
971600,Epic Battle Fantasy 5 Soundtrack,"Adventure, RPG, Strategy",,,,Phyrnna,Phyrnna,0.0,steamspy,,True
1028450,Epic Food Fight Demo,"Action, Casual, Indie",,,,ZUGALU ENTERTAINMENT,ZUGALU ENTERTAINMENT,0.0,steamspy,,True
2460010,Epic Pandemonium,"Action, Adventure, Casual, Indie, Platformer",,,,Animas Games,Solid Ediciones,0.0,steamspy,,True
817320,Episicava - Vol. I Demo,"Adventure, Casual, Indie, Simulation, Visual Novel",,,,Epic Works,Top Hat Studios Inc,0.0,steamspy,,True
715850,Episode Shadow DLC,"Action, Adventure",,,,"Sonic Team, Hardlight",SEGA,0.0,steamspy,,True
458530,Epistory - Original Soundtrack,"Action, Adventure, Indie, RPG",,,,Fishing Cactus,"Fishing Cactus, PID Games, Dear Villagers",0.0,steamspy,,True
2676190,Ericanskinsmonsters,"Action, Adventure, Horror, JRPG, Platformer, RPG",,,,SMIRKSMILEGRIN GAMES,SMIRKSMILEGRIN GAMES,0.0,steamspy,,True
823420,Erinye Demo,"Action, Adventure, Indie, RPG",,,,Karosu-Maker,Karosu-Maker,0.0,steamspy,,True
985550,Escape Legacy : Ancient Scrolls Demo,"Adventure, Casual, Indie, Platformer, Puzzle, Simulation",,,,Storming Tech,Storming Tech,0.0,steamspy,,True
3602,Escape Rosecliff Island Demo,"Adventure, Casual, Puzzle",,,,SpinTop Games,"PopCap Games, Inc.",0.0,steamspy,,True
2444940,Escape from Demon Island,"Card & Board, Casual, Shooter, Strategy, Survival, Tower Defense",,,,川流游戏,川流游戏,0.0,steamspy,,True
1696610,Escape from the Lockdown: The Demon Fortress (Steam Version) - Day 1,"Adventure, Card & Board, Casual, Platformer, Puzzle, RPG, Strategy",,,,"SCRAP Co., Ltd.","SCRAP Co., Ltd.",0.0,steamspy,,True
25610,Eschalon: Book I Demo,"Indie, RPG",,,,Basilisk Games,Basilisk Games,0.0,steamspy,,True
1069250,Eslander Alpha,"Action, Adventure, Indie, Massively Multiplayer, RPG, Simulation, Strategy",,,,Team Titan,Team Titan,0.0,steamspy,,True
1148030,Esport Test Toolkit (ETT),"Indie, Simulation, Sports",,,,Ahlman Game Studio,Ahlman Game Studio,0.0,steamspy,,True
1268200,Espresso For The Demon,"Indie, Visual Novel",,,,Vorobushek,Vorobushek,0.0,steamspy,,True
1783740,Essence Of The Tjikko - Prologue,"Action, Adventure, Platformer, Puzzle",,,,La Revria Studio,La Revria Studio,0.0,steamspy,,True
1520110,Etched Memories Demo,"Action, Adventure, Horror, Simulation",,,,From Scratch Studios,From Scratch Studios,0.0,steamspy,,True
488650,Eternal Destiny - Demon Slayer : Turmoil of Tohno,Strategy,,,,Office 5656,KOMODO,0.0,steamspy,,True
540040,Eternal Destiny - Demon's Casket: The Seven Sins,Strategy,,,,Office 5656,KOMODO,0.0,steamspy,,True
540030,Eternal Destiny Demo,"Card & Board, Strategy",,,,Office 5656,Degica,0.0,steamspy,8.0,True
19510,Eternity's Child Demo,"Adventure, Indie, Platformer",,,,Luc Bernard & SilverSphereStudios,Silver Sphere Studios,0.0,steamspy,,True
273280,Ethan: Meteor Hunter Demo,"Action, Adventure, Indie, Platformer, Puzzle",,,,Seaven Studio,Seaven Studio,0.0,steamspy,,True
219240,Ether Vapor Remaster Demo,"Action, Indie, Shooter",,,,Edelweiss,Nyu Media,0.0,steamspy,,True
327040,Eufloria HD Original Soundtrack,"Indie, Strategy",,,,Milieu,Omni Systems,0.0,steamspy,,True
321471,Euro Fishing: Season Pass,"Simulation, Sports",,,,Dovetail Games,Dovetail Games - Fishing,0.0,steamspy,,True
933610,Euro Truck Simulator 2 - Krone Trailer Pack,"Indie, Simulation",,,,SCS Software,SCS Software,0.0,steamspy,,True
388477,Euro Truck Simulator 2 - Schwarzmüller Trailer Pack,"Indie, Simulation",,,,SCS Software,SCS Software,0.0,steamspy,,True
22150,Europa Universalis III Complete Demo,"4X, Simulation, Strategy",,,,Paradox Interactive,Paradox Interactive,0.0,steamspy,,True
80565,Europa Universalis III: Divine Wind Trailer,"4X, Simulation, Strategy",,,,Paradox Interactive,Paradox Interactive,0.0,steamspy,,True
80566,Europa Universalis III: Divine Wind Trailer 2,"4X, Simulation, Strategy",,,,Paradox Interactive,Paradox Interactive,0.0,steamspy,,True
247890,Europa Universalis IV Demo,"4X, Simulation, Strategy",,,,Paradox Development Studio,,0.0,steamspy,,True
415680,Europa Universalis IV: Sabaton Soundtrack,"Simulation, Strategy",,,,Sabaton,Paradox Interactive,0.0,steamspy,,True
373400,Europa Universalis IV: Sounds from the community - Kairi Soundtrack,"Simulation, Strategy",,,,Paradox Interactive,,0.0,steamspy,,True
22160,Europa Universalis: Rome - Gold Edition Demo,"Simulation, Strategy",,,,Paradox Interactive,Paradox Interactive,0.0,steamspy,,True
571120,Event[0] - Soundtrack,"Adventure, Indie",,,,Ocelot Society,,0.0,steamspy,,True
709300,Eventide 2: Sorcerer's Mirror - Artbook & Soundtrack,"Adventure, Casual",,,,The House of Fables,Artifex Mundi,0.0,steamspy,,True
81309,Everquest II F2P Announce Trailer,"Action, Adventure, Massively Multiplayer, RPG",,,,"Sony Online Entertainment, LLC.",,0.0,steamspy,,True
565990,Evertree Inn Demo,"Adventure, Indie, RPG",,,,Hosted Games,Hosted Games,0.0,steamspy,,True
619940,Everything OST,"Casual, Indie, RPG, Simulation",,,,David OReilly,David OReilly,0.0,steamspy,,True
1219950,Evil Democracy: 1932,"Indie, Simulation, Strategy",,,,Hamsters Gaming,Hamsters Gaming,0.0,steamspy,,True
1485870,Evil Inside - Prologue,"Adventure, Horror, Indie, Survival",,,,JanduSoft,JanduSoft,0.0,steamspy,87.0,True
498520,Evil Maze Game Gallery DLC,"Action, Adventure, Indie, RPG, Strategy",,,,ZOV GAME STUDIO,ZOV GAME STUDIO,0.0,steamspy,,True
498540,Evil Maze Horror Forest DLC,"Action, Adventure, Indie, RPG, Strategy",,,,ZOV GAME STUDIO,ZOV GAME STUDIO,0.0,steamspy,,True
530410,Evil Orbs Demo,"Action, Casual, Indie",,,,GoBit Games,GoBit Games,0.0,steamspy,,True
586500,EvilMorph Soundtrack,"Action, Adventure, Indie",,,,HateBit,ClickGames,0.0,steamspy,,True
81356,Evochron Mercenary Trailer,"Action, Indie, Simulation",,,,StarWraith 3D Games LLC,,0.0,steamspy,,True
396470,Evoland 2 - Artbook,"Action, Adventure, Indie, RPG",,,,Shiro Games,,0.0,steamspy,,True
396460,Evoland 2 - Soundtrack,"Action, Adventure, Indie, RPG",,,,Shiro Games,Shiro Games,0.0,steamspy,,True
390980,Executive Assault - Soundtrack,"Action, Strategy",,,,Hesketh Studios,,0.0,steamspy,,True
1069620,Exile of the Gods Demo,"Adventure, Indie, RPG",,,,Choice of Games,Choice of Games,0.0,steamspy,,True
397000,Exile's End - Original Soundtrack by Keiji Yamagishi,Action,,,,"Magnetic Realms, Bravewave",Marvelous,0.0,steamspy,,True
1375530,Exo One: Prologue,"Adventure, Casual, Simulation",,,,Exbleative,"Future Friends Games, Exbleative",0.0,steamspy,,True
1139040,ExoTanks MOBA Demo,"Action, Massively Multiplayer, Racing, Shooter, Simulation, Sports",,,,Digital Universe,Digital Universe,0.0,steamspy,,True
516820,Exodemon,"Action, Indie, Shooter",,,,Kuupu,Kuupu,0.0,steamspy,,True
314490,Exodus Demo,"Adventure, Indie",,,,Galhmac Game Studio,Multi-Form,0.0,steamspy,,True
1059670,Exogenesis ~Perils of Rebirth~ Demo,"Action, Adventure, Casual, Indie, Puzzle, Visual Novel",,,,Kwan,Sekai Project,0.0,steamspy,,True
654450,Exorcise The Demons,"Action, Adventure, Indie",,,,Midnight Games EIRL,Midnight Games EIRL,0.0,steamspy,,True
856030,Exorder Demo,"Casual, Indie, Strategy",,,,Solid9 Studio,Fat Dog Games,0.0,steamspy,,True
402690,Expand - Soundtrack,"Adventure, Indie",,,,Chris Larkin,"Chris Johnson, Chris Larkin",0.0,steamspy,,True
1109310,Expansion,"4X, Casual, Indie, Simulation, Strategy",,,,Mykel Flynn,Mykel Flynn,0.0,steamspy,,True
615380,Expansion - Cossacks 3: Guardians of the Highlands,"City Builder, Strategy",,,,GSC Game World,GSC Game World,0.0,steamspy,,True
292982,Expansion - Crusader Kings II: Charlemagne,"RPG, Simulation, Strategy",,,,Paradox Development Studio,Paradox Interactive,0.0,steamspy,,True
394320,Expansion - Crusader Kings II: Conclave,"RPG, Simulation, Strategy",,,,Paradox Development Studio,Paradox Interactive,0.0,steamspy,,True
756660,Expansion - Crusader Kings II: Holy Fury,"RPG, Simulation, Strategy",,,,Paradox Development Studio,Paradox Interactive,0.0,steamspy,,True
354330,Expansion - Crusader Kings II: Horse Lords,"RPG, Simulation, Strategy",,,,Paradox Development Studio,Paradox Interactive,0.0,steamspy,,True
640140,Expansion - Crusader Kings II: Jade Dragon,"Simulation, Strategy",,,,Paradox Development Studio,Paradox Interactive,0.0,steamspy,,True
210895,Expansion - Crusader Kings II: Legacy of Rome,Strategy,,,,Paradox Interactive,Paradox Interactive,0.0,steamspy,,True
530780,Expansion - Crusader Kings II: Monks and Mystics,"Simulation, Strategy",,,,Paradox Development Studio,Paradox Interactive,0.0,steamspy,,True
279600,Expansion - Crusader Kings II: Rajas of India,"RPG, Simulation, Strategy",,,,Paradox Development Studio,Paradox Interactive,0.0,steamspy,1.0,True
226667,Expansion - Crusader Kings II: Sons of Abraham,"RPG, Simulation, Strategy",,,,Paradox Development Studio,Paradox Interactive,0.0,steamspy,,True
210902,Expansion - Crusader Kings II: Sunset Invasion,Strategy,,,,Paradox Development Studio,Paradox Interactive,0.0,steamspy,,True
203778,Expansion - Crusader Kings II: Sword of Islam,Strategy,,,,Paradox Development Studio,Paradox Interactive,0.0,steamspy,,True
210908,Expansion - Crusader Kings II: The Old Gods,Strategy,,,,Paradox Development Studio,Paradox Interactive,0.0,steamspy,,True
449980,Expansion - Crusader Kings II: The Reaper's Due,"RPG, Simulation, Strategy",,,,Paradox Development Studio,Paradox Interactive,0.0,steamspy,,True
210906,Expansion - Crusader Kings II: The Republic,Strategy,,,,Paradox Development Studio,Paradox Interactive,0.0,steamspy,,True
329010,Expansion - Crusader Kings II: Way of Life,"RPG, Simulation, Strategy",,,,Paradox Development Studio,Paradox Interactive,0.0,steamspy,,True
310031,Expansion - Europa Universalis IV: Art of War,"Simulation, Strategy",,,,Paradox Development Studio,Paradox Interactive,0.0,steamspy,,True
338163,Expansion - Europa Universalis IV: Common Sense,"Simulation, Strategy",,,,Paradox Development Studio,Paradox Interactive,0.0,steamspy,,True
241369,Expansion - Europa Universalis IV: Conquest of Paradise,"Simulation, Strategy",,,,Paradox Development Studio,Paradox Interactive,0.0,steamspy,,True
721340,Expansion - Europa Universalis IV: Cradle of Civilization,"Simulation, Strategy",,,,Paradox Development Studio,Paradox Interactive,0.0,steamspy,,True
827240,Expansion - Europa Universalis IV: Dharma,"Simulation, Strategy",,,,Paradox Development Studio,Paradox Interactive,0.0,steamspy,,True
338160,Expansion - Europa Universalis IV: El Dorado,"Simulation, Strategy",,,,Paradox Development Studio,Paradox Interactive,0.0,steamspy,,True
538020,Expansion - Europa Universalis IV: Mandate of Heaven,"Simulation, Strategy",,,,Paradox Development Studio,Paradox Interactive,0.0,steamspy,,True
436120,Expansion - Europa Universalis IV: Mare Nostrum,"Simulation, Strategy",,,,Paradox Development Studio,Paradox Interactive,0.0,steamspy,,True
279623,Expansion - Europa Universalis IV: Res Publica,"Adventure, Simulation, Strategy",,,,Paradox Development Studio,Paradox Interactive,0.0,steamspy,,True
486570,Expansion - Europa Universalis IV: Rights of Man,"Simulation, Strategy",,,,Paradox Development Studio,Paradox Interactive,0.0,steamspy,,True
373370,Expansion - Europa Universalis IV: The Cossacks,"Simulation, Strategy",,,,Paradox Development Studio,Paradox Interactive,0.0,steamspy,,True
279620,Expansion - Europa Universalis IV: Wealth of Nations,"Simulation, Strategy",,,,Paradox Development Studio,Paradox Interactive,0.0,steamspy,,True
815460,Expansion - Hearts of Iron IV: Man the Guns,"Simulation, Strategy",,,,Paradox Development Studio,Paradox Interactive,0.0,steamspy,,True
530760,Expansion - Hearts of Iron IV: Together for Victory,"Simulation, Strategy",,,,Paradox Development Studio,Paradox Interactive,0.0,steamspy,,True
702350,Expansion - Hearts of Iron IV: Waking the Tiger,"Simulation, Strategy",,,,Paradox Development Studio,Paradox Interactive,0.0,steamspy,,True
1891010,Expansion Core,"Action, Adventure, Casual, RPG, Strategy, Survival",,,,CandleBird,CandleBird,0.0,steamspy,,True
2669520,Expansion VR,"Indie, Strategy",,,,Plazma Studio,Plazma Studio,0.0,steamspy,,True
572200,Expect The Unexpected Demo,"Action, Casual, Indie, RPG, Strategy, Survival",,,,GoldenGod Games,GoldenGod Games,0.0,steamspy,,True
592820,Expeditions: Viking - Soundtrack and Art Book,"Indie, RPG, Strategy",,,,Logic Artists,THQ Nordic,0.0,steamspy,,True
281820,Explodemon,"Action, Adventure, Casual, Indie, Platformer",,,,Curve Studios,Curve Games,0.0,steamspy,,True
3156530,Express Car Wash Simulator : Prologue,Simulation,,,,Yekta Ozcan,Yekta Ozcan,0.0,steamspy,,True
833840,Extreme Formula Championship Demo,"Racing, Sports",,,,Yash Future Tech Solutions Pvt Ltd,Yash Future Tech Solutions Pvt Ltd,0.0,steamspy,,True
16470,F.E.A.R. 2: Project Origin Demo,"Action, Horror, Shooter",,,,,,0.0,steamspy,,True
16465,F.E.A.R. 2: Reborn (DLC),"Action, Horror",,,,"Monolith Productions, Inc.",Warner Bros. Interactive Entertainment,0.0,steamspy,,True
16420,F.E.A.R.2: Project Origin Demo,"Action, Horror, Shooter",,,,Monolith,Warner Bros. Interactive Entertainment,0.0,steamspy,,True
729830,F.E.X (Forced Evolution Experiment) Demo,"Action, Adventure, Indie",,,,NonFictional Games,NonFictional Games,0.0,steamspy,,True
81182,F1 2011 Launch Trailer ESRB,"Racing, Simulation, Sports",,,,Codemasters Birmingham,,0.0,steamspy,,True
81048,F1 2011 Trailer Pegi ,"Racing, Simulation, Sports",,,,,,0.0,steamspy,,True
82009,F1 2012 Trailer ,"Racing, Simulation, Sports",,,,,,0.0,steamspy,,True
82010,F1 2012 Trailer PEGI,"Racing, Simulation, Sports",,,,,,0.0,steamspy,,True
82171,F1 Racestars Trailer,"Action, Racing, Sports",,,,Codemasters Birmingham,Codemasters,0.0,steamspy,,True
837841,FAR: Lone Sails - Digital Artbook,"Action, Adventure, Indie",,,,Okomotive,Assemble Entertainment,0.0,steamspy,,True
837840,FAR: Lone Sails - Soundtrack,"Action, Adventure, Indie",,,,Okomotive,Assemble Entertainment,0.0,steamspy,,True
593140,FEIST Soundtrack,"Action, Indie",,,,Bits & Beasts,Finji,0.0,steamspy,,True
625660,FEMINAZI: Mother Russia DLC,"Action, Casual, Indie, Simulation",,,,"hyperboreanGames, Svarog Studios",Back To Basics Gaming,0.0,steamspy,,True
596960,FEMINAZI: The Triggering Soundtrack,"Casual, Indie",,,,"hyperboreanGames, Svarog Studios",Back To Basics Gaming,0.0,steamspy,,True
422690,FIVE: Guardians of David Soundtrack,"Action, Adventure, Indie, RPG",,,,Kingdom Games,Kingdom Games,0.0,steamspy,,True
224520,FLY'N Demo,"Action, Adventure, Indie, Platformer, Puzzle",,,,Ankama Play,Ankama,0.0,steamspy,31.0,True
572600,FOR HONOR™ BETA,"Action, Fighting, Massively Multiplayer",,,,"Ubisoft Montreal, Ubisoft Quebec, Ubisoft Toronto, Blue Byte",Ubisoft,0.0,steamspy,,True
260880,FORCED Original Soundtrack,"Action, Indie, RPG",,,,BetaDwarf,BetaDwarf,0.0,steamspy,,True
502830,FORCED SHOWDOWN - Supreme Skin Pack,"Action, Indie, RPG, Strategy",,,,BetaDwarf,BetaDwarf,0.0,steamspy,,True
408530,FORM - Episode 1 Demo,"Adventure, Casual, Indie",,,,Charm Games,Charm Games,0.0,steamspy,,True
856840,FRAMED Collection - The Original Soundtrack,"Adventure, Casual, Indie",,,,Loveshack Entertainment,Fellow Traveller,0.0,steamspy,,True
494521,FSX Steam Edition: McDonnell F3H-2 Demon Add-On,Simulation,,,,Virtavia,Dovetail Games - Flight,0.0,steamspy,,True
609821,FSX: Steam Edition - FS2Crew Airbus Tools,Simulation,,,,FS2Crew,Dovetail Games,0.0,steamspy,,True
82021,FTL Faster Than Light Trailer,"Adventure, Indie, RPG, Simulation, Strategy, Survival",,,,,,0.0,steamspy,,True
996250,FULLMOON Demo,"Card & Board, Strategy",,,,"Dimps Corporation, SAFARI GAMES Co., Ltd.",BANDAI NAMCO Entertainment,0.0,steamspy,,True
81334,Fable - The Lost Chapters Trailer,"Action, Adventure, RPG",,,,Lionhead Studios,Microsoft Games Studios,0.0,steamspy,,True
315151,Fable Anniversary - Heroes and Villains Content Pack,RPG,,,,Lionhead Studios,Xbox Game Studios,0.0,steamspy,,True
319120,Fable Anniversary - Modding DLC,RPG,,,,Lionhead Studios,Xbox Game Studios,0.0,steamspy,,True
315150,Fable Anniversary - Scythe Content Pack,RPG,,,,Lionhead Studios,Xbox Game Studios,0.0,steamspy,,True
364050,Face It - A game to fight inner demons,"Action, Adventure, Horror, Indie, Platformer, Puzzle",,,,"Tlön Studios, Ilex Games",Gamestorming,0.0,steamspy,,True
1091170,Face Your Demons,"Horror, Indie",,,,ARTIV,Shin Graphic,0.0,steamspy,,True
436090,Factorio - Soundtrack,"Simulation, Strategy",,,,Wube Software LTD.,,0.0,steamspy,,True
1054730,Faeria - Chronicles of Gagana DLC,"Indie, Massively Multiplayer, Strategy",,,,Abrakam SA,Versus Evil,0.0,steamspy,,True
880521,Faeria - Fall of Everlife DLC,"Indie, Massively Multiplayer, Strategy",,,,Abrakam SA,Versus Evil,0.0,steamspy,,True
880520,Faeria - Premium Edition DLC,"Indie, Massively Multiplayer, Strategy",,,,Abrakam SA,Versus Evil,0.0,steamspy,,True
939940,Faeria - Resurgence DLC,"Indie, Massively Multiplayer, Strategy",,,,Abrakam SA,Abrakam SA,0.0,steamspy,,True
946250,Fair Deal: Las Vegas Demo,"Action, Indie",,,,Gronzragüer Games,Gronzragüer Games,0.0,steamspy,,True
2732500,Fairy Biography5 : Demon,"Casual, Racing",,,,Lovely Games,Lovely Games,0.0,steamspy,41.0,True
220480,Fairy Bloom Freesia Demo,"Action, Fighting, Indie, JRPG, Platformer, RPG",,,,Edelweiss,Nyu Media,0.0,steamspy,,True
331260,Fairy Bloom Freesia Original Soundtrack,"Action, Indie",,,,Edelweiss,"XSEED Games, Marvelous USA, Inc.",0.0,steamspy,1.0,True
792360,Fairy of the treasures - Soundtrack,"Casual, Indie",,,,Pink Label Games,Pink Label Games,0.0,steamspy,,True
503700,Fall of Freya (Alpha 1),"Action, Adventure, Casual, Indie, RPG, Strategy",,,,GOTY LLC,GOTY LLC,0.0,steamspy,,True
706860,Fall of Light Demo,"Action, Adventure, Indie, RPG",,,,Runeheads,1C Company,0.0,steamspy,,True
81704,Fall of the Samurai Clan Packs Trailer,"Action, Strategy",,,,,,0.0,steamspy,,True
81711,Fall of the Samurai Clan Packs Trailer ESRB,"Action, Strategy",,,,The Creative Assembly,,0.0,steamspy,,True
572150,Fallen Demo,"Action, Adventure, Indie, Platformer",,,,BT Studios,BT Studios,0.0,steamspy,,True
82148,Fallen Enchantress Release Trailer,"4X, Indie, RPG, Strategy",,,,Stardock Entertainment,Stardock Entertainment,0.0,steamspy,,True
333040,Fallen Enchantress: Legendary Heroes - Battlegrounds DLC,"Indie, RPG, Strategy",,,,Stardock Entertainment,Stardock Entertainment,0.0,steamspy,,True
292900,Fallen Enchantress: Legendary Heroes - Leader Pack DLC,Strategy,,,,Stardock Entertainment,Stardock Entertainment,0.0,steamspy,,True
233592,Fallen Enchantress: Legendary Heroes - Loot Pack DLC,"Indie, RPG, Strategy",,,,Stardock Entertainment,Stardock Entertainment,0.0,steamspy,,True
233590,Fallen Enchantress: Legendary Heroes - Map Pack DLC,Strategy,,,,Stardock Entertainment,Stardock Entertainment,0.0,steamspy,,True
233591,Fallen Enchantress: Legendary Heroes - Quest Pack DLC,"Indie, RPG, Strategy",,,,Stardock Entertainment,Stardock Entertainment,0.0,steamspy,,True
257320,Fallen Enchantress: Legendary Heroes - The Dead World DLC,"Indie, RPG, Strategy",,,,Stardock Entertainment,Stardock Entertainment,0.0,steamspy,,True
800630,Fallen Hero: Rebirth Demo,"Adventure, Indie, RPG",,,,Hosted Games,Hosted Games,0.0,steamspy,4.0,True
5526,Fallout 3 Bloodless Trailer,"Action, Adventure, RPG, Shooter",,,,Bethesda Game Studios,Bethesda Softworks,0.0,steamspy,,True
5523,Fallout 3 Broken Steel Trailer,"Action, Adventure, RPG, Shooter",,,,Bethesda Game Studios,Bethesda Softworks,0.0,steamspy,,True
5524,Fallout 3 Mothership Zeta Trailer,"Action, Adventure, RPG, Shooter",,,,Bethesda Game Studios,Bethesda Softworks,0.0,steamspy,,True
5117,Fallout 3 Official Trailer,"Action, Adventure, Horror, RPG, Shooter",,,,Bethesda Game Studios,Bethesda Softworks,0.0,steamspy,,True
5522,Fallout 3 Operation Achorage Trailer,"Action, Adventure, RPG, Shooter",,,,Bethesda Game Studios,Bethesda Softworks,0.0,steamspy,,True
5525,Fallout 3 Point Lookout Trailer,"Action, Adventure, RPG, Shooter",,,,,,0.0,steamspy,,True
461160,Fallout New Vegas - Soundtrack,"Action, RPG",,,,Obsidian Entertainment,Bethesda Softworks,0.0,steamspy,,True
5738,Fallout New Vegas E3 2010 trailer,"Action, Adventure, RPG, Shooter, Survival",,,,Obsidian Entertainment,Bethesda Softworks,0.0,steamspy,,True
80975,Fallout New Vegas Old World Blues Trailer,"Action, Adventure, RPG, Shooter, Survival",,,,,,0.0,steamspy,,True
80654,Fallout New Vegas: Dead Money - Trailer,"Action, Adventure, RPG, Shooter, Survival",,,,,,0.0,steamspy,,True
1251750,Family Man: Prologue,"Action, Adventure, RPG, Shooter, Survival",,,,Broken Bear Games,No More Robots,0.0,steamspy,,True
755260,Fantasia of the Wind Guide Book,"Adventure, Indie, RPG",,,,Fantasia Studio,Fantasia Studio,0.0,steamspy,,True
755270,Fantasia of the Wind Theme Soundtrack,"Adventure, Indie, RPG",,,,"Fantasia Studio, Ray丶",Fantasia Studio,0.0,steamspy,,True
622940,Fantasy Farming: Orange Season Demo,"Casual, Indie, RPG, Simulation",,,,Hudell Tales,Hudell Tales,0.0,steamspy,,True
1286480,Fantasy General II: Prologue,"RPG, Strategy",,,,Owned by Gravity,Slitherine Ltd.,0.0,steamspy,17.0,True
597290,Fantasy Grounds - Castellan's Guide to Arms & Armor (Castles & Crusades),"Indie, RPG, Strategy",,,,"SmiteWorks USA, LLC",,0.0,steamspy,,True
422580,Fantasy Grounds - D&D Dungeon Master's Guide,"Indie, RPG, Strategy",,,,"SmiteWorks USA, LLC",,0.0,steamspy,,True
973840,Fantasy Grounds - D&D Guildmasters' Guide to Ravnica,"Adventure, Indie, RPG, Strategy",,,,"SmiteWorks USA, LLC",,0.0,steamspy,,True
360115,Fantasy Grounds - D&D Monster Manual,"Indie, RPG, Strategy",,,,"SmiteWorks USA, LLC",,0.0,steamspy,,True
403500,Fantasy Grounds - D&D Rage of Demons: Out of the Abyss,"Adventure, Indie, RPG, Strategy",,,,"SmiteWorks USA, LLC",,0.0,steamspy,,True
415570,Fantasy Grounds - D&D Sword Coast Adventurer's Guide,"Adventure, Indie, RPG, Strategy",,,,"SmiteWorks USA, LLC",,0.0,steamspy,,True
720130,Fantasy Grounds - D&D Xanathar's Guide to Everything,"Indie, RPG, Strategy",,,,"SmiteWorks USA, LLC",,0.0,steamspy,,True
916600,Fantasy Grounds - Pathfinder Playtest Adventure: Doomsday Dawn (PFRPG),"Adventure, Indie, RPG, Strategy",,,,"SmiteWorks USA, LLC",,0.0,steamspy,,True
472671,Fantasy Grounds - Savage Worlds - Rippers Resurrected: Player's Guide,"Indie, RPG, Strategy",,,,"SmiteWorks USA, LLC",,0.0,steamspy,,True
1664920,Fantasy Heroes: Character Editor & Sprite Sheet Maker,RPG,,,,Hippo Games,Hippo Games,0.0,steamspy,,True
797300,Fantasy Mosaics 21: On the Movie Set,"Casual, Indie, Strategy",,,,Andy Jurko,Andy Jurko,0.0,steamspy,4.0,True
1016050,Fantasy Sino-Japanese War 幻想甲午 Demo,"Indie, RPG, Strategy",,,,张八万工作室,张八万工作室,0.0,steamspy,,True
640040,Fantasy Strike Original Soundtrack,"Action, Indie",,,,Sirlin Games,Sirlin Games,0.0,steamspy,,True
755650,Fantasy of Eden Demo,"Indie, RPG",,,,HUNTERS,HUNTERS,0.0,steamspy,,True
858990,Fantasya Final Definitiva REMAKE Demo,"Adventure, Indie, JRPG, RPG, Strategy",,,,CleanWaterSoft,CleanWaterSoft,0.0,steamspy,,True
531060,Far Beyond: A space odyssey Demo,"Adventure, Indie, Simulation, Strategy, Survival",,,,Mains Digitales Interactive,Mains Digitales,0.0,steamspy,10.0,True
5077,Far Cry 2 Deceiving Enemies Trailer,"Action, Adventure, Shooter, Survival",,,,,,0.0,steamspy,,True
5076,Far Cry 2 E3 Gameplay HD Trailer,"Action, Adventure, Shooter, Survival",,,,Ubisoft Montreal,Ubisoft,0.0,steamspy,,True
5078,Far Cry 2 HD GamePlay Trailer,"Action, Adventure, Shooter, Survival",,,,Ubisoft Montreal,Ubisoft,0.0,steamspy,,True
5052,Far Cry 2 HD Trailer,"Action, Adventure, Shooter, Strategy, Survival",,,,,,0.0,steamspy,,True
763820,Far Cry 5 - Season Pass,"Action, Adventure",,,,"Ubisoft Montreal, Red Storm, Ubisoft Shanghai, Ubisoft Toronto, Ubisoft Kiev",,0.0,steamspy,,True
1548860,Farlight Commanders: Prologue,"Action, Adventure, Metroidvania, Platformer, Shooter, Simulation",,,,Farlight Games Industry,Farlight Games Industry,0.0,steamspy,,True
933620,Farm Manager 2018 - Brewing & Winemaking DLC,"Casual, City Builder, Indie, Simulation, Strategy",,,,Cleversan Games,"PlayWay S.A., Sim Farm S.A.",0.0,steamspy,,True
1457730,Farmer's Life: Prologue,"Adventure, Casual, RPG, Simulation, Survival",,,,FreeMind S.A.,"FreeMind S.A., PlayWay S.A.",0.0,steamspy,,True
3048210,Farmer's Shop Simulator: Prologue,"Casual, Indie, Simulation",,,,SleepySealsGames,SleepySealsGames,0.0,steamspy,,True
374851,Farming Simulator 15 - Official Expansion (GOLD),Simulation,,,,Giants Software,Giants Software,0.0,steamspy,,True
635330,Farming Simulator 17 - Platinum Expansion,Simulation,,,,Giants Software,Giants Software,0.0,steamspy,,True
1080770,Farming Simulator 19 - HOLMER Terra Variant DLC,Simulation,,,,Giants Software,Focus Home Interactive,0.0,steamspy,,True
1101720,Farming Simulator 19 - John Deere Cotton DLC,Simulation,,,,Giants Software,Focus Home Interactive,0.0,steamspy,,True
80420,Farming Simulator 2011 Trailer,Simulation,,,,Giants Software,BigSims.com,0.0,steamspy,,True
246050,Farming Simulator 2013 - Official Expansion (Titanium),"Casual, Simulation",,,,Giants Software,Giants Software,0.0,steamspy,,True
246010,Farming Simulator 2013: Marshall Trailers,"Casual, Simulation",,,,Giants Software,Giants Software,0.0,steamspy,,True
516340,Fasaria World Online Demo,"Adventure, Indie, Massively Multiplayer, RPG, Strategy",,,,,,0.0,steamspy,,True
958430,Fast Dust Demo,"Indie, Racing",,,,Binary Giants,Binary Giants,0.0,steamspy,,True
620250,Fatal Twelve Demo,"Adventure, Casual, Indie, Visual Novel",,,,aiueoKompany,Sekai Project,0.0,steamspy,,True
838140,Fatal Twelve Mini Artbook,"Adventure, Casual, Indie",,,,LYCORIS,Sekai Project,0.0,steamspy,,True
838120,Fatal Twelve Original Soundtrack,"Adventure, Casual, Indie",,,,LYCORIS,Sekai Project,0.0,steamspy,,True
818000,Fatal Velocity: Physics Combat Demo,"Action, Indie",,,,Range Plus One Inc.,Range Plus One Inc.,0.0,steamspy,3.0,True
401580,Fate Tectonics Original Soundtrack,"Indie, Simulation, Strategy",,,,Robby Duguay,Level Curve Inc.,0.0,steamspy,,True
524530,Fatehaven Demo,"Adventure, Indie, RPG",,,,Hosted Games,Hosted Games,0.0,steamspy,,True
501360,Father´s Island Demo,"Adventure, Horror, Indie",,,,Homegrown Games Austria,Homegrown Games,0.0,steamspy,,True
811050,Fei Duanmu VS Kobayashi Demo,"Indie, Puzzle, Visual Novel",,,,"致意, 傅真","致意, 傅真",0.0,steamspy,,True
326260,Fenix Rage Demo,"Action, Adventure, Indie",,,,Green Lava Studios,Reverb Triple XP,0.0,steamspy,,True
366900,Fermi's Path Demo,"Action, Casual, Indie, Racing, Simulation",,,,GameArt Studio GmbH,GameArt Studio GmbH,0.0,steamspy,,True
1066270,Ferret Scoundrels Demo,"Adventure, Indie, RPG",,,,Cryogenic Entertainment,Cryogenic Entertainment,0.0,steamspy,,True
694510,Fictorum OST,"Action, Indie, RPG",,,,Scraping Bottom Games,,0.0,steamspy,,True
715370,Fidget Spinner Editor,"Action, Adventure, Casual, Horror, Indie, Simulation, Sports, Strategy",,,,Boogygames Studios,Boogygames Studios,0.0,steamspy,,True
736330,Fidget Spinner Editor - Expansion Pack 1,"Action, Adventure, Casual, Indie, Simulation, Sports, Strategy",,,,Boogygames Studios,Boogygames Studios,0.0,steamspy,,True
737860,Fidget Spinner Editor - Expansion Pack 2,"Action, Adventure, Casual, Indie, Simulation, Sports, Strategy",,,,Boogygames Studios,Boogygames Studios,0.0,steamspy,,True
81697,Fieldrunners Trailer,"Casual, Indie, Strategy, Tower Defense",,,,,,0.0,steamspy,,True
654190,Fight of Gods Original Soundtrack,"Action, Indie",,,,Digital Crafter,,0.0,steamspy,,True
403060,Fighter Force Costume Set,Action,,,,"Team NINJA, KOEI TECMO GAMES CO., LTD.",,0.0,steamspy,,True
735330,Figment - Soundtrack,"Action, Adventure, Indie",,,,"Bedtime Digital Games, Stöj Snak",Bedtime Digital Games,0.0,steamspy,,True
1502260,Figment 2: Creed Valley - Prologue,"Action, Adventure, Puzzle",,,,Bedtime Digital Games,Bedtime Digital Games,0.0,steamspy,,True
760590,Figment Demo,"Action, Adventure, Casual, Indie, Puzzle",,,,Bedtime Digital Games,Bedtime Digital Games,0.0,steamspy,,True
659310,"Filthy, Stinking, Orcs! Demo","Action, Indie, Strategy, Tower Defense",,,,Winding Way Games,Winding Way Games,0.0,steamspy,,True
844830,Final Battle Guide & Wallpapers,"Adventure, Casual, Indie, RPG, Strategy",,,,,,0.0,steamspy,,True
1105570,Final Crash Demo,"Action, Fighting, Indie",,,,AGAR,AGAR,0.0,steamspy,,True
524860,Final Days Demo,"Action, Casual, Horror, Indie, Shooter, Survival",,,,+7 Software,+7 Software,0.0,steamspy,,True
237130,Final Exam Demo,"Action, Indie, Platformer",,,,,,0.0,steamspy,,True
821601,Find Exit (Simple Story - Alex DLC),Adventure,,,,КиКо,КиКо,0.0,steamspy,,True
770780,Finding Paradise Soundtrack,"Adventure, Indie, RPG",,,,Freebird Games,Freebird Games,0.0,steamspy,,True
355830,Finding Teddy 2 Original Soundtrack,"Action, Adventure, Indie, RPG",,,,Storybird,"LookAtMyGame, Plug In Digital",0.0,steamspy,,True
267660,Finding Teddy Soundtrack,"Adventure, Indie",,,,,,0.0,steamspy,,True
532010,Fine China Demo,"Casual, Indie, Simulation",,,,Fine China Games,Fine China Games,0.0,steamspy,,True
936750,Fire Place Demo,"Casual, Indie, Simulation",,,,"Badru, Michael Bell",Ice Water Games,0.0,steamspy,,True
758160,Fire Pro Wrestling World - Yoshihiro Takayama Charity DLC,Simulation,,,,"Spike Chunsoft Co., Ltd.",,0.0,steamspy,,True
81523,Fireburst Trailer 1,"Action, Adventure, Racing",,,,,,0.0,steamspy,,True
81522,Fireburst Trailer 2,"Action, Adventure, Racing",,,,,,0.0,steamspy,,True
81607,Fireburst Trailer 3,"Action, Adventure, Racing",,,,exDream,,0.0,steamspy,,True
435910,Firewatch Original Soundtrack,"Adventure, Indie",,,,Chris Remo,"Campo Santo, Panic Inc.",0.0,steamspy,,True
693910,Firewood Soundtrack,Indie,,,,Frymore,Frymore,0.0,steamspy,,True
639700,First Strike - OST,Indie,,,,Michel Barengo,Blindflug Studios AG,0.0,steamspy,,True
1112290,Fish Duel Demo,"Action, Casual, Indie, Massively Multiplayer, Simulation",,,,Chemical Bolt,Chemical Bolt,0.0,steamspy,,True
80433,Fish Fillets 2 Trailer,"Casual, Indie, Puzzle",,,,Altar Games,Bohemia Interactive,0.0,steamspy,,True
2622350,Fisherman's Island Alpha Test,"Action, Adventure, Casual, Indie",,,,"Oricia Games Albi, Oricia Games London",Oricia Games,0.0,steamspy,,True
791250,Fishing on the Fly Demo,"Indie, Simulation, Sports",,,,Numicus,Numicus LLC,0.0,steamspy,,True
605880,Fix Me Fix You Soundtrack and Director's Commentary,"Casual, Indie, Simulation",,,,Sapphire Dragon Productions,Sapphire Dragon Productions,0.0,steamspy,,True
706000,Fjong - Original Soundtrack,"Casual, Indie",,,,VaragtP,VaragtP,0.0,steamspy,,True
631300,Flairtender Demo,"Action, Casual, Indie, Simulation",,,,DigitalBadger Design LLC,DigitalBadger Design LLC,0.0,steamspy,,True
358010,Flamberge Demo,"Indie, RPG, Strategy",,,,Hydezeke,Hydezeke,0.0,steamspy,,True
1357700,Flap Demon,"Adventure, Indie, Platformer",,,,∇,∇,0.0,steamspy,,True
636650,Flat Heroes Demo,"Action, Indie, Platformer",,,,Parallel Circles,Deck13,0.0,steamspy,,True
6230,FlatOut Demo,"Action, Racing",,,,Bugbear Entertainment,Strategy First,0.0,steamspy,,True
5064,FlatOut: Ultimate Carnage HD Trailer,"Action, Racing",,,,Bugbear Entertainment,Strategy First,0.0,steamspy,,True
1261660,Flatland: Prologue,"Action, Adventure, Indie, Platformer, Puzzle",,,,kyuu Fujisaki,Minimol Games,0.0,steamspy,,True
81305,Flatout 3 Chaos & Destruction Publisher Trailer,"Action, Horror, Racing",,,,,,0.0,steamspy,,True
81306,Flatout 3 Chaos & Destruction Trailer,"Action, Horror, Racing",,,,,,0.0,steamspy,,True
80449,Flight Control HD Trailer,"Action, Casual, Indie, Strategy",,,,,,0.0,steamspy,,True
5706,Flight of the Icarus Trailer,"Action, Indie",,,,Muse Games,Muse Games,0.0,steamspy,,True
616530,Flinthook Deluxe DLC,"Action, Adventure, Indie",,,,Tribute Games Inc.,,0.0,steamspy,,True
680210,Flix And Chill 2: Millennials Soundtrack,"Casual, Indie, Simulation",,,,"Jason Lovett, Joakim Karud",,0.0,steamspy,,True
21650,Flock! Demo,"Casual, Puzzle, Strategy",,,,Proper Games,Capcom,0.0,steamspy,,True
5219,Flock! Trailer 1,"Casual, Puzzle, Strategy",,,,Proper Games,Capcom,0.0,steamspy,,True
5220,Flock! Trailer 2,"Casual, Puzzle, Strategy",,,,Proper Games,Capcom,0.0,steamspy,,True
647400,Flood of Light Soundtrack,"Adventure, Casual, Indie, RPG",,,,Irisloft,Irisloft,0.0,steamspy,,True
857720,Floor Kids: Original Soundtrack,"Action, Casual, Indie, Sports",,,,MERJ Media,MERJ Media,0.0,steamspy,,True
55010,Flotilla Demo,"Action, Adventure, Casual, Indie, Strategy",,,,Blendo Games,Blendo Games,0.0,steamspy,34.0,True
445440,Flowers -Le volume sur printemps- Demo,"Casual, Visual Novel",,,,Innocent Grey,JAST USA,0.0,steamspy,,True
787630,Flying Bacon - Soundtrack,"Casual, Indie, Simulation",,,,CSM,W.T.B.,0.0,steamspy,,True
366450,Flying Tigers: Shadows Over China - Official Soundtrack,"Action, Adventure, Casual, Indie, Simulation",,,,PAXINOMA aka Imperial North Music Agency,ACE MADDOX,0.0,steamspy,,True
628970,Fog Of War Original Soundtrack,"Action, Indie, Massively Multiplayer, RPG, Simulation, Strategy",,,,Filip Oleyka,"Monkeys Lab, Neokosmos Technologies Ltd.",0.0,steamspy,,True
1069830,Fog of War: The Battle for Cerberus Demo,"Adventure, Indie, RPG",,,,Choice of Games,Choice of Games,0.0,steamspy,,True
662420,FootRock 2 Demo,"Action, Indie, Sports",,,,nobodyshot,nobodyshot,0.0,steamspy,,True
804030,Football Game - Official Soundtrack,"Adventure, Horror, Indie, Puzzle",,,,Cloak and Dagger Games,,0.0,steamspy,,True
711730,Football Manager 2018 - In-Game Editor,"Simulation, Sports",,,,Sports Interactive,SEGA,0.0,steamspy,,True
872860,Football Manager 2019 Demo,"Casual, Simulation, Sports, Strategy",,,,Sports Interactive,SEGA,0.0,steamspy,,True
933720,Football Manager 2019 In-Game Editor,"Simulation, Sports",,,,Sports Interactive,SEGA,0.0,steamspy,,True
375890,Football Tactics Demo,"Indie, Simulation, Sports, Strategy",,,,Creoteam,Creoteam,0.0,steamspy,,True
772370,For Rent: Haunted House Demo,"Adventure, Indie, RPG",,,,Choice of Games,Choice of Games,0.0,steamspy,,True
844340,For The King Original Game Soundtrack,"Adventure, Indie, RPG, Strategy",,,,IronOak Games,Curve Games,0.0,steamspy,,True
5544,Foreign Legion Buckets of Blood Gameplay Trailer,"Action, Indie, Shooter",,,,,,0.0,steamspy,,True
81833,Foreign Legion: Multi Massacre Trailer,"Action, Casual, Indie, Shooter",,,,,,0.0,steamspy,,True
882680,Foreskin Fury,"Action, Casual, Fighting, Indie",,,,Stupid Industries,Stupid Industries,0.0,steamspy,,True
1129080,Forex Demo Accelerator,Simulation,,,,Russell Butler,Russell Butler,0.0,steamspy,,True
972640,Forgiveness Demo,"Action, Adventure, Casual, Indie, Puzzle",,,,Noam Matan Rotem,Noam Matan Rotem,0.0,steamspy,12.0,True
894850,Forgotton Anne Demo,"Action, Adventure, Casual, Indie, Platformer, Puzzle",,,,ThroughLine Games,Square Enix,0.0,steamspy,6.0,True
647580,Formula Fusion Demo,"Action, Indie, Racing, Simulation, Sports",,,,R8 Games,R8 Game,0.0,steamspy,,True
625020,Fort Triumph Demo,"4X, Casual, Strategy",,,,Fort Triumph LTD,Fort Triumph LTD,0.0,steamspy,,True
45460,Fortix 2 Demo,"Action, Casual, Indie, Puzzle, Strategy",,,,Nemesys Games,Nemesys Games,0.0,steamspy,,True
80837,Fortix 2 Trailer,"Action, Casual, Indie, Puzzle, Strategy",,,,Nemesys Games,Nemesys Games,0.0,steamspy,,True
45430,Fortix Demo,"Casual, Indie, Puzzle, Strategy",,,,Nemesys Team Studio,Nemesys Team Studio,0.0,steamspy,2.0,True
637130,FortressCraft Evolved: Skin Pack #2,"Adventure, Casual, Indie, RPG, Simulation, Strategy",,,,ProjectorGames,Digital Tribe,0.0,steamspy,,True
627370,Forts - Soundtrack,"Action, Strategy",,,,EarthWork Games,,0.0,steamspy,,True
900250,Fortune & Gloria Demo,"Action, Adventure, Casual, Indie, Platformer, Shooter",,,,Bad Logic Studios,Bad Logic Studios,0.0,steamspy,,True
203530,Fortune Summoners Demo,"Action, Indie, JRPG, Metroidvania, Platformer, RPG",,,,Lizsoft,,0.0,steamspy,,True
348690,Forward to the Sky - Original Sound Track,"Action, Adventure, Casual, Indie, RPG",,,,Animu Game,,0.0,steamspy,,True
348010,Forward to the Sky Demo,"Action, Adventure, Casual, Indie, RPG",,,,Animu Game,Animu Game,0.0,steamspy,,True
1015460,Foundation Soundtrack,"Indie, Simulation, Strategy",,,,Polymorph Games,Polymorph Games,0.0,steamspy,,True
1085030,Four Kings One War Demo,"Card & Board, Indie, Simulation, Sports, Strategy",,,,StaplesVR,StaplesVR,0.0,steamspy,,True
483830,Four Realms Demo,"Action, Adventure, Indie, RPG, Strategy",,,,Hugebot!,Hugebot!,0.0,steamspy,,True
2861030,FourPoint:prologue,"Action, Adventure, Horror, Indie, Platformer, Strategy, Survival",,,,SeoJoonHyeok,LeeKyungSook,0.0,steamspy,,True
81474,Fowl Space Trailer,"Action, Indie",,,,Pixelante Game Studios,Pixelante Game Studios,0.0,steamspy,,True
506770,Foxhole Demo,"Action, Indie, Massively Multiplayer, RPG, Shooter, Strategy",,,,Clapfoot,Clapfoot,0.0,steamspy,,True
733130,FoxyLand Demo,"Adventure, Casual, Indie, Platformer",,,,BUG-Studio,OraMonkey Studio,0.0,steamspy,,True
80694,Fractal Trailer,"Casual, Indie, Puzzle",,,,,,0.0,steamspy,,True
404840,Fran Bow - Original Soundtrack,"Adventure, Indie",,,,Killmonday Games AB,Killmonday Games AB,0.0,steamspy,,True
393500,Fran Bow Demo,"Adventure, Horror, Indie, Puzzle",,,,Killmonday Games HB,Killmonday Games HB,0.0,steamspy,,True
210500,Fray Demo,"Action, Indie, Strategy",,,,Brain Candy,,0.0,steamspy,,True
81749,Fray Trailer,"Action, Indie, Strategy",,,,Brain Candy,,0.0,steamspy,,True
683270,Freaky Awesome OST,"Action, Adventure, Casual, Indie, RPG, Simulation",,,,Mandragora,Mandragora,0.0,steamspy,,True
469050,Frederic Resurrection of Music Director's Cut: Soundtrack,"Action, Casual, Indie",,,,Forever Entertainment S. A.,Forever Entertainment S. A.,0.0,steamspy,,True
305140,Frederic: Evil Strikes Back Demo,"Action, Casual, Indie",,,,Forever Entertainment S. A.,Forever Entertainment S. A.,0.0,steamspy,,True
303630,Frederic: Resurrection of Music Demo,"Action, Casual, Indie",,,,Forever Entertainment S. A.,Forever Entertainment S. A.,0.0,steamspy,,True
851220,Free the Animation,"Action, Indie, Simulation",,,,GEORGES SAMAKE,WHMSOFT,0.0,steamspy,,True
499930,FreeHolder Demo,"Indie, RPG, Simulation, Strategy, Survival",,,,RogueWare LLC,RogueWare LLC,0.0,steamspy,,True
8900,Freedom Force Demo,"RPG, Strategy",,,,Irrational Games,2K,0.0,steamspy,,True
8910,Freedom Force vs. the Third Reich Demo,"RPG, Strategy",,,,Irrational Games,2K,0.0,steamspy,,True
316560,Freedom Planet - Official Soundtrack,"Action, Indie",,,,GalaxyTrail,,0.0,steamspy,,True
311950,Freedom Planet Demo,"Action, Indie",,,,GalaxyTrail,GalaxyTrail,0.0,steamspy,,True
416440,Freedom Poopie Demo,Indie,,,,Electroplasmatic Games,Electroplasmatic Games,0.0,steamspy,,True
1518090,Freelancer Life Simulator: Prologue,"Adventure, Casual, Simulation",,,,DiamosDev,DiamosDev,0.0,steamspy,,True
2307630,Fremdganger - The Cheating Demon,"Adventure, Horror, Puzzle",,,,Mastermind,Mastermind,0.0,steamspy,,True
772400,Fresh Body: Original Soundtrack,"Action, Adventure, Indie, RPG",,,,LOVIGAME,,0.0,steamspy,,True
455950,FrightShow Fighter Demo,"Action, Fighting, Horror, Indie",,,,3 Fright,3 Fright,0.0,steamspy,,True
810770,Frog Demon,"Action, Adventure, Casual, Indie, Platformer",,,,White Dog Games,SA Industry,0.0,steamspy,,True
580070,Frog Hop Demo,"Action, Adventure, Indie, Platformer",,,,Tiny Warrior Games,Tiny Warrior Games,0.0,steamspy,,True
3540920,Frogstool,"Action, Adventure, Indie, Platformer",,,,janlovesjerky,Stinker Studioz,0.0,steamspy,,True
971430,From Beyond Prologue,"Adventure, Horror, Indie, Puzzle",,,,SuckerFree Games,SuckerFree Games,0.0,steamspy,,True
5799,Front Mission Evolved E3 2010 Trailer,"Action, Shooter",,,,Double Helix Games,"SQUARE ENIX, Eidos Interactive",0.0,steamspy,,True
5601,Front Mission Evolved Trailer,"Action, Shooter",,,,,,0.0,steamspy,,True
5801,Front Mission Evolved Trailer 2,"Action, Shooter",,,,Double Helix Games,"SQUARE ENIX, Eidos Interactive",0.0,steamspy,,True
493940,Frost Demo,"Card & Board, Indie, Strategy, Survival",,,,Jérôme Bodin,Studio des Ténèbres,0.0,steamspy,,True
966350,Frostpunk Original Soundtrack,"Simulation, Strategy",,,,11 bit studios,11 bit studios,0.0,steamspy,,True
632210,Frosty Kiss - Digital Soundtrack,"Adventure, Casual, Indie",,,,"2Chance Projects, IIchan Eroge Team, DjSM",2Chance Projects,0.0,steamspy,,True
98220,Frozen Synapse Demo,"Indie, Strategy",,,,Mode 7,Mode 7,0.0,steamspy,,True
80883,Frozen Synapse Trailer,"Indie, Strategy",,,,,,0.0,steamspy,,True
98211,Frozen Synapse: Red DLC,"Indie, Strategy",,,,Mode 7,Mode 7,0.0,steamspy,,True
81702,Frozen Synapse: Red DLC Trailer,"Indie, Strategy",,,,Mode 7,,0.0,steamspy,,True
98210,Frozen Synapse: Soundtrack,"Indie, Strategy",,,,Mode 7,,0.0,steamspy,,True
911820,Fruit Tower Defense Demo,"Adventure, Casual, Indie, Strategy, Tower Defense",,,,Fratboy Entertainment,Fratboy Entertainment,0.0,steamspy,5.0,True
858350,Fruit for the Village Demo,"Casual, Indie",,,,Eerie Bear Games,Eerie Bear Games,0.0,steamspy,,True
788060,Full Metal Furies - Soundtrack,"Action, Adventure, Indie, RPG",,,,A Shell in the Pit,Cellar Door Games,0.0,steamspy,,True
791650,Full-On Paintball Demo,"Action, Casual, Indie, Massively Multiplayer, Simulation, Sports",,,,Gamepainters,Gamepainters,0.0,steamspy,,True
749490,Funball Games VR Demo,"Action, Casual, Indie, Sports",,,,Daniel Rychlý,Milan Matonok,0.0,steamspy,,True
880170,Funk Unplugged Demo,"Action, Adventure, Casual, Indie, Platformer",,,,Vamped Games,Vamped Games,0.0,steamspy,,True
470160,Funklift Demo,"Casual, Indie",,,,Mostly Harmless Games,Mostly Harmless Games,0.0,steamspy,,True
681120,Funtoon's World (Demo),"Action, Adventure, Indie",,,,Yash Future Tech Solutions Pvt Ltd,Yash Future Tech Solutions Pvt Ltd,0.0,steamspy,,True
823020,Fureraba ~Friend to Lover~ Soundtrack,Casual,,,,Smee,NekoNyan Ltd.,0.0,steamspy,,True
497690,Furi Original Soundtrack,"Action, Indie",,,,The Game Bakers,"The Game Bakers, G4F Records",0.0,steamspy,,True
793120,Future Ghost Demo,"Adventure, RPG",,,,Pinebox Games,Pinebox Games,0.0,steamspy,,True
5809,Future Wars Trailer,"Indie, Strategy",,,,Headup Games / Radon Labs,Meridian4,0.0,steamspy,,True
433710,Futuridium EP Deluxe Original Sound Track,"Action, Indie",,,,MixedBag Srl,PLAYISM,0.0,steamspy,,True
80760,GARSHASP - The Monster Slayer Trailer,"Action, Indie",,,,,,0.0,steamspy,,True
866880,GHOUL OST,"Adventure, Indie",,,,Miracle Studio,Miracle Studio,0.0,steamspy,,True
586900,GIGA WRECKER Soundtrack,"Action, Adventure",,,,GAME FREAK inc.,,0.0,steamspy,,True
947910,GLAD VALAKAS SIMULATOR - Soundtrack,"Casual, Indie, Simulation",,,,Snkl Studio,Snkl Studio,0.0,steamspy,,True
993590,GLAD VALAKAS TOWER DEFENCE - Soundtrack,"Action, Casual, Indie, Strategy",,,,Snkl Studio,Snkl Studio,0.0,steamspy,,True
80770,GLaDOS... Kick It! movie,"Action, Indie",,,,"Dejobaan Games, LLC","Dejobaan Games, LLC",0.0,steamspy,,True
644820,"GO AWAY, THERE'S KUMIS OVER THERE! - SOUNDTRACK","Action, Casual, Indie",,,,Besedka Games Studio,Neon Green Pin Games,0.0,steamspy,,True
427720,GOCCO OF WAR Demo,"Action, Casual, Indie",,,,"peakvox, O-TWO inc.",PLAYISM,0.0,steamspy,600.0,True
221169,GRID 2 - Demolition Derby Pack,"Racing, Sports",,,,"Codemasters Racing, Feral Interactive (Mac)","Codemasters, Feral Interactive (Mac)",0.0,steamspy,,True
248140,GRID 2 Demo,"Action, Casual, Racing, Simulation, Sports",,,,Codemasters Racing,Codemasters,0.0,steamspy,121.0,True
686080,GRIDD: Retroenhanced Demo,"Action, Indie, Shooter",,,,Antab Studio,Kongregate,0.0,steamspy,2.0,True
958950,GRIP: Combat Racing - Official Artbook and Game Manual,"Action, Indie, Racing",,,,Caged Element Inc.,Wired Productions,0.0,steamspy,,True
967400,GRIP: Combat Racing - Official Soundtrack,"Action, Indie, Racing",,,,Caged Element Inc.,Wired Productions,0.0,steamspy,,True
1024620,GRIP: Combat Racing - Streamers Connected Vehicle Skin,"Action, Indie, Racing",,,,Caged Element Inc.,Wired Productions,0.0,steamspy,,True
986250,GRIS Soundtrack,"Adventure, Indie",,,,"Nomada Studio, Berlinist",Devolver Digital,0.0,steamspy,,True
938060,GRITS Racing Demo,"Action, Casual, Indie, Racing, Simulation, Sports",,,,Muddy Desert,Muddy Desert,0.0,steamspy,,True
476910,GROOVY Demo,"Action, Adventure, Indie, Racing, Sports, Strategy",,,,SGS Team,SGS Team,0.0,steamspy,,True
486520,GROOVY Soundtrack,"Action, Adventure, Indie",,,,SGS Team,,0.0,steamspy,,True
80759,GT Power Pack Trailer,"Racing, Simulation",,,,SimBin,SimBin,0.0,steamspy,,True
44650,GT Power Pack – Expansion Pack for RACE 07,"Racing, Simulation",,,,SimBin,SimBin,0.0,steamspy,,True
8720,GTR Evolution Demo,"Racing, Simulation",,,,SimBin,SimBin,0.0,steamspy,,True
8660,GTR Evolution Expansion Pack for RACE 07,"Racing, Simulation",,,,SimBin,SimBin,0.0,steamspy,,True
5080,GTR Evolution Trailer,"Racing, Simulation",,,,,,0.0,steamspy,,True
1001570,GUIDE,Indie,,,,Reframe Games,Reframe Games,0.0,steamspy,,True
707250,GUTS Demo,"Action, Casual, Fighting, Indie, Sports",,,,Flux Game Studio,Libredia,0.0,steamspy,,True
480580,GabeN DLC,"Action, Adventure, Card & Board, Casual, Indie, Platformer, Puzzle, Simulation",,,,Antonio Renna,,0.0,steamspy,,True
318170,Gabriel Knight - Sins of the Fathers Demo,Adventure,,,,"Phoenix Online Studios, Pinkerton Road Studio",Pinkerton Road Studio,0.0,steamspy,,True
858270,Gachi Gang - Soundtrack,"Adventure, Casual, Indie",,,,"Nikita ""Ghost_RUS""",Ghost_RUS Games,0.0,steamspy,,True
738940,Gaia's Melody: Echoed Melodies - Ultimate Guidebook,"Adventure, Indie, RPG",,,,Echo607,Echo607,0.0,steamspy,,True
738890,Gaia's Melody: Echoed Melodies Demo,"Adventure, Indie, RPG",,,,Echo607,Echo607,0.0,steamspy,,True
539970,Gal*Gun: Double Peace - 'Bear Kigurumi' Costume Set,"Action, Adventure",,,,"INTI CREATES CO., LTD.",PQube,0.0,steamspy,,True
539870,Gal*Gun: Double Peace - 'Bewitching Sorceress' Costume Set,"Action, Adventure",,,,"INTI CREATES CO., LTD.",PQube,0.0,steamspy,,True
539920,Gal*Gun: Double Peace - 'Blast From the Past' Costume Set,"Action, Adventure",,,,"INTI CREATES CO., LTD.",PQube,0.0,steamspy,,True
539830,Gal*Gun: Double Peace - 'Bunny Kigurumi' Costume Set,"Action, Adventure",,,,"INTI CREATES CO., LTD.",PQube,0.0,steamspy,,True
539890,Gal*Gun: Double Peace - 'Captivating Dancer' Costume Set,"Action, Adventure",,,,"INTI CREATES CO., LTD.",PQube,0.0,steamspy,,True
539840,Gal*Gun: Double Peace - 'Chinese Dress' Costume Set,"Action, Adventure",,,,"INTI CREATES CO., LTD.",PQube,0.0,steamspy,,True
539860,Gal*Gun: Double Peace - 'Courageous Hero' Costume Set,"Action, Adventure",,,,"INTI CREATES CO., LTD.",PQube,0.0,steamspy,,True
539780,Gal*Gun: Double Peace - 'Cunning Kunoichi' Costume Set,"Action, Adventure",,,,"INTI CREATES CO., LTD.",PQube,0.0,steamspy,,True
537790,Gal*Gun: Double Peace - 'Demon Pork Buns' Item,"Action, Adventure",,,,"INTI CREATES CO., LTD.",PQube,0.0,steamspy,,True
539820,Gal*Gun: Double Peace - 'Festival Time' Costume Set,"Action, Adventure",,,,"INTI CREATES CO., LTD.",PQube,0.0,steamspy,,True
539950,Gal*Gun: Double Peace - 'Hidden Desire' Costume Set,"Action, Adventure",,,,"INTI CREATES CO., LTD.",PQube,0.0,steamspy,,True
539850,Gal*Gun: Double Peace - 'Maid Uniform' Costume Set,"Action, Adventure",,,,"INTI CREATES CO., LTD.",PQube,0.0,steamspy,,True
539960,Gal*Gun: Double Peace - 'Prisoner of Love' Costume Set,"Action, Adventure",,,,"INTI CREATES CO., LTD.",PQube,0.0,steamspy,,True
539900,Gal*Gun: Double Peace - 'Queen of Pain' Costume Set,"Action, Adventure",,,,"INTI CREATES CO., LTD.",PQube,0.0,steamspy,,True
539880,Gal*Gun: Double Peace - 'Revitalizing Cleric' Costume Set,"Action, Adventure",,,,"INTI CREATES CO., LTD.",PQube,0.0,steamspy,,True
537120,Gal*Gun: Double Peace - 'Ripped Uniform' Costume Set,"Action, Adventure",,,,"INTI CREATES CO., LTD.",PQube,0.0,steamspy,,True
539810,Gal*Gun: Double Peace - 'Sakurazaki Squad 777' Costume Set,"Action, Adventure",,,,"INTI CREATES CO., LTD.",PQube,0.0,steamspy,,True
539800,Gal*Gun: Double Peace - 'Sexy Ribbons' Costume Set,"Action, Adventure",,,,"INTI CREATES CO., LTD.",PQube,0.0,steamspy,,True
539910,Gal*Gun: Double Peace - 'Shrine Maiden' Costume Set,"Action, Adventure",,,,"INTI CREATES CO., LTD.",PQube,0.0,steamspy,,True
539940,Gal*Gun: Double Peace - 'Summer Vacation' Costume Set,"Action, Adventure",,,,"INTI CREATES CO., LTD.",PQube,0.0,steamspy,,True
539790,Gal*Gun: Double Peace - 'Wedding Dress' Costume Set,"Action, Adventure",,,,"INTI CREATES CO., LTD.",PQube,0.0,steamspy,,True
539930,Gal*Gun: Double Peace - 'You're A Squid Now' Costume Set,"Action, Adventure",,,,"INTI CREATES CO., LTD.",PQube,0.0,steamspy,,True
5111,Galactic Bowling HD Trailer,"Casual, Indie, Sports",,,,Perpetual FX Creative,Perpetual FX Creative,0.0,steamspy,,True
81940,Galactic Civilizations 1 Trailer,"4X, Strategy",,,,Stardock Entertainment,Stardock Entertainment,0.0,steamspy,,True
495371,Galactic Civilizations III - Altarian Prophecy DLC,"Indie, Strategy",,,,Stardock Entertainment,Stardock Entertainment,0.0,steamspy,,True
455460,Galactic Civilizations III - Builders Kit DLC,"Indie, Strategy",,,,Stardock Entertainment,Stardock Entertainment,0.0,steamspy,,True
954810,Galactic Civilizations III - Heroes of Star Control: Origins DLC,"Indie, Strategy",,,,Stardock Entertainment,Stardock Entertainment,0.0,steamspy,,True
495370,Galactic Civilizations III - Lost Treasures DLC,"Indie, Strategy",,,,Stardock Entertainment,Stardock Entertainment,0.0,steamspy,,True
373980,Galactic Civilizations III - Map Pack DLC,"Indie, Strategy",,,,Stardock Entertainment,Stardock Entertainment,0.0,steamspy,,True
513520,Galactic Civilizations III - Mech Parts Kit DLC,"Indie, Simulation, Strategy",,,,Stardock Entertainment,Stardock Entertainment,0.0,steamspy,,True
389930,Galactic Civilizations III - Mega Events DLC,"Indie, Strategy",,,,Stardock Entertainment,Stardock Entertainment,0.0,steamspy,,True
411650,Galactic Civilizations III - Mercenaries Expansion Pack,"4X, Indie, Simulation, Strategy",,,,Stardock Entertainment,Stardock Entertainment,0.0,steamspy,,True
420030,Galactic Civilizations III - Precursor Worlds DLC,"Indie, Strategy",,,,Stardock Entertainment,Stardock Entertainment,0.0,steamspy,,True
395990,Galactic Civilizations III - Revenge of the Snathi DLC,"Indie, Strategy",,,,Stardock Entertainment,Stardock Entertainment,0.0,steamspy,,True
484860,Galactic Civilizations III - Rise of the Terrans DLC,"Indie, Strategy",,,,Stardock Entertainment,Stardock Entertainment,0.0,steamspy,,True
390740,Galactic Civilizations III Soundtrack,"Indie, Strategy",,,,Stardock Entertainment,Stardock Entertainment,0.0,steamspy,,True
527070,Galactic Civilizations III: Crusade Expansion Pack,"4X, Indie, Simulation, Strategy",,,,Stardock Entertainment,Stardock Entertainment,0.0,steamspy,,True
747060,Galactic Civilizations III: Intrigue Expansion,"Indie, Strategy",,,,Stardock Entertainment,Stardock Entertainment,0.0,steamspy,,True
976210,Galactic Civilizations III: Retribution Expansion,"Indie, Strategy",,,,Stardock Entertainment,Stardock Entertainment,0.0,steamspy,,True
285690,Galactic Command Echo Squad SE - Demo,"Action, Simulation",,,,3000AD,3000AD,0.0,steamspy,,True
517410,Galactic Fighters Demo,"Action, Indie",,,,StarworkGC,WE LOVE WOLVES,0.0,steamspy,,True
640160,Galactic Glitch: Prologue,"Action, Roguelike, Shooter",,,,Crunchy Leaf Games,Crunchy Leaf Games,0.0,steamspy,,True
754030,Galactic Harvester Demo,"Casual, Indie, Simulation",,,,ToastieLabs,ToastieLabs,0.0,steamspy,,True
403280,Galagan's Island: Reprymian Rising OST,"Action, Casual, Indie",,,,Skinny Jean Death Studios,,0.0,steamspy,,True
576610,Galaxy Girls - Soundtrack,"Adventure, Casual, Indie",,,,Dharker Studios,Dharker Studios,0.0,steamspy,,True
576611,Galaxy Girls - Wallpapers,"Adventure, Casual, Indie",,,,Dharker Studios,Dharker Studios,0.0,steamspy,,True
505650,Galaxy Reavers: Cruiser DLC,Strategy,,,,Good Games,Good Games,0.0,steamspy,,True
511130,Galaxy Reavers:Titan DLC,Strategy,,,,"Good Games, OXON Game Studio",Good Games,0.0,steamspy,,True
689550,Galaxy of Pen & Paper - OST,"Indie, RPG",,,,Behold Studios,,0.0,steamspy,,True
525340,Galaxy of Trian Demo,"Card & Board, Indie, Strategy",,,,Grey Wizard Innovative Ltd,Grey Wizard Innovative Ltd,0.0,steamspy,,True
81921,Galaxy on Fire 2 HD Trailer,"Action, Adventure, Indie, RPG, Shooter, Simulation, Strategy",,,,,,0.0,steamspy,,True
1431630,Gallic Wars: Battle Simulator Prologue,"Simulation, Strategy",,,,MadGamesmith,WIG Publishing,0.0,steamspy,,True
915990,Gallows choice: Soundtrack,"Casual, Indie, Strategy",,,,Softwaves Mini,HandMade Games,0.0,steamspy,,True
208740,Game of Thrones - Beyond the Wall (Blood Bound) DLC,"Action, RPG",,,,Cyanide Studios,Focus Home Interactive,0.0,steamspy,,True
208742,Game of Thrones - Dog Pack DLC,"Action, RPG",,,,Cyanide Studios,Focus Home Interactive,0.0,steamspy,,True
81534,Game of Thrones Epic Plot Trailer,"Action, Adventure, RPG",,,,,,0.0,steamspy,,True
1190750,GameAssistant: The Tool For Every Gamer,Indie,,,,GameAssistant Team,GameAssistant Team,0.0,steamspy,,True
496580,GameGuru - Expansion Pack,Shooter,,,,The Game Creators,The Game Creators,0.0,steamspy,,True
1003800,Gang Beasts Soundtrack,"Action, Adventure, Casual, Indie",,,,Boneloaf,,0.0,steamspy,,True
711064,Gangs of Space - Soundtrack,"Action, Indie, Massively Multiplayer, RPG",,,,Little Big MMO,,0.0,steamspy,,True
378400,Gaokao.Love.100Days - Original Soundtrack,"Adventure, Casual, Indie, Simulation",,,,"高考恋爱委员会, Days",NVLMaker,0.0,steamspy,,True
808230,Garden of Oblivion Original Soundtrack,"Casual, Indie",,,,Träumendes Mädchen,Träumendes Mädchen,0.0,steamspy,,True
832090,Garrison: Archangel Demo,"Action, Indie",,,,Indigo Entertainment,Indigo Entertainment,0.0,steamspy,,True
81994,Garshasp Temple of the Dragon Trailer,"Action, Indie",,,,Dead Mage,,0.0,steamspy,,True
265100,Gas Guzzlers Extreme Demo,"Action, Casual, Racing, Shooter, Sports",,,,Gamepires,Iceberg Interactive,0.0,steamspy,,True
1341330,Gatewalkers (Alpha),"Action, Adventure, Indie, RPG, Survival",,,,A2 Softworks,A2 Softworks,0.0,steamspy,,True
216310,Gateways Demo,"Indie, Metroidvania, Platformer, Puzzle",,,,Smudged Cat Games Ltd,,0.0,steamspy,,True
81998,Gateways Trailer,"Indie, Metroidvania, Platformer, Puzzle",,,,Smudged Cat Games Ltd,,0.0,steamspy,,True
393640,Gathering Sky - Original Soundtrack,"Adventure, Indie",,,,A Stranger Gravity,A Stranger Gravity,0.0,steamspy,,True
81087,Gatling Gears - Trailer,"Action, Adventure, Indie, Shooter",,,,Vanguard Games,Electronic Arts,0.0,steamspy,,True
778210,Gay World - OST,"Casual, Indie, Simulation",,,,"Nikita ""Ghost_RUS""",Ghost_RUS Games,0.0,steamspy,,True
822330,Gazing from beyond DLC,"Adventure, Indie, RPG",,,,七彩绘色游戏,SakuraGame,0.0,steamspy,,True
565440,Gem Monster Demo,"Adventure, Casual, Indie",,,,keggame,keggame,0.0,steamspy,,True
81242,Gemini Rue Trailer,"Action, Adventure, Indie, Puzzle",,,,Joshua Neurnberger,,0.0,steamspy,,True
81251,Gemini Rue Trailer,"Adventure, Indie",,,,,,0.0,steamspy,,True
526300,Gems of War - Demon Hunter Bundle,"Action, Adventure, Casual, RPG, Strategy",,,,Infinity Plus 2,505 Games,0.0,steamspy,,True
620400,Geneshift Demo,"Action, Casual, Indie, Massively Multiplayer, RPG, Shooter, Strategy",,,,Ben Johnson (bencelot),Ben Johnson (bencelot),0.0,steamspy,,True
80421,German FS2011 Trailer,Simulation,,,,,,0.0,steamspy,,True
623220,Gerty Demo,"Action, Indie, RPG, Shooter",,,,Spawn Point OSK,Spawn Point OSK,0.0,steamspy,,True
623110,Get Even - OST,Action,,,,The Farm 51,BANDAI NAMCO Entertainment,0.0,steamspy,,True
488750,Ghost 1.0 - Soundtrack,"Action, Adventure, Indie",,,,@unepic_fran,,0.0,steamspy,,True
614080,Ghost 1.0 - Support Mission Mode Skin,"Action, Adventure, Indie",,,,@unepic_fran,@unepic_fran,0.0,steamspy,,True
844460,Ghost Platoon Demo,Action,,,,Polygon Art,Toplitz Productions,0.0,steamspy,,True
81693,Ghost Recon Future Soldier PrePurchase Trailer,"Action, Adventure, Shooter, Strategy",,,,,,0.0,steamspy,,True
719690,Ghost Recon Wildlands Ghost War Open Beta,"Action, Adventure",,,,"Ubisoft Paris, Ubisoft Annecy, Ubisoft Bucharest, Ubisoft Montpellier, Ubisoft Milan, Reflections",Ubisoft,0.0,steamspy,,True
569170,Ghostlight Manor Demo,"Adventure, Casual, Indie, Strategy",,,,Digital Future Lab,Functional Unicorn,0.0,steamspy,,True
436720,GiAnt Demo,"Action, Adventure, Indie, Simulation",,,,Wreck Tangle Games,Wreck Tangle Games,0.0,steamspy,,True
82139,Giana Sisters Release Trailer,"Action, Adventure, Indie, Platformer",,,,Black Forest Games,Black Forest Games,0.0,steamspy,,True
82137,Giana Sisters Trailer 2,"Action, Adventure, Indie, Platformer",,,,,,0.0,steamspy,,True
326370,Giana Sisters: Twisted Dreams - Original Soundtrack,"Action, Indie",,,,Black Forest Games,"HandyGames, Black Forest Games",0.0,steamspy,,True
227420,Giana Sisters: Twisted Dreams Demo,"Action, Adventure, Indie, Platformer",,,,Black Forest Games,"HandyGames, Black Forest Games",0.0,steamspy,,True
677210,Gift to Humanity: Alpha,"Action, Adventure, Indie, RPG",,,,Ultima Games,Ultima Games,0.0,steamspy,,True
424220,Gigachess Demo,"Casual, Indie, Strategy",,,,Drixxel Soft,Drixxel Soft,0.0,steamspy,,True
961370,Gilded Rails Demo,"Adventure, Indie, RPG",,,,Choice of Games,Choice of Games,0.0,steamspy,,True
2102130,Girl And Demon 1,"JRPG, RPG, Roguelike, Strategy",,,,Succubella Games,Succubella Games,0.0,steamspy,,True
1003170,Girls & sweets - Soundtrack,Indie,,,,Multiblender Games,Multiblender Games,0.0,steamspy,,True
9510,Gish Demo,"Indie, Platformer, Puzzle",,,,Cryptic Sea,Chronic Logic,0.0,steamspy,,True
982,Gish Trailer,"Indie, Platformer, Puzzle",,,,Cryptic Sea,Chronic Logic,0.0,steamspy,,True
1073830,Glacial Demo,"Adventure, Indie",,,,frheaky,frheaky,0.0,steamspy,,True
1332470,Gladiator Guild Manager: Prologue,"Indie, RPG, Simulation, Strategy, Survival",,,,Entertainment Forge,"GrabTheGames, Gamera Games, UpgradePoint",0.0,steamspy,,True
1007500,Gladiator: Blades of Fury Demo,"Action, Adventure, Indie",,,,Yash Future Tech Solutions Pvt Ltd,Yash Future Tech Solutions Pvt Ltd,0.0,steamspy,,True
782310,Glass Masquerade - Soundtrack,"Casual, Indie, Puzzle",,,,Nikita Sevalnev,Onyx Lute,0.0,steamspy,,True
804950,Gleaner Heights Original Soundtrack,"Action, Adventure, Casual, Indie, RPG, Simulation",,,,Emilios Manolidis,,0.0,steamspy,,True
1031450,GlitchPets Music OST,"Action, Adventure, Casual, Indie, Simulation",,,,"Cool & Normal Games, Cool & Normal Games",Cool & Normal Games,0.0,steamspy,,True
688920,Glitchbuster Demo,"Action, Adventure, Indie",,,,remremlesupreme2,remremlesupreme2,0.0,steamspy,,True
483300,Glitchspace Original Soundtrack,"Adventure, Indie",,,,Space Budgie,,0.0,steamspy,,True
81226,Global Ops: Commando Libya Trailer,"Action, Shooter",,,,Spectral Games,,0.0,steamspy,,True
787660,Global Soccer Manager 2017 Demo,"Casual, Indie, Simulation, Sports, Strategy",,,,Forever Young Games,Forever Young Games,0.0,steamspy,,True
620470,Gloom - Original Soundtrack,"Action, Adventure, Indie",,,,Hunchback Studio,Hunchback Studio,0.0,steamspy,,True
383140,Glorkian Warrior OST & Supporter Pack,Indie,,,,Pixeljam,Pixeljam,0.0,steamspy,,True
507130,Gnomes Vs. Fairies Demo,"Action, Adventure, Casual, Indie, Platformer, RPG",,,,Prismic Studios LLC,Prismic Studios LLC,0.0,steamspy,,True
569470,Go For Launch: Mercury Demo,"Action, Indie, Simulation",,,,Joe Chisholm,Joe Chisholm,0.0,steamspy,,True
533240,GoNNER OST,Indie,,,,Art in Heart,Raw Fury,0.0,steamspy,,True
335350,Goat Simulator: Original Soundtrack,"Casual, Indie, Simulation",,,,Coffee Stain Studios,Coffee Stain Publishing,0.0,steamspy,,True
349080,Goats on a Bridge - OST,"Action, Casual, Indie",,,,Cabygon,,0.0,steamspy,,True
748080,God Of Light: Remastered - OST,"Casual, Indie",,,,Playmous,,0.0,steamspy,,True
506100,God'n Spy Add-on - Power & Revolution DLC,"Simulation, Strategy",,,,Eversim,,0.0,steamspy,,True
898030,God's Basement Demo,"Adventure, Horror, Indie, Puzzle",,,,Erebus,Erebus,0.0,steamspy,,True
1140700,GodOrEvil.Beta,"Adventure, Casual, Indie, Strategy",,,,JusticePartnerNarKa,JusticePartnerNarKa,0.0,steamspy,,True
2777550,Gods Against Machines Prologue,"Action, Roguelike, Strategy, Survival",,,,Silver Eye Studios,Silver Eye Studios,0.0,steamspy,,True
501890,God‘s One Day World - Original Soundtrack,Adventure,,,,灰烬天国,灰烬天国,0.0,steamspy,,True
1065800,Golden Treasure: The Great Green Demo,"Adventure, Indie, RPG, Simulation, Visual Novel",,,,Dreaming Door Studios,Dreaming Door Studios,0.0,steamspy,,True
692520,Golem Creation Kit Demo,"Casual, Indie, Visual Novel",,,,Illuminated Games,AAD Productions,0.0,steamspy,,True
845800,Golem Gates Soundtrack,Strategy,,,,"Laser Guided Games, LLC",,0.0,steamspy,,True
564170,Golf With Your Friends - OST,"Casual, Indie, Sports",,,,Blacklight Interactive,Blacklight Interactive,0.0,steamspy,,True
823030,Golfing Over It with Alva Majo Soundtrack,"Casual, Indie, Sports",,,,Majorariatto,Majorariatto,0.0,steamspy,,True
529790,Gone with the Demon,"Action, Indie, RPG",,,,BoyAndWitch Studio,BoyAndWitch Studio,0.0,steamspy,,True
532280,Gone with the Demon Demo,"Action, Indie, RPG",,,,BoyAndWitch Studio,BoyAndWitch Studio,0.0,steamspy,,True
364180,Goo Tunes (Super Goo Goo OST),"Casual, Indie",,,,,,0.0,steamspy,,True
262880,Goodbye Deponia Demo,"Adventure, Indie, Puzzle",,,,Daedalic Entertainment,Daedalic Entertainment,0.0,steamspy,,True
863410,Gopnik Simulator - Soundtrack,"Casual, Indie, Simulation",,,,Gamesforgames,Gamesforgames,0.0,steamspy,,True
1386790,Gordian Rooms: A curious heritage Prologue,"Adventure, Casual, Indie, Puzzle",,,,Crimsonite Games,Crimsonite Games,0.0,steamspy,18.0,True
636530,Gorescript - Original Soundtrack,"Action, Indie",,,,Sergiu Bucur,Sergiu Bucur,0.0,steamspy,,True
663180,Gorescript Demo,"Action, Adventure, Indie, Survival",,,,Sergiu Bucur,Amused Sloth,0.0,steamspy,,True
985410,Gorky 17 - Soundtrack,"RPG, Strategy",,,,Metropolis Software House,TopWare Interactive,0.0,steamspy,,True
745160,Gorogoa - Original Soundtrack,"Adventure, Casual, Indie",,,,Buried Signal,Annapurna Interactive,0.0,steamspy,,True
81991,Gotham City Impostors F2P Trailer 2,"Action, Adventure, Fighting, Massively Multiplayer, Shooter",,,,,,0.0,steamspy,,True
80679,Gothic 3: Forsaken Gods Enhanced Edition Trailer,"Action, Adventure, RPG",,,,,,0.0,steamspy,,True
80758,Gothic 3: Forsaken Gods Enhanced Edition Trailer,"Action, Adventure, RPG",,,,"Trine Studios, G3 Community Patch Team, Mad Vulture Games",Nordic Games,0.0,steamspy,,True
547550,Grab the Bottle Demo,"Action, Casual, Indie, Puzzle",,,,Kamina Dimension Ltd,Kamina Dimension Ltd,0.0,steamspy,,True
884510,Grabity Demo,"Action, Fighting, Indie, Platformer",,,,Team Ninja Thumbs,Team Ninja Thumbs,0.0,steamspy,,True
383920,Grail to the Thief Demo,"Adventure, Casual, Indie",,,,For All To Play,For All To Play,0.0,steamspy,,True
711250,Grand Academy for Future Villains Demo,"Adventure, Indie, RPG",,,,Choice of Games,Choice of Games,0.0,steamspy,,True
23470,Grand Ages: Rome Demo,"City Builder, Simulation, Strategy",,,,Haemimont Games,Kalypso Media Digital,0.0,steamspy,,True
5190,Grand Ages: Rome Trailer,"City Builder, Simulation, Strategy",,,,Haemimont Games,Kalypso Media Digital,0.0,steamspy,,True
1044990,Grand Battle Demo,"Action, Indie, RPG",,,,AKC,AKC,0.0,steamspy,,True
889940,Grand Kokoro - Episode 1 Demo,"Casual, Indie, Visual Novel",,,,Seram Studios,Seram Studios,0.0,steamspy,,True
5152,Grand Theft Auto IV Trailer,"Action, Adventure, Shooter",,,,,,0.0,steamspy,,True
5656,Grand Theft Auto: Episodes from Liberty City Trailer ,"Action, Adventure, Racing, Shooter",,,,,,0.0,steamspy,,True
798620,Grapple Force Rena Demo,"Action, Indie, Platformer",,,,GalaxyTrail,GalaxyTrail,0.0,steamspy,,True
777490,Grass Cutter Demo,"Action, Casual, Indie, Simulation",,,,Nikolai Usachev,USANIK STD,0.0,steamspy,,True
341610,Grass Simulator - Soundtrack,"Casual, Indie, Simulation",,,,"Conor Strejcek, Daniel Davies",Daniel Davies,0.0,steamspy,,True
41810,Gratuitous Space Battles Demo,"Indie, Simulation, Strategy",,,,Positech Games,Positech Games,0.0,steamspy,,True
80589,Gratuitous Space Battles: Galactic Conquest Trailer,"Indie, Simulation, Strategy",,,,,,0.0,steamspy,,True
5712,Gratuitous Space Battles: The Swarm trailer,"Indie, Simulation, Strategy",,,,Positech Games,Positech Games,0.0,steamspy,,True
214070,Gratuitous Tank Battles Demo,"Indie, Simulation, Strategy, Tower Defense",,,,Positech Games,Positech,0.0,steamspy,,True
81635,Gratuitous Tank Battles Trailer,"Indie, Simulation, Strategy, Tower Defense",,,,Positech Games,,0.0,steamspy,,True
569580,Grave Danger Demo,"Action, Adventure, Indie, Platformer, Puzzle",,,,JB Gaming Inc.,JB Gaming Inc.,0.0,steamspy,,True
514770,Grave Mania: Pandemic Pandemonium,Casual,,,,Anino Games,Big Fish Games,0.0,steamspy,,True
527330,Grave: VR Prologue,"Action, Adventure, Horror",,,,"Broken Window Studios, LLC","Broken Window Studios, LLC",0.0,steamspy,,True
802620,Gravel Demo,"Racing, Sports",,,,Milestone S.r.l.,Milestone S.r.l.,0.0,steamspy,,True
21310,Gravitron 2 Demo,Indie,,,,Dark Castle Software,Dark Castle Software,0.0,steamspy,,True
343510,Gravity Ghost - Soundtrack,Indie,,,,Ivy Games LLC,,0.0,steamspy,,True
849370,Gray Dawn Demo,"Adventure, Horror, Indie, Puzzle",,,,Interactive Stone,Interactive Stone,0.0,steamspy,,True
650640,Graze Counter Demo,"Action, Casual, Indie",,,,Bikkuri Software,Henteko Doujin,0.0,steamspy,,True
81966,Great Big War Game Trailer,"Indie, Strategy",,,,,,0.0,steamspy,,True
319340,Great Permutator Demo,"Casual, Indie, Strategy",,,,Ripatti Software,Ripatti Software,0.0,steamspy,,True
80465,Greed Corp Trailer,"Card & Board, Puzzle, Strategy",,,,W!Games,Vanguard Entertainment Group,0.0,steamspy,,True
5831,Greed Final Trailer,"Action, Indie, RPG",,,,"Headup Games, Clockstone",Meridian4,0.0,steamspy,,True
5563,Greed: Black Border Gameplay Trailer,"Action, Indie, RPG",,,,"Headup Games, Clockstone",Meridian4,0.0,steamspy,,True
5553,Greed: Black Border Trailer,"Action, Indie, RPG",,,,"Head Up Games, Clockstone",Meridian4,0.0,steamspy,,True
717430,Greedy Guns - OST,"Action, Adventure, Indie",,,,Tio Atum,,0.0,steamspy,,True
601720,Greenwood the Last Ritual Demo,"Adventure, Horror, Indie",,,,AO2Game,AO2Game,0.0,steamspy,,True
459851,"Gremlins, Inc. – Original Soundtrack","Indie, Strategy",,,,"A.Fruit, Charlie Oscar Lima Tango Interactive Entertainment",The Merchant Guild of Run (Limited),0.0,steamspy,,True
459850,"Gremlins, Inc. – Digital Artbook","Indie, Strategy",,,,"Yaroslav Pavlyshynets, Charlie Oscar Lima Tango Interactive Entertainment",The Merchant Guild of Rund (Limited),0.0,steamspy,,True
341810,Grey Goo - Soundtrack,Strategy,,,,Petroglyph,Grey Box,0.0,steamspy,,True
516630,"Grid Legion, Storm Demo","Card & Board, Indie, Strategy",,,,Wind Jester Games,Wind Jester Games,0.0,steamspy,,True
642280,Grim Dawn - Ashes of Malmouth Expansion,"Action, Adventure, Indie, RPG",,,,Crate Entertainment,,0.0,steamspy,,True
483840,Grim Dawn - Crucible Mode DLC,"Action, Adventure, Indie, RPG",,,,Crate Entertainment,Crate Entertainment,0.0,steamspy,,True
897670,Grim Dawn - Forgotten Gods Expansion,"Action, Adventure, Indie, RPG",,,,Crate Entertainment,Crate Entertainment,0.0,steamspy,,True
532860,Grim Dragons Demo,"Action, Adventure, Indie",,,,Punkster Inc.,Punkster Inc.,0.0,steamspy,,True
368190,Grim Fandango Remastered - Soundtrack,Adventure,,,,Double Fine Productions,,0.0,steamspy,1.0,True
850290,Grimmwood Open Beta,"RPG, Simulation, Strategy, Survival",,,,Big Moustache Games,Headup Publishing,0.0,steamspy,178.0,True
623720,Grisaia Phantom Trigger Soundtrack,"Adventure, Casual",,,,Frontwing,Frontwing USA,0.0,steamspy,,True
307610,Groove City Soundtrack,"Action, Indie",,,,"EnV Music, Yazar Media Group LLC",,0.0,steamspy,,True
81289,Grotesque Tactics 2 - Trailer,"Adventure, Casual, Indie, RPG, Strategy",,,,"Silent Dreams, Headup Games",Meridian4,0.0,steamspy,,True
5977,Grotesque Tactics: Evil Heroes Trailer,"Adventure, Casual, Indie, JRPG, RPG, Strategy",,,,,,0.0,steamspy,,True
435130,Ground Breakers Demo,"Indie, Strategy",,,,UnitedIndie,UnitedIndie,0.0,steamspy,2.0,True
289740,Ground Pounders Demo,"Indie, Strategy",,,,Kerberos Productions Inc.,Kerberos Productions Inc.,0.0,steamspy,,True
323570,Ground Pounders: Tarka DLC,"Indie, Strategy",,,,Kerberos Productions Inc.,Kerberos Productions Inc.,0.0,steamspy,,True
2582480,Ground Wars KDR Alpha,"Action, RPG, Shooter, Strategy",,,,"Robert Greene, Skip Munger, Robert Thompson, Maxwell Greene, Scott Greene, Deborah Spruill",Ground And Pound Gaming,0.0,steamspy,,True
353590,Grow Home Soundtrack DLC,"Adventure, Casual, Indie",,,,"Reflections, a Ubisoft Studio",,0.0,steamspy,,True
911610,Guacamelee! 2 - Soundtrack,"Action, Adventure, Indie",,,,DrinkBox Studios,DrinkBox Studios,0.0,steamspy,,True
543150,Guardian of The Demon Valley,"Action, Adventure, Indie",,,,Lily Games,Himi Games,0.0,steamspy,,True
2873110,Guardian's Guide,"Casual, JRPG, RPG, Simulation, Strategy, Visual Novel",,,,Allugic LLC,Allugic LLC,0.0,steamspy,,True
90520,Guardians of Graxia Demo,"Card & Board, Strategy",,,,Petroglyph,Petroglyph,0.0,steamspy,,True
80435,Guardians of Graxia Trailer,"Card & Board, Strategy",,,,,,0.0,steamspy,,True
2958580,Guards II: Prologue,"Adventure, RPG, Strategy",,,,Battlecruiser Games,HeroCraft PC,0.0,steamspy,,True
739940,Guide The Ball,"Indie, Strategy",,,,Eldritch Phantasmagoric Games,Eldritch Phantasmagoric Games,0.0,steamspy,,True
1804820,Guide and Throw,"Action, Indie","2 Dec, 2021",False,"₩ 2,300",FAI GOST SRL,FAI GOST SRL,0.0,appdetails,,True
397750,Guided Meditation VR,"Casual, Indie, Simulation",,,,Cubicle Ninjas,Cubicle Ninjas,0.0,steamspy,,True
2544550,Guidelicious,"Horror, Visual Novel",,,,Tymedust Games,Tymedust Games,0.0,steamspy,,True
2886810,Guidelines for the Book of Changes,"Casual, Indie, Platformer, Simulation",,,,QIN YICHEN,QIN YICHEN,0.0,steamspy,,True
376820,Guild of Dungeoneering Soundtrack,"Indie, RPG",,,,Gambrinous,Versus Evil,0.0,steamspy,,True
11270,Gumboy Tournament Demo,"Casual, Indie, Platformer, Racing",,,,"CINEMAX, s.r.o.","CINEMAX, s.r.o.",0.0,steamspy,,True
946,Gumboy Trailer,"Casual, Indie",,,,,,0.0,steamspy,,True
803670,Gump Demo,"Casual, Indie",,,,Ursine,RatFeed,0.0,steamspy,,True
456510,Gun Rocket - Soundtrack,"Action, Adventure, Indie, Strategy",,,,"Space Wedgie, LLC","Space Wedgie, LLC",0.0,steamspy,,True
414620,Gun Wings - Original Soundtrack,"Action, Casual, Indie",,,,"Mercury Stone, Angels Blue Digital Entertainment, DigitalEZ",DigitalEZ,0.0,steamspy,,True
1492720,GunBlocks - Prologue,"Action, Adventure, Casual, Indie, Platformer, Puzzle",,,,Steve Welz,Steve Welz,0.0,steamspy,,True
92250,GundeadliGne Demo,"Action, Indie, Shooter",,,,Platine Dispositif,Rockin' Android,0.0,steamspy,,True
81067,GundeadliGne Gameplay Trailer,"Action, Indie, Shooter",,,,Platine Dispositif,Rockin' Android,0.0,steamspy,,True
81012,GundeadliGne Trailer,"Action, Indie, Shooter",,,,Platine Dispositif,Rockin' Android,0.0,steamspy,,True
92200,Gundemonium Recollection,"Action, Indie, Shooter",,,,Platine Dispositif,Rockin' Android,0.0,steamspy,,True
92230,Gundemonium Recollection Demo,"Action, Indie, Shooter",,,,Platine Dispositif,Rockin' Android,0.0,steamspy,,True
81044,Gundemonium Recollection Promo Trailer,"Action, Indie, Shooter",,,,Platine Dispositif,Rockin' Android,0.0,steamspy,,True
908640,Gunkid 99 Demo,"Action, Indie, Platformer, Shooter",,,,Yongjustyong,Yongjustyong,0.0,steamspy,,True
240570,Gunpoint Demo,"Action, Adventure, Indie, Platformer, Puzzle, Strategy",,,,Suspicious Developments,,0.0,steamspy,,True
1007620,Gunpowder on The Teeth: Arcade Demo,"Action, Indie, Platformer",,,,Gunpowder Team,Gunpowder Team,0.0,steamspy,,True
3003960,Guns Demons,"Action, Racing, Shooter",,,,Doky,Doky,0.0,steamspy,,True
616350,Guns of Icarus Alliance Costume Pack,"Action, Adventure, Indie, Simulation",,,,Muse Games,,0.0,steamspy,,True
81549,Guns of Icarus Online Game Play Trailer,"Action, Adventure, Indie, Massively Multiplayer, Shooter, Simulation, Strategy",,,,Muse Games,Muse Games,0.0,steamspy,,True
446340,Guns of Infinity Demo,"Adventure, Indie, RPG",,,,Hosted Games,Hosted Games,0.0,steamspy,3.0,True
749630,Guns'n'Stories: Bulletproof VR Demo,"Action, Adventure, Casual, Shooter, Simulation",,,,MIROWIN,MIROWIN,0.0,steamspy,43.0,True
468190,Gust Mashup Costume Set,Action,,,,"Team NINJA, KOEI TECMO GAMES CO., LTD.",,0.0,steamspy,,True
889440,Guts and Glory - Original Soundtrack,"Action, Casual, Indie, Racing",,,,HakJak,tinyBuild,0.0,steamspy,,True
819450,Guts and Syringes Demo,"Action, Adventure, Indie, Strategy, Tower Defense",,,,GS Dev,GS Dev,0.0,steamspy,,True
806410,GyroShooter Demo,"Action, Casual, Indie",,,,TRIANGLE SERVICE,TRIANGLE SERVICE,0.0,steamspy,,True
39100,Gyromancer Demo,"Casual, Puzzle, RPG",,,,"SQUARE ENIX, PopCap Games, Inc.","SQUARE ENIX, Eidos Interactive",0.0,steamspy,,True
565622,H1Z1: Just Survive - Whiptail Cosmetic Skin Pack,"Action, Adventure, Massively Multiplayer",,,,Daybreak Game Company,,0.0,steamspy,,True
951560,HANZ! Demo,"Action, Indie, Massively Multiplayer",,,,DimleTeam,DimleTeam,0.0,steamspy,,True
841850,HAUNTED: Halloween '86 (The Curse Of Possum Hollow) Demo,"Action, Indie, Platformer",,,,Retrotainment Games,Retrotainment Games,0.0,steamspy,,True
985110,HEARTBEAT Original Soundtrack,RPG,,,,CHUMBOSOFT LLC,,0.0,steamspy,,True
395235,HELLDIVERS - Demolitionist Pack,Action,,,,Arrowhead Game Studios,PlayStation PC LLC,0.0,steamspy,,True
664880,HEVN Demo,"Action, Adventure, Indie",,,,Miga,Miga,0.0,steamspy,,True
1079700,HIVESWAP: ACT 1 Demo,"Adventure, Horror, Indie, Puzzle, RPG",,,,"What Pumpkin Games, Inc.","What Pumpkin Games, Inc.",0.0,steamspy,7.0,True
680910,HIVESWAP: ACT 1 Original Soundtrack,"Adventure, Indie, RPG",,,,"What Pumpkin Games, Inc.","What Pumpkin Games, Inc.",0.0,steamspy,,True
63010,HOARD - Demo,"Action, Casual, Indie, Strategy",,,,Big Sandwich Games,Big Sandwich Games,0.0,steamspy,,True
80737,HOARD ESRB Trailer,"Action, Casual, Indie, Strategy",,,,Big Sandwich Games,Big Sandwich Games,0.0,steamspy,,True
910740,HOKUSAI Demo,Casual,,,,OCTET,OCTET,0.0,steamspy,,True
510950,HVR Demo,"Action, Indie, Simulation",,,,Andre Le,Andre Le,0.0,steamspy,,True
81550,Hack Slash and Loot Trailer,"Casual, Indie, RPG",,,,David Williamson,David Williamson,0.0,steamspy,,True
608590,Hack_me 2 - Wallpapers,"Indie, Simulation",,,,EasyWays Team,Indovers Studio,0.0,steamspy,,True
70130,Hacker Evolution - Demo,"Puzzle, Simulation",,,,exosyphen studios,exosyphen studios,0.0,steamspy,,True
201720,Hacker Evolution Duality Demo,"Indie, Simulation",,,,exosyphen studios,exosyphen studios,0.0,steamspy,,True
261070,Hacker Evolution Duality: Hacker Bootcamp DLC,Indie,,,,exosyphen studios,,0.0,steamspy,,True
241950,Hacker Evolution Duality: Hardcore Package Part 1 DLC,Indie,,,,exosyphen studios,,0.0,steamspy,,True
259220,Hacker Evolution Duality: Hardcore Package Part 2 DLC,Indie,,,,exosyphen studios,exosyphen studios,0.0,steamspy,,True
211990,Hacker Evolution Duality: Inception Part 1 DLC,Indie,,,,exosyphen studios,exosyphen studios,0.0,steamspy,,True
211994,Hacker Evolution Duality: Inception Part 2 DLC,Indie,,,,exosyphen studios,exosyphen studios,0.0,steamspy,,True
211992,Hacker Evolution Duality: Inception Part 3 DLC,Indie,,,,exosyphen studios,,0.0,steamspy,,True
530090,Hacker Evolution IMMERSION Demo,"Action, Indie, Simulation",,,,exosyphen studios,exosyphen studios,0.0,steamspy,,True
70140,Hacker Evolution: Untold - Demo,"Indie, Puzzle, Simulation",,,,exosyphen studios,exosyphen studios,0.0,steamspy,,True
612210,Hacknet - Labyrinths Official Soundtrack,"Indie, Simulation",,,,Team Fractal Alligator,"Fellow Traveller, Boss Battle Records",0.0,steamspy,,True
408710,Hacknet Official Soundtrack,"Indie, Simulation",,,,Team Fractal Alligator,"Fellow Traveller, Boss Battle Records",0.0,steamspy,,True
720140,Hailstorm Demo,"Action, Indie, Shooter",,,,SlimeQ,SlimeQ,0.0,steamspy,4.0,True
859300,Hakoniwa Explorer Plus - Original Soundtrack,"Action, Indie, RPG",,,,suxamethonium,PLAYISM,0.0,steamspy,,True
706910,Halcyon 6: Lightspeed Edition - Artbook,"Indie, RPG, Simulation, Strategy",,,,"Massive Damage, Inc.","Massive Damage, Inc.",0.0,steamspy,,True
677640,Halcyon 6: Lightspeed Edition - Soundtrack,"Indie, RPG, Simulation, Strategy",,,,"Massive Damage, Inc.","Massive Damage, Inc.",0.0,steamspy,,True
528490,Halcyon 6: Starbase Commander - Soundtrack,"Indie, RPG, Simulation, Strategy",,,,"Massive Damage, Inc.",,0.0,steamspy,,True
81982,Half Minute Hero Trailer,"Action, Adventure, Casual, Indie, JRPG, Puzzle, RPG",,,,Opus,,0.0,steamspy,,True
323140,Half-Life 2 Soundtrack,Action,,,,Valve,Valve,0.0,steamspy,,True
904,Half-Life 2 Trailer,"Action, Adventure, Horror, Puzzle, Shooter",,,,,,0.0,steamspy,,True
323150,Half-Life 2: Episode One Soundtrack,Action,,,,Valve,Valve,0.0,steamspy,,True
905,Half-Life 2: Episode One Trailer,"Action, Adventure, Puzzle, Shooter",,,,,,0.0,steamspy,,True
323160,Half-Life 2: Episode Two Soundtrack,Action,,,,Valve,Valve,0.0,steamspy,,True
916,Half-Life 2: Episode Two Trailer,"Action, Adventure, Horror, Puzzle, Shooter",,,,Valve,Valve,0.0,steamspy,,True
930,Half-Life 2: Episode Two Trailer 2,"Action, Adventure, Horror, Puzzle, Shooter",,,,,,0.0,steamspy,,True
323130,Half-Life Soundtrack,Action,,,,Valve,Valve,0.0,steamspy,,True
748070,Half-Rats: Parasomnia - OST,"Action, Adventure",,,,Heath Games,,0.0,steamspy,,True
2676760,Half-demon Kamia,"Action, Adventure, Indie, Platformer, RPG",,,,wlend,wlend,0.0,steamspy,,True
358141,Halloween + Debut Costume Set,"Action, Fighting",,,,"Team NINJA, KOEI TECMO GAMES CO., LTD.","KOEI TECMO GAMES CO., LTD.",0.0,steamspy,,True
403350,Halloween 2015 Costume Set,Action,,,,"Team NINJA, KOEI TECMO GAMES CO., LTD.",,0.0,steamspy,,True
546860,Halloween Content Pack,"Casual, Massively Multiplayer, Strategy",,,,"ZiMAD, Inc.",,0.0,steamspy,,True
2655710,Halloween Stories: Horror Movie,"Adventure, Casual, Puzzle",,,,Elephant,Big Fish Games,0.0,steamspy,,True
1777090,Halloween Stories: Horror Movie Collector's Edition,"Adventure, Casual, Horror",,,,Elephant Games,Big Fish Games,0.0,steamspy,,True
978890,Halzae: Heroes of Divinity Demo,"Action, Indie",,,,SaltClock Studio,SaltClock Studio,0.0,steamspy,9.0,True
42147,Hamilton's Great Adventure - Retro Fever DLC,"Adventure, Casual, Indie",,,,Fatshark,Fatshark,0.0,steamspy,,True
42190,Hamilton's Great Adventure Demo,"Adventure, Casual, Indie, Platformer, Puzzle",,,,Fatshark,Fatshark,0.0,steamspy,,True
81111,Hamilton's Great Adventure Release Trailer,"Adventure, Casual, Indie, Platformer, Puzzle",,,,Fatshark,Fatshark,0.0,steamspy,,True
957340,Hamlet Demo,"Adventure, Simulation",,,,Haven Studios,Haven Studios,0.0,steamspy,1.0,True
3402,Hammer Heads Deluxe Free Demo,Casual,,,,"PopCap Games, Inc.","PopCap Games, Inc.",0.0,steamspy,,True
41110,Hammerfight Demo,"Action, Fighting, Indie",,,,Konstantin Koshutin,KranX Productions,0.0,steamspy,7.0,True
1013080,Hamsterdam Demo,"Action, Fighting, Indie",,,,Muse Games,Muse Games,0.0,steamspy,,True
748680,Hand of Fate 2 Soundtrack,"Action, Indie, RPG",,,,Jeff van Dyck,Defiant Development,0.0,steamspy,,True
351430,Hand of Fate Original Soundtrack,"Action, Indie, RPG",,,,Defiant Development,,0.0,steamspy,,True
555110,HandPass VR Demo,"Indie, Sports",,,,Constructive Media,Constructive Media,0.0,steamspy,,True
200030,Hard Reset Demo,"Action, Indie, Shooter",,,,Flying Wild Hog,Good Shepherd Entertainment,0.0,steamspy,,True
81846,Hard Reset Exile Trailer,"Action, Indie, Shooter",,,,,,0.0,steamspy,,True
81121,Hard Reset Launch Trailer,"Action, Indie, Shooter",,,,Flying Wild Hog,"Flying Wild Hog, 1C-SoftClub",0.0,steamspy,,True
81063,Hard Reset Story Trailer,"Action, Indie, Shooter",,,,,,0.0,steamspy,,True
81043,Hard Reset Trailer,"Action, Indie, Shooter",,,,Flying Wild Hog,"Flying Wild Hog, 1C-SoftClub",0.0,steamspy,,True
98421,Hard Reset: Exile DLC,Action,,,,Flying Wild Hog,Good Shepherd Entertainment,0.0,steamspy,,True
419040,Hard West Soundtrack,"Adventure, Indie, RPG, Strategy",,,,CreativeForge Games,Good Shepherd Entertainment,0.0,steamspy,,True
809860,Hardware Engineers Demo,"Indie, Simulation",,,,Green127,Green127,0.0,steamspy,,True
1409250,Harmless Demons,Puzzle,,,,Percepied,Percepied,0.0,steamspy,,True
895250,Harmonia - Original Soundtrack,"Adventure, Casual, Simulation",,,,VisualArts/Key,VisualArts,0.0,steamspy,,True
793790,Harsh Demo,RPG,,,,Harsh Reality Productions LLC,Harsh Reality,0.0,steamspy,,True
852000,Harvest Moon: Light of Hope Special Edition - Decorations & Tool Upgrade Pack,"Adventure, Casual, RPG, Simulation",,,,"TABOT, inc., Natsume Inc.",Natsume Inc.,0.0,steamspy,,True
748190,Harvest Simulator VR Demo,Simulation,,,,Sakis25 Games,Bolt Virtual,0.0,steamspy,,True
946590,Harvester of Dreams : Episode 1 Demo,"Adventure, Indie, Puzzle",,,,Christian Waadt,Christian Waadt,0.0,steamspy,,True
82121,Harveys New Eyes Trailer,"Adventure, Horror, Indie, Puzzle",,,,,,0.0,steamspy,,True
563290,Hat Trick Header Demo,"Action, Casual, Sports",,,,no-pact,no-pact,0.0,steamspy,,True
257290,Hate Plus Original Soundtrack,Indie,,,,Love Conquers All Games,Love Conquers All Games,0.0,steamspy,,True
3302850,Hate-Gem Rise Of Demon,"Action, RPG",,,,ElLeonGamer,Hinuraion Studios,0.0,steamspy,,True
810310,"Haters, kill them all! - Ost","Action, Casual, Indie, Simulation",,,,CSM,W.T.B.,0.0,steamspy,,True
463090,Hatoful Boyfriend: Holiday Star Collector's Edition DLC,"Adventure, Indie",,,,Mediatonic,Epic Games,0.0,steamspy,,True
421940,Haunt the House: Terrortown Soundtrack,"Action, Casual, Indie",,,,SFB Games,SFB Games,0.0,steamspy,,True
5949,Haunted House Trailer 1,Adventure,,,,ImagineEngline,Atari,0.0,steamspy,,True
5950,Haunted House Trailer 2,Adventure,,,,ImagineEngline,Atari,0.0,steamspy,,True
501260,Headlander - Soundtrack,Action,,,,Double Fine Productions,Adult Swim Games,0.0,steamspy,,True
552820,Heart and Seoul Soundtrack and Director's Commentary,"Casual, Simulation",,,,Sapphire Dragon Productions,Sapphire Dragon Productions,0.0,steamspy,,True
891440,Heart of the Emberstone Original Soundtrack,"Adventure, Indie",,,,Cloudhead Games ltd.,Cloudhead Games ltd.,0.0,steamspy,,True
742160,Heart of the House Demo,"Adventure, Indie, RPG",,,,Choice of Games,Choice of Games,0.0,steamspy,,True
1031421,Heart of the Woods Original Soundtrack - Moonlight,"Casual, Indie",,,,Studio Élan,Studio Élan,0.0,steamspy,,True
1031420,Heart of the Woods Original Soundtrack - Snowfall,"Casual, Indie",,,,Studio Élan,"Studio Élan, Studio Elan",0.0,steamspy,,True
498590,Heart's Medicine - Time to Heal - Soundtrack,"Adventure, Casual, Indie",,,,Blue Giraffe,GameHouse,0.0,steamspy,,True
776560,Heartbound - OST,"Action, Adventure, Indie, RPG",,,,Pirate Software,Pirate Software,0.0,steamspy,,True
631890,Heartbound Demo,"Action, Adventure, Horror, Indie, Puzzle, RPG",,,,Pirate Software,Pirate Software,0.0,steamspy,,True
22170,Hearts of Iron 2 Demo,Strategy,,,,Paradox Interactive,Paradox Interactive,0.0,steamspy,,True
25962,Hearts of Iron III DLC: German II Spritepack,Strategy,,,,Paradox Interactive,Paradox Interactive,0.0,steamspy,,True
80927,Hearts of Iron III For the Motherland Trailer,Strategy,,,,Paradox Interactive,Paradox Interactive,0.0,steamspy,,True
82069,Hearts of Iron III Their Finest Hour Trailer,Strategy,,,,Paradox Interactive,,0.0,steamspy,,True
5244,Hearts of Iron III Trailer,"Simulation, Strategy",,,,Paradox Interactive,Paradox Interactive,0.0,steamspy,,True
25970,Hearts of Iron III: DLC - German Sprite Pack,Strategy,,,,Paradox Interactive,Paradox Interactive,0.0,steamspy,,True
25896,Hearts of Iron III: German Infantry Pack DLC,Strategy,,,,Paradox Interactive,Paradox Interactive,0.0,steamspy,,True
25897,Hearts of Iron III: Japanese Infantry Pack DLC,Strategy,,,,Paradox Interactive,Paradox Interactive,0.0,steamspy,,True
5732,Hearts of Iron III: Semper Fi Trailer,Strategy,,,,Paradox Interactive,Paradox Interactive,0.0,steamspy,,True
25960,Hearts of Iron III: Soviet Infantry Pack DLC,Strategy,,,,Paradox Interactive,Paradox Interactive,0.0,steamspy,,True
25899,Hearts of Iron III: Soviet Music Pack DLC,Strategy,,,,Paradox Interactive,Paradox Interactive,0.0,steamspy,,True
25898,Hearts of Iron III: Soviet Pack DLC,Strategy,,,,Paradox Interactive,Paradox Interactive,0.0,steamspy,,True
25892,Hearts of Iron III: US Pack DLC,Strategy,,,,Paradox Interactive,Paradox Interactive,0.0,steamspy,,True
258540,Heat Wave DLC - Abby's pack,Action,,,,,,0.0,steamspy,,True
258542,Heat Wave DLC - Jack's pack,Action,,,,505 Games,505 Games,0.0,steamspy,,True
258541,Heat Wave DLC - Kenji's pack,Action,,,,505 Games,505 Games,0.0,steamspy,,True
258543,Heat Wave DLC - x 3 pack,Action,,,,505 Games,505 Games,0.0,steamspy,,True
455470,Heaven Island VR MMO - Paradisac Soundtrack,"Adventure, Indie, Massively Multiplayer",,,,"Fabio Ferrara, Fabio Mosca, Giulia Airoldi",,0.0,steamspy,1.0,True
1078120,Heaven's Vault Demo,"Adventure, Indie, Puzzle",,,,inkle Ltd,inkle Ltd,0.0,steamspy,,True
323940,Heavy Bullets EP - Soundtrack,"Action, Indie",,,,Terri Vellmann,Devolver Digital,0.0,steamspy,,True
1003280,Heavy Memories Demo,"Action, Indie",,,,Half-Face Games,Half-Face Games,0.0,steamspy,,True
346280,Heckabomb - Soundtrack,"Action, Indie",,,,Allicorn Games,KISS ltd,0.0,steamspy,,True
80809,Hector: Badge of Carnage Trailer,"Adventure, Casual, Puzzle",,,,,,0.0,steamspy,,True
81486,Hegemony Gold Trailer,"Indie, Strategy",,,,Longbow Games,,0.0,steamspy,,True
210130,Hegemony Gold: Wars of Ancient Greece Demo,"Indie, Strategy",,,,Longbow Games,,0.0,steamspy,,True
484810,Heirs And Graces Mp3+Wallpapers,"Adventure, Casual, Indie",,,,Winter Wolves,,0.0,steamspy,,True
362340,Hektor Demo,"Action, Adventure, Indie",,,,Rubycone,Meridian4,0.0,steamspy,,True
295210,Heldric - The legend of the shoemaker Demo,"Action, Casual, Indie",,,,Astral Byte Ltd.,Astral Byte Ltd.,0.0,steamspy,,True
730350,Heliborne - Soundtrack and Goodies,"Action, Indie, Massively Multiplayer",,,,JetCat Games,Klabater,0.0,steamspy,,True
82085,Hell Yeah Gameplay ESRB Trailer,"Action, Adventure, Indie, Metroidvania, Platformer",,,,Arkedo,,0.0,steamspy,,True
82080,Hell Yeah Gameplay PEGI Trailer,"Action, Adventure, Indie, Metroidvania, Platformer",,,,,,0.0,steamspy,,True
82081,Hell Yeah Gameplay PEGI Trailer FR,"Action, Adventure, Indie, Metroidvania, Platformer",,,,,,0.0,steamspy,,True
82079,Hell Yeah Gameplay USK Trailer,"Action, Adventure, Indie, Metroidvania, Platformer",,,,,,0.0,steamspy,,True
82082,Hell Yeah Monsters ESRB Trailer,"Action, Adventure, Indie, Metroidvania, Platformer",,,,,,0.0,steamspy,,True
82078,Hell Yeah Monsters PEGI Trailer,"Action, Adventure, Indie, Metroidvania, Platformer",,,,,,0.0,steamspy,,True
82075,Hell Yeah Monsters PEGI Trailer FR,"Action, Adventure, Indie, Metroidvania, Platformer",,,,,,0.0,steamspy,,True
82077,Hell Yeah Monsters USK Trailer,"Action, Adventure, Indie, Metroidvania, Platformer",,,,,,0.0,steamspy,,True
212560,Hell Yeah! Demo,"Action, Adventure, Indie, Metroidvania, Platformer",,,,Arkedo,SEGA,0.0,steamspy,,True
595790,Hell is Other Demons,"Action, Indie, Platformer, Roguelike, Shooter",,,,Cuddle Monster Games,Cuddle Monster Games,0.0,steamspy,,True
898880,HellCat Demo,"Action, Adventure, Indie",,,,Verbal Chambers,Verbal Chambers,0.0,steamspy,,True
862810,Hellblade: Senua's Sacrifice Original Soundtrack,"Action, Adventure, Indie",,,,Ninja Theory,Ninja Theory,0.0,steamspy,,True
783130,Hello Lady! Demo,"Adventure, Visual Novel",,,,AKATSUKI-WORKS,HIKARI FIELD,0.0,steamspy,,True
289731,Hello my name is... Nina. DLC,Action,,,,Eko Software,505 Games,0.0,steamspy,,True
628680,Hellpoint Demo,"Action, Adventure, Indie, RPG",,,,Cradle Games,Cradle Games,0.0,steamspy,,True
806630,Her Lie I Tried To Believe - Soundtrack,"Casual, Indie",,,,Hangover Cat Purrroduction,Hangover Cat Purrroduction,0.0,steamspy,,True
1103370,Herakles and the Princess of Troy OST,"Action, Adventure, Casual, Indie",,,,Becker Games,,0.0,steamspy,,True
530600,Herald Demo,"Adventure, Indie, Visual Novel",,,,Wispfire,Wispfire,0.0,steamspy,2.0,True
1087430,Herd is Coming Demo,"Action, Adventure, Indie, RPG, Survival",,,,Proximity Games,Proximity Games,0.0,steamspy,,True
652350,Hereafter Demo,"Action, Adventure, Indie",,,,"Micah Brown, Benjamin Brown",Nathan Brown,0.0,steamspy,2.0,True
1324860,Heretic's Lot: Prologue,Indie,,,,Golden Cup Games,Golden Cup Games,0.0,steamspy,,True
81935,Hero Academy Trailer,"Casual, Indie, Strategy",,,,,,0.0,steamspy,,True
3083520,Hero Guider,"Casual, Indie, Platformer, Puzzle, Strategy",,,,BestQ,BestQ,0.0,steamspy,,True
1796080,Hero King Quest: Peacemaker Prologue,"Adventure, Casual, JRPG, RPG",,,,"Sounding Stone / 老奉毊, MaouCat Studio / 魔王貓工作室, Hidari Migiko / 左右子","Sounding Stone / 老奉毊, RMAsia",0.0,steamspy,,True
331181,Hero Siege - Avenger Paladin (Class + Skin),"Action, Adventure, Indie, Massively Multiplayer, RPG",,,,Panic Art Studios Ltd,Panic Art Studios Ltd,0.0,steamspy,,True
312290,Hero Siege - Cyberpunk Samurai (Class + Skin),"Action, Adventure, Indie, Massively Multiplayer, RPG",,,,Panic Art Studios Ltd,Panic Art Studios Ltd,0.0,steamspy,,True
595940,Hero Siege - Dark Mage (Skin),"Action, Adventure, Indie, Massively Multiplayer, RPG",,,,Panic Art Studios Ltd,Panic Art Studios Ltd,0.0,steamspy,,True
385511,Hero Siege - Demon Slayer & Demonspawn (Class) + Spawn Demonspawn (Skin),"Action, Adventure, Indie, Massively Multiplayer, RPG",,,,Panic Art Studios Ltd,Panic Art Studios Ltd,0.0,steamspy,,True
385510,Hero Siege - Demon Slayer & Demonspawn Class,"Action, Adventure, Indie, Massively Multiplayer, RPG",,,,Panic Art Studios Ltd,Panic Art Studios Ltd,0.0,steamspy,,True
463590,Hero Siege - Doom Bringer (Skin),"Action, Adventure, Indie, Massively Multiplayer, RPG",,,,Panic Art Studios Ltd,Panic Art Studios Ltd,0.0,steamspy,,True
564730,Hero Siege - Maniac Gunner Pirate (Skin),"Action, Adventure, Indie, Massively Multiplayer, RPG",,,,Panic Art Studios Ltd,Panic Art Studios Ltd,0.0,steamspy,,True
520320,Hero Siege - Maniac Viking (Skin),"Action, Adventure, Indie, Massively Multiplayer, RPG",,,,Panic Art Studios Ltd,Panic Art Studios Ltd,0.0,steamspy,,True
465600,Hero Siege - Zombie Hunter (Skin),"Action, Adventure, Indie, Massively Multiplayer, RPG",,,,Panic Art Studios Ltd,Panic Art Studios Ltd,0.0,steamspy,,True
318640,Hero of Many - Original Soundtrack,"Action, Adventure, Indie",,,,Trickster Arts,,0.0,steamspy,,True
1572330,Hero of the Demon,"Adventure, JRPG, RPG, Strategy",,,,Mousou Endemic,OTAKU Plan,0.0,steamspy,,True
304600,Hero of the Kingdom Demo,"Adventure, Casual, Indie, RPG, Strategy",,,,Lonely Troops,Lonely Troops,0.0,steamspy,,True
353240,Hero of the Kingdom II Demo,"Adventure, Casual, Indie, RPG",,,,Lonely Troops,Lonely Troops,0.0,steamspy,,True
772520,Hero of the Kingdom III Demo,"Adventure, Casual, Indie, RPG",,,,Lonely Troops,Lonely Troops,0.0,steamspy,,True
313931,Heroes Rise: HeroFall - Perfect Legend Guide,"Indie, RPG",,,,Choice of Games,,0.0,steamspy,,True
313920,Heroes Rise: HeroFall Demo,"Indie, RPG",,,,Choice of Games,Choice of Games,0.0,steamspy,,True
304301,Heroes Rise: The Hero Project - Perfect Legend Guide,"Indie, RPG",,,,Choice of Games,Choice of Games,0.0,steamspy,,True
305440,Heroes Rise: The Hero Project Demo,"Indie, RPG",,,,Choice of Games,Choice of Games,0.0,steamspy,,True
305200,Heroes Rise: The Prodigy - Perfect Legend Guide,"Indie, RPG",,,,Choice of Games,Choice of Games,0.0,steamspy,,True
305450,Heroes Rise: The Prodigy Demo,"Indie, RPG",,,,Choice of Games,Choice of Games,0.0,steamspy,,True
4810,Heroes of Annihilated Empires Demo,"RPG, Strategy",,,,GSC Game World,GSC Game World,0.0,steamspy,,True
942,Heroes of Annihilated Empires Trailer,"RPG, Strategy",,,,,,0.0,steamspy,,True
1568730,Heroes of Eldemor,"Action, Adventure, RPG, Strategy",,,,Brian Laflamme,Brian Laflamme,0.0,steamspy,,True
390020,Heroes of Legionwood Demo,"Casual, Indie, RPG",,,,Dark Gaia Studios,Degica,0.0,steamspy,,True
400320,Heroes of a Broken Land Demo,"Adventure, Indie, RPG",,,,Winged Pixel Inc.,Winged Pixel Inc.,0.0,steamspy,,True
565480,Heroes of the Monkey Tavern Demo,"Action, Adventure, Indie, RPG",,,,Monkey Stories,Monkey Stories,0.0,steamspy,,True
4820,Heroes... Multiplayer Demo,"RPG, Strategy",,,,GSC Game World,GSC Game World,0.0,steamspy,,True
571670,Heroine Anthem Zero - Original Soundtrack,"Action, Adventure, Indie, RPG",,,,WindThunder Studio,Skywalker HK,0.0,steamspy,,True
792510,Hex Commander: Fantasy Heroes - Official Game Guide,"Indie, Strategy",,,,"GRY-OnLine S.A., Home Net Games",Home Net Games,0.0,steamspy,,True
1022950,Hex Defense - VR Demo,"Action, Card & Board, Casual, Simulation, Strategy, Tower Defense",,,,Sachonski,Patagoniart,0.0,steamspy,,True
511300,Hexoscope OST,"Casual, Indie",,,,Studio Binokle,,0.0,steamspy,,True
754280,Hexvade Demo,"Action, Casual, Indie",,,,Zeritum,Zeritum,0.0,steamspy,,True
714570,Hidden Object - Tools,"Adventure, Card & Board, Casual, Indie, Puzzle, Strategy",,,,Boogygames Studios,Boogygames Studios,0.0,steamspy,,True
1069150,Hieroglyph: Prologue,"Action, Platformer",,,,Manti-Core,Manti-Core,0.0,steamspy,1.0,True
737250,High Hell Soundtrack by Doseone,"Action, Indie",,,,"Terri Vellmann, Doseone",,0.0,steamspy,,True
721770,"Highlands, Deep Waters Demo","Adventure, Indie, RPG",,,,Hosted Games,Hosted Games,0.0,steamspy,,True
490260,Highway Blossoms - Original Soundtrack,Indie,,,,Studio Élan,"Studio Élan, Studio Elan",0.0,steamspy,,True
800590,Highway Wars Demo,"Adventure, Indie, RPG",,,,Hosted Games,Hosted Games,0.0,steamspy,,True
1050450,Himno - Original Soundtrack,"Adventure, Casual, Indie",,,,David Moralejo Sánchez,GrabTheGames,0.0,steamspy,,True
424070,Hit Tank PRO Demo,"Action, Adventure, Casual, Indie, Strategy",,,,Bacq Stellan,OtakuMaker.com,0.0,steamspy,,True
889580,Hit The Hive Demo,"Action, Casual, Indie, Shooter, Simulation, Strategy",,,,VOID VR,VOID VR,0.0,steamspy,,True
580920,Hitbox Demo,"Action, Indie, Shooter",,,,"Peripheral Labs, Wormhole Entertainment","Peripheral Labs, Wormhole Entertainment",0.0,steamspy,,True
6950,Hitman Blood Money Demo,"Action, Puzzle, Shooter, Strategy",,,,Io Interactive,"SQUARE ENIX, Eidos Interactive",0.0,steamspy,,True
950,Hitman: Blood Money Trailer,"Action, Puzzle, Shooter, Strategy",,,,,,0.0,steamspy,1.0,True
92240,Hitogata Happa Demo,"Action, Indie, Shooter",,,,Platine Dispositif,Rockin' Android,0.0,steamspy,,True
81011,Hitogata Happa Trailer,"Action, Indie, Shooter",,,,Platine Dispositif,Rockin' Android,0.0,steamspy,,True
520570,HoPiKo Demo,"Action, Casual, Indie, Platformer",,,,Laser Dog,Merge Games,0.0,steamspy,,True
719530,Hob Official Soundtrack (FLAC+MP3),"Action, Adventure, Indie",,,,Runic Games,Arc Games,0.0,steamspy,,True
598190,Hollow Knight - Official Soundtrack,"Action, Adventure, Indie, Metroidvania",,,,Team Cherry,Team Cherry,0.0,steamspy,,True
543530,Holo Impact : Prologue,"Action, Indie",,,,REDSTORM DIGITAL STUDIO,REDSTORM DIGITAL STUDIO,0.0,steamspy,5.0,True
595020,Holobunnies: Pause Cafe - Soundtrack,"Action, Adventure, Indie",,,,q-bit Games,Nkidu Games Inc.,0.0,steamspy,,True
615440,Holy Potatoes! We’re in Space?! Demo,"Adventure, Indie, RPG, Simulation, Strategy, Survival",,,,Daylight Studios,Daedalic Entertainment,0.0,steamspy,,True
723550,Holy Potatoes! What the Hell?! Demo,"Casual, Indie, Simulation, Strategy",,,,Daylight Studios,Daylight Studios,0.0,steamspy,,True
81961,Home Trailer,"Adventure, Horror, Indie",,,,Benjamin Rivers,,0.0,steamspy,,True
82179,Home Trailer 2,"Adventure, Horror, Indie",,,,Benjamin Rivers,,0.0,steamspy,,True
5741,Homefront Back Story trailer,"Action, Adventure, Shooter",,,,,,0.0,steamspy,,True
80704,Homefront History Trailer,"Action, Adventure, Shooter",,,,"Kaos Studios, Digital Extremes",THQ,0.0,steamspy,,True
80703,Homefront Launch Trailer,"Action, Adventure, Shooter",,,,"Kaos Studios, Digital Extremes",THQ,0.0,steamspy,,True
80687,Homefront Multi-Player Trailer,"Action, Adventure, Shooter",,,,"Kaos Studios, Digital Extremes",THQ,0.0,steamspy,,True
80628,Homefront Resistance Trailer,"Action, Adventure, Shooter",,,,"Kaos Studios, Digital Extremes",THQ,0.0,steamspy,,True
5740,Homefront Teaser trailer,"Action, Adventure, Shooter",,,,Kaos Studios,THQ,0.0,steamspy,,True
445990,Homefront: The Revolution - Expansion Pass,"Action, Adventure",,,,Dambuster Studios,Deep Silver,0.0,steamspy,,True
352590,Homeworld 1 Remastered Soundtrack,"Simulation, Strategy",,,,Gearbox Software,Gearbox Publishing,0.0,steamspy,,True
352710,Homeworld 2 Remastered Soundtrack,"Simulation, Strategy",,,,Gearbox Software,,0.0,steamspy,,True
436550,Homeworld: Deserts of Kharak - Soundtrack,"Simulation, Strategy",,,,Gearbox Software,Gearbox Software,0.0,steamspy,,True
460500,HordeZ Demo,"Action, Adventure, Casual, Horror, Indie, Shooter",,,,ZenzVR,ZenzVR,0.0,steamspy,3.0,True
891900,Horizon Chase Turbo Demo,"Action, Casual, Indie, Racing, Sports",,,,Aquiris Game Studio,Aquiris Game Studio,0.0,steamspy,,True
863520,Horizon Chase Turbo Soundtrack,"Casual, Indie, Racing, Sports",,,,Aquiris Game Studio,Aquiris Game Studio,0.0,steamspy,,True
370430,Horizon Shift - Soundtrack,"Action, Indie",,,,Flump Studios,Funbox Media Ltd,0.0,steamspy,,True
2538840,Horizon To Crinoa: Have Faith in Radiance -Prototype-,"Action, Adventure, JRPG, RPG",,,,Second Morning Works,Second Morning Works,0.0,steamspy,,True
3194220,Horror Simulator VR: Prologue,"Action, Adventure, Indie, RPG, Roguelike, Strategy",,,,Suplife Games,Suplife Games,0.0,steamspy,,True
768561,Horse Paradise - Foals Expansion Pack,"Adventure, Casual, Massively Multiplayer, Simulation",,,,Foxie Games,,0.0,steamspy,,True
768562,Horse Paradise - Pegasus Expansion Pack,"Adventure, Casual, Massively Multiplayer, Simulation",,,,Foxie Games,,0.0,steamspy,,True
656820,Horse Racing 2016 Demo,"Indie, Racing, Sports",,,,Yash Future Tech Solutions Pvt Ltd,Yash Future Tech Solutions Pvt Ltd,0.0,steamspy,,True
1073980,Horse Riding Deluxe Demo,"Action, Adventure, Casual, Indie, RPG, Racing, Simulation, Sports",,,,Loot Inside,Loot Inside,0.0,steamspy,,True
403063,Hot Summer Costume Set,Action,,,,"Team NINJA, KOEI TECMO GAMES CO., LTD.",,0.0,steamspy,,True
999530,HotPuzzle:Grils - ArtBook,"Casual, Indie",,,,Puzzle Game,Puzzle Game,0.0,steamspy,,True
1009530,Hotel Sowls Soundtrack,"Adventure, Indie",,,,Studio Sott,,0.0,steamspy,,True
219152,Hotline Miami Soundtrack,"Action, Indie",,,,Dennaton Games,Devolver Digital,0.0,steamspy,,True
942290,House Flipper - Garden DLC,"Casual, Indie, Simulation",,,,Empyrean,"Frozen District, PlayWay S.A.",0.0,steamspy,,True
365290,House of Nightmares B-Movie Edition,"Horror, Indie, Puzzle",,,,Morphodox Studios,Morphodox Studios,0.0,steamspy,124.0,True
646420,Hover: Official Soundtrack,"Action, Adventure, Indie",,,,"Fusty Game, Midgar Studio",Nacon,0.0,steamspy,,True
1007250,How To Date A Magical Girl! Original Soundtrack,"Adventure, Casual, Simulation",,,,"Alec Shea, Cafe Shiba",RIVER CROW STUDIO,0.0,steamspy,,True
543192,How To Survive 2 - Elite Soldier Skin Pack,"Action, Adventure, RPG",,,,Eko Software,,0.0,steamspy,,True
543191,How To Survive 2 - Musketeer Skin Pack,"Action, Adventure, RPG",,,,Eko Software,505 Games,0.0,steamspy,,True
543193,How To Survive 2 - Norse God Skin Pack,"Action, Adventure, RPG",,,,Eko Software,505 games,0.0,steamspy,,True
543190,How To Survive 2 - Pirates of the Bayou Skin Pack,"Action, Adventure, RPG",,,,Eko Software,505 Games,0.0,steamspy,,True
704240,How to Fool a Liar King Demo,"Adventure, Casual, Indie, Visual Novel",,,,"Chu-3, Bakufu Narayama",ROSEVERTE,0.0,steamspy,,True
942460,How to Sing to Open Your Heart Demo,"Adventure, Casual, Indie, Visual Novel",,,,"Chu-3, Bakufu Narayama",roseVeRte,0.0,steamspy,,True
374540,How to Take Off Your Mask Demo,"Adventure, Casual, Indie, Simulation, Visual Novel",,,,"Chu-3, Bakufu Narayama",ROSEVERTE,0.0,steamspy,,True
517450,Hue Official Soundtrack,"Adventure, Indie",,,,Fiddlesticks Games,Curve Games,0.0,steamspy,,True
436730,Huenison Demo,"Action, Casual, Indie, Puzzle, Shooter",,,,RETREAM,RGCD.DEV LTD,0.0,steamspy,,True
908570,Huge Enemy Demo,"Action, Indie, Shooter",,,,Huge Enemy Production,"Huge Enemy Production, Plug In Digital",0.0,steamspy,2.0,True
1825650,Human Apocalypse: Prologue,"Casual, Indie, RPG",,,,Euphoric Brothers,Euphoric Brothers,0.0,steamspy,13.0,True
632870,Human Fall Flat Official Soundtrack,"Adventure, Indie",,,,No Brakes Games,Curve Games,0.0,steamspy,,True
1025090,Hunger Apartment - OST,"Adventure, Indie, Simulation, Strategy",,,,Shinou Game Studio,WhiteLakeStudio,0.0,steamspy,,True
540330,Hunger Dungeon Deluxe Edition + Sound Track,"Action, Indie",,,,Buka Game Studio,Buka Game Studio,0.0,steamspy,,True
463490,HunieCam Studio Original Soundtrack,"Indie, Simulation",,,,HuniePot,HuniePot,0.0,steamspy,,True
348560,HuniePop Original Soundtrack,"Indie, RPG, Simulation, Strategy",,,,HuniePot,HuniePot,0.0,steamspy,,True
5909,Hunted: The Demon's Forge - Trailer,"Action, Adventure, RPG",,,,inXile Entertainment,Bethesda Softworks,0.0,steamspy,,True
734520,Hunter Story Demo,"Action, RPG",,,,洋葱头科技,洋葱头科技,0.0,steamspy,,True
482370,Hunter's Legacy Demo,"Action, Adventure, Indie, Metroidvania, Platformer",,,,Lienzo,Lienzo,0.0,steamspy,,True
715130,Hunting Simulator Demo,"Adventure, Simulation, Sports",,,,Neopica,Nacon,0.0,steamspy,12.0,True
588810,Husk - Original Soundtrack,"Action, Adventure, Indie",,,,"UndeadScout, Arkadiusz Reikowski",IMGN.PRO,0.0,steamspy,,True
454450,Hustle Cat - Soundtrack,"Casual, Indie",,,,Date Nighto,,0.0,steamspy,,True
80808,Hydrophobia: Prophecy Trailer,"Action, Adventure, Indie, Shooter, Strategy",,,,,,0.0,steamspy,,True
1694550,Hype Prototype,"Action, Adventure, Casual, Indie, Shooter",,,,Constanta Games,Genet Games,0.0,steamspy,,True
453020,Hyper Light Drifter Original Soundtrack,"Action, RPG",,,,Heart Machine,Heart Machine,0.0,steamspy,,True
877210,Hyper Sentinel Demo,"Action, Indie",,,,Four5Six Pixel / Huey Games,Huey Games,0.0,steamspy,,True
898962,Hyperdimension Neptunia Re;Birth1 AV Club DLC,"RPG, Strategy",,,,"IDEA FACTORY Co., Ltd., COMPILE HEART Co., Ltd., FELISTELLA Co., Ltd., IDEA FACTORY Co., Ltd.","Idea Factory International, Inc.",0.0,steamspy,,True
898961,Hyperdimension Neptunia Re;Birth1 Colosseum + Characters DLC,"RPG, Strategy",,,,"IDEA FACTORY Co., Ltd., COMPILE HEART Co., Ltd., FELISTELLA Co., Ltd.","Idea Factory International, Inc., IDEA FACTORY Co., Ltd.",0.0,steamspy,,True
898960,Hyperdimension Neptunia Re;Birth1 Tag Along DLC,"RPG, Strategy",,,,"IDEA FACTORY Co., Ltd., COMPILE HEART Co., Ltd., FELISTELLA Co., Ltd.","Idea Factory International, Inc., IDEA FACTORY Co., Ltd.",0.0,steamspy,,True
354464,Hyperdimension Neptunia Re;Birth2 Additional Content Pack 1,RPG,,,,"Idea Factory, Compile Heart, Felistella","Idea Factory, Idea Factory International",0.0,steamspy,,True
354465,Hyperdimension Neptunia Re;Birth2 Additional Content Pack 2,RPG,,,,"Idea Factory, Compile Heart, Felistella","Idea Factory, Idea Factory International",0.0,steamspy,,True
354466,Hyperdimension Neptunia Re;Birth2 Additional Content Pack 3,RPG,,,,"Idea Factory, Compile Heart, Felistella","Idea Factory, Idea Factory International",0.0,steamspy,,True
698440,Hyperun Deluxe DLC,"Action, Indie, Racing, Sports",,,,"Uki Uki Lab, Concrete Games",Uki Uki Lab,0.0,steamspy,,True
495270,Hypnorain Demo,"Action, Indie",,,,KEYREAL,KEYREAL,0.0,steamspy,,True
1041000,Hypnospace Outlaw (Original Soundtrack),Simulation,,,,"Tendershoot, Michael Lasch, ThatWhichIs Media",No More Robots,0.0,steamspy,,True
81965,I Am Alive Trailer,"Action, Adventure, Horror, Platformer, Shooter, Survival",,,,,,0.0,steamspy,,True
2609540,I Think I'm in Love with a Demon Prince,"Adventure, Casual, JRPG, RPG, Strategy, Tower Defense, Visual Novel",,,,Jagged Realms,lil' baker films,0.0,steamspy,,True
471450,I and Me Original Soundtrack,"Action, Indie, Platformer, Puzzle",,,,Wish Fang,Wish Fang,0.0,steamspy,,True
1045490,I hate this soundtrack,Indie,,,,HateBit,Pixel Error,0.0,steamspy,,True
615360,I may die! Demo,"Action, Adventure, Casual, Indie, Platformer, Puzzle",,,,uegamestudio,uegamestudio,0.0,steamspy,,True
731540,I was here - Bonus Wallpapers,"Casual, Indie",,,,Okinawa Sunrise,Okinawa Sunrise,0.0,steamspy,,True
868790,"I, Cyborg Demo","Adventure, Indie, RPG",,,,Choice of Games,Choice of Games,0.0,steamspy,6.0,True
359500,"I, Gladiator - Soundtracks","Action, Adventure, Indie, RPG",,,,Steel Monkeys,Next Dimension Game Adventures,0.0,steamspy,,True
631610,ICARUS.1 - PROTOTYPE EDITION,"Action, Indie",,,,electrolyte,,0.0,steamspy,,True
458080,ICARUS.1 Demo,"Action, Indie",,,,electrolyte,electrolyte,0.0,steamspy,,True
640730,ICED Demo,"Action, Adventure, Indie, Simulation, Survival",,,,AnEaDuoDev,AnEaDuoDev,0.0,steamspy,,True
564180,ICEY OST,"Action, Adventure, Indie, RPG",,,,FantaBlade Network,X.D. Network Inc.,0.0,steamspy,,True
699030,ICY: Frostbite Edition Demo,"Indie, RPG, Survival, Visual Novel",,,,Inner Void,Digital Tribe,0.0,steamspy,,True
832060,IIN Demo,"Casual, Indie, Platformer, Puzzle",,,,Epopeia Games,Epopeia Games,0.0,steamspy,,True
80680,IL-2 Sturmovik: Cliffs of Dover Trailer,Simulation,,,,1C: Maddox Games,Ubisoft,0.0,steamspy,,True
495640,IN-VERT: Soundtrack,Indie,,,,TERNOX,TERNOX,0.0,steamspy,,True
791520,INFERNIUM Demo,"Adventure, Horror, Indie, Survival",,,,Carlos Coronado,Carlos Coronado,0.0,steamspy,,True
432450,INFRA - Original Soundtrack,"Adventure, Indie",,,,Loiste Interactive,,0.0,steamspy,,True
392400,INK - Soundtrack + Art,"Action, Adventure, Indie",,,,ZackBellGames,ZackBellgames,0.0,steamspy,,True
932000,INVERSUS Deluxe Demo,"Action, Casual, Indie, Strategy",,,,Hypersect,Hypersect,0.0,steamspy,,True
1013090,ISLAND Soundtrack,"Adventure, Casual",,,,Frontwing,Frontwing USA,0.0,steamspy,,True
503810,Ian's Eyes Demo,"Adventure, Horror, Indie, Puzzle",,,,Sindie Games,SOEDESCO Publishing,0.0,steamspy,12.0,True
805930,Ice Cream Factory Demo,"Casual, Indie",,,,Ryan Silberman,Ryan Silberman,0.0,steamspy,,True
854210,Ice Demon,"Action, Indie",,,,Bob Hood,Suits &amp; Sandals,0.0,steamspy,2.0,True
467600,Icewind Dale: Enhanced Edition Official Soundtrack,"Adventure, RPG, Strategy",,,,Beamdog,Beamdog,0.0,steamspy,,True
802860,Iconoclasts - Soundtrack,"Action, Adventure, Indie",,,,Joakim Sandberg,Bifrost Entertainment,0.0,steamspy,,True
976280,Idle Champions - Outfit Pack: Minsc's Giant Boo Costume,"Action, Adventure, Indie, Strategy",,,,Codename Entertainment Inc.,,0.0,steamspy,,True
340080,If My Heart Had Wings - Original Sound Track,"Adventure, Casual, Simulation",,,,MoeNovel,MoeNovel,0.0,steamspy,,True
3422,Iggle Pop Deluxe Free Demo,Casual,,,,"PopCap Games, Inc.","PopCap Games, Inc.",0.0,steamspy,,True
287440,Ikaruga Demo,"Action, Indie, Shooter",,,,Treasure,Treasure,0.0,steamspy,,True
213450,Imagine Earth Demo,"City Builder, Indie, Simulation, Strategy",,,,Serious Brothers,Serious Brothers,0.0,steamspy,,True
81723,Imagine Earth Trailer,"City Builder, Indie, Simulation, Strategy",,,,,,0.0,steamspy,,True
723120,Immersive Poetry Demo,"Adventure, Casual, Indie",,,,Thalasse Games,Thalasse Games,0.0,steamspy,,True
619711,Immortal Redneck - Digital Artbook,"Action, Indie",,,,Crema,,0.0,steamspy,,True
619710,Immortal Redneck - Original Soundtrack,"Action, Indie",,,,Crema,Crema,0.0,steamspy,,True
933850,Immortal: Unchained - Soundtrack,"Action, Adventure, RPG",,,,Toadman Interactive,,0.0,steamspy,,True
1016080,Imperator: Rome - Complete Soundtrack,"Simulation, Strategy",,,,Paradox Development Studio,Paradox Interactive,0.0,steamspy,,True
23410,Imperium Romanum Gold Edition Demo,"City Builder, Simulation, Strategy",,,,Haemimont Games,Kalypso Media Digital,0.0,steamspy,,True
232930,Impire Demo,Strategy,,,,,,0.0,steamspy,,True
230920,Impire: Black and White Demons,Strategy,,,,Cyanide Montreal,Paradox Interactive,0.0,steamspy,,True
553720,Imprisoned Light - Soundtrack,"Action, Adventure, Indie, Platformer, Puzzle, RPG, Shooter",,,,"imaginite Ltd, imaginite Ltd",imaginite Ltd,0.0,steamspy,,True
401300,Impulse Revolution Demo,"Action, Casual, Indie, Racing",,,,Mandlebar,Mandlebar,0.0,steamspy,4.0,True
396290,In Between Demo,Indie,,,,Gentlymad,Headup Games,0.0,steamspy,5.0,True
391080,In Between Soundtrack,Indie,,,,Gentlymad,Assemble Entertainment,0.0,steamspy,,True
743810,In Game Adventure: — Original Soundtracks,"Action, Casual, Indie",,,,Alysson Moraes,Moraes Studio,0.0,steamspy,,True
921610,In League Demo,"Action, Adventure",,,,FatMoth Interactive,FatMoth Interactive,0.0,steamspy,,True
898730,In The Long Run The Game Demo,"Action, Adventure, Indie, Simulation, Strategy, Survival",,,,Zerstoren Games,Zerstoren Games,0.0,steamspy,,True
1762560,In The Valley of Death -Prologue-,"Action, Adventure, Indie, Shooter",,,,stdio.gypsy,stdio.gypsy,0.0,steamspy,,True
385930,In Verbis Virtus - Soundtrack,"Action, Adventure, Indie",,,,Indomitus Games,Indomitus Games,0.0,steamspy,,True
604020,In Vitra Demo,"Adventure, Casual, Indie, JRPG, RPG",,,,bumblebee.,rokaplay,0.0,steamspy,3.0,True
656670,In the Raven Shadow Soundtrack,"Adventure, Indie",,,,"Rainbow Rhino, CINEMAX GAMES",CINEMAX GAMES,0.0,steamspy,,True
437860,Incredible Dracula: Chasing Love Collector's Edition Demo,"Adventure, Casual, Strategy",,,,New Bridge Games,Alawar Entertainment,0.0,steamspy,,True
994060,Incubo Demo,"Adventure, Horror, Indie, Platformer, Puzzle",,,,Hehe Gamez,Hehe Gamez,0.0,steamspy,,True
2426020,Indemon Tales,"Action, Adventure, Indie, RPG",,,,Luzian,Luzian,0.0,steamspy,,True
81680,Indie Game: the Movie Trailer,Indie,,,,BlinkWorks Media,BlinkWorks Media,0.0,steamspy,,True
951870,Indie Pogo: Prisonbreak Zorbie Skin,"Action, Indie",,,,Lowe Bros. Studios LLC,,0.0,steamspy,,True
421830,Indivisible Prototype Demo,"Action, Indie, Metroidvania, Platformer, RPG",,,,Lab Zero Games,505 Games,0.0,steamspy,,True
1307460,Indoor Sniper Shooting Alpha Strike in Corona Virus Lockdown,"Action, Adventure, Fighting, Indie, RPG, Shooter, Simulation, Strategy",,,,Enaayah Software Development and Services Private Limited,Enaayah Software Development and Services Private Limited,0.0,steamspy,,True
1302110,Inertial Drift: Sunset Prologue,"Casual, Indie, Racing, Sports",,,,Level 91 Entertainment,PQube,0.0,steamspy,,True
689510,Infection Rate Demo,"Action, Indie",,,,AL Games,AL Games,0.0,steamspy,,True
952690,Infinity Demo,"Casual, Indie, Platformer, Puzzle",,,,NoName Developments,NoName Developments,0.0,steamspy,,True
1091000,Infinity Demo,"Action, Casual, Indie",,,,TOTGameroom,TOTGameroom,0.0,steamspy,,True
288310,Infinity Runner: Art Book and Soundtrack,"Action, Indie",,,,Wales Interactive,Wales Interactive,0.0,steamspy,,True
567410,Infinity Saga Demo,"Action, Adventure, Casual, Indie, RPG, Strategy",,,,CrimsonSpectreFox,CrimsonSpectreFox,0.0,steamspy,,True
775250,Infinos Gaiden Demo,"Action, Indie",,,,Picorinne Soft,Picorinne Soft,0.0,steamspy,2.0,True
775260,Infinos Gaiden Original Soundtrack,"Action, Indie",,,,Picorinne Soft,Picorinne Soft,0.0,steamspy,,True
886750,Infliction Demo,"Adventure, Horror, Indie",,,,Caustic Reality,Caustic Reality,0.0,steamspy,,True
965850,Initial 2：New Stage - Original Soundtrack,"Action, Adventure, Indie, RPG",,,,Restory Studio,Restory Studio,0.0,steamspy,,True
340661,Initiation Soundtrack,RPG,,,,"New Reality Games, Scott Holmes",New Reality Games,0.0,steamspy,,True
731150,Injustice 2 - Demons Shader Pack,Action,,,,"NetherRealm Studios, QLOC",WB Games,0.0,steamspy,,True
707830,Injustice 2 Online Beta,"Action, Fighting",,,,"NetherRealm Studios, QLOC",WB Games,0.0,steamspy,,True
862820,Inked Demo,"Adventure, Casual, Indie, Platformer, Puzzle",,,,Somnium Games d.o.o,Starbreeze Publishing AB,0.0,steamspy,4.0,True
726820,Inner Mazes - Souls Guides,"Adventure, Indie",,,,Ilex Games,Ilex Games,0.0,steamspy,,True
625440,Inner Voices Demo,"Adventure, Horror, Indie",,,,Sigma games,Fat Dog Games,0.0,steamspy,,True
81373,Insane 2 Trailer,"Action, Racing",,,,Game Factory Interactive,,0.0,steamspy,,True
81561,Insanely Twisted Shadow Planet Hunter Trailer,"Action, Adventure, Indie, Metroidvania, Puzzle",,,,,,0.0,steamspy,,True
81560,Insanely Twisted Shadow Planet Trailer,"Action, Adventure, Indie, Metroidvania, Puzzle",,,,,,0.0,steamspy,,True
1434340,Insect Adventure Demo,"Action, Adventure, Metroidvania, Platformer",,,,MAYOFORCE,MAYOFORCE,0.0,steamspy,,True
333310,Inside The Gear Demo,"Casual, Indie",,,,Mykhail Konokh,KISS ltd,0.0,steamspy,,True
80813,Inside a Star-Filled Sky Trailer ,"Action, Indie, Strategy",,,,,,0.0,steamspy,,True
771740,Interplanetary Hunter Demo,"Action, Adventure, Simulation",,,,xiaofeixiong,xiaofeixiong,0.0,steamspy,3.0,True
674700,Interplanetary OST,Strategy,,,,Vincent Parrish,Team Jolly Roger,0.0,steamspy,,True
1103690,Interregnum-Alpha,"Action, Adventure, Casual, Fighting, Horror, Indie, RPG, Shooter",,,,Lotus GamesTr,Lotus GamesTr,0.0,steamspy,1.0,True
388710,Interstellaria OST,"Adventure, Indie, RPG, Simulation, Strategy",,,,Chipzel,,0.0,steamspy,,True
747300,Interworlds Demo,"Action, Adventure, Indie, RPG",,,,Smartmelon,Smartmelon,0.0,steamspy,,True
731350,Into Oblivion Demo,"Card & Board, Casual, Indie, Simulation, Strategy",,,,CoaguCo Industries,CoaguCo Industries,0.0,steamspy,,True
807320,Into the Breach Soundtrack,"Indie, RPG, Simulation, Strategy",,,,Ben Prunty Music,,0.0,steamspy,,True
976480,Into the Fray Demo,"Action, Horror, Indie, RPG",,,,Steve Gal,Pugware,0.0,steamspy,2.0,True
510310,Intrude - Soundtrack,Indie,,,,Mikael Kinnander,,0.0,steamspy,,True
217470,Intrusion 2 Demo,"Action, Indie, Platformer, Shooter",,,,Aleksey Abramenko,,0.0,steamspy,,True
82007,Intrusion 2 Trailer,"Action, Indie, Platformer, Shooter",,,,Aleksey Abramenko,Aleksey Abramenko,0.0,steamspy,,True
843770,Invasion: Episode 1 OST,"Action, Indie",,,,Darkman007,brutalsoft,0.0,steamspy,,True
571850,Investigator - New Year DLC,"Adventure, Indie, Simulation",,,,AdroVGames,,0.0,steamspy,,True
491290,Investigator - Soundtracks,"Action, Adventure, Indie",,,,AdroVGames,AdroVGames,0.0,steamspy,,True
625390,Invicta Beam Demo,"Action, Indie, Shooter",,,,GameBubble06,GameBubble06,0.0,steamspy,2.0,True
353000,Invisible Apartment - Soundtrack & artwork,Adventure,,,,"Milan Kazarka, Jeroen van Oosten",Vysoko Anime Production,0.0,steamspy,,True
1045200,Invisible Fist Demo,"Indie, Puzzle, RPG, Simulation",,,,"Failcore, Pineapple Works",Failcore,0.0,steamspy,,True
370650,"Invisible, Inc. Soundtrack","Action, Indie, Strategy",,,,Klei Entertainment,,0.0,steamspy,,True
632190,Invisigun Heroes - Soundtrack,"Action, Casual, Indie, Strategy",,,,Sombr Studio,,0.0,steamspy,,True
599500,Invisigun Heroes Demo,"Action, Casual, Indie, Strategy",,,,Sombr Studio,Sombr Studio,0.0,steamspy,,True
1025040,Iris.Fall Original Soundtrack 彩虹坠入原声音乐,"Adventure, Casual, Indie",,,,NEXT Studios,NEXT Studios,0.0,steamspy,,True
81677,Iron Front Liberation 1944 Infantry Trailer EN,"Action, Shooter, Simulation, Strategy",,,,,,0.0,steamspy,,True
81696,Iron Front: Liberation 1944 Airforce Trailer EN,"Action, Shooter, Simulation, Strategy",,,,,,0.0,steamspy,,True
31710,Iron Grip Warlord Demo,"Action, Indie, Tower Defense",,,,ISOTX,ISOTX,0.0,steamspy,,True
81633,Iron Grip Warlord Scorched Earth DLC Trailer,"Action, Indie, Tower Defense",,,,ISOTX,,0.0,steamspy,,True
5696,Iron Grip Warlord Trailer,"Action, Indie, Tower Defense",,,,ISOTX,ISOTX,0.0,steamspy,,True
5598,Iron Roses Trailer,"Adventure, Casual",,,,Cateia Games,Sandlot Games,0.0,steamspy,,True
515950,Iron Sea - Soundtrack,"Casual, Indie, Strategy",,,,Creobit,8Floor,0.0,steamspy,,True
227960,Iron Sky Invasion Demo,"Action, Simulation, Strategy",,,,Reality Pump,Topware Interactive,0.0,steamspy,,True
826650,Iron Snout - Snoutfit DLC,"Action, Indie",,,,SnoutUp,,0.0,steamspy,,True
810260,Iron Wings Demo,"Action, Adventure, Casual, Indie, Shooter, Simulation",,,,Naps Team,Naps Team,0.0,steamspy,,True
1316640,Ironsmith Medieval Simulator: Prologue,"Adventure, Indie, Simulation",,,,The EpicLore,SIG Publishing,0.0,steamspy,,True
525980,Islet Online Demo,"Indie, Massively Multiplayer, RPG",,,,Morenori Soft,Morenori Soft,0.0,steamspy,,True
461660,It's Killing Time Demo,"Adventure, Indie, RPG",,,,Choice of Games,Choice of Games,0.0,steamspy,,True
1051760,It's a Trap Demo,"Action, Adventure, Casual, Horror, Indie, Puzzle, Simulation, Strategy",,,,Renan Reis,Renan Reis,0.0,steamspy,1.0,True
549640,Izanami's Dream Battle Original Soundtrack,Action,,,,,,0.0,steamspy,,True
907290,I’m not a Monster Demo,"RPG, Strategy",,,,Cheerdealers,Alawar Premium,0.0,steamspy,,True
360340,"J.U.L.I.A.:Among the Stars - Soundtrack, Hintbook, Untold","Adventure, Indie",,,,CBE software,CBE software,0.0,steamspy,,True
670040,JETBROS Demo,"Action, Indie",,,,Weltrom Studios,Weltrom Studios,0.0,steamspy,,True
837170,JQ: chemistry - Soundtrack,"Casual, Indie",,,,Snkl Studio,Snkl Studio,0.0,steamspy,,True
824590,JQ: countries - Soundtrack,"Casual, Indie",,,,Snkl Studio,Snkl Studio,0.0,steamspy,1.0,True
837140,JQ: dogs & cats - Soundtrack,"Casual, Indie",,,,Snkl Studio,Snkl Studio,0.0,steamspy,,True
2489510,Jack Holmes : Master of Puppets PROLOGUE,"Action, Adventure, Horror, Puzzle, Survival",,,,@TonyDevGame,@TonyDevGame,0.0,steamspy,,True
602290,Jack Orlando - Soundtrack by Harold Faltermeyer,Adventure,,,,Toontraxx Studios,TopWare Interactive,0.0,steamspy,,True
204920,Jagged Alliance - Back in Action Demo,"Action, RPG, Simulation, Strategy",,,,Coreplay GmbH,THQ Nordic,0.0,steamspy,,True
81351,Jagged Alliance - Back in Action Pre-order Trailer ESRB,"Action, RPG, Simulation, Strategy",,,,,,0.0,steamspy,,True
81352,Jagged Alliance - Back in Action Pre-order Trailer PEGI,"Action, RPG, Simulation, Strategy",,,,,,0.0,steamspy,,True
81381,Jagged Alliance - Back in Action Trailer 4 ESRB,"Action, RPG, Simulation, Strategy",,,,Coreplay GmbH,,0.0,steamspy,,True
81382,Jagged Alliance - Back in Action Trailer 4 PEGI,"Action, RPG, Simulation, Strategy",,,,,,0.0,steamspy,,True
203340,Jagged Alliance - Back in Action: Desert Specialist Kit DLC,"RPG, Simulation, Strategy",,,,Coreplay GmbH,THQ Nordic,0.0,steamspy,,True
203341,Jagged Alliance - Back in Action: Jungle Specialist Kit DLC,"RPG, Simulation, Strategy",,,,Coreplay GmbH,THQ Nordic,0.0,steamspy,,True
203342,Jagged Alliance - Back in Action: Night Specialist Kit DLC,"RPG, Simulation, Strategy",,,,Coreplay GmbH,THQ Nordic,0.0,steamspy,,True
203345,Jagged Alliance - Back in Action: Point Blank DLC,"RPG, Simulation, Strategy",,,,Coreplay GmbH,THQ Nordic,0.0,steamspy,,True
203344,Jagged Alliance - Back in Action: Shades of Red DLC,"RPG, Simulation, Strategy",,,,Coreplay GmbH,THQ Nordic,0.0,steamspy,,True
80968,Jagged Alliance BIA Gameplay Trailer ESRB,"Action, RPG, Simulation, Strategy",,,,Coreplay GmbH,Kalypso Media Digital,0.0,steamspy,,True
81931,Jagged Alliance Crossfire Trailer ESRB,"RPG, Simulation, Strategy",,,,,,0.0,steamspy,,True
203343,Jagged Alliance: Back in Action DLC: Urban Specialist Kit,"RPG, Simulation, Strategy",,,,Coreplay GmbH,THQ Nordic,0.0,steamspy,,True
646780,Jalopy - Soundtrack,"Adventure, Indie, Simulation",,,,Jeremy Warmsley,Excalibur Games,0.0,steamspy,,True
80903,Jamestown Trailer,"Action, Indie, Shooter",,,,,,0.0,steamspy,,True
81459,Janes Advanced Strike Fighters Trailer ESRB,Simulation,,,,,,0.0,steamspy,,True
81460,Janes Advanced Strike Fighters Trailer PEGI,Simulation,,,,,,0.0,steamspy,,True
371070,Janky Tanks Demo,"Action, Racing",,,,Hyper Hippo Games,Hyper Hippo Games,0.0,steamspy,,True
555910,Japanese School Life Demo,"Casual, Indie, Visual Novel",,,,Code:jp,Sekai Project,0.0,steamspy,,True
455451,Jesus Christ RPG Trilogy Soundtrack,RPG,,,,Wholetone Games,,0.0,steamspy,,True
316900,Jet Gunner Demo,"Action, Adventure, Indie",,,,Sinclair Strange,Sinclair Strange,0.0,steamspy,,True
388310,Jet Racing Extreme Demo,"Action, Indie, Racing, Simulation, Sports",,,,Real Dynamics,Real Dynamics,0.0,steamspy,,True
82033,Jet Set Radio PEGI Trailer,"Action, Platformer, Sports",,,,,,0.0,steamspy,,True
542510,Jewel Quest Seven Seas Collector's Edition Demo,Casual,,,,"iWin, Inc.","iWin, Inc.",0.0,steamspy,,True
912270,Jimmy and the Pulsating Mass - Official Soundtrack,"Indie, RPG",,,,Kasey Ozymy,,0.0,steamspy,,True
242110,Joe Danger 2: The Movie,"Action, Casual, Indie, Platformer, Racing",,,,Hello Games,Hello Games,0.0,steamspy,,True
242120,Joe Danger 2: Undead Movie Pack,"Action, Casual, Indie, Racing",,,,Hello Games,,0.0,steamspy,,True
6410,Joint Task Force Demo,"Action, Strategy",,,,Most Wanted Entertainment,HD Publishing,0.0,steamspy,,True
949,Joint Task Force Trailer,"Action, Strategy",,,,Most Wanted Entertainment,HD Publishing,0.0,steamspy,,True
58220,Jolly Rover Demo,"Adventure, Casual, Indie, Puzzle",,,,Brawsome,Brawsome,0.0,steamspy,,True
5731,Jolly Rover Trailer,"Adventure, Casual, Indie, Puzzle",,,,Brawsome,Brawsome,0.0,steamspy,,True
350260,Jones On Fire Soundtrack,"Casual, Indie",,,,Glass Bottom Games,Glass Bottom Games,0.0,steamspy,,True
406470,Jotun: Original Soundtrack,"Action, Adventure, Indie",,,,Max LL,Thunder Lotus Games,0.0,steamspy,,True
809980,Journey of Life Demo,"Action, Adventure, Casual, Indie, RPG, Simulation, Survival",,,,Hyperion Studio LLC,Hyperion Studio LLC,0.0,steamspy,,True
2176510,Jrago The Demon Hunter,"Action, Adventure, Indie, Metroidvania, Platformer, RPG",,,,Jrago Studios,Jrago Studios,0.0,steamspy,,True
684290,Juanito Arcade Mayhem - The Animation,"Action, Adventure, Casual, Indie",,,,Game Ever Studio,,0.0,steamspy,,True
1089940,Judgment: Desert Survival Free DLC,"City Builder, Indie, Simulation, Strategy, Survival",,,,Suncrash,Suncrash,0.0,steamspy,,True
847760,Judgment: Original Soundtrack,"City Builder, Indie, Simulation, Strategy, Survival",,,,Suncrash,Suncrash,0.0,steamspy,,True
1153060,Juicy Army: Prologue,"Action, Adventure, Casual, Indie, Roguelike, Shooter",,,,Taptroise,Taptroise,0.0,steamspy,,True
721910,JumpFist Demo,"Action, Casual, Indie, Platformer",,,,BoomCat Studios,BoomCat Studios,0.0,steamspy,1.0,True
364400,JumpJet Rex - Soundtrack,"Action, Adventure, Indie, Racing",,,,TreeFortress Games,,0.0,steamspy,,True
360250,JumpJet Rex Demo,"Action, Adventure, Indie, Platformer, Racing",,,,TreeFortress Games,TreeFortress Games,0.0,steamspy,,True
1021980,Jumps Demo,"Action, Indie, Platformer, Racing",,,,"Kiwiforge, Timothy Vincent","Kiwiforge, Timothy Vincent",0.0,steamspy,,True
772140,JunkerBot Demo,"Action, Indie",,,,RedNukem,RedNukem,0.0,steamspy,,True
81260,Jurassic Park Behind the Scenes Trailer,"Action, Adventure, Horror, Survival",,,,Telltale Games,,0.0,steamspy,,True
81259,Jurassic Park Trailer,"Action, Adventure, Horror, Survival",,,,,,0.0,steamspy,,True
35102,Just Cause 2 - Black Market Boom Pack DLC,"Action, Adventure",,,,Avalanche Studios,Square Enix,0.0,steamspy,,True
5549,Just Cause 2 An Island In Chaos Trailer,"Action, Adventure, Massively Multiplayer, Shooter",,,,Avalanche,"SQUARE ENIX, Eidos Interactive",0.0,steamspy,,True
35110,Just Cause 2 Demo,"Action, Adventure, Massively Multiplayer, Shooter",,,,Avalanche,"SQUARE ENIX, Eidos Interactive",0.0,steamspy,,True
5627,Just Cause 2 Demo Trailer,"Action, Adventure, Massively Multiplayer, Shooter",,,,Avalanche,"SQUARE ENIX, Eidos Interactive",0.0,steamspy,,True
5622,Just Cause 2 Freedom and Chaos Trailer,"Action, Adventure, Massively Multiplayer, Shooter",,,,Avalanche,"SQUARE ENIX, Eidos Interactive",0.0,steamspy,,True
5492,Just Cause 2 No Ordinary Trailer,"Action, Adventure, Massively Multiplayer, Shooter",,,,Avalanche,"SQUARE ENIX, Eidos Interactive",0.0,steamspy,,True
5283,Just Cause 2 Trailer,"Action, Adventure, Massively Multiplayer, Shooter",,,,Avalanche,"SQUARE ENIX, Eidos Interactive",0.0,steamspy,,True
35101,Just Cause 2: Black Market Aerial Pack DLC,"Action, Adventure",,,,Avalanche Studios,Square Enix,0.0,steamspy,,True
35091,Just Cause 2: Monster Truck DLC,"Action, Adventure",,,,Avalanche Studios,Square Enix,0.0,steamspy,,True
35083,Just Cause 2: Rico's Signature Gun DLC,"Action, Adventure",,,,Avalanche Studios,Square Enix,0.0,steamspy,,True
400490,Just Cause 3 DLC: Mech Land Assault,"Action, Adventure",,,,Avalanche Studios,Square Enix,0.0,steamspy,,True
400551,Just Cause 3 DLC: Sky Fortress Pack,"Action, Adventure, Shooter",,,,Avalanche Studios,Square Enix,0.0,steamspy,,True
868424,Just Cause 4: Expansion Pass,"Action, Adventure",,,,Avalanche Studios,Square Enix,0.0,steamspy,,True
972351,Just Cause 4: Los Demonios,"Action, Adventure",,,,Avalanche Studios,Square Enix,0.0,steamspy,,True
6930,Just Cause Demo,"Action, Adventure, Shooter",,,,Avalanche,"SQUARE ENIX, Eidos Interactive",0.0,steamspy,,True
951,Just Cause Trailer,"Action, Adventure, RPG, Shooter",,,,Avalanche,"SQUARE ENIX, Eidos Interactive",0.0,steamspy,,True
507020,Just Deserts - Original Sound Track,"Casual, Indie, Simulation, Strategy",,,,Vifth Floor,Sekai Project,0.0,steamspy,,True
528290,Just Hero Soundtrack,"Casual, Indie",,,,Anatoliy Loginovskikh,Sometimes You,0.0,steamspy,,True
612330,Just Ignore Them - Game Soundtrack,"Adventure, Indie",,,,Stranga,GrabTheGames,0.0,steamspy,,True
605300,Just Ignore Them Demo,"Adventure, Horror, Indie",,,,Stranga,GrabTheGames,0.0,steamspy,,True
733950,Just One Line Demo,"Adventure, Casual, Indie, RPG",,,,JOL Studios,JOL Studios,0.0,steamspy,,True
479270,Just a Cleric OST,"Action, Indie, RPG",,,,DXF Games,DXF Games,0.0,steamspy,,True
1041420,Justice Demo,"Action, Indie",,,,On Tilt Interactive,On Tilt Interactive,0.0,steamspy,,True
488800,KARAKARA Demo,"Casual, Indie, Visual Novel",,,,calme,Sekai Project,0.0,steamspy,,True
743160,KARAKARA Original Soundtrack,"Casual, Indie",,,,calme,calme,0.0,steamspy,,True
2510670,KEM Alpha 1,"Horror, Indie, Puzzle, Strategy, Survival",,,,MissingGames,MissingGames,0.0,steamspy,,True
1080500,KENGOHAZARD2 Demo,"Action, Adventure, Horror, Indie, Survival",,,,Kanata Noguchi,Kanata Noguchi,0.0,steamspy,,True
514332,KOF Mashup Costume Set,Action,,,,"Team NINJA, KOEI TECMO GAMES CO., LTD.",,0.0,steamspy,,True
975080,KURSK - Premium Wallpapers,"Action, Adventure",,,,Jujubee S.A.,Jujubee S.A.,0.0,steamspy,,True
866320,Kabounce - Original Soundtrack,"Action, Indie, Sports",,,,Stitch Heads Entertainment,Stitch Heads Entertainment,0.0,steamspy,,True
747680,Kaet Must Die! Demo,"Action, Adventure, Horror, Indie, Puzzle, Survival",,,,"Strength in Numbers Studios, Inc","Strength in Numbers Studios, Inc",0.0,steamspy,,True
739970,Kaiju Big Battel: Fighto Fantasy Demo,"Indie, JRPG, RPG",,,,Paul Harrington,Super Walrus Games,0.0,steamspy,,True
571700,Kalaban Demo,"Action, Adventure, Horror, Indie",,,,Rayhouse Productions,Rayhouse Productions,0.0,steamspy,,True
5913,Kane & Lynch 2 - DLC Trailer (DE),"Action, Adventure, Shooter",,,,,,0.0,steamspy,,True
5914,Kane & Lynch 2 - DLC Trailer (ES),"Action, Adventure, Shooter",,,,,,0.0,steamspy,,True
5915,Kane & Lynch 2 - DLC Trailer (ESRB) (EN),"Action, Adventure, Shooter",,,,IO Interactive,"SQUARE ENIX, Eidos Interactive",0.0,steamspy,,True
5918,Kane & Lynch 2 - DLC Trailer (FR),"Action, Adventure, Shooter",,,,IO Interactive,"SQUARE ENIX, Eidos Interactive",0.0,steamspy,,True
5916,Kane & Lynch 2 - DLC Trailer (IT),"Action, Adventure, Shooter",,,,IO Interactive,"SQUARE ENIX, Eidos Interactive",0.0,steamspy,,True
5917,Kane & Lynch 2 - DLC Trailer (PEGI) (EN),"Action, Adventure, Shooter",,,,,,0.0,steamspy,,True
28020,Kane & Lynch 2 Demo,"Action, Adventure, Shooter",,,,IO Interactive,"SQUARE ENIX, Eidos Interactive",0.0,steamspy,,True
5539,Kane & Lynch 2 Trailer,"Action, Adventure, Shooter",,,,IO Interactive,"SQUARE ENIX, Eidos Interactive",0.0,steamspy,,True
976,Kane & Lynch HD Trailer,"Action, Adventure, Shooter",,,,,,0.0,steamspy,,True
975,Kane & Lynch HD Trailer 2,"Action, Adventure, Shooter",,,,Io Interactive,"SQUARE ENIX, Eidos Interactive",0.0,steamspy,,True
988,Kane & Lynch HD Trailer 3,"Action, Adventure, Shooter",,,,Io Interactive,"SQUARE ENIX, Eidos Interactive",0.0,steamspy,,True
65090,Kaptain Brawe: A Brawe New World Demo,"Adventure, Puzzle",,,,Cateia Games,Layernet,0.0,steamspy,,True
394710,Karma. Incarnation 1 Demo,"Adventure, Indie",,,,AuraLab,Other Kind Games,0.0,steamspy,6.0,True
800020,Kebab it Up! - Official Soundtrack,"Action, Adventure, Casual, Indie",,,,Bidoniera Games,,0.0,steamspy,,True
881070,Keep Defending Demo,"Action, Indie, Tower Defense",,,,Faster Time Games Limited,Faster Time Games Limited,0.0,steamspy,,True
515240,Keep Talking and Nobody Explodes - Soundtrack,Indie,,,,Liam Sauvé,,0.0,steamspy,,True
643650,Ken Follett's The Pillars of the Earth - Soundtrack,"Adventure, Casual, Indie",,,,Daedalic Entertainment,Daedalic Entertainment,0.0,steamspy,,True
468550,Kenshi Original Soundtrack,"Indie, RPG, Simulation, Strategy",,,,Kole Audio Solutions,,0.0,steamspy,,True
982970,Kerbal Space Program: Breaking Ground Expansion,"Indie, Simulation",,,,Squad,Private Division,0.0,steamspy,,True
283740,Kerbal Space Program: Making History Expansion,"Indie, Simulation",,,,Squad,Private Division,0.0,steamspy,,True
2269170,Keyboard Warrior: Dreamstate Prologue,"Action, Roguelike, Shooter",,,,Cosmos,Cosmos,0.0,steamspy,,True
485280,Khimera: Destroy all Monster Girls - Doctor's Assistant Costume,"Action, Adventure, Indie",,,,Suits & Sandals,Suits & Sandals,0.0,steamspy,,True
380800,Kholat: Original Soundtrack,"Adventure, Indie",,,,IMGN.PRO,IMGN.PRO,0.0,steamspy,,True
388580,Kick Ass Commandos Demo,"Action, Adventure, Indie, Shooter, Strategy",,,,Anarchy Enterprises,Anarchy Enterprises,0.0,steamspy,,True
890230,Kids Learn Demo,"Casual, Indie",,,,Yash Future Tech Solutions Pvt Ltd,Yash Future Tech Solutions Pvt Ltd,0.0,steamspy,,True
518993,Kikoriki: Black and White Movie,"Action, Adventure, Indie, Massively Multiplayer, RPG, Simulation",,,,,,0.0,steamspy,,True
1059940,Kill 'Em All Demo,"Action, Indie",,,,AppRoarr Studios,AppRoarr Studios,0.0,steamspy,,True
1515980,Kill Demons,"4X, Action, Adventure, Indie, Platformer, Puzzle, RPG, Strategy",,,,黑白牛游戏,黑白牛游戏,0.0,steamspy,,True
306500,Kill The Bad Guy Demo,"Action, Indie, Puzzle, Simulation, Strategy",,,,Exkee,Exkee,0.0,steamspy,91.0,True
720530,Killer Instinct - The Complete Soundtrack,Action,,,,Iron Galaxy Studios,Xbox Game Studios,0.0,steamspy,,True
5243,Killing Floor Launch Trailer,"Action, Adventure, Horror, Shooter, Survival",,,,,,0.0,steamspy,,True
516370,Killing Time at Lightspeed: Enhanced Edition Original Soundtrack,"Adventure, Indie",,,,Gritfish,Green Stripe Snake,0.0,steamspy,,True
620160,Kimmy Demo,"Indie, Visual Novel",,,,Star Maid Games,,0.0,steamspy,5.0,True
24430,King Arthur Demo,"RPG, Strategy",,,,NeoCoreGames,Paradox Interactive,0.0,steamspy,,True
81410,King Arthur II Launch Trailer,"RPG, Strategy",,,,NEOCORE GAMES,,0.0,steamspy,,True
5494,King Arthur Trailer,"RPG, Strategy",,,,NeoCoreGames,NeoCoreGames,0.0,steamspy,,True
80585,King Arthur: Druids Trailer,"RPG, Strategy",,,,NeoCoreGames,Paradox Interactive,0.0,steamspy,,True
80584,King Arthur: Druids Trailer 2,RPG,,,,NeoCoreGames,Paradox Interactive,0.0,steamspy,,True
24440,King Arthur: Knights and Vassals DLC,"RPG, Strategy",,,,NeoCoreGames,Paradox Interactive,0.0,steamspy,,True
24441,King Arthur: Legendary Artifacts DLC,"RPG, Strategy",,,,NeoCoreGames,Paradox Interactive,0.0,steamspy,,True
530190,King Machine Demo,Indie,,,,FastRam Design,FastRam Design,0.0,steamspy,,True
944420,King Of Gods: Angel The Awakening Of A Demon,RPG,,,,OTBS,OTBS,0.0,steamspy,,True
2436150,King Story: Prologue,"Action, Adventure, Casual, Indie, Metroidvania, Platformer",,,,Kinto Games LLC,Kinto Games LLC,0.0,steamspy,,True
967980,King of Queendoms Soundtrack,"Casual, Simulation",,,,King Key Games,King Key Games,0.0,steamspy,,True
1032800,King of Texas Soundtrack and Artbook,"Casual, Simulation, Sports",,,,King Key Games,King Key Games,0.0,steamspy,,True
3190,King's Bounty Armored Princess Demo,"Adventure, RPG, Strategy",,,,Katauri Interactive,"1C Company, 1C-SoftClub",0.0,steamspy,,True
5502,King's Bounty Armored Princess Trailer,"Adventure, RPG, Strategy",,,,Katauri Interactive,"1C Company, 1C-SoftClub",0.0,steamspy,,True
385721,King's Quest: Season Pass,Adventure,,,,The Odd Gentlemen,Sierra,0.0,steamspy,,True
801980,Kingdom Come: Deliverance – Artbook,"Action, Adventure, RPG",,,,Warhorse Studios,"Warhorse Studios, Deep Silver",0.0,steamspy,,True
1052530,Kingdom Come: Deliverance – OST Atmospheres & Additionals,"Action, Adventure, RPG",,,,Warhorse Studios,"Warhorse Studios, Deep Silver",0.0,steamspy,,True
794220,Kingdom Come: Deliverance – OST Essentials,"Action, Adventure, RPG",,,,Warhorse Studios,"Warhorse Studios, Deep Silver",0.0,steamspy,,True
988810,Kingdom Two Crowns: OST,"Adventure, Indie, Simulation, Strategy",,,,Stumpy,Raw Fury,0.0,steamspy,,True
476470,Kingdom Wars 2 - Soundtrack,"Indie, Simulation, Strategy",,,,"Reverie World Studios, INC",,0.0,steamspy,,True
509430,Kingdom: New Lands OST,"Indie, Simulation, Strategy",,,,Noio,Raw Fury,0.0,steamspy,,True
81413,Kingdoms of Amalur: Reckoning Launch Trailer,"Action, Adventure, RPG",,,,,,0.0,steamspy,,True
81366,Kingdoms of Amalur: Reckoning Trailer,"Action, Adventure, RPG",,,,,,0.0,steamspy,,True
382950,Kings of Kung Fu OST,"Action, Indie",,,,Jae Lee Productions,Digital Tribe,0.0,steamspy,,True
503790,Kisaragi no Hougyoku Demo,"Adventure, Casual, Visual Novel",,,,"Waiting for you guys, Infinitemangastudios",Infinitemangastudios,0.0,steamspy,,True
899380,Kitrinos - Artbook and OST arranged for Piano,"Adventure, Indie",,,,"Simon Says: Play!, Yazorius",Simon Says: Play!,0.0,steamspy,,True
869860,Kitsune Kitchen OST,"Casual, Indie, Visual Novel",,,,Technomancy Studios,,0.0,steamspy,,True
529750,Klang Soundtrack,"Action, Indie",,,,Tinimations,Snow Cannon Games,0.0,steamspy,,True
460980,Klepto Demo,"Action, Indie, Simulation",,,,Meerkat Gaming,Meerkat Gaming,0.0,steamspy,,True
427090,Knee Deep Demo,"Adventure, Casual, Indie",,,,Prologue Games,Prologue Games,0.0,steamspy,,True
1069980,Knight Bewitched Demo,"Casual, Indie, RPG",,,,Joshua Keith,Joshua Keith,0.0,steamspy,,True
1159700,Knights of Light: The Prologue,"Action, Adventure, RPG, Strategy",,,,Rumbling Games Studio,Rumbling Games Studio,0.0,steamspy,,True
944570,Knossos Demo,Indie,,,,Knossos Software,Knossos Software,0.0,steamspy,2.0,True
572140,Koi Musubi Demo,"Adventure, Indie, Visual Novel",,,,Narrator,Narrator,0.0,steamspy,,True
466530,Koihime Enbu Original Sound Track,Action,,,,"UNKNOWN GAMES, M2 Co., LTD",KOMODO,0.0,steamspy,,True
929090,Kokorogawari Demo,"Casual, Indie, Simulation, Visual Novel",,,,Precatio,Precatio,0.0,steamspy,,True
1005150,Koliseum Soccer VR Demo,"Indie, Simulation, Sports",,,,Kynoa SA,Kynoa SA,0.0,steamspy,,True
612650,Kona Original Soundtrack,"Adventure, Indie",,,,"CuréLabel, Parabole","Productions Acouphène, EDC Musique inc.",0.0,steamspy,,True
1581740,Kosmo Laika : Guide to Space,"Casual, Puzzle",,,,Animalle Studio,Animalle Studio,0.0,steamspy,1.0,True
289730,Kovac’s Way DLC,"Action, Survival",,,,Eko Software,505 Games,0.0,steamspy,,True
204734,Krater - Character DLC Mayhem MK13 ,"Action, Adventure, Indie, RPG, Strategy",,,,Fatshark,Fatshark,0.0,steamspy,,True
82147,Krater Coop Trailer,"Action, Adventure, Indie, RPG, Strategy",,,,,,0.0,steamspy,,True
81746,Krater Release Trailer,"Action, Adventure, Indie, RPG, Strategy",,,,Fatshark,Fatshark,0.0,steamspy,,True
81548,Krater Trailer,"Action, Adventure, Indie, RPG, Strategy",,,,,,0.0,steamspy,,True
81703,Krater Tribute Trailer,"Action, Adventure, Indie, RPG, Strategy",,,,Fatshark,Fatshark,0.0,steamspy,,True
712800,Krieg Demo,"Action, Indie",,,,"Evan Davis, Bryce Davis, Gehrig Gosselin",Castle Steps,0.0,steamspy,,True
289970,Krita Gemini Demo,Indie,,,,KO GmbH,KO GmbH,0.0,steamspy,,True
717032,Kritika Online: Elite Costume Pack,"Action, Massively Multiplayer, RPG",,,,ALLM,En Masse Entertainment,0.0,steamspy,,True
846400,Kritika Online: Gold Raider Elite Costume Pack,"Action, Massively Multiplayer, RPG",,,,ALLM,En Masse Entertainment,0.0,steamspy,,True
1128030,Kubifaktorium Demo,"City Builder, Indie, Simulation, Strategy, Survival",,,,Mirko Seithe,Mirko Seithe,0.0,steamspy,,True
550050,Kuboom DLC,"Action, Adventure",,,,nobodyshot,nobodyshot,0.0,steamspy,,True
81856,Kung Fu Strike Preview,"Action, Fighting, Indie",,,,,,0.0,steamspy,,True
214710,KungFu Strike Demo,"Action, Fighting, Indie",,,,Qooc Software,Digital Tribes,0.0,steamspy,,True
81855,Kungfu Strike Trailer,"Action, Fighting, Indie",,,,,,0.0,steamspy,,True
2219820,Kunoichi Demon Slayers,"Indie, JRPG, RPG",,,,Mikanbatake,Kagura Games,0.0,steamspy,,True
1099120,KurtzPel - Silver Wing Knights Costume Suit,Action,,,,KOG,,0.0,steamspy,,True
474260,Kyoto Colorful Days BGM-OST,Adventure,,,,InterOne Inc.,,0.0,steamspy,,True
81292,L.A. Noire Trailer,"Action, Adventure, Puzzle, RPG, Shooter, Strategy",,,,,,0.0,steamspy,,True
1581220,L.S.D.: Prologue to Lasting Spiritual Derangement,"Action, Adventure, Horror, Shooter",,,,Fabiulous Games,Fabiulous Games,0.0,steamspy,,True
318490,LA Cops Soundtrack,"Action, Adventure, Indie",,,,Modern Dream,Team17 Digital Ltd,0.0,steamspy,,True
916280,LA-MULANA 2 Original Sound Track,"Action, Adventure, Indie",,,,NIGORO,PLAYISM,0.0,steamspy,,True
485720,LASTFIGHT - Soundtrack,"Action, Indie",,,,Piranaking,,0.0,steamspy,,True
327175,LEGO Batman 3: Beyond Gotham DLC: Arrow,"Action, Adventure",,,,TT Games,,0.0,steamspy,,True
327171,LEGO Batman 3: Beyond Gotham DLC: Batman 75th Anniversary,"Action, Adventure",,,,TT Games,,0.0,steamspy,,True
327173,LEGO Batman 3: Beyond Gotham DLC: Batman of the Future Character Pack,"Action, Adventure",,,,TT Games,,0.0,steamspy,,True
327172,LEGO Batman 3: Beyond Gotham DLC: Dark Knight,"Action, Adventure",,,,TT Games,,0.0,steamspy,,True
335800,LEGO Batman 3: Beyond Gotham DLC: Heroines and Villainesses Character Pack,"Action, Adventure",,,,TT Games Ltd,,0.0,steamspy,,True
327170,LEGO Batman 3: Beyond Gotham DLC: Man of Steel,"Action, Adventure",,,,TT Games,,0.0,steamspy,,True
870276,LEGO DC Super-Villains DC Movies Character Pack,Action,,,,"TT Games, Feral Interactive (Mac)",Feral Interactive (Mac),0.0,steamspy,,True
870270,LEGO DC Super-Villains Season Pass,Action,,,,"TT Games, Feral Interactive (Mac)",Feral Interactive (Mac),0.0,steamspy,,True
949221,LEGO DC Super-Villains Shazam! Movie Level Pack 1 & 2,"Action, Adventure",,,,"TT Games, Feral Interactive (Mac)","Warner Bros. Interactive Entertainment, Feral Interactive (Mac)",0.0,steamspy,,True
5564,LEGO Indiana Jones 2 Trailer,"Action, Adventure",,,,Traveller's Tales,LucasArts,0.0,steamspy,,True
449391,"LEGO MARVEL's Avengers DLC - All-New, All-Different Doctor Strange Pack","Action, Adventure",,,,"Traveller's Tales, TT Games, Feral Interactive (Mac)","Feral Interactive (Mac), Warner Bros. Interactive Entertainment",0.0,steamspy,,True
449390,LEGO MARVEL's Avengers DLC - Classic Black Panther Pack,"Action, Adventure",,,,"Traveller's Tales, TT Games, Feral Interactive (Mac)","Feral Interactive (Mac), Warner Bros. Interactive Entertainment",0.0,steamspy,,True
439501,LEGO MARVEL's Avengers DLC - Classic Captain Marvel Pack,"Action, Adventure",,,,"Traveller's Tales, TT Games, Feral Interactive (Mac)","Feral Interactive (Mac), Warner Bros. Interactive Entertainment",0.0,steamspy,,True
449392,LEGO MARVEL's Avengers DLC - Marvel’s Agents of S.H.I.E.L.D. Pack,"Action, Adventure",,,,"Traveller's Tales, TT Games, Feral Interactive (Mac)","Feral Interactive (Mac), Warner Bros. Interactive Entertainment",0.0,steamspy,,True
449393,LEGO MARVEL's Avengers DLC - Marvel’s Ant-Man Pack,"Action, Adventure",,,,"Traveller's Tales, TT Games",Warner Bros. Interactive Entertainment,0.0,steamspy,,True
446520,LEGO MARVEL's Avengers DLC - Marvel’s Captain America: Civil War Character Pack,"Action, Adventure",,,,"Traveller's Tales, TT Games",Warner Bros. Interactive Entertainment,0.0,steamspy,,True
449394,LEGO MARVEL's Avengers DLC - Spider-Man Character Pack,"Action, Adventure",,,,"Traveller's Tales, TT Games",Warner Bros. Interactive Entertainment,0.0,steamspy,,True
439500,LEGO MARVEL's Avengers DLC - The Masters of Evil Pack,"Action, Adventure",,,,"Traveller's Tales, TT Games, Feral Interactive (Mac)",Feral Interactive (Mac),0.0,steamspy,,True
426860,LEGO MARVEL's Avengers Season Pass,Action,,,,"Traveller's Tales, TT Games, Feral Interactive (Mac)","Warner Bros. Interactive Entertainment, Feral Interactive (Mac)",0.0,steamspy,,True
720780,LEGO Marvel Super Heroes 2 - Marvel's Avengers: Infinity War Movie Level Pack,Action,,,,"TT Games, Feral Interactive (Mac)",Feral Interactive (Mac),0.0,steamspy,,True
720750,LEGO Marvel Super Heroes 2 - Marvel's Black Panther Movie Character and Level Pack,Action,,,,"TT Games, Feral Interactive (Mac)",Feral Interactive (Mac),0.0,steamspy,,True
720680,LEGO Marvel Super Heroes 2 - Season Pass,Action,,,,"TT Games, Feral Interactive (Mac)",Feral Interactive (Mac),0.0,steamspy,,True
256321,LEGO Marvel Super Heroes DLC: Asgard Pack,"Action, Adventure",,,,Traveller's Tales,Warner Bros. Interactive Entertainment,0.0,steamspy,,True
256320,LEGO Marvel Super Heroes DLC: Super Pack,"Action, Adventure",,,,Traveller's Tales,Warner Bros. Interactive Entertainment,0.0,steamspy,,True
80705,LEGO Star Wars III: The Clone Wars Trailer,"Action, Adventure, Puzzle, Strategy",,,,,,0.0,steamspy,,True
439241,LEGO Star Wars: The Force Awakens - Season Pass,"Action, Adventure",,,,"Traveller's Tales, TT Games, Feral Interactive (Mac)","Warner Bros. Interactive Entertainment, Feral Interactive (Mac)",0.0,steamspy,,True
334860,LEVEL UP! Demo,"Action, Indie",,,,Ranmantaru Games,Ranmantaru Games,0.0,steamspy,,True
80896,LIMBO Trailer,"Action, Adventure, Casual, Horror, Indie, Platformer, Puzzle",,,,Playdead,Playdead,0.0,steamspy,,True
735690,LINX BATTLE ARENA Demo,"Action, Casual, Indie, Survival",,,,Blueshift Media,Blueshift Media,0.0,steamspy,2.0,True
336370,LISA: Original Soundtrack + Art Collection,"Adventure, Indie, RPG",,,,Widdly 2 Diddly,"Dingaling Productions, LLC",0.0,steamspy,,True
250810,LOST PLANET 3 - Hi Res Movies,Action,,,,Spark Unlimited,,0.0,steamspy,,True
730940,LOST SPHEAR Demo,RPG,,,,Tokyo RPG Factory,Square Enix,0.0,steamspy,,True
979280,LOVE 2: kuso - Soundtrack Vol 2,"Action, Indie",,,,Fred Wood,,0.0,steamspy,,True
408590,LOVE Soundtrack,"Action, Indie",,,,"Fred Wood, James Bennett",,0.0,steamspy,,True
1058700,LOVE³ -Love Cube- Demo,"Adventure, Casual, Indie, Visual Novel",,,,NEKO WORK H,NEKO WORKs,0.0,steamspy,,True
729690,LSD: Wanderlust (Lo-fi Edition) - Soundtrack,"Action, Adventure, Casual, Indie, RPG, Strategy",,,,Eternity Studios,,0.0,steamspy,,True
32117,LUXOR: Mah Jong Demo,"Casual, Puzzle",,,,MumboJumbo,MumboJumbo,0.0,steamspy,,True
823460,La Aventura De Axel Demo,"Adventure, Indie",,,,Tordrix Games,Tordrix,0.0,steamspy,,True
396690,La-Mulana Original Sound Track,"Action, Adventure, Indie",,,,NIGORO,PLAYISM,0.0,steamspy,,True
2382090,LaborSurviveManual,"Casual, Indie, Shooter, Strategy, Survival",,,,HUANG XIANPEI,HUANG XIANPEI,0.0,steamspy,,True
372140,Labyrinthine Dreams - Soundtrack,"Adventure, Casual, Indie",,,,Solest Games,KOMODO,0.0,steamspy,,True
359496,Lady & Trish Costumes,Action,,,,"CAPCOM Co., Ltd.","CAPCOM Co., Ltd.",0.0,steamspy,,True
576920,Ladykiller in a Bind — Original Soundtrack,Indie,,,,Love Conquers All Games,Love Conquers All Games,0.0,steamspy,,True
735390,Laika 2.0 Demo,"Action, Adventure, Indie",,,,Studio Albatros,Drink7 Studios,0.0,steamspy,,True
785630,Lake of Voices Demo,"Casual, Horror, Indie, Visual Novel",,,,GB Patch Games,GB Patch Games,0.0,steamspy,,True
3286810,Lana Longbeard And The Golden Stacks - Prologue,"Action, Adventure, Platformer",,,,Copernicus Games,Copernicus Games,0.0,steamspy,,True
2452850,Land Above Sea Below Prologue,"Adventure, Card & Board, Casual, City Builder, Indie, Puzzle, Simulation, Strategy",,,,Glasscannon Studio,Skystone Games,0.0,steamspy,,True
873400,Landlord Simulator Demo,"Casual, Indie, Simulation, Strategy",,,,MasterCalamity Games,MasterCalamity Games,0.0,steamspy,,True
547580,Lantern Demo,"Adventure, Indie",,,,Storm in a Teacup,1C Company,0.0,steamspy,,True
1059870,Lanternium Demo,"Adventure, Casual, Indie, Puzzle",,,,Blazing Planet Studio,Blazing Planet Studio,0.0,steamspy,,True
5861,Lara Croft Guardian of Light Trailer 2 (ESRB),"Action, Adventure, Platformer, Puzzle, Shooter",,,,,,0.0,steamspy,,True
5840,Lara Croft Guardian of Light Trailer 2 (PEGI),"Action, Adventure, Platformer, Puzzle, Shooter",,,,,,0.0,steamspy,,True
35150,Lara Croft and the Guardian of Light Demo,"Action, Adventure, Platformer, Puzzle, Shooter",,,,Crystal Dynamics,"SQUARE ENIX, Eidos Interactive",0.0,steamspy,11.0,True
5718,Lara Croft: Guardian of Light Trailer,"Action, Adventure, Platformer, Puzzle, Shooter",,,,Crystal Dynamics Inc.,"SQUARE ENIX, Eidos Interactive",0.0,steamspy,,True
580160,Laraan SoundTrack,"Action, Adventure, Indie",,,,Flynn's Arcade,Flynn's Arcade,0.0,steamspy,,True
11350,Larva Mortus Demo,"Action, Adventure, Casual, Horror, Indie, RPG, Shooter",,,,Rake In Grass,Meridian4,0.0,steamspy,4.0,True
850750,Laser Maze (Demo) Demo,"Indie, Puzzle",,,,-Yodasaurus- Games,-Yodasaurus- Games,0.0,steamspy,,True
3029810,Last Command: Prologue,"Action, Adventure, Indie, RPG",,,,"CreSpirit, No Stuck Game Studio","CreSpirit, No Stuck Game Studio",0.0,steamspy,2.0,True
556810,Last Days of Spring 2 Soundtrack and Directors Commentary,"Casual, Indie",,,,Sapphire Dragon Productions,Sapphire Dragon Productions,0.0,steamspy,,True
408450,Last Days of Spring Soundtrack,Simulation,,,,Sapphire Dragon Productions,Sapphire Dragon Productions,0.0,steamspy,,True
401500,Last Dream Original Soundtrack,"Indie, RPG",,,,White Giant RPG Studios,,0.0,steamspy,,True
449190,Last Dream: World Unknown Demo,"Indie, JRPG, Puzzle, RPG",,,,"White Giant RPG Studios, LLC","White Giant RPG Studios, LLC",0.0,steamspy,,True
355360,Last Dream: World Unknown Original Soundtrack,"Indie, RPG",,,,"White Giant RPG Studios, LLC","White Giant RPG Studios, LLC",0.0,steamspy,,True
424950,Last Horizon OST & Supporter Pack,"Action, Indie",,,,Pixeljam,Pixeljam,0.0,steamspy,,True
2068460,Last Of Ark: Prologue,"Card & Board, Indie, Strategy",,,,big flag studio,big flag studio,0.0,steamspy,,True
1425580,Last Soul - Prologue,"Action, Indie, Platformer, Shooter",,,,Wulum Creative Technology Ltd.,Wulum Creative Technology Ltd.,0.0,steamspy,,True
890460,Last Stanza Demo,"Casual, Indie, Visual Novel",,,,Innocenceイノセンス,Sekai Project,0.0,steamspy,,True
368820,Last Word - OST,"Adventure, Casual, Indie, RPG",,,,Twelve Tiles,KOMODO,0.0,steamspy,,True
661980,Law Mower Demo,"Action, Adventure, Indie",,,,Scoria Studios,Scoria Studios,0.0,steamspy,,True
620150,LawBreakers - Deadzo Deluxe DLC,Action,,,,Boss Key Productions,Nexon America Inc.,0.0,steamspy,,True
550210,Layers of Fear - Soundtrack (2016),"Adventure, Horror, Indie",,,,Bloober Team SA,Aspyr,0.0,steamspy,,True
1807260,Lazriel: The Demon's Fall,"Card & Board, RPG, Strategy",,,,Otakesan,Otakesan,0.0,steamspy,,True
894550,Lazy Galaxy: Rebel Story Demo,"Action, Indie, Shooter",,,,Coldwild Games,Coldwild Games,0.0,steamspy,,True
5650,Lead and Gold Launch Trailer,"Action, Shooter",,,,Fatshark,Paradox Interactive,0.0,steamspy,,True
5651,Lead and Gold Trapper Trailer,"Action, Shooter",,,,Fatshark,Paradox Interactive,0.0,steamspy,,True
536550,League of Evil Demo,"Action, Indie, Platformer",,,,"Ratalaika Games S.L., Woblyware Oy",Ratalaika Games S.L.,0.0,steamspy,,True
893980,Learn Japanese To Survive! Kanji Combat - Study Guide,"Adventure, Indie, RPG, Strategy",,,,Sleepy Duck,RIVER CROW STUDIO,0.0,steamspy,,True
587660,Leaving Lyndow Original Soundtrack,"Adventure, Indie",,,,Eastshade Studios LLC,Eastshade Studios LLC,0.0,steamspy,,True
904730,Leder Panzer Demo,"Action, Indie",,,,Mind-altering games,Mind-altering games,0.0,steamspy,,True
5952,Left 4 Dead - The Sacrifice Trailer,"Action, Adventure, Horror, Shooter, Survival",,,,,,0.0,steamspy,,True
417420,LeftWay Demo,"Adventure, Indie",,,,Tongsun,Tongsun,0.0,steamspy,,True
538690,Legacy of the Elder Star Soundtrack,"Action, Indie",,,,Kickbomb Entertainment LLC,,0.0,steamspy,,True
619586,Legal Action Pending DLC - Day One Edition,Action,,,,Deep Silver Volition,Deep Silver,0.0,steamspy,,True
629020,Legal Action Pending DLC - Digital Edition,Action,,,,Deep Silver Volition,Deep Silver,0.0,steamspy,,True
629021,Legal Action Pending DLC - Retail Edition,Action,,,,Deep Silver Volition,Deep Silver,0.0,steamspy,,True
888430,Legend Of Mercy Original Soundtrack 神医魔导典藏版原声音乐大碟,"Adventure, Indie, RPG",,,,SPG Mistarille,SPG Mistarille,0.0,steamspy,,True
1041410,Legend of Cina Demo,"Casual, Indie, RPG, Strategy",,,,Yunkai,Yunkai,0.0,steamspy,,True
80948,Legend of Fae Trailer,"Casual, Indie, Puzzle, RPG",,,,,,0.0,steamspy,,True
81519,Legend of Grimrock Launch Trailer,"Action, Adventure, Indie, Puzzle, RPG",,,,,,0.0,steamspy,,True
958340,Legend of Homebody Demo,"Casual, Indie, Simulation",,,,疯王子,疯王子中二集团总部,0.0,steamspy,,True
1151080,Legend of Keepers: Prologue,"Indie, RPG",,,,Goblinz Studio,Goblinz Publishing,0.0,steamspy,,True
649070,Legendary Hunter VR Demo,"Action, Adventure, Casual, Indie, Shooter, Simulation, Sports",,,,LastnOni,Frozen Dreams,0.0,steamspy,,True
417160,Legends of Eisenwald Season Pass,"Adventure, Indie, RPG, Strategy",,,,Aterdux Entertainment,Aterdux Entertainment,0.0,steamspy,,True
941420,Legion Tale Demo,"Adventure, Indie, RPG, Strategy",,,,Maulidan Games,Maulidan Games,0.0,steamspy,,True
702590,Legions of Tyrandel Demo,"Indie, Strategy",,,,Sleepy Spider Studios,Sleepy Spider Studios,0.0,steamspy,,True
793910,Legrand Legacy (Original Soundtrack),"Action, Adventure, Indie, RPG",,,,SEMISOFT,Another Indie,0.0,steamspy,,True
557540,Legrand Legacy Demo,"Action, Adventure, Indie, JRPG, RPG",,,,SEMISOFT,SEMISOFT,0.0,steamspy,,True
372580,Lemma Demo,"Action, Adventure, Indie",,,,Evan Todd,Evan Todd,0.0,steamspy,,True
870300,Lems Demo,"Indie, Platformer",,,,Universe Worth Experiencing,Universe Worth Experiencing,0.0,steamspy,,True
680430,Lemuria: Lost in Space - VR Edition Demo,"Action, Adventure, Indie, RPG",,,,EJRGames,EJRGames,0.0,steamspy,,True
573630,Lemuria: Lost in Space Demo,"Adventure, Indie, RPG",,,,EJRGames,EJRGames,0.0,steamspy,,True
696610,Lethal Laser Demo,"Indie, Strategy, Tower Defense",,,,DigiFeather,DigiFeather,0.0,steamspy,,True
991870,Lethal League Blaze - Soundtrack,"Action, Indie, Sports",,,,Team Reptile,,0.0,steamspy,,True
951170,Lethal Running: Prologue,"Action, Indie, RPG, Survival",,,,voodoosoft,voodoosoft,0.0,steamspy,,True
337310,Letter Quest: Grimm's Journey Demo,"Casual, Indie",,,,Bacon Bandit Games,Digerati Distribution,0.0,steamspy,,True
519100,Leviathan: The Cargo Demo,"Action, Adventure, Indie, Visual Novel",,,,Lostwood,Lostwood,0.0,steamspy,,True
452470,Leviathan: The Last Day of the Decade - Soundtrack,"Adventure, Indie",,,,Lostwood,,0.0,steamspy,,True
500970,Leviathan: the Cargo Soundtrack,"Action, Adventure, Indie",,,,Lostwood,Lostwood,0.0,steamspy,,True
529430,Lichtspeer Soundtrack,"Action, Adventure, Indie",,,,Lichthund,Lichthund,0.0,steamspy,,True
379250,Lif Demo,"Massively Multiplayer, Simulation",,,,Imigea Ltd,gamevial,0.0,steamspy,,True
369410,Life Of Pixel - Soundtrack,Indie,,,,Reset Games Ltd,Reset Games Ltd,0.0,steamspy,,True
474860,Life is Hard Demo,"Adventure, Indie, Simulation, Strategy",,,,"Pirozhok Studio, Vitaliy Ruzankin",Pirozhok,0.0,steamspy,,True
417230,Life is Hard OST,"Adventure, Indie, Simulation, Strategy",,,,"Pirozhok Studio, Vitaliy Ruzankin",Pirozhok,0.0,steamspy,,True
652960,Life is Strange: Before the Storm DLC - Deluxe Upgrade,"Action, Adventure",,,,"Deck Nine, Feral Interactive (Mac), Feral Interactive (Linux)","Square Enix, Feral Interactive (Mac), Feral Interactive (Linux)",0.0,steamspy,,True
596900,Life of a Mobster Demo,"Adventure, Indie, RPG",,,,Hosted Games,Hosted Games,0.0,steamspy,,True
596920,Life of a Wizard Demo,"Adventure, Indie, RPG",,,,Hosted Games,Hosted Games,0.0,steamspy,,True
701750,Life on Mars Remake Demo,"Action, Adventure, Indie, Metroidvania, RPG",,,,Oscar Kenneth Albero Ingles,Oscar Kenneth Albero Ingles,0.0,steamspy,3.0,True
622900,Light It Demo,"Action, Indie",,,,Questro,Questro,0.0,steamspy,,True
34510,Light of Altair Demo,"Indie, Simulation, Strategy",,,,SaintXi,SaintXi,0.0,steamspy,,True
727160,LightTrack Demo,"Casual, Indie, Puzzle",,,,APGal,APGal,0.0,steamspy,,True
992710,Lighter Demo,"Adventure, Casual, Indie, RPG, Simulation, Visual Novel",,,,Yuki游戏制作组,二次元手账,0.0,steamspy,,True
200650,Lightfish Demo,"Action, Casual, Indie, Puzzle",,,,Eclipse Games,,0.0,steamspy,,True
81217,Lightfish Trailer,"Action, Casual, Indie, Puzzle",,,,Eclipse Games,,0.0,steamspy,,True
612830,Like Clay Demo,"Adventure, Horror, Indie",,,,free08games,free08games,0.0,steamspy,,True
874470,Lil Big Invasion Demo,"Action, Adventure, Indie, Puzzle",,,,Andreas Britten,Andreas Britten,0.0,steamspy,,True
668160,Lil Tanks Demo,"Action, Casual, Indie, Shooter",,,,Lead Money Games,Lead Money Games,0.0,steamspy,,True
246440,Lilly Looking Through Demo,"Adventure, Indie",,,,Geeta Games,Geeta Games,0.0,steamspy,19.0,True
630340,Lily of the Valley - Original Soundtrack,"Casual, Indie",,,,ebi-hime,ebi-hime,0.0,steamspy,,True
1267770,Linda & Joan Prologue: “Four Months Earlier”,"Adventure, Visual Novel",,,,False Vacuum Games,False Vacuum Games,0.0,steamspy,,True
282250,Line of Defense Tactics Demo,"Action, Indie, RPG, Strategy",,,,3000AD,3000AD,0.0,steamspy,,True
587910,Linelight OST,"Action, Adventure, Casual, Indie",,,,My Dog Zorro,,0.0,steamspy,,True
898190,Lingering Fragrance - Original Soundtrack,"Adventure, Casual, Indie",,,,BLESTWORKS,BLESTWORKS,0.0,steamspy,,True
1015960,Lisa's Memory Soundtrack,"Adventure, Indie, RPG",,,,AliveGameStudio,,0.0,steamspy,,True
895240,Little Busters! - Original Soundtrack,"Adventure, Casual, Simulation",,,,VisualArts/Key,VisualArts,0.0,steamspy,,True
15962,Little Farm Demo,"Casual, Puzzle",,,,MumboJumbo,MumboJumbo,0.0,steamspy,,True
716510,Little Kite - Original Soundtrack,"Adventure, Indie",,,,"Anate Studio, Abstracode",Anate Studio,0.0,steamspy,,True
972090,Little Memories Demo,"Casual, Indie, Puzzle",,,,gosuworks,gosuworks,0.0,steamspy,,True
640920,Little Nightmares - Secrets of The Maw Expansion Pass,"Adventure, Horror",,,,Tarsier Studios,BANDAI NAMCO Entertainment,0.0,steamspy,,True
601710,Little Nightmares – Original Soundtrack,Adventure,,,,Tarsier Studios,BANDAI NAMCO Entertainment,0.0,steamspy,,True
996670,Little Square Things Demo,"Indie, Strategy",,,,gbelo Games,gbelo Games,0.0,steamspy,1.0,True
460440,Little Walker - Soundtrack,"Action, Adventure, Casual, Indie",,,,Blake Fix,Blake Fix,0.0,steamspy,,True
516490,Little Walker Demo,"Action, Adventure, Casual, Indie, Platformer",,,,Blake Fix,Blake Fix,0.0,steamspy,,True
518370,Livelock: Original Soundtrack,"Action, Adventure, Indie",,,,Tuque Games,Perfect World Entertainment,0.0,steamspy,,True
873100,Lizard Demo,"Action, Adventure, Indie",,,,Brad Smith,Brad Smith,0.0,steamspy,,True
304133,Loadout: Sunburned Skin,"Action, Indie",,,,Edge of Reality,,0.0,steamspy,,True
896000,LobotomyCorporation_ArtBook,"Indie, Simulation",,,,Project Moon,,0.0,steamspy,,True
646490,Lock's Quest Soundtrack,"Indie, RPG, Strategy",,,,Digital Continue,HandyGames,0.0,steamspy,,True
372180,Locoland Demo,Strategy,,,,Gromada,Buka Entertainment,0.0,steamspy,,True
522600,Locomancer Demo,"Casual, Indie, Shooter, Simulation",,,,Eric Lipschutz,Eric Lipschutz,0.0,steamspy,,True
351930,Locust - Expansion Pack,Strategy,,,,Fantasy Flight Games,Fantasy Flight Games,0.0,steamspy,,True
327900,LogicBots Demo,"Indie, Puzzle, Simulation",,,,Incandescent Games,Incandescent Games,0.0,steamspy,,True
7280,Loki Demo - Egyptian Sorcerer,"Action, RPG",,,,Cyanide Studios,Focus Home Interactive,0.0,steamspy,3.0,True
11000,Loki Demo - Norse Warrior,"Action, RPG",,,,Cyanide Studios,Focus Home Interactive,0.0,steamspy,,True
991,Loki HD Trailer,"Action, RPG",,,,Cyanide Studios,Focus Home Interactive,0.0,steamspy,,True
81585,Lone Survivor - Launch Trailer,"Action, Adventure, Horror, Indie, RPG, Simulation, Survival",,,,Jasper Byrne,,0.0,steamspy,,True
433780,Lone Survivor - Original Soundtrack,"Action, Adventure, Indie, RPG, Simulation",,,,Jasper Byrne,,0.0,steamspy,,True
802440,Lonely Yuri Demo,"Casual, Indie, Visual Novel",,,,Night-time Sheep,DLsite,0.0,steamspy,,True
666830,Longsword Tabletop Tactics Demo,"Card & Board, Indie, Strategy",,,,Zero Sum Games,Zero Sum Games,0.0,steamspy,15.0,True
787770,Loot Box Simulator 20!8 - OST,"Casual, Indie, Simulation",,,,"Nikita ""Ghost_RUS""",Ghost_RUS Games,0.0,steamspy,,True
385670,Loot Hero DX - Original Soundtrack,"Action, Adventure, Casual, Indie, RPG",,,,VaragtP,VaragtP,0.0,steamspy,,True
2070580,Lord Ambermaze: Prologue,"Action, RPG, Strategy",,,,Potata Company,HeroCraft PC,0.0,steamspy,,True
1037600,Lord Democrat Strikes Out!,"Action, Adventure, RPG, Sports",,,,Kevin Lund,K. Lund,0.0,steamspy,,True
1995030,Lord of Darkness: Prologue,"Adventure, Indie, JRPG, RPG",,,,Pixel Lion Studios,Pixel Lion Studios,0.0,steamspy,,True
358110,Lord of the Dark Castle Demo,"Action, Adventure, Casual, RPG, Strategy",,,,Craze Creative Studios,Craze Creative Studios,0.0,steamspy,,True
81235,Lord of the Rings: War in the North Trailer,"Action, Adventure, RPG, Strategy",,,,Warner Bros. Interactive Entertainment,,0.0,steamspy,,True
1084500,Lords of Kingdoms Demo,"Indie, Massively Multiplayer, RPG, Strategy",,,,ThankGame.com,ThankGame.com,0.0,steamspy,,True
328820,Lords of the Fallen Artbook,"Action, RPG",,,,"CI Games, Deck 13",CI Games,0.0,steamspy,,True
327270,Lords of the Fallen Soundtrack,"Action, RPG",,,,"CI Games, Deck 13",CI Games,0.0,steamspy,,True
270700,Loren The Amazon Princess - The Castle Of N'Mar DLC,"Indie, RPG, Visual Novel",,,,Winter Wolves,Winter Wolves,0.0,steamspy,,True
987650,Loria Demo,"Action, Indie, RPG, Strategy",,,,Loria,Loria,0.0,steamspy,,True
522620,Lost Castle: Official Soundtrack,"Action, Adventure, Indie, RPG",,,,Hunter Studio,"Another Indie, X.D.Network  Inc.",0.0,steamspy,,True
1278370,Lost Circus VR - The Prologue,"Action, Adventure, Horror, Indie",,,,VIRTUAL MAGIC,VIRTUAL MAGIC,0.0,steamspy,,True
630250,Lost Cities Demo,"Card & Board, Casual, Indie, Strategy",,,,BlueLine Game Studios,BlueLine Game Studios,0.0,steamspy,,True
650230,Lost Dimension: All Costumes Bundle,"RPG, Strategy",,,,FURYU Coporation,Ghostlight LTD,0.0,steamspy,,True
3073740,Lost Hope: Prologue,"Action, Adventure, Horror, Indie",,,,Станислав Клепицкий,AU Studio,0.0,steamspy,,True
40360,Lost Horizon Demo,"Adventure, Puzzle",,,,Animation Arts,Deep Silver,0.0,steamspy,,True
5946,Lost Horizon Trailer,Adventure,,,,Animation Arts,Deep Silver,0.0,steamspy,,True
799980,Lost In 80s II Demo,Adventure,,,,Second Sky Entertainment,Second Sky Entertainment,0.0,steamspy,1.0,True
544700,Lost Lands: Dark Overlord Demo,"Adventure, Casual, Puzzle",,,,FIVE-BN GAMES,FIVE-BN GAMES,0.0,steamspy,,True
875330,Lost Lands: Ice Spell Demo,"Adventure, Casual",,,,FIVE-BN GAMES,FIVE-BN GAMES,0.0,steamspy,6.0,True
988350,Lost Lands: Mistakes of the Past Demo,"Adventure, Casual",,,,FIVE-BN GAMES,FIVE-BN GAMES,0.0,steamspy,,True
454920,Lost Lands: The Golden Curse Demo,"Adventure, Casual, Puzzle",,,,FIVE-BN GAMES,FIVE-BN GAMES,0.0,steamspy,,True
626670,Lost Lands: The Wanderer Demo,"Adventure, Casual",,,,FIVE-BN GAMES,FIVE-BN GAMES,0.0,steamspy,,True
5933,Lost Planet 2 Gameplay Trailer,"Action, Adventure, Shooter",,,,,,0.0,steamspy,,True
6580,Lost Planet Demo,"Action, Adventure, Shooter",,,,"CAPCOM Co., Ltd.",Capcom,0.0,steamspy,,True
974,Lost Planet Trailer,"Action, Adventure, Shooter",,,,,,0.0,steamspy,,True
620510,Lost in Secular Love Demo,"Adventure, Casual, Indie, Simulation, Visual Novel",,,,YETU GAME,YETU GAME,0.0,steamspy,,True
977000,Lost in Vivo - Original Soundtrack,Indie,,,,KIRA,,0.0,steamspy,,True
1709210,Love Duction! The Guide for Galactic Lovers,"Adventure, Casual, Visual Novel",,,,US8,Sekai Project,0.0,steamspy,,True
961320,Love at Elevation Demo,"Adventure, Indie, RPG",,,,Choice of Games,Choice of Games,0.0,steamspy,,True
487010,Love in the Glen Soundtrack,"Casual, Indie, Simulation",,,,Sapphire Dragon Productions,Sapphire Dragon Productions,0.0,steamspy,,True
569670,LoveKami -Divinity Stage- Demo,"Adventure, Casual, Simulation, Visual Novel",,,,MoeNovel,MoeNovel,0.0,steamspy,,True
579510,LoveKami -Divinity Stage- Original Soundtrack,"Adventure, Casual, Simulation",,,,MoeNovel,MoeNovel,0.0,steamspy,,True
683090,LoveKami -Useless Goddess- Original Soundtrack,"Adventure, Casual, Simulation",,,,MoeNovel,MoeNovel,0.0,steamspy,,True
362050,Lovely Planet Demo,"Action, Indie",,,,QUICKTEQUILA,tinyBuild,0.0,steamspy,5.0,True
317890,Lovely Planet OST,"Action, Indie",,,,"QUICKTEQUILA, Calum Bowen",tinyBuild,0.0,steamspy,,True
962190,Lucid Dream Demo,"Adventure, Casual, Horror, Indie, Puzzle",,,,Dali Games,Dali Games,0.0,steamspy,,True
578000,Lucid9 - Soundtrack,"Casual, Simulation",,,,Fallen Snow Studios,Sekai Project,0.0,steamspy,,True
80944,Lucid_trailer,"Casual, Indie, Puzzle",,,,YeaBoing,YeaBoing,0.0,steamspy,,True
538460,Lucius Demake - Soundtrack,"Action, Adventure, Casual, Indie",,,,Shiver Games,,0.0,steamspy,,True
821030,Lucius II - Soundtrack,"Action, Adventure, Indie, Simulation",,,,Shiver Games,,0.0,steamspy,,True
985190,Lucius III Soundtrack,"Adventure, Indie",,,,"Shiver Games, Aikio",Shiver Games,0.0,steamspy,,True
388950,Luckslinger Demo,"Action, Indie, Platformer",,,,Duckbridge,Duckbridge,0.0,steamspy,8.0,True
386500,Luckslinger Soundtrack,"Action, Adventure, Indie",,,,Duckbridge,,0.0,steamspy,,True
642240,Lucy -The Eternity She Wished For- Ending Theme OST,"Adventure, Casual, Indie, Simulation, Visual Novel",,,,"Modern Visual Arts Laboratory, SEO INSEOK",Modern Visual Arts Laboratory,0.0,steamspy,,True
885300,Lucy Got Problems Demo,"Adventure, Casual, Horror, Indie, Visual Novel",,,,Flat Chest Dev,Flat Chest Dev,0.0,steamspy,,True
80839,Lume Trailer,"Adventure, Casual, Indie, Puzzle",,,,State of Play Games,State of Play Games,0.0,steamspy,,True
351680,Lumino City - Soundtrack,"Adventure, Indie",,,,State of Play,State of Play,0.0,steamspy,,True
403890,Luna Sky - Soundtrack,"Action, Adventure",,,,Vovoid Media Technologies AB,KISS ltd,0.0,steamspy,,True
81491,Lunar Flight Trailer,"Indie, Simulation",,,,,,0.0,steamspy,,True
1094030,Lurk in the Dark : Prologue,"Action, Adventure, Horror, Indie",,,,IDEA FRUITION,IDEA FRUITION,0.0,steamspy,,True
729410,Lux Obscura Original Soundtrack,"Casual, Indie",,,,Ktulhu Solutions,,0.0,steamspy,,True
15922,Luxor 2 Demo,Casual,,,,MumboJumbo,MumboJumbo,0.0,steamspy,,True
15932,Luxor 3 Demo,"Casual, Puzzle",,,,MumboJumbo,MumboJumbo,0.0,steamspy,,True
15912,Luxor Amun Rising Demo,Casual,,,,MumboJumbo,MumboJumbo,0.0,steamspy,,True
15972,Luxor Demo,Casual,,,,MumboJumbo,MumboJumbo,0.0,steamspy,,True
81468,Luxor Evolved Gameplay Trailer,"Action, Casual, Indie, Puzzle",,,,,,0.0,steamspy,,True
16042,Luxor: Quest for the Afterlife Demo,"Casual, Puzzle",,,,MumboJumbo,MumboJumbo,0.0,steamspy,,True
1027630,Lyantei Demo,"Adventure, Casual, Indie, Simulation, Visual Novel",,,,Sweet Slush Games,Sweet Slush Games,0.0,steamspy,,True
5666,M.U.D. TV Trailer,"Simulation, Strategy",,,,Realmforge Studios,Kalypso Media Digital,0.0,steamspy,,True
677360,M1 Soundtrack,"Action, Adventure, Casual, Indie",,,,Dracula's Cave,Dracula's Cave,0.0,steamspy,,True
1484050,MADE : Interactive Movie – 01. Run away!,"Adventure, Horror, RPG, Visual Novel",,,,JOONSPICTURES,JOONSPICTURES,0.0,steamspy,,True
1510370,MADE VR : Interactive Movie - 01. Run away!,"Adventure, Horror, Puzzle, Survival, Visual Novel",,,,JOONSPICTURES,JOONSPICTURES,0.0,steamspy,,True
557220,MAGICAL×SPIRAL Demo,"Action, Adventure, Casual, Indie, Platformer",,,,Broken Desk,Sekai Project,0.0,steamspy,,True
515270,"MANDAGON - Digital Art Book, OST plus Extras","Adventure, Indie",,,,Blind Sky Studios,Blind Sky Studios,0.0,steamspy,,True
332460,MASSIVE CHALICE Soundtrack,Strategy,,,,Double Fine Productions,,0.0,steamspy,,True
777110,MEANDERS - Original Soundtrack,"Action, Adventure, Casual, Indie",,,,"ATOMIC BREATH, Chadsky, FraZack","ATOMIC BREATH, FraZack",0.0,steamspy,,True
436030,"METAL GEAR ONLINE EXPANSION PACK ""CLOAKED IN SILENCE""","Action, Adventure",,,,KONAMI,KONAMI,0.0,steamspy,,True
797470,METAL GEAR SURVIVE BETA,"Action, Adventure, Strategy",,,,Konami Digital Entertainment,Konami Digital Entertainment,0.0,steamspy,,True
856780,MIMIC Demo,"Action, Adventure, Casual, Simulation, Sports, Strategy",,,,Scribe,Alpha Graphic Designs,0.0,steamspy,,True
688410,MINDNIGHT Hack Me Hard DLC - Soundtrack (Bonus Track + Jukebox Skin),"Indie, Strategy",,,,No Moon,No Moon,0.0,steamspy,,True
81849,MMH6_DLC1_Trailer,"RPG, Strategy",,,,Blackhole,,0.0,steamspy,,True
625210,MMM: Murder Most Misfortunate Demo,"Adventure, Casual, Indie, Visual Novel",,,,Foolish Mortals Games,Foolish Mortals Games,0.0,steamspy,,True
366680,MOAI 2: Path to Another World Demo,"Adventure, Casual, Indie, Simulation, Strategy",,,,"Toyman Interactive, Alawar Entertainment",Buka Entertainment,0.0,steamspy,,True
381600,MOAI: Build Your Dream Demo,"Casual, Indie, Simulation, Strategy",,,,"Alawar, Toyman Interactive",Buka Entertainment,0.0,steamspy,,True
911020,MODSORK Open Alpha Weekend,"Action, Indie, Shooter",,,,Cinnoman Games,Cinnoman Games,0.0,steamspy,4.0,True
1548870,MOENTO - Modular Environment Toolkit,"Casual, City Builder, Simulation",,,,Jonas Oppliger,Voronoi Studios,0.0,steamspy,,True
5822,MOH - E3 Trailer,"Action, Shooter",,,,,,0.0,steamspy,,True
935390,MOMO.EXE - Official Soundtrack DLC,"Action, Adventure, Indie",,,,Dymchick1,Dymchick1,0.0,steamspy,,True
586370,MORTEM Demo,"Action, Adventure, Horror, Indie",,,,Nighthood Games,Nighthood Games,0.0,steamspy,,True
924210,MOTHERGUNSHIP OST,"Action, Indie",,,,"Terrible Posture Games, Grip Digital",Terrible Posture Games,0.0,steamspy,,True
923850,MU Legend - OST Part 1,"Action, Adventure, Massively Multiplayer, RPG",,,,WEBZEN,,0.0,steamspy,,True
923851,MU Legend - OST Part 2,"Action, Adventure, Massively Multiplayer, RPG",,,,WEBZEN,,0.0,steamspy,,True
436810,MURI Demo,"Action, Indie, Metroidvania, Platformer",,,,"Ludosity, Remar Games",Ludosity,0.0,steamspy,,True
82002,MW3 Collection 3 Trailer,"Action, Shooter",,,,"Infinity Ward, Sledgehammer, Raven Software",,0.0,steamspy,,True
5984,MX vs ATV Reflex Trailer,"Action, Racing, Simulation, Sports",,,,"Double Helix Games, Rainbow",THQ,0.0,steamspy,,True
445200,MXGP2 - Season Pass,"Racing, Simulation, Sports",,,,Milestone S.r.l.,Milestone S.r.l.,0.0,steamspy,,True
81574,MacGuffins Curse Trailer ,"Adventure, Casual, Indie, Puzzle",,,,Brawsome,Brawsome,0.0,steamspy,,True
58240,Macguffin's Curse Demo,"Adventure, Casual, Indie, Puzzle",,,,Brawsome,Brawsome,0.0,steamspy,,True
40710,Machinarium Demo,"Adventure, Casual, Indie, Puzzle",,,,Amanita Design,Amanita Design,0.0,steamspy,,True
40703,Machinarium Soundtrack + Art Book,"Adventure, Indie",,,,Amanita Design,Amanita Design,0.0,steamspy,,True
517250,Machinations: Fog of War Demo,"Adventure, Indie, RPG",,,,Hosted Games,Hosted Games,0.0,steamspy,,True
946750,Mad Digger - Wallpapers,"Casual, Indie, Simulation",,,,КиКо,КиКо,0.0,steamspy,,True
768160,Mad Farm Demo,"Action, Casual, Indie",,,,Happy Bat,Happy Bat,0.0,steamspy,,True
417520,Mad Nords: Probably an Epic Quest Demo,"Adventure, Indie, RPG",,,,Dragon's Games,Dragon's Games,0.0,steamspy,,True
25762,Madballs BDI Evolution Skin Rollup,Indie,,,,Playbrains,,0.0,steamspy,,True
25710,Madballs Demo,"Action, Indie, Shooter",,,,Playbrains,Playbrains,0.0,steamspy,3.0,True
25764,Madballs Holiday Skin Rollup,Indie,,,,Playbrains,,0.0,steamspy,,True
25763,Madballs Scorched Evolution Skin Rollup,Indie,,,,Playbrains,,0.0,steamspy,,True
701500,Madcap Castle Demo,"Indie, Platformer, Puzzle",,,,Diel Mormac Games,"Diel Mormac Games, IDJ Games",0.0,steamspy,,True
547630,Madness^3 OST,"Action, Adventure, Indie, Massively Multiplayer, Simulation",,,,nobodyshot,,0.0,steamspy,,True
5838,Mafia II - E3 Trailer,"Action, Adventure, Shooter",,,,2K Czech,2K Games,0.0,steamspy,,True
50280,Mafia II Demo,"Action, Adventure, Shooter",,,,2K Czech,2K Games,0.0,steamspy,,True
600160,Mafia III Demo,"Action, Adventure, Shooter",,,,Hangar 13,2K,0.0,steamspy,293.0,True
456120,Magdalena Soundtrack,"Adventure, Indie",,,,"RCG, Band ""МусТ""",,0.0,steamspy,,True
587200,Mages of Mystralia - Original Soundtrack,"Action, Adventure, Indie",,,,Borealys Games,Borealys Games,0.0,steamspy,,True
691580,"Maggie's Movies - Camera, Action!","Adventure, Casual, Indie, Simulation",,,,"World-Loom, GameHouse",GameHouse,0.0,steamspy,,True
1263630,Maggie's Movies - Second Shot,"Adventure, Casual, Indie, Puzzle, Simulation, Strategy",,,,Space Fox Games,Jujubee S.A.,0.0,steamspy,,True
549112,Magi Trials - Avatars,"Adventure, Casual, Indie",,,,Dharker Studios,Dharker Studios,0.0,steamspy,,True
549110,Magi Trials - Soundtrack,"Adventure, Casual, Indie",,,,Dharker Studios,Dharker Studios,0.0,steamspy,,True
549111,Magi Trials - Wallpapers,"Adventure, Casual, Indie",,,,Dharker Studios,Dharker Studios,0.0,steamspy,,True
708350,MagiCat Demo,"Action, Adventure, Indie, Platformer, Puzzle",,,,Kucing Rembes,Toge Productions,0.0,steamspy,,True
658900,MagiCat Original Soundtrack,"Action, Adventure, Indie",,,,Kucing Rembes,Toge Productions,0.0,steamspy,,True
2661490,Magia y Demonios,"Action, Adventure, RPG",,,,anyeos,anyeos,0.0,steamspy,,True
213870,Magic 2014: Duels of the Planeswalkers Demo,"Card & Board, Strategy",,,,Stainless Games,,0.0,steamspy,,True
255440,Magic 2015 Demo,"Adventure, Card & Board, Strategy",,,,Stainless Games,Wizards of the Coast,0.0,steamspy,,True
1099650,Magic Siege - Defender Demo,"Casual, Indie, Simulation, Strategy, Survival, Tower Defense",,,,Oriplay,Oriplay,0.0,steamspy,,True
49480,Magic the Gathering: Duels of the Planeswalkers 2012 Demo,"Card & Board, Strategy",,,,Stainless Games Ltd,Wizards of the Coast LLC,0.0,steamspy,,True
97340,Magic: The Gathering - Duels of the Planeswalkers 2013 Demo,"Card & Board, Strategy",,,,Stainless Games,Wizards of the Coast,0.0,steamspy,,True
212140,Magical Diary Demo,"Adventure, Indie, Puzzle, RPG, Simulation, Visual Novel",,,,Hanako Games,,0.0,steamspy,,True
81641,Magical Diary Trailer,"Adventure, Indie, Puzzle, RPG, Simulation, Visual Novel",,,,Hanako Games,,0.0,steamspy,,True
226140,Magical Drop V Demo,"Casual, Indie, Puzzle",,,,Golgoth Studio,,0.0,steamspy,,True
952630,Magical Monster Land Demo,"Action, Casual, Indie, Platformer",,,,RAVENGROUNDS LIMITED,RAVENGROUNDS LIMITED,0.0,steamspy,,True
786430,Magical Star Pillars Demo,"Action, Adventure, Casual, Indie",,,,Toolkitz Games,Toolkitz Games,0.0,steamspy,,True
1448520,Magicians' Legacy: Prologue,"Adventure, RPG, Strategy",,,,Greenolor Studio,Kaser Studio,0.0,steamspy,,True
73050,Magicka Demo,"Action, Adventure, Indie, RPG",,,,Arrowhead Game Studios,Paradox Interactive,0.0,steamspy,,True
80918,Magicka PVP Trailer,"Action, Adventure, Indie, RPG",,,,,,0.0,steamspy,,True
80567,Magicka Trailer,"Action, Adventure, Indie, RPG, Strategy",,,,Arrowhead Game Studios,Paradox Interactive,0.0,steamspy,,True
81304,Magicka: The Stars Are Left Trailer,"Action, RPG",,,,Arrowhead Game Studios,,0.0,steamspy,,True
80761,Magicka: Vietnam Trailer,"Action, RPG",,,,Arrowhead Game Studios,Paradox Interactive,0.0,steamspy,,True
349370,Magicmaker - Soundtrack,"Action, Adventure, Indie, RPG",,,,Tasty Stewdios LLC,,0.0,steamspy,,True
324460,Magicmaker Demo,"Action, Adventure, Indie, RPG",,,,Tasty Stewdios LLC,Tasty Stewdios LLC,0.0,steamspy,,True
800040,Magikiras Demo,"Adventure, Indie, RPG",,,,Hosted Games,Hosted Games,0.0,steamspy,,True
559690,Magma Chamber Demo,"Action, Adventure, Casual, Indie, Puzzle, Strategy",,,,IndieKeep Games,IndieKeep Games,0.0,steamspy,,True
397010,Magnetic: Cage Closed - Challenge Map Pack DLC,"Action, Adventure, Indie",,,,Guru Games,Good Shepherd Entertainment,0.0,steamspy,,True
37510,Magnetis Demo,"Casual, Indie, Puzzle",,,,Yullaby,Yullaby,0.0,steamspy,,True
503480,Mahluk:Dark Demon,"Action, Adventure, Casual, Indie, Metroidvania, Platformer, Puzzle, RPG",,,,Serkan Bakar,Serkan Bakar,0.0,steamspy,,True
514331,Mai Shiranui Debut Costume Set,Action,,,,"Team NINJA, KOEI TECMO GAMES CO., LTD.",,0.0,steamspy,,True
1597790,Mainframe Defenders: Meltdown - Prologue,"JRPG, RPG, Strategy",,,,Synthetic Domain,Synthetic Domain,0.0,steamspy,,True
579100,Mainlining - Soundtrack,"Adventure, Indie, Simulation",,,,Rebelephant,,0.0,steamspy,,True
454980,Mainlining Demo,"Adventure, Indie, Puzzle, Simulation",,,,Rebelephant,Merge Games,0.0,steamspy,,True
559950,Maize Original Soundtrack,"Adventure, Indie",,,,Finish Line Games,Finish Line Games,0.0,steamspy,,True
322670,Majestic Nights Demo,"Action, Adventure, Indie, RPG",,,,Epiphany Games,Epiphany Games,0.0,steamspy,,True
80790,Majesty 2 Collection Trailer,"Simulation, Strategy",,,,1C:InoCo,Paradox Interactive,0.0,steamspy,,True
80638,Majesty 2: Battles of Ardania Trailer,"Simulation, Strategy",,,,,,0.0,steamspy,,True
80629,Majesty 2: Monster Kingdom Trailer,"Simulation, Strategy",,,,,,0.0,steamspy,,True
608620,Majotori Soundtrack,"Adventure, Casual, Indie",,,,Majorariatto,Majorariatto,0.0,steamspy,,True
811230,Make Sail - Soundtrack,"Action, Adventure, Indie, Simulation",,,,"Popcannibal, LLC",,0.0,steamspy,,True
6260,Making History Demo,"Action, Strategy",,,,Muzzy Lane,Strategy First,0.0,steamspy,,True
67100,Making History II: War of the World Demo,"Indie, Simulation, Strategy",,,,Muzzy Lane Software,,0.0,steamspy,,True
373250,Making History: The Calm and the Storm Gold Edition Demo,"Simulation, Strategy",,,,Muzzy Lane Software,Factus Games,0.0,steamspy,,True
332470,Making History: The Great War Demo,Strategy,,,,"Muzzy Lane Software, Factus Games",Factus Games,0.0,steamspy,21.0,True
3319330,Makis Adventure: Level Editor,"Action, Adventure, Casual, Indie, Metroidvania, Platformer",,,,Zoroarts,Zoroarts,0.0,steamspy,,True
559890,Malavision: The Beginning - Soundtrack,"Adventure, Indie",,,,Ismael Pozzo,Ismael Pozzo,0.0,steamspy,,True
689220,Malfunction Demo,"Action, Adventure, Indie, Puzzle",,,,Barlock Games,Barlock Games,0.0,steamspy,,True
2497610,Mandemon,"Adventure, Horror, JRPG, RPG, Visual Novel",,,,致意,致意,0.0,steamspy,60.0,True
625260,Manipulated Demo,"Action, Indie, Platformer, Puzzle",,,,Wolfray Entertainment,Wolfray Entertainment,0.0,steamspy,,True
81943,Mann vs Machine_Trailer,"Action, Shooter",,,,Valve,,0.0,steamspy,,True
1648080,Manual Intervention VR,"Action, Casual, Indie",,,,Spannerworx,Spannerworx,0.0,steamspy,,True
2315080,Manual Overcycle,"Action, Indie, Simulation, Sports",,,,Fallen Few Studios,Fallen Few Studios,0.0,steamspy,,True
573512,MapleStory Cosmetic Pack,"Casual, Massively Multiplayer, RPG",,,,Nexon,Nexon America Inc.,0.0,steamspy,,True
991690,MarZ: Tactical Base Defense Demo,"Indie, Strategy, Tower Defense",,,,doorfortyfour,doorfortyfour,0.0,steamspy,56.0,True
355870,Marble Age Demo,"Simulation, Strategy",,,,Clarus Victoria,Clarus Victoria,0.0,steamspy,,True
996410,Marble Combat Demo,"Action, Casual, Indie",,,,Phantom8 Studio,Alternative Software Ltd,0.0,steamspy,,True
702920,Marblesared Demo,Casual,,,,PCAndVR,PCAndVR,0.0,steamspy,,True
233030,March of the Eagles Demo,"Simulation, Strategy",,,,,,0.0,steamspy,,True
5114,Mare Nostrum Trailer,Action,,,,Sandstorm Productions,Thinking Studios,0.0,steamspy,,True
855020,Marie's Room - Soundtrack,"Adventure, Casual, Indie",,,,,,0.0,steamspy,,True
239570,Mark of the Ninja: Special Edition DLC,"Action, Adventure, Indie, Platformer",,,,Klei Entertainment,,0.0,steamspy,,True
551900,Marlene Demo,"Action, Adventure, Casual, Horror, Indie, Puzzle",,,,Scott Wilson,Uzi Games,0.0,steamspy,,True
674000,Marooners Deluxe DLC,"Action, Casual, Indie",,,,M2H,M2H,0.0,steamspy,,True
721149,Marvel vs. Capcom: Infinite - Arthur Fallen Angel Armor Costume,Action,,,,Capcom,Capcom,0.0,steamspy,,True
721106,Marvel vs. Capcom: Infinite - Captain Marvel Warbird Costume,Action,,,,Capcom,Capcom,0.0,steamspy,,True
721141,Marvel vs. Capcom: Infinite - Chun-Li Casual Costume,Action,,,,Capcom,,0.0,steamspy,,True
721132,Marvel vs. Capcom: Infinite - Dante Nephilim Costume,Action,,,,Capcom,Capcom,0.0,steamspy,,True
721112,Marvel vs. Capcom: Infinite - Doctor Strange Illuminati Costume,Action,,,,Capcom,Capcom,0.0,steamspy,,True
721133,Marvel vs. Capcom: Infinite - Morrigan Night Warrior Costume,Action,,,,Capcom,Capcom,0.0,steamspy,,True
721114,Marvel vs. Capcom: Infinite - Nova Prime Costume,Action,,,,Capcom,Capcom,0.0,steamspy,,True
721150,Marvel vs. Capcom: Infinite - Special X Costume,Action,,,,Capcom,Capcom,0.0,steamspy,,True
721145,Marvel vs. Capcom: Infinite - Special Zero Costume,Action,,,,Capcom,Capcom,0.0,steamspy,,True
721110,Marvel vs. Capcom: Infinite - Superior Iron Man Costume,Action,,,,Capcom,Capcom,0.0,steamspy,,True
721107,Marvel vs. Capcom: Infinite - Superior Spider-Man  Costume,Action,,,,Capcom,Capcom,0.0,steamspy,,True
721119,Marvel vs. Capcom: Infinite - Ultron Conquest Costume,Action,,,,Capcom,Capcom,0.0,steamspy,,True
335520,Marvin's Mittens Official Soundtrack,"Adventure, Casual, Indie",,,,Mike Keogh,,0.0,steamspy,,True
655000,Masked Forces 2: Mystic Demons,"Action, Adventure, Horror, Indie, Roguelike, Shooter, Survival",,,,FreezeNova,FreezeNova,0.0,steamspy,,True
777120,Masked Forces 2: Mystic Demons - Multiplayer,"Action, Indie, Shooter, Survival",,,,Freeze Nova,Freeze Nova,0.0,steamspy,,True
913620,Masked Forces Demo,"Action, Indie, Shooter",,,,FreezeNova,FreezeNova,0.0,steamspy,,True
434760,Masked Shooters 2 Demo,"Action, Indie, Shooter",,,,Freeze Nova,Freeze Nova,0.0,steamspy,,True
461330,Masquerada: Songs and Shadows Demo,"Indie, RPG",,,,Witching Hour Studios,Ysbryd Games,0.0,steamspy,,True
450510,Masquerade: The Baubles of Doom Demo,"Action, Adventure, Casual, Indie",,,,Big Ant Studios,Big Ant Studios,0.0,steamspy,,True
5579,Mass Effect 2 Launch Trailer,"Action, Adventure, RPG, Shooter",,,,,,0.0,steamspy,,True
5518,Mass Effect 2 Trailer,"Action, Adventure, RPG, Shooter",,,,BioWare,Electronic Arts,0.0,steamspy,,True
5159,Mass Effect HD Trailer,"Action, Adventure, RPG, Shooter",,,,BioWare,Electronic Arts,0.0,steamspy,,True
5456,Massive Assault: Phantom Renaissance Trailer,Strategy,,,,Wargaming.net,Wargaming.net,0.0,steamspy,,True
912970,Master Pyrox Wizard Smackdown Demo,"Action, Casual, Indie, Sports",,,,Denis Comtesse,Dropped Monocle Games,0.0,steamspy,,True
271100,Master Reboot Art Book and Soundtrack,"Action, Adventure, Indie",,,,Wales Interactive,Wales Interactive,0.0,steamspy,,True
395020,Master Spy OST,"Action, Indie",,,,TURBOGUN,,0.0,steamspy,,True
602390,Master of Mayhem Soundtrack,"Action, Indie",,,,Lapovich Team,Lapovich Team,0.0,steamspy,,True
890240,Math Fun Demo,"Casual, Horror, Indie, Strategy",,,,Yash Future Tech Solutions Pvt Ltd,Yash Future Tech Solutions Pvt Ltd,0.0,steamspy,,True
1278930,Math Puzzle Alpha Challenge,"Casual, Indie, Puzzle, Strategy",,,,Orlando Santos de Oliveira,Orlando Santos de Oliveira,0.0,steamspy,,True
81721,Max Payne 3 Launch Trailer,"Action, Adventure, Shooter",,,,,,0.0,steamspy,,True
81383,Max Payne 3 Trailer,"Action, Adventure, Shooter",,,,Rockstar Studios,,0.0,steamspy,,True
81430,Max Payne 3 Trailer 2,"Action, Adventure, Shooter",,,,,,0.0,steamspy,,True
5698,Max and the Magic Marker Trailer 1,Indie,,,,Press Play,The Games Company,0.0,steamspy,,True
618180,"Max, an Autistic Journey - Max's Birthday DLC","Indie, RPG",,,,Professional Imagination,GPAC,0.0,steamspy,,True
272390,Max: The Curse of Brotherhood Demo,"Action, Adventure, Platformer, Puzzle",,,,Press Play,Xbox Game Studios,0.0,steamspy,,True
861120,May: Original Soundtrack,"Casual, Indie",,,,Team Spieluhr,,0.0,steamspy,,True
18610,Mayhem Intergalactic Demo,"Indie, Strategy",,,,Inventive Dingo,Inventive Dingo,0.0,steamspy,,True
939340,Maze Of Adventures Demo,"Adventure, Casual, Indie, Puzzle",,,,"OCP, Yuri Chuchmay",OCP,0.0,steamspy,,True
504590,Maze Roller Demo,"Adventure, Casual, Indie, Puzzle",,,,Meerkat Gaming,Meerkat Gaming,0.0,steamspy,,True
82062,McPixel Trailer,"Action, Adventure, Casual, Indie, Puzzle",,,,Sos,,0.0,steamspy,,True
506080,Meadow Soundtrack,"Adventure, Indie, Massively Multiplayer",,,,Might and Delight,Might and Delight,0.0,steamspy,,True
1046370,Meaty McSkinBones,Indie,"15 Jul, 2019",True,,Triplot Studio,Triplot Studio,0.0,appdetails,,True
1485350,Mech Mechanic Simulator: Prologue,"Casual, Indie, Simulation",,,,Polyslash,Valkyrie Initiative,0.0,steamspy,,True
318340,Mecha Ace Demo,"Indie, RPG",,,,Choice of Games,Choice of Games,0.0,steamspy,,True
470870,Mecha Ritz: Steel Rondo OST,"Action, Indie",,,,HEY,,0.0,steamspy,,True
551540,Mechatroniks Attack Demo,"Action, Adventure, Indie",,,,Ludax174,Ludax174,0.0,steamspy,,True
809910,Mechs V Kaijus Demo,"Action, Indie, Strategy, Survival, Tower Defense",,,,Doble Punch Games,Doble Punch Games,0.0,steamspy,,True
5416,Medal of Honor: Airborne Trailer,"Action, Shooter",,,,,,0.0,steamspy,,True
341845,Medic Savior Skin Pack,Action,,,,Turtle Rock Studios,2K,0.0,steamspy,,True
552020,Medieval Defenders - Soundtrack,"Casual, Strategy",,,,Creobit,8Floor,0.0,steamspy,,True
4710,Medieval II: Total War Demo,"Action, Simulation, Strategy",,,,The Creative Assembly,SEGA,0.0,steamspy,,True
708690,Medieval Steve Demo,"Action, Adventure, Casual, Indie",,,,JForth Designs,JForth Designs,0.0,steamspy,,True
1118370,Meegah Mem 2 Demo,"Action, Indie",,,,Crapcom,Crapcom,0.0,steamspy,,True
1994300,Mega Demon Blaster,"Action, Casual, Roguelike, Shooter",,,,Alfalou,Alfalou,0.0,steamspy,,True
1001110,Mega Man 11 Original Soundtrack,Action,,,,"CAPCOM CO., LTD.","CAPCOM CO., LTD.",0.0,steamspy,,True
906630,Mega Man X Legacy Collection Soundtrack,Action,,,,"CAPCOM CO., LTD","CAPCOM CO., LTD",0.0,steamspy,,True
633830,Mega Overload Demo,"Action, Shooter",,,,Subdream Studios,Subdream Studios,0.0,steamspy,,True
393730,MegaSphere Demo,"Action, Adventure, Indie",,,,AKGames,AKGames,0.0,steamspy,,True
847420,Megadimension Neptunia VIIR - Inventory Expansion 1,"Action, RPG",,,,"IDEA FACTORY, COMPILE HEART","Idea Factory International, Inc.",0.0,steamspy,,True
847421,Megadimension Neptunia VIIR - Inventory Expansion 2,"Action, RPG",,,,"IDEA FACTORY, COMPILE HEART","Idea Factory International, Inc.",0.0,steamspy,,True
847422,Megadimension Neptunia VIIR - Inventory Expansion 3,"Action, RPG",,,,"IDEA FACTORY, COMPILE HEART","Idea Factory International, Inc.",0.0,steamspy,,True
491600,Megapolis Demo,"Casual, Indie, Simulation, Strategy",,,,Lonely Troops,Lonely Troops,0.0,steamspy,,True
552850,Mekazoo Original Soundtrack,Indie,,,,The Good Mood Creators,The Good Mood Creators,0.0,steamspy,,True
884700,Melody of Iris-虹色旋律- Original Sound Track,"Adventure, Casual, Indie, Simulation",,,,Gloria Works,Gloria Works,0.0,steamspy,,True
990100,Melordandek Demo,"Indie, Puzzle, Visual Novel",,,,Hanged Bunny Studio,Hanged Bunny Studio,0.0,steamspy,,True
81256,Memoir '44 Online Trailer,"Card & Board, Casual, Simulation, Strategy",,,,Days of Wonder,,0.0,steamspy,,True
81184,Memoir '44 Online Trailer Eng,"Card & Board, Casual, Simulation, Strategy",,,,Days of Wonder,,0.0,steamspy,,True
81185,Memoir '44 Online Trailer French,"Card & Board, Casual, Simulation, Strategy",,,,,,0.0,steamspy,,True
558210,Memoria Soundtrack,"Adventure, Indie",,,,Daedalic Entertainment,Daedalic Entertainment,0.0,steamspy,,True
689690,Memories Demo,Adventure,,,,Revoked Studio,Revoked Studio,0.0,steamspy,,True
500850,Memory Oblivion Box - Original Soundtrack,"Adventure, Casual, Indie",,,,DreaMory,NVLMaker,0.0,steamspy,,True
570800,Memory's Dogma CODE:01 - Original Soundtrack,"Adventure, Casual, Indie",,,,Liz-Arts,Sekai Project,0.0,steamspy,,True
539230,Memory's Dogma CODE:01 Demo,"Adventure, Casual, Indie, Visual Novel",,,,Liz-Arts,Sekai Project,0.0,steamspy,9.0,True
5468,Men of War Red Tide Trailer,Strategy,,,,1C Company,"1C Company, 1C-SoftClub",0.0,steamspy,,True
64005,Men of War: Assault Squad - MP Supply Pack Alpha,Strategy,,,,Digitalmindsoft,Fulqrum Publishing,0.0,steamspy,,True
81189,Men of War: Assault Squad Launch Trailer,"Action, Simulation, Strategy",,,,,,0.0,steamspy,,True
1035870,Mercenary Leto Demo,"Action, Indie",,,,dragonGlitch Games LLC,Sllef Published,0.0,steamspy,,True
948360,Merchant - All Skins & Themes,"RPG, Simulation",,,,Retora Games,Retora Games,0.0,steamspy,,True
331270,Merchants of Kaidan Demo,"Adventure, Indie, RPG, Simulation, Strategy",,,,Forever Entertainment S. A.,Forever Entertainment S. A.,0.0,steamspy,,True
1458900,Meridian 157: Prologue,"Action, Adventure, Horror, Indie, Puzzle",,,,NovaSoft Interactive Ltd.,NovaSoft Interactive Ltd.,0.0,steamspy,16.0,True
312330,Meridian: New World Demo,"Indie, Strategy",,,,Elder Games,"Merge Games, Headup Games",0.0,steamspy,,True
288240,Meridian: New World Video and Soundtrack,"Indie, Strategy",,,,Elder Games,Headup,0.0,steamspy,,True
859600,Merry Glade. Original Soundtrack.,"Adventure, Casual, Indie",,,,Anatoliy Loginovskikh,Anatoliy Loginovskikh,0.0,steamspy,,True
501240,Mervils: A VR Adventure Demo,"Adventure, Platformer, Puzzle, RPG",,,,VitruviusVR,VitruviusVR,0.0,steamspy,,True
421920,Message Quest: Original Soundtrack,Adventure,,,,Royal Troupe,,0.0,steamspy,,True
426340,MetaHuman Inc. Demo,"Indie, RPG",,,,Choice of Games,Choice of Games,0.0,steamspy,,True
1194740,MetaWare High School (Demo),"Adventure, Casual, Horror, Visual Novel",,,,Not Fun Games,Not Fun Games,0.0,steamspy,,True
687550,Metagalactic Blitz Demo,"Action, Fighting, Indie",,,,Pixelvex LLC,Pixelvex LLC,0.0,steamspy,,True
566840,Metal Carnage Demo,"Action, Indie, Massively Multiplayer, Racing, Shooter",,,,Playvision,Playvision,0.0,steamspy,4.0,True
32210,Metal Drift Demo,"Action, Indie, Racing, Sports",,,,Black Jacket Studios,Black Jacket Studios,0.0,steamspy,,True
80967,Metal Drift Game Play Trailer,"Action, Indie, Racing, Sports",,,,Black Jacket Studios,Black Jacket Studios,0.0,steamspy,,True
5424,Metal Drift Trailer,"Action, Indie, Racing, Sports",,,,Black Jacket Studios,Black Jacket Studios,0.0,steamspy,,True
1026570,Metaverse Keeper Demo,"Action, Adventure, Casual, Indie, RPG",,,,Sparks Games,Sparks Games,0.0,steamspy,,True
1690040,Metavusking,"Action, Casual, Indie, Simulation",,,,innoVENTOR Inc.,innoVENTOR Inc.,0.0,steamspy,,True
754420,Metro Conflict: The Origin Demo,"Action, Adventure, Casual, Massively Multiplayer, Shooter",,,,"RED DUCK, INC.","RED DUCK, INC.",0.0,steamspy,165.0,True
924220,Metro Exodus Expansion Pass,Action,,,,4A Games,Deep Silver,0.0,steamspy,,True
738120,Metropolis: Lux Obscura Demo,"Casual, Indie",,,,Ktulhu Solutions,Ktulhu Solutions,0.0,steamspy,,True
27610,Mevo and The Grooveriders Demo,"Casual, Indie",,,,Red Rocket Games,Red Rocket Games,0.0,steamspy,,True
805970,Mhakna Gramura and Fairy Bell - Original Soundtrack,"Casual, Indie",,,,ALICE IN DISSONANCE,ALICE IN DISSONANCE,0.0,steamspy,,True
520260,Miaou Moon Demo,"Action, Casual, Indie, Platformer, Puzzle, Survival",,,,"Stephane Valverde, Leslie Valverde",Agent Mega,0.0,steamspy,,True
509050,Mibibli's Quest - Official Soundtrack,Indie,,,,resnijars,resnijars,0.0,steamspy,,True
716270,Middle-earth: Shadow of War Expansion Pass,"Action, Adventure, RPG",,,,Monolith Productions,,0.0,steamspy,,True
784070,Middle-earth: Shadow of War Story Expansion Pass,"Action, Adventure, RPG",,,,"Monolith Productions, Inc.",,0.0,steamspy,,True
80898,Might & Magic Heroes VI Beta PEGI Trailer,"Adventure, RPG, Strategy",,,,,,0.0,steamspy,,True
80897,Might & Magic Heroes VI Beta Trailer,"Adventure, RPG, Strategy",,,,,,0.0,steamspy,,True
82070,Might & Magic Heroes VI Danse Macabre Trailer,"RPG, Strategy",,,,Limbic Entertainment GmbH,,0.0,steamspy,,True
48280,Might & Magic Heroes VI Demo,"Adventure, RPG, Strategy",,,,Blackhole,Ubisoft,0.0,steamspy,,True
80692,Might & Magic Heroes VI Trailer,"Adventure, RPG, Strategy",,,,Blackhole,Ubisoft,0.0,steamspy,,True
603690,Mighty Monster Mayhem Demo,"Action, Adventure, Casual, Simulation",,,,rank17,rank17,0.0,steamspy,,True
401320,Mighty No. 9 - Ray Expansion,Action,,,,"Comcept, Inti Creates",Deep Silver,0.0,steamspy,,True
462360,MilitAnt Demo,"Action, Indie, Platformer, Shooter",,,,Xibalba Studios,Xibalba Studios,0.0,steamspy,,True
602210,Military Airfield - Donation DLC,"Action, Indie",,,,Polygon Art,Polygon Art,0.0,steamspy,,True
821680,Military Operations: Benchmark,Simulation,,,,Military Operations,Military Operations,0.0,steamspy,,True
579960,Milkmaid of the Milky Way - Soundtrack,"Adventure, Indie",,,,Mattis Folkestad,machineboy,0.0,steamspy,,True
337050,Millie Demo,"Action, Casual, Indie",,,,Forever Entertainment S. A.,Forever Entertainment S. A.,0.0,steamspy,,True
1082950,Millionaire Dancer Demo,"Casual, Indie",,,,Realgam games,Realgam games,0.0,steamspy,,True
797210,Mimic Hunter Demo,"Action, Adventure, Casual, Indie, Platformer, Puzzle",,,,"Angry Cat Studios, Creatio 49",Angry Cat Studios,0.0,steamspy,1.0,True
731100,Mimpi Dreams - Factory DLC,"Adventure, Indie",,,,"Dreadlocks Mobile, Silicon Jelly","Dreadlocks Mobile, Silicon Jelly, Dreadlocks Ltd.",0.0,steamspy,,True
731101,Mimpi Dreams - Mars DLC,"Adventure, Indie",,,,"Dreadlocks Mobile, Silicon Jelly","Dreadlocks Mobile, Silicon Jelly, Dreadlocks Ltd.",0.0,steamspy,,True
459110,Mimpi Dreams OST,"Adventure, Indie",,,,Silicon Jelly,,0.0,steamspy,,True
499360,Mind Spheres (Soundtrack),Casual,,,,Microblast Games,,0.0,steamspy,,True
560040,Minecraft: Story Mode - A Telltale Games Series Demo,"Adventure, Casual, Survival",,,,Telltale Games,Telltale Games,0.0,steamspy,,True
226240,Miner Wars 2081 Demo,"Action, Adventure, Indie, RPG, Shooter, Simulation",,,,Keen Software House,Keen Games,0.0,steamspy,,True
81976,Miner Wars Arena Trailer,"Action, Indie",,,,Keen Software House,,0.0,steamspy,,True
5360,Mini Ninjas - Gameplay Trailer (EU),"Action, Adventure, Casual, Platformer",,,,,,0.0,steamspy,,True
5376,Mini Ninjas - Kunoichi Trailer (EU),"Action, Adventure, Casual, Platformer",,,,,,0.0,steamspy,,True
5377,Mini Ninjas - Kunoichi Trailer (US),"Action, Adventure, Casual, Platformer",,,,IO Interactive,"SQUARE ENIX, Eidos Interactive",0.0,steamspy,,True
5379,Mini Ninjas - Launch Trailer,"Action, Adventure, Casual, Platformer",,,,,,0.0,steamspy,,True
5378,Mini Ninjas - Launch Trailer (EU),"Action, Adventure, Casual, Platformer",,,,,,0.0,steamspy,,True
5361,Mini Ninjas - Suzume Gameplay Trailer (US),"Action, Adventure, Platformer",,,,,,0.0,steamspy,,True
35050,Mini Ninjas Demo,"Action, Adventure",,,,IO Interactive,"SQUARE ENIX, Eidos Interactive",0.0,steamspy,,True
5281,Mini Ninjas E3 Trailer,"Action, Adventure, Casual, Platformer",,,,,"SQUARE ENIX, Eidos Interactive",0.0,steamspy,,True
489620,Mini Thief Demo,"Casual, Indie, Simulation, Strategy",,,,"Stranga Studios, Tommah, Stranga Studios",GrabTheGames,0.0,steamspy,,True
1276040,Mini Words: Top Movies,"Casual, Puzzle",,,,Mens Sana Interactive,Mens Sana Interactive,0.0,steamspy,,True
756550,Minimancer Demo,"Adventure, Casual, Indie, Strategy",,,,James Flannery,James Flannery,0.0,steamspy,,True
1155030,Minotaur OST,"Adventure, Indie",,,,U7 committee,"U7 committee, indienova",0.0,steamspy,,True
956220,Miracle Circus 奇迹马戏团-DLC,"Adventure, Casual, Indie, RPG, Strategy",,,,灰猫,0Cube,0.0,steamspy,,True
412870,Miracle Fly Original Soundtrack,"Action, Indie",,,,ElagoTech,ElagoTech,0.0,steamspy,,True
1022120,Miracle snack shop / OST,"Casual, Indie, Simulation",,,,"TALESSHOP Co., Ltd.",,0.0,steamspy,,True
938090,Mirror Angel's Paradise Demo,"Action, Indie",,,,Henez,Henez,0.0,steamspy,3.0,True
844190,Mirror OST,"Adventure, Indie, RPG",,,,KAGAMI WORKs,Paradise Project,0.0,steamspy,,True
5162,Mirror's Edge HD Trailer,"Action, Adventure, Platformer, Puzzle",,,,DICE,Electronic Arts,0.0,steamspy,,True
80519,Mishap 2 Intro Trailer,Casual,,,,"Namco Networks America, Inc.","Namco Networks America, Inc.",0.0,steamspy,,True
47530,Mishap: An Accidental Haunting Demo,Casual,,,,Virtual Prophecy Entertainment,"Namco Networks America, Inc.",0.0,steamspy,,True
461300,Missileman Origins Demo,"Action, Indie",,,,Ryan Silberman,Opium Pulses Entertainment,0.0,steamspy,1.0,True
1112510,Mission Evilguy Demo,"Indie, Puzzle, Strategy",,,,Honeygold Entertainment,Honeygold Entertainment,0.0,steamspy,,True
568210,Mobile Astro Demo,"Action, Indie, Shooter",,,,Raxasoft Games,Raxasoft Games,0.0,steamspy,,True
563980,Modbox Demo,"Casual, Indie, Simulation",,,,Alientrap,Alientrap,0.0,steamspy,,True
510120,Modding Tool Add-on - Power & Revolution DLC,"Simulation, Strategy",,,,Eversim,,0.0,steamspy,,True
278480,Modding Tool Add-on for Masters of the World,Simulation,,,,Eversim,Eversim,0.0,steamspy,,True
315990,Modding Tool add-on for Rulers of Nations,Strategy,,,,Eversim,Eversim,0.0,steamspy,,True
285600,Moebius: Empire Rising Demo,"Adventure, Indie, Puzzle",,,,Phoenix Online Studios,Phoenix Online Publishing,0.0,steamspy,,True
320361,Moira's Urban Ninja Costume,"Action, Adventure",,,,Capcom,Capcom,0.0,steamspy,,True
994970,Molecats Demo,"Adventure, Casual, Indie, Puzzle",,,,Vidroid,Vidroid,0.0,steamspy,,True
727210,Moleman 4 - Longplay (Deluxe Edition): Moleman 2 - Demoscene: The Art of the Algorithms,Indie,,,,,,0.0,steamspy,1.0,True
722841,Moleman 4 - Longplay (Deluxe Edition): Moleman 4 - 90s Expansion Pack,Indie,,,,,,0.0,steamspy,,True
521070,Momento Temporis: Light from the Deep Demo,"Action, Adventure, Indie, Metroidvania, Platformer",,,,Burning Ice Games,Burning Ice Games,0.0,steamspy,,True
463080,Momentum Demo,Indie,,,,Projectile Entertainment,Projectile Entertainment,0.0,steamspy,8.0,True
449360,Momodora: Reverie Under the Moonlight OST,"Action, Indie",,,,Bombservice,PLAYISM,0.0,steamspy,,True
802420,Momoiro Closet Demo,"Adventure, Casual, Visual Novel",,,,Frontwing,Frontwing USA,0.0,steamspy,,True
416920,Monaco Soundtrack by Austin Wintory,"Action, Adventure, Casual, Indie, Strategy",,,,"Pocketwatch Games, Austin Wintory",Pocketwatch Games,0.0,steamspy,,True
1017280,Monads Demo,"Indie, JRPG, RPG, Strategy",,,,Team Monad,PsychoFlux Entertainment,0.0,steamspy,,True
80595,Monday Night Combat Ammo Mule Trailer,"Action, Indie, Shooter, Sports, Strategy, Tower Defense",,,,Uber Entertainment,Uber Entertainment,0.0,steamspy,,True
80593,Monday Night Combat Crossfire Trailer,"Action, Indie, Shooter, Sports, Strategy, Tower Defense",,,,,,0.0,steamspy,,True
80594,Monday Night Combat LaseRazor Trailer,"Action, Indie, Shooter, Sports, Strategy, Tower Defense",,,,,,0.0,steamspy,,True
80795,Monday Night Combat Tullys Trailer,"Action, Indie, Shooter, Sports, Strategy, Tower Defense",,,,,,0.0,steamspy,,True
469680,Mondrian - Abstraction in Beauty Demo,"Casual, Indie",,,,Lantana Games,Lantana Games,0.0,steamspy,,True
392810,Mondrian - Abstraction in Beauty: Original Game Soundtrack,"Casual, Indie",,,,Lantana Games,Lantana Games,0.0,steamspy,,True
611650,Mono Demo,"Horror, Indie",,,,JeliLiam,JeliLiam,0.0,steamspy,,True
304610,Monochroma Demo,"Action, Adventure, Horror, Indie, Platformer, Puzzle",,,,Nowhere Studios,Nowhere Studios,0.0,steamspy,,True
1070270,Monster Boy And The Cursed Kingdom Demo,"Action, Adventure, Indie, Metroidvania, Platformer",,,,Game Atelier,FDG Entertainment,0.0,steamspy,,True
1044070,Monster Crush - C4 Demolition Edition,"Casual, Indie, Strategy",,,,628 Games,628 Games,0.0,steamspy,,True
770976,Monster Hunter: World - The Handler's Friendly Felyne Costume,Action,,,,"CAPCOM Co., Ltd.","CAPCOM Co., Ltd.",0.0,steamspy,,True
763699,Monster Hunter: World - The Handler's Guildmarm Costume,Action,,,,"CAPCOM Co., Ltd.","CAPCOM Co., Ltd.",0.0,steamspy,,True
912540,Monster Hunter: World Original Soundtrack,Action,,,,"CAPCOM CO., LTD.","CAPCOM CO., LTD.",0.0,steamspy,,True
634030,Monster Slayers - Fire and Steel Expansion,"Action, Indie",,,,Nerdook Productions,Digerati,0.0,steamspy,,True
16630,Monster Trucks Nitro Demo,"Indie, Racing, Sports",,,,Redlynx Ltd,Miniclip.com,0.0,steamspy,,True
5184,Monster Trucks Nitro Trailer,"Indie, Racing, Sports",,,,,,0.0,steamspy,,True
385870,Monstrum - Original Soundtrack,Indie,,,,Team Junkfish,Junkfish Limited,0.0,steamspy,,True
1664360,Monuments Flipper: Prologue,"Casual, Indie, Simulation",,,,"Monuments Games, Games Incubator","Games Incubator, PlayWay S.A.",0.0,steamspy,,True
434350,Moon Hunters - Soundtrack,"Adventure, Indie, RPG",,,,Kitfox Games,Kitfox Games,0.0,steamspy,,True
973740,Moonlighter Original Soundtrack,"Action, Adventure, Indie",,,,Digital Sun,11 bit studios,0.0,steamspy,,True
773310,Morleyville Mall Demo,"Action, Horror, Indie, Strategy",,,,StarvingIndieDeveloper,StarvingIndieDeveloper,0.0,steamspy,,True
351020,Morningstar: Descent to Deadrock Demo,"Adventure, Indie",,,,Red Herring Labs,Phoenix Online Publishing,0.0,steamspy,,True
277720,MorphVOX Pro 4 - Voice Expansion Pack,Casual,,,,Screaming Bee,Screaming Bee,0.0,steamspy,,True
1119580,Morphies Law Demo,"Action, Indie, Shooter",,,,Cosmoscope GmbH,Cosmoscope GmbH,0.0,steamspy,,True
1054872,Mortal Kombat 11 Gold Demon Scorpion,Action,,,,"NetherRealm Studios, QLOC, Shiver",,0.0,steamspy,,True
1095031,Mortal Kombat 11 Klassic Arcade Ninja Skin Pack 1,Action,,,,"NetherRealm Studios, QLOC, Shiver",,0.0,steamspy,,True
558310,Mosaic: Game of Gods - Soundtrack,Casual,,,,New Bridge Games,New Bridge Games,0.0,steamspy,,True
558280,Mosaic: Game of Gods Demo,"Casual, Puzzle",,,,New Bridge Games,New Bridge Games,0.0,steamspy,,True
841940,Mosaic: Game of Gods II Demo,"Casual, Puzzle",,,,New Bridge Games,New Bridge Games,0.0,steamspy,,True
572460,Moto Racer  4 Demo,"Action, Racing, Sports",,,,Artefacts Studio,Microids,0.0,steamspy,4.0,True
510940,Moto Racer 4 - Season Pass,Racing,,,,Artefacts Studio,Microids,0.0,steamspy,,True
243820,MotoGP 13 Demo,"Racing, Simulation, Sports",,,,Milestone S.r.l.,Milestone S.r.l.,0.0,steamspy,105.0,True
298000,MotoGP 14 Demo,"Racing, Simulation, Sports",,,,Milestone S.r.l.,"Plug In Digital, Milestone S.r.l.",0.0,steamspy,24.0,True
297980,MotoGP14 Red Bull Rookies Cup DLC,"Racing, Simulation, Sports",,,,Milestone S.r.l.,"Plug In Digital, Milestone S.r.l.",0.0,steamspy,,True
297950,MotoGP14 Season Pass,"Racing, Sports",,,,Milestone S.r.l.,"Plug In Digital, Milestone S.r.l.",0.0,steamspy,,True
374810,MotoGP15: Season Pass,"Racing, Simulation, Sports",,,,Milestone S.r.l.,Milestone S.r.l.,0.0,steamspy,,True
1513950,Motor Assailant: Prologue,"Racing, Shooter",,,,DSW Games,DSW Games,0.0,steamspy,5.0,True
347120,Motorcycle Club Demo,Racing,,,,Kylotonn Entertainment,"Bigben Interactive, Plug In Digital",0.0,steamspy,,True
48710,Mount & Blade: Warband Demo,"Action, Adventure, Indie, RPG, Simulation, Strategy",,,,Tale Worlds,Tale Worlds,0.0,steamspy,,True
80952,Mount & Blade: Warband Trailer,"Action, Adventure, Indie, RPG, Simulation, Strategy",,,,,,0.0,steamspy,,True
80951,Mount & Blade: With Fire & Sword Trailer,"Action, Adventure, Indie, RPG, Simulation, Strategy",,,,,,0.0,steamspy,,True
748710,Mount Hill Demo,"Action, Horror, Indie, Survival",,,,Black Side,Black Side,0.0,steamspy,,True
22110,Mount and Blade Demo,"Action, Adventure, Indie, RPG, Simulation, Strategy",,,,Tale Worlds,Paradox Interactive,0.0,steamspy,,True
81583,Mount and Blade Napoleonic Wars Trailer,"Action, Massively Multiplayer, RPG, Shooter, Simulation, Strategy",,,,Tale Worlds,,0.0,steamspy,,True
833850,Mountain Racing Demo,"Adventure, Racing",,,,Yash Future Tech Solutions Pvt Ltd,Yash Future Tech Solutions Pvt Ltd,0.0,steamspy,,True
704870,Mountaineer Demo,Adventure,,,,Cryobolt Interactive,Cryobolt Interactive,0.0,steamspy,,True
1909220,Movie Quest,"Adventure, Casual, Indie, Massively Multiplayer, Simulation",,,,MrSpartano,,0.0,steamspy,,True
331610,Movie Studio Boss: The Sequel,"Casual, Indie, Simulation",,,,Eddy & Gary & Friends,,0.0,steamspy,52.0,True
333200,Movie Studio Boss: The Sequel Demo,"Casual, Indie, Simulation",,,,Eddy & Gary & Friends,,0.0,steamspy,,True
1952960,Movie Theater Simulator,"Indie, Simulation",,,,Movie Theater Simulator,Movie Theater Simulator,0.0,steamspy,1.0,True
1470220,Movie Tycoon Simulator 2020,Simulation,,,,Tim Rachor,Tim Rachor,0.0,steamspy,,True
1576280,Moviehouse – The Film Studio Tycoon,"Casual, Simulation, Strategy",,,,Odyssey Studios,Assemble Entertainment,0.0,steamspy,,True
1243150,Mr Maker 3D Level Editor,"Adventure, Indie, Platformer",,,,Derik D.F,Derik D.F,0.0,steamspy,,True
20730,Mr. Robot Demo,"Action, Indie, Puzzle, Strategy",,,,Moonpod,Moonpod,0.0,steamspy,,True
615260,Mr. Shifty OST,"Action, Adventure, Indie",,,,Team Shifty,tinyBuild,0.0,steamspy,,True
434640,Mu Complex Demo,"Adventure, Indie, Puzzle",,,,studiocime,studiocime,0.0,steamspy,,True
891810,MudRunner - American Wilds Expansion,Simulation,,,,Saber Interactive,Focus Entertainment,0.0,steamspy,,True
1024110,MudRunner - Old-timers DLC,Simulation,,,,Saber Interactive,Focus Home Interactive,0.0,steamspy,,True
816790,MudRunner - The Ridge DLC,Simulation,,,,Saber Interactive,Focus Home Interactive,0.0,steamspy,,True
782230,MudRunner - The Valley DLC,"Adventure, Simulation",,,,Saber Interactive,Focus Home Interactive,0.0,steamspy,,True
403455,Mugen Souls - Mega Costume Bundle 1,"Adventure, RPG, Strategy",,,,Idea Factory,Ghostlight LTD,0.0,steamspy,,True
403457,Mugen Souls - Mega Costume Bundle 2,"Adventure, RPG, Strategy",,,,idea Factory,Ghostlight LTD,0.0,steamspy,,True
780650,Mula: The Cycle of Shadow Demo,"Action, Indie, Platformer, RPG",,,,Boozer Game Studios,Boozer Game Studios,0.0,steamspy,,True
550070,Multimirror - Soundtrack,"Casual, Indie",,,,Cleverweek,,0.0,steamspy,,True
628440,Multiplayer FPS Demo,"Action, Casual, Indie",,,,Vitor Pêgas,Oryzhon Studios,0.0,steamspy,,True
1540,Multiwinia Demo,"Indie, Strategy",,,,Introversion Software,Introversion Software,0.0,steamspy,,True
5137,Multiwinia Official Trailer,"Indie, Strategy",,,,Introversion Software,Introversion Software,0.0,steamspy,,True
5068,Multiwinia Trailer 1 - Domination,"Indie, Strategy",,,,Introversion Software,Introversion Software,0.0,steamspy,,True
5081,Multiwinia Trailer 2 - King of the Hill,"Indie, Strategy",,,,,,0.0,steamspy,,True
5082,Multiwinia Trailer 3 - Capture the Statue,"Indie, Strategy",,,,Introversion Software,Introversion Software,0.0,steamspy,,True
5087,Multiwinia Trailer 4 - Rocket Riot,"Indie, Strategy",,,,Introversion Software,Introversion Software,0.0,steamspy,,True
5088,Multiwinia Trailer 5 - Blitzkrieg,"Indie, Strategy",,,,Introversion Software,Introversion Software,0.0,steamspy,,True
5092,Multiwinia Trailer 6 - Assault,"Indie, Strategy",,,,Introversion Software,Introversion Software,0.0,steamspy,,True
560520,Munch Demo,"Adventure, Casual, Indie",,,,Mostly Harmless Games,Mostly Harmless Games,0.0,steamspy,,True
1068560,Muppy The Bunny : The Danger of Wishes Demo,"Action, Adventure, Indie",,,,"Laurie Hanners, Skyler Hanners",Laurie Hanners,0.0,steamspy,,True
461050,Murasaki - Original Soundtrack,Indie,,,,"Katatema, Watson",PLAYISM,0.0,steamspy,,True
938610,Murderous Pursuits Official Soundtrack,"Action, Indie, Simulation, Strategy",,,,Blazing Griffin,,0.0,steamspy,,True
387921,Mushihimesama OST,Action,,,,"CAVE Interactive CO., LTD.",KOMODO,0.0,steamspy,,True
408070,Mushroom 11 Soundtrack - The Future Sound of London,"Action, Adventure, Indie",,,,"Untame, The Future Sound of London",Untame,0.0,steamspy,,True
731130,Mushroom Wars 2 - Official Soundtrack,"Action, Indie, Strategy",,,,Zillion Whales,Azur Games,0.0,steamspy,,True
461800,Music - Hearts of Iron IV: Sabaton Soundtrack,Strategy,,,,Paradox Development Studios,Paradox Interactive,0.0,steamspy,,True
840280,Music Boy 3D Demo,"Action, Indie",,,,Victor Pukman,Victor Pukman,0.0,steamspy,,True
1204920,Music Visualizer Engine PC Live Wallpaper,Simulation,,,,3dm_live_wallpapers,3dm_live_wallpapers,0.0,steamspy,,True
884762,Mutant Football League - Demonic Legion Pack,"Action, Indie, Sports",,,,Digital Dreams Entertainment,Digital Dreams Entertainment,0.0,steamspy,,True
587600,Mutant Football League Demo,"Action, Indie, Sports",,,,Digital Dreams Entertainment LLC,Digital Dreams Entertainment LLC,0.0,steamspy,20.0,True
81503,Mutant Storm Reloaded Trailer,"Action, Indie, Shooter",,,,,,0.0,steamspy,,True
489500,Muv-Luv: Wallpaper Pack,Adventure,,,,ixtl,,0.0,steamspy,,True
753430,My Big Sister Demo,"Adventure, Horror, Indie, RPG",,,,Stranga Games,GrabTheGames,0.0,steamspy,,True
922580,My Brother Rabbit - Original Soundtrack,"Adventure, Casual, Indie",,,,Artifex Mundi,Artifex Mundi,0.0,steamspy,,True
1107290,My Friend Pedro Soundtrack,"Action, Indie",,,,DeadToast Entertainment,Devolver Digital,0.0,steamspy,,True
915000,My Girlfriend is a Mermaid!? Demo,"Indie, Visual Novel",,,,"COSEN, TALESSHOP",Narrator,0.0,steamspy,,True
316542,My Lands: Age of Prosperity - Premium DLC Pack,"Adventure, Casual, Indie, Massively Multiplayer, Strategy",,,,"Gravvit Ltd, Forbes  Consult Ltd",ELYLAND  INVESTMENT COMPANY LIMITED,0.0,steamspy,,True
326691,My Lands: Builder - Artifact DLC Pack,"Casual, Indie, Massively Multiplayer, Strategy",,,,"Gravvit Ltd, Forbes  Consult Ltd",ELYLAND  INVESTMENT COMPANY LIMITED,0.0,steamspy,,True
316541,My Lands: Elf Ranger - Artifact DLC Pack,"Casual, Indie, Massively Multiplayer, Strategy",,,,"Gravvit Ltd, Forbes  Consult Ltd",ELYLAND  INVESTMENT COMPANY LIMITED,0.0,steamspy,,True
316500,My Lands: Golden Age - Premium DLC Pack,"Casual, Indie, Massively Multiplayer, Strategy",,,,"Gravvit Ltd, Forbes Consult Ltd",ELYLAND  INVESTMENT COMPANY LIMITED,0.0,steamspy,,True
316530,My Lands: Hero Courage - Extended DLC Pack,"Casual, Indie, Massively Multiplayer, Strategy",,,,"Gravvit Ltd, Forbes  Consult Ltd",ELYLAND  INVESTMENT COMPANY LIMITED,0.0,steamspy,,True
326690,My Lands: Highlander - Artifact DLC Pack,"Casual, Indie, Massively Multiplayer, Strategy",,,,"Gravvit Ltd, Forbes  Consult Ltd",ELYLAND  INVESTMENT COMPANY LIMITED,0.0,steamspy,,True
316510,My Lands: Miner’s Luck - Extended DLC Pack,"Casual, Indie, Massively Multiplayer, Strategy",,,,"Gravvit Ltd, Forbes  Consult Ltd",ELYLAND  INVESTMENT COMPANY LIMITED,0.0,steamspy,,True
313311,My Lands: Miner’s Luck - Starter DLC Pack,"Casual, Indie, Massively Multiplayer, Strategy",,,,"Gravvit Ltd, Forbes  Consult Ltd",ELYLAND  INVESTMENT COMPANY LIMITED,0.0,steamspy,,True
313300,My Lands: Swift Rise - Starter DLC Pack,"Casual, Indie, Massively Multiplayer, Strategy",,,,"Gravvit Ltd, Forbes  Consult Ltd",ELYLAND  INVESTMENT COMPANY LIMITED,0.0,steamspy,,True
2475350,My Little Blood Cult: Let's Summon Demons,"Action, Adventure, Casual, Horror, Simulation",,,,Dillo Interactive,Dillo Interactive,0.0,steamspy,,True
832580,My Lovely Daughter - Original Soundtrack,"Adventure, Indie, Simulation",,,,GameChanger Studio,"Toge Productions, Neon Doctrine",0.0,steamspy,,True
820060,My Lovely Daughter Demo,"Adventure, Horror, Indie, Simulation",,,,GameChanger Studio,"Toge Productions, Another Indie",0.0,steamspy,,True
2183430,My Lovey-Dovey Demon,"Casual, Visual Novel",,,,ebi-hime,ebi-hime,0.0,steamspy,,True
952650,My Magical Demon Lover - Cheat Map,"Indie, Simulation",,,,Y Press Games,Y Press Games,0.0,steamspy,,True
952651,My Magical Demon Lover - Sound Track,"Indie, Simulation",,,,Y Press Games,Y Press Games,0.0,steamspy,,True
926510,My Maid Girlfriend Demo,"Adventure, Casual",,,,Genius inc.,Genius inc.,0.0,steamspy,,True
626900,My Name is You - OST,Indie,,,,Nikita Kaf Productions,Nikita Kaf Productions,0.0,steamspy,,True
974290,My Time At Portia - Original Soundtrack,"Adventure, Casual, Indie, RPG, Simulation",,,,Pathea Games,Pathea Games,0.0,steamspy,,True
666970,My Time At Portia Demo,"Adventure, Casual, Indie, RPG, Simulation, Survival",,,,Pathea Games,Pathea Games,0.0,steamspy,,True
624360,My own little planet - Official Soundtrack,Indie,,,,Lucas Parise,,0.0,steamspy,,True
81481,Myst V Trailer,"Adventure, Casual, Puzzle",,,,,,0.0,steamspy,,True
670360,Mysterious Adventure of Michael Demo,"Action, Indie",,,,HUNTERS,HUNTERS,0.0,steamspy,,True
484360,Mysterium VR Demo,"Action, Adventure, Indie, RPG",,,,StormBringer Studios OU,StormBringer Studios OU,0.0,steamspy,,True
3612,Mystery P.I. - Lost in Los Angeles Demo,Casual,,,,SpinTop Games,"PopCap Games, Inc.",0.0,steamspy,,True
3502,Mystery P.I. - The Lottery Ticket Free Demo,Casual,,,,SpinTop Games,"PopCap Games, Inc.",0.0,steamspy,,True
1032290,Mystic Vale - Season Pass,"Indie, Strategy",,,,Nomad Games,Nomad Games,0.0,steamspy,,True
2438780,Mythic Battlegrounds: Demonic Siege,"Indie, Strategy, Survival, Tower Defense",,,,DochiGames,DochiGames,0.0,steamspy,33.0,True
1155470,Mythic Ocean: Prologue,"Adventure, Indie, Visual Novel",,,,Paralune LLC,Paralune LLC,0.0,steamspy,,True
1551110,Mythic Prelude - Concept Demo,"Action, Adventure, Platformer, Puzzle",,,,Dmitri Lowell,Dmitri Lowell,0.0,steamspy,,True
950690,NAMELESS Demo,"Action, Adventure, Indie",,,,Tiny Warrior Games,Tiny Warrior Games,0.0,steamspy,,True
416424,NARUTO SHIPPUDEN: Ultimate Ninja STORM 4 - Season Pass,"Action, Adventure, Fighting",,,,CyberConnect2 Co. Ltd.,BANDAI NAMCO Entertainment,0.0,steamspy,,True
318710,NARUTO SHIPPUDEN: Ultimate Ninja STORM Revolution - DLC10 Reanimation-Before Death Pack,"Action, Adventure",,,,"CyberConnect2 Co., Ltd.",BANDAI NAMCO Entertainment,0.0,steamspy,,True
301893,NARUTO SHIPPUDEN: Ultimate Ninja STORM Revolution - DLC4 Jinchuriki Costume Pack 1,"Action, Adventure",,,,"CyberConnect2 Co., Ltd.",BANDAI NAMCO Entertainment,0.0,steamspy,,True
301894,NARUTO SHIPPUDEN: Ultimate Ninja STORM Revolution - DLC5 Jinchuriki Costume Pack 2,"Action, Adventure",,,,"CyberConnect2 Co., Ltd.",BANDAI NAMCO Entertainment,0.0,steamspy,,True
495160,NARUTO STORM 4 : Road to Boruto Expansion,"Action, Adventure, Fighting",,,,CyberConnect2 Co. Ltd.,BANDAI NAMCO Entertainment,0.0,steamspy,,True
888872,NARUTO TO BORUTO: SHINOBI STRIKER Season Pass,Action,,,,Soleil Ltd.,BANDAI NAMCO Entertainment,0.0,steamspy,,True
5802,NASA Moonbase Alpha Trailer,"Adventure, Massively Multiplayer, Puzzle, Simulation, Strategy",,,,"Virtual Heroes, Army Game Studio",NASA,0.0,steamspy,,True
703440,NASCAR Heat 2 - September Jumbo Expansion,Racing,,,,Monster Games,704 Games Company,0.0,steamspy,,True
510720,NDE Rescue Demo,"Action, Strategy",,,,6L6 Interactive,KSCM Consulting,0.0,steamspy,,True
616730,NEKO-NIN exHeart Demo,"Action, Casual, Indie, Visual Novel",,,,Whirlpool,Sekai Project,0.0,steamspy,,True
334660,NEKOPARA Vol. 1 Demo,"Casual, Indie, Simulation, Visual Novel",,,,NEKO WORKs,Sekai Project,0.0,steamspy,,True
368320,NEON STRUCT Demo,"Action, Indie",,,,Minor Key Games,Minor Key Games,0.0,steamspy,,True
341790,NEON STRUCT Soundtrack & Artbook,"Action, Indie",,,,Minor Key Games,Minor Key Games,0.0,steamspy,,True
537410,NEStalgia Soundtrack,"Indie, Massively Multiplayer, RPG",,,,Silk Games,,0.0,steamspy,,True
765080,NEVRDEAD Demo,"Action, Adventure, Horror, Indie",,,,CJWorks,CJWorks,0.0,steamspy,,True
524210,NIGHTSTAR Demo,"Action, Indie, Shooter, Simulation",,,,SOLIDMESH,SOLIDMESH,0.0,steamspy,,True
862090,NITE Team 4 Demo,"Adventure, Indie, Puzzle, Simulation, Strategy",,,,Alice & Smith,Alice & Smith,0.0,steamspy,,True
459490,NO THING - Soundtrack,"Action, Adventure, Indie",,,,Evil Indie Games,Evil Indie Games,0.0,steamspy,,True
1019870,NOBUNAGA'S AMBITION: Taishi with Powerup Kit Demo,"Simulation, Strategy",,,,,,0.0,steamspy,,True
701000,NOISZ Demo,"Action, Indie, Visual Novel",,,,"NOISZMAKERS, Team Infinity",Anarch Entertainment,0.0,steamspy,,True
752820,NOLA is Burning Demo,"Adventure, Indie, RPG",,,,Choice of Games,Choice of Games,0.0,steamspy,,True
3315750,NOMANUAL,"Adventure, Indie","14 Feb, 2025",False,"₩ 13,500",RIPLEY Studio,RIPLEY Studio,0.0,appdetails,,True
888859,NTBSS: Seventh Hokage Costume (Gender-Neutral),Action,,,,Soleil Ltd.,BANDAI NAMCO Entertainment,0.0,steamspy,,True
2255970,Nacht-sama is quitting being the demon king!,"Adventure, Casual, RPG","9 Jun, 2023",False,"₩ 16,500",地蔵サバイバルナイト,Hanabi Games,0.0,appdetails,,True
740850,Naklua VR Demo,"Adventure, Casual, Indie, Sports",,,,Fly Dream Dev,Fly Dream Dev,0.0,steamspy,,True
339750,Nameless ~The one thing you must recall~ Demo,Simulation,,,,"Sujin Ri, Yunjeong Yun, Hyein Go, Minsu Ock, Marcos Arroyo, Seona Lee, Sohyeon Jeon",Cheritz,0.0,steamspy,,True
415040,Nameless ~the one thing you must recall~ OST,Simulation,,,,"Sujin Ri, Yunjeong Yun, Hyein Go, Minsu Ock, Marcos Arroyo, Seona Lee, Sohyeon Jeon",,0.0,steamspy,,True
81655,Nancy Drew Tomb of the Lost Queen Trailer,"Adventure, Puzzle",,,,Her Interactive,,0.0,steamspy,,True
31940,Nancy Drew: Legend of the Crystal Skull Demo,"Adventure, Puzzle, Visual Novel",,,,Her Interactive,Her Interactive,0.0,steamspy,,True
80956,Nancy Drew: Secrets Can Kill Trailer,"Adventure, Puzzle",,,,,,0.0,steamspy,,True
80973,Nancy Drew: The Captive Curse Trailer,"Adventure, Puzzle",,,,,,0.0,steamspy,,True
31950,Nancy Drew: The Creature of Kapu Cave Demo,"Adventure, Puzzle",,,,Her Interactive,Her Interactive,0.0,steamspy,,True
31960,Nancy Drew: The Phantom of Venice Demo,"Adventure, Puzzle, Visual Novel",,,,Her Interactive,Her Interactive,0.0,steamspy,,True
31970,Nancy Drew: The White Wolf of Icicle Creek Demo,"Adventure, Puzzle",,,,Her Interactive,Her Interactive,0.0,steamspy,,True
80957,Nancy Drew: Trail of the Twister Trailer,"Adventure, Puzzle",,,,,,0.0,steamspy,,True
5573,Nancy Drew: Warnings at Waverly Academy Trailer,"Adventure, Puzzle",,,,Her Interactive,Her Interactive,0.0,steamspy,,True
912910,Nanoui Demo,"Action, Adventure, Casual, Indie, RPG",,,,Phoesion,Phoesion,0.0,steamspy,,True
445261,Naotora Ii Debut Costume Set,Action,,,,"Team NINJA, KOEI TECMO GAMES CO., LTD.",,0.0,steamspy,,True
81767,Napoleon Total War DLC Trailer,"Action, Simulation, Strategy",,,,The Creative Assembly,SEGA,0.0,steamspy,,True
5721,Napoleon: Total War - Peninsular Campaign Trailer,"Action, Simulation, Strategy",,,,,,0.0,steamspy,,True
34050,Napoleon: Total War Demo,"Action, Strategy",,,,The Creative Assembly,SEGA,0.0,steamspy,,True
5536,Napoleon: Total War Story Mode Trailer,"Action, Simulation, Strategy",,,,,,0.0,steamspy,,True
5392,Napoleon: Total War Trailer,"Action, Simulation, Strategy",,,,,,0.0,steamspy,,True
5401,Napoleon: Total War Trailer (Italian),"Action, Simulation, Strategy",,,,,,0.0,steamspy,,True
5399,Napoleon: Total War Trailer (Polish),"Action, Simulation, Strategy",,,,The Creative Assembly,SEGA,0.0,steamspy,,True
5402,Napoleon: Total War Trailer (Russian),"Action, Simulation, Strategy",,,,The Creative Assembly,SEGA,0.0,steamspy,,True
5400,Napoleon: Total War Trailer (Spanish),"Action, Simulation, Strategy",,,,,,0.0,steamspy,,True
1098930,Narazumono Demo,"Adventure, RPG, Strategy",,,,noprops,noprops,0.0,steamspy,,True
439510,Narcissu 10th Anniversary Anthology Project - Season Pass,"Casual, Indie",,,,stage-nana,Sekai Project,0.0,steamspy,,True
627310,Narcissu 10th Anniversary Soundtrack,"Casual, Indie",,,,stage-nana,,0.0,steamspy,,True
295510,Narcissu 1st & 2nd Original Sound Track,"Casual, Indie, Visual Novel",,,,stage-nana,Sekai Project,0.0,steamspy,,True
1093200,Narco Strike Demo,"Action, Adventure",,,,Free Initiative Games,Free Initiative Games,0.0,steamspy,,True
439630,Naruto Shippuden the Movie: Blood Prison,Action,,,,Studio Pierrot,VIZ Media,0.0,steamspy,,True
439610,Naruto Shippuden the Movie: The Will of Fire,Action,,,,Studio Pierrot,VIZ Media,0.0,steamspy,,True
439580,Naruto the Movie: Guardians of the Crescent Moon Kingdom,Action,,,,Studio Pierrot,VIZ Media,0.0,steamspy,,True
439570,Naruto the Movie: Legend of the Stone of Gelel,Action,,,,Studio Pierrot,VIZ Media,0.0,steamspy,,True
439560,Naruto the Movie: Ninja Clash in the Land of Snow,Action,,,,Studio Pierrot,VIZ Media,0.0,steamspy,,True
320362,Natalia's Lottie Suit Costume,"Action, Adventure",,,,Capcom,Capcom,0.0,steamspy,,True
39810,Nation Red Demo,"Action, Horror, Indie, Shooter, Survival",,,,DiezelPower,DiezelPower,0.0,steamspy,,True
829230,Natural Locomotion Demo,Simulation,,,,Myou,Myou,0.0,steamspy,,True
81986,Natural Selection 2 Trailer,"Action, Adventure, Indie, Shooter, Strategy",,,,,,0.0,steamspy,,True
210290,Naval War Arctic Circle Demo,Strategy,,,,TURBO TAPE GAMES,Paradox Interactive,0.0,steamspy,,True
80878,Naval Warfare Trailer,"Action, Indie, Shooter",,,,,,0.0,steamspy,,True
922940,Navyblue &amp; the Spectrum Killers Demo,"Action, Indie",,,,Hyper Combo Studio,Hyper Combo Studio,0.0,steamspy,,True
34400,NecroVision Demo,"Action, Horror, Shooter",,,,The Farm 51,1C Company,0.0,steamspy,,True
5251,NecroVision Trailer,"Action, Horror, Shooter",,,,The Farm 51,"1C Company, 1C-SoftClub",0.0,steamspy,,True
796410,Necromancer Returns - Soundtrack + Concept Art,"Adventure, Casual, Indie, RPG, Strategy",,,,Greenolor Studio,Kaser Studio,0.0,steamspy,,True
620030,Necrosphere Demo,"Action, Indie, Metroidvania, Platformer",,,,Cat Nigiri,Cat Nigiri,0.0,steamspy,,True
5161,Need for Speed Undercover HD Trailer,"Action, Racing, Simulation",,,,,,0.0,steamspy,,True
5414,Need for Speed: Shift Trailer,"Action, Racing, Simulation",,,,,,0.0,steamspy,,True
526530,Negligee - Artbook,"Adventure, Casual, Indie",,,,Dharker Studios,Dharker Studios,0.0,steamspy,,True
526532,Negligee - Avatars,"Adventure, Casual, Indie",,,,Dharker Studios,Dharker Studios,0.0,steamspy,,True
529010,Negligee - Wallpapers,"Adventure, Casual, Indie",,,,Dharker Studios,Dharker Studios,0.0,steamspy,,True
946140,Neighbor Demo,"Adventure, Casual, Horror, Visual Novel",,,,OTUSUN LAND,OTUSUN LAND,0.0,steamspy,,True
615210,Neighboring Islands - soundtrack,"Adventure, Indie",,,,Angry games,ЛД: Новости визуальных новелл,0.0,steamspy,,True
633590,Neighbourhood Necromancer Demo,"Adventure, Indie, RPG",,,,Choice of Games,Choice of Games,0.0,steamspy,,True
904270,Neko Dungeon BlaBla Underwear DLC,"Action, Adventure, Casual, Indie, RPG, Strategy",,,,TK Studio,TK Studio,0.0,steamspy,,True
777680,Nekomew's Potty Trouble Demo,"Horror, Indie",,,,Pikewin,Pikewin,0.0,steamspy,,True
538420,Nekuia Demo,"Action, Adventure, Indie, Platformer",,,,Blue Gate,Blue Gate,0.0,steamspy,,True
1055061,Nelke & the LA: 37 Costume Pack,RPG,,,,"KOEI TECMO GAMES CO., LTD.","KOEI TECMO GAMES CO., LTD.",0.0,steamspy,,True
444390,Neo Aquarium Soundtrack,"Action, Indie",,,,Calappa Games,PLAYISM,0.0,steamspy,,True
704730,Neofeud - Soundtrack,"Adventure, Indie",,,,Silver Spook Games,,0.0,steamspy,,True
453250,Neon Chrome Original Soundtrack,"Action, Adventure, Indie, RPG, Shooter",,,,10tons Ltd,,0.0,steamspy,,True
880760,Neon Valley: Revenge Demo,"Action, Indie, Shooter",,,,Daydream Productions,Daydream Productions,0.0,steamspy,,True
563110,Neon Warp Demo,"Action, Casual, Indie, Puzzle",,,,Axel Sonic,Otakumaker.com,0.0,steamspy,,True
680710,Never Again Demo,"Adventure, Horror, Indie, Puzzle",,,,Primary Games,Primary Games,0.0,steamspy,,True
351740,Never Alone: Original Soundtrack,"Action, Adventure, Indie",,,,"Upper One Games, E-Line Media",,0.0,steamspy,,True
538750,Never Forget Me MP3+Wallpapers,"Adventure, Casual",,,,Winter Wolves,,0.0,steamspy,,True
905100,Neverliria Demo,"Adventure, Indie, Strategy, Survival, Tower Defense",,,,no.rest,no.rest,0.0,steamspy,,True
854961,Neverwinter Nights: Darkness Over Daggerford Official Soundtrack,RPG,,,,Ossian Studios,Beamdog,0.0,steamspy,,True
738710,Neverwinter Nights: Enhanced Edition Official Soundtrack,RPG,,,,Beamdog,Beamdog,0.0,steamspy,,True
738711,Neverwinter Nights: Premium Adventures Official Soundtrack,RPG,,,,Beamdog,Beamdog,0.0,steamspy,,True
2019700,New Citizen - Alpha,"Action, Adventure, RPG, Strategy, Survival",,,,Specpixel Entertainment,Specpixel Entertainment,0.0,steamspy,,True
434550,New Outbreak Demo,"Action, Adventure, Indie, Survival",,,,"0Bennyman, SRSLYcasual",LootBit,0.0,steamspy,,True
465950,New Retro Arcade Neon Demo,"Action, Adventure, Casual, Indie, Racing, Shooter, Simulation, Sports",,,,Digital Cybercherries,Digital Cybercherries,0.0,steamspy,,True
494570,New Retro Arcade: Neon Original Soundtrack,"Action, Adventure, Casual, Racing, Simulation, Sports",,,,Digital Cybercherries,Digital Cybercherries,0.0,steamspy,,True
82072,New Star Soccer 5 Trailer,"Indie, Simulation, Sports",,,,New Star Games,,0.0,steamspy,,True
430430,New York Mysteries: High Voltage Demo,"Adventure, Casual",,,,FIVE-BN GAMES,FIVE-BN GAMES,0.0,steamspy,,True
612280,New York Mysteries: Secrets of the Mafia Demo,"Adventure, Casual",,,,FIVE-BN GAMES,FIVE-BN GAMES,0.0,steamspy,,True
512950,New York Mysteries: The Lantern of Souls Demo,"Adventure, Casual",,,,FIVE-BN GAMES,FIVE-BN GAMES,0.0,steamspy,,True
735510,Next Day: Survival OST,"Action, Indie, RPG",,,,SOFF Games,Last Level,0.0,steamspy,,True
444760,Nexus: The Jupiter Incident Soundtrack,"Indie, Simulation, Strategy",,,,Mithis Games,HandyGames,0.0,steamspy,,True
689860,Ni no Kuni II: Revenant Kingdom - Season Pass,"Adventure, RPG",,,,LEVEL5 Inc.,BANDAI NAMCO Entertainment,0.0,steamspy,,True
712900,Niche - a genetic survival game Soundtrack,"Indie, Simulation, Strategy",,,,Stray Fawn Studio,Stray Fawn Publishing,0.0,steamspy,,True
854800,Nicky - The Home Alone Golf Ball Demo,"Action, Adventure, Casual, Indie, Strategy",,,,Minimallab,Minimallab,0.0,steamspy,,True
683740,Nidhogg 2 Soundtrack,"Action, Casual, Indie",,,,Messhof,Messhof,0.0,steamspy,,True
735433,Niffelheim OST,"Action, Adventure, Indie, RPG, Simulation, Strategy, Survival",,,,Ellada Games,Ellada Games,0.0,steamspy,,True
1453600,Night Reverie: Prologue,"Adventure, Casual, Indie, Puzzle",,,,Somber Pixel,"Somber Pixel, indienova",0.0,steamspy,,True
610220,Night in the Woods - Soundtrack Vol. I,Adventure,,,,Infinite Fall,Finji,0.0,steamspy,,True
610221,Night in the Woods - Soundtrack Vol. II,Adventure,,,,Infinite Fall,Finji,0.0,steamspy,,True
610222,Night in the Woods - Soundtrack Vol. III,Adventure,,,,Infinite Fall,Finji,0.0,steamspy,,True
619630,Nightshade Soundtrack,Adventure,,,,"Red Entertainment, LANTERN ROOMS",D3PUBLISHER,0.0,steamspy,,True
392960,Nightside Demo,"Indie, Strategy",,,,OMNIDREAM CREATIONS SRL,OMNIDREAM CREATIONS SRL,0.0,steamspy,,True
400420,Nightside OST,"Indie, Strategy",,,,OMNIDREAM CREATIONS,,0.0,steamspy,,True
581990,Nihilist Simulator OST,"Action, Casual, Indie, Simulation",,,,hyperboreanGames,Back To Basics Gaming,0.0,steamspy,,True
361500,Niko Through The Dream - Soundtrack,"Adventure, Indie",,,,Studio Paint,Studio Paint,0.0,steamspy,,True
50010,Nimbus Demo,"Indie, Platformer, Puzzle, Racing",,,,Noumenon Games,Noumenon Games,0.0,steamspy,,True
998900,Nine Dragons : Kung Fu Arena Demo,"Action, Indie, Massively Multiplayer, Survival",,,,Joongwon Entertainment,Joongwon Games,0.0,steamspy,,True
2900530,Nine Realms Prologue,"Action, Indie, Roguelike",,,,Meta Sapien Games,Meta Sapien Games,0.0,steamspy,,True
613990,Ninja Avenger Dragon Blade Demo,"Action, Adventure, Casual, Indie, RPG, Survival, Visual Novel",,,,Meow Studios,Meow Studios,0.0,steamspy,,True
5435,Ninja Blade Trailer,Action,,,,FromSoftware,"ND Games, bitComposer Games",0.0,steamspy,,True
13010,Ninja Reflex Demo,"Casual, Indie",,,,Sanzaru Games,Nunchuck Games,0.0,steamspy,,True
931460,Ninjin: Clash of Carrots Demo,"Action, Adventure, Indie, RPG",,,,Pocket Trap,Modus Games,0.0,steamspy,,True
981340,Niplheim's Hunter - Branded Azel Demo,"JRPG, RPG",,,,Black Train,Kagura Games,0.0,steamspy,,True
310660,No More Room in Hell - Original Soundtrack Volume 1,"Action, Indie",,,,No More Room in Hell Team,Lever Games,0.0,steamspy,,True
437790,No One But You - Original Soundtrack,"Adventure, Indie, Simulation",,,,Unwonted Studios,Unwonted Studios,0.0,steamspy,,True
367160,No One But You Demo,"Adventure, Indie, Simulation, Visual Novel",,,,Unwonted Studios,Unwonted Studios,0.0,steamspy,,True
297550,No Time To Explain OST,"Action, Adventure, Casual, Indie",,,,"tinyBuild, MrFuby",tinyBuild,0.0,steamspy,,True
681560,No Time to Explain OST,"Action, Adventure, Casual, Indie",,,,"tinyBuild, MrFuby",tinyBuild,0.0,steamspy,,True
2526490,Noble's Life: Kingdom Reborn - Prologue,"Indie, RPG, Simulation, Strategy","16 Dec, 2024",True,,Gentle Griffons,Concept Lab Sp. z o.o.,0.0,appdetails,,True
735210,"Nobunaga's Ambition: Taishi - 『信長の野望･創造』BGM（30曲）/""Nobunaga's Ambition: SoI"" BGM Collection",Simulation,,,,"KOEI TECMO GAMES CO., LTD.","KOEI TECMO GAMES CO., LTD.",0.0,steamspy,,True
81570,Noitu Love 2 Devolution Trailer,"Action, Indie, Platformer",,,,,,0.0,steamspy,,True
727260,Nona Demo,"Action, Casual, Indie",,,,Yorozu,Yorozu,0.0,steamspy,,True
951350,Nono's magic general shop Soundtrack,"Casual, Indie, RPG, Simulation, Strategy",,,,Inu to Neko,,0.0,steamspy,,True
406340,NoseBound Demo,"Action, Adventure, Indie",,,,Quarantine Interactive,Plug In Digital,0.0,steamspy,,True
1201400,Not For Broadcast: Prologue,"Indie, Simulation","11 Dec, 2019",True,,NotGames,tinyBuild,0.0,appdetails,,True
954690,Not Tonight (Original Soundtrack),"Adventure, RPG, Simulation",,,,PanicBarn,No More Robots,0.0,steamspy,,True
414610,Notch - Deluxe Content DLC,"Adventure, Casual, Indie",,,,"Angels Blue Digital Entertainment, DigitalEZ",DigitalEZ,0.0,steamspy,,True
355440,Notch Original Soundtrack - Alpha Episode,"Casual, Indie",,,,"Angels Blue Digital Entertainment, DigitalEZ",DigitalEZ,0.0,steamspy,,True
355450,Notch Original Soundtrack - Omega Episode,"Casual, Indie",,,,"Angels Blue Digital Entertainment, DigitalEZ",DigitalEZ,0.0,steamspy,,True
1840860,Nova Odessa - The Demon Trainer,"Action, Adventure, Indie, RPG, Simulation",,,,Leonardo Alexandrino,Leonardo Alexandrino,0.0,steamspy,,True
393400,Nova-111: Original Soundtrack,"Action, Adventure, Indie, Strategy",,,,Funktronic Labs,Funktronic Labs,0.0,steamspy,,True
425270,Novus Inceptio - The Official Soundtrack,"Adventure, Indie, RPG",,,,McMagic Productions,McMagic Productions,0.0,steamspy,,True
80815,Nuclear Dawn Spring Teaser trailer,"Action, Shooter, Strategy",,,,InterWave Studios,InterWave Studios,0.0,steamspy,,True
81022,Nuclear Dawn Trailer,"Action, Shooter, Strategy",,,,InterWave Studios,InterWave Studios,0.0,steamspy,,True
930130,Nuclear Powered Toaster Demo,"Adventure, Indie, RPG",,,,Hosted Games,Hosted Games,0.0,steamspy,,True
428400,Nuclear Throne - Original Soundtrack by Jukio Kallio,"Action, Indie, RPG",,,,Jukio Kallio,Vlambeer,0.0,steamspy,,True
734810,Nullysun Soundtrack,"Adventure, Indie",,,,"AllSol, Unknown Hero",Metal Fox,0.0,steamspy,,True
872640,Number Hunt Demo,"Action, Indie",,,,PaleBlue XYZ,PaleBlue XYZ,0.0,steamspy,,True
60810,Numen Demo,"Action, RPG",,,,"CINEMAX, s.r.o.","CINEMAX, s.r.o.",0.0,steamspy,,True
543210,Nurse Love Addiction - Original Soundtrack,"Adventure, Simulation",,,,KOGADO STUDIO,KOMODO,0.0,steamspy,,True
57010,NyxQuest Demo,"Action, Adventure, Platformer, Puzzle",,,,Over the Top Games,Over the Top Games,0.0,steamspy,,True
5922,NyxQuest: Kindred Spirits Trailer,"Action, Adventure, Platformer, Puzzle",,,,Over the Top Games,Over the Top Games,0.0,steamspy,,True
969160,OCTOPTICOM Demo,"Indie, Puzzle, Simulation",,,,UP DEVELOPMENT LTD.,UP DEVELOPMENT LTD.,0.0,steamspy,,True
826520,OF MICE AND SAND -REVISED- SOUNDTRACK,"Simulation, Strategy",,,,SOLIDTUNE,ARC SYSTEM WORKS,0.0,steamspy,,True
464720,OH! GUIDE!,"Adventure, Casual, Indie, RPG, Strategy",,,,RosePortal Games,RosePortal Games,0.0,steamspy,,True
617540,OMEGA PATTERN - VISUAL NOVEL Demo,"Adventure, Indie, Simulation, Visual Novel",,,,Borokai Studio,Borokai Studio,0.0,steamspy,,True
880283,OMSI 2 Add-on München City - Demo,Simulation,,,,Olgu Cerit,Aerosoft GmbH,0.0,steamspy,,True
743880,OPUS: Rocket of Whispers Original Soundtrack,"Adventure, Indie",,,,SIGONO INC.,SIGONO INC.,0.0,steamspy,,True
458740,OPUS: The Day We Found Earth Original Soundtrack,"Adventure, Indie",,,,SIGONO INC.,,0.0,steamspy,,True
875890,"OST and Art Pack - Just, Bearly","Casual, Indie",,,,Daniel J Roberts,,0.0,steamspy,,True
316870,OTTTD Demo,"Indie, Strategy, Tower Defense",,,,SMG Studio,SMG Studio,0.0,steamspy,,True
639210,OVIVO Demo,"Action, Adventure, Indie, Platformer, Puzzle",,,,IzHard,IzHard,0.0,steamspy,,True
755440,Oats Studios - Volume 1: LIMA - Trailer,"Action, Horror",,,,,,0.0,steamspy,,True
520871,Obduction - Original Sound Track,"Adventure, Casual, Indie",,,,"Robyn Miller, Zoo Break Gun Club LLC",,0.0,steamspy,,True
331520,Oblivious Garden ~Carmina Burana Soundtrack,"Casual, Indie",,,,"CorypheeSoft, DigitalEZ",DigitalEZ,0.0,steamspy,,True
454300,Observatory: A VR Variety Pack Demo,"Adventure, Indie, Racing",,,,2DArray,2DArray,0.0,steamspy,,True
939320,Observer - Soundtrack,"Adventure, Indie",,,,Bloober Team SA,,0.0,steamspy,,True
5217,Obulis Trailer,"Casual, Indie, Puzzle, Strategy",,,,IonFX,Meridian4,0.0,steamspy,,True
821590,Octahedron Demo,"Action, Indie, Platformer, Puzzle",,,,Demimonde,Square Enix,0.0,steamspy,,True
296170,Octodad: Dadliest Catch - Soundtrack,"Action, Adventure, Casual, Indie",,,,Young Horses,Young Horses,0.0,steamspy,,True
494400,Octoshield VR Demo,"Action, Indie, Simulation, Sports",,,,Potato Games,Potato Games,0.0,steamspy,,True
932380,Odd Island - Official Soundtrack,"Action, Indie",,,,MACKINN7,MACKINN7,0.0,steamspy,,True
456030,OddEven Demo,"Casual, Indie, Puzzle, Strategy",,,,irritatingFLY studio,irritatingFLY studio,0.0,steamspy,,True
82024,Oddworld Strangers Wrath HD Trailer,"Action, Adventure, Shooter, Strategy",,,,,,0.0,steamspy,,True
15720,Oddworld: Abe's Exoddus Demo,"Action, Adventure, Platformer, Puzzle",,,,Oddworld Inhabitants,Oddworld Inhabitants,0.0,steamspy,,True
400780,Oddworld: Abe's Oddysee - Official Soundtrack,"Adventure, Indie",,,,"Oddworld Inhabitants, Inc.","Oddworld Inhabitants, Inc.",0.0,steamspy,,True
15730,Oddworld: Abe's Oddysee Demo,"Action, Adventure, Indie, Platformer, Puzzle",,,,Oddworld Inhabitants,Oddworld Inhabitants,0.0,steamspy,,True
80495,Oddworld: Munch's Oddysee Trailer,"Action, Adventure, Platformer, Puzzle, Strategy",,,,Oddworld Inhabitants,Oddworld Inhabitants,0.0,steamspy,,True
323341,Oddworld: New 'n' Tasty - Alf's Escape DLC,Adventure,,,,"Just Add Water (Developments), Ltd.","Oddworld Inhabitants, Inc",0.0,steamspy,,True
391880,Oddworld: New 'n' Tasty - Official Soundtrack,"Adventure, Indie",,,,"Oddworld Inhabitants, Inc.","Oddworld Inhabitants, Inc.",0.0,steamspy,,True
323340,Oddworld: New 'n' Tasty - Scrub Abe Costume,Adventure,,,,"Just Add Water (Developments), Ltd.",,0.0,steamspy,,True
616970,Oddworld: Stranger's Wrath - Soundtrack (Volume One),"Action, Adventure, Strategy",,,,Oddworld Inhabitants,Oddworld Inhabitants,0.0,steamspy,,True
80496,Oddworld: Stranger's Wrath Trailer,"Action, Adventure, Shooter, Strategy",,,,Oddworld Inhabitants,Oddworld Inhabitants,0.0,steamspy,,True
646870,Odysseus Kosmos and his Robot Quest Demo,"Adventure, Indie, Puzzle",,,,Pavel Kostin,HeroCraft PC,0.0,steamspy,,True
939630,Of Gods and Men: The Daybreak Empire Demo,"Casual, Indie, RPG, Strategy",,,,Dead Genre Studios,Dead Genre Studios,0.0,steamspy,,True
82123,Of Orcs and Men Launch Trailer,"Action, Adventure, RPG, Strategy",,,,,,0.0,steamspy,,True
82051,Of Orcs and Men Trailer,"Action, Adventure, RPG, Strategy",,,,Cyanide Studio - Spiders Studios,,0.0,steamspy,,True
544980,Off-Peak Soundtrack,"Adventure, Indie",,,,"Cosmo D, Archie Pelago",Cosmo D Studios,0.0,steamspy,,True
81168,Off-Road Drive Trailer,"Racing, Simulation",,,,1C-Avalon,"1C Company, 1C-SoftClub",0.0,steamspy,,True
592880,Off-Road Paradise: Trial 4x4 Demo,"Action, Adventure, Casual, Indie, Racing, Sports",,,,Ivanovich Games,Ivanovich Games,0.0,steamspy,,True
751910,Offensive Dimensions Demo,"Action, Horror, Indie",,,,Offensive Dimensions,Offensive Dimensions,0.0,steamspy,,True
1787080,Office No.41: Prototype Edition,"Action, Adventure, Horror, Puzzle, Survival",,,,Burning Forest,Cooky Cookie Production,0.0,steamspy,,True
362950,Official Guide - Asguaard,"Adventure, Casual, Indie, RPG",,,,Aldorlea Games,Aldorlea Games,0.0,steamspy,,True
404930,Official Guide - Epic Quest of the 4 Crystals,"Adventure, Casual, Indie, RPG, Strategy",,,,RosePortal Games,,0.0,steamspy,,True
363040,Official Guide - Girlfriend Rescue,"Indie, RPG, Strategy",,,,Aldorlea Games,Aldorlea Games,0.0,steamspy,,True
463600,Official Guide - Inexistence,"Action, Adventure, Indie, RPG",,,,Jonathan BRASSAUD,,0.0,steamspy,,True
371110,Official Guide - Midnight's Blessing,"Adventure, Casual, Indie, RPG",,,,Warfare Studios,Warfare Studios,0.0,steamspy,,True
306100,Official Guide - Millennium,"Adventure, Indie, RPG",,,,Aldorlea Games,Aldorlea Games,0.0,steamspy,,True
357110,Official Guide - Millennium 2,"Adventure, Casual, Indie, RPG",,,,Aldorlea Games,Aldorlea Games,0.0,steamspy,,True
357080,Official Guide - Millennium 3,"Adventure, Casual, Indie, RPG",,,,Aldorlea Games,Aldorlea Games,0.0,steamspy,,True
357090,Official Guide - Millennium 4,"Adventure, Indie, RPG",,,,Aldorlea Games,Aldorlea Games,0.0,steamspy,,True
362980,Official Guide - Undefeated,"Casual, Indie, RPG",,,,Aldorlea Games,Aldorlea Games,0.0,steamspy,,True
392440,Official Guide - Vagrant Hearts,"Adventure, Casual, Indie, RPG",,,,Warfare Studios,Warfare Studios,0.0,steamspy,,True
81645,Offspring Fling Trailer,"Action, Adventure, Indie, Platformer, Puzzle",,,,,,0.0,steamspy,,True
553160,Offworld Trading Company - Blue Chip Ventures DLC,"Indie, Simulation, Strategy",,,,Mohawk Games,Stardock Entertainment,0.0,steamspy,,True
665500,Offworld Trading Company - Conspicuous Consumption DLC,"Indie, Simulation, Strategy",,,,Mohawk Games,Stardock Entertainment,0.0,steamspy,,True
756060,Offworld Trading Company - Limited Supply DLC,"Indie, Simulation, Strategy",,,,Mohawk Games,Stardock Entertainment,0.0,steamspy,,True
977930,Offworld Trading Company - Market Corrections DLC,"Indie, Simulation, Strategy",,,,Mohawk Games,Stardock Entertainment,0.0,steamspy,,True
461130,Offworld Trading Company - Real Mars Map Pack DLC,"Indie, Simulation, Strategy",,,,Mohawk Games,Stardock Entertainment,0.0,steamspy,,True
487300,Offworld Trading Company - Scenario Toolkit DLC,"Indie, Simulation, Strategy",,,,Mohawk Games,Stardock Entertainment,0.0,steamspy,,True
462280,Offworld Trading Company - Soundtrack DLC,"Indie, Simulation, Strategy",,,,Mohawk Games,Stardock Entertainment,0.0,steamspy,,True
511450,Offworld Trading Company - The Ceres Initiative DLC,"Indie, Simulation, Strategy",,,,Mohawk Games,Stardock Entertainment,0.0,steamspy,,True
538090,Offworld Trading Company - The Patron and the Patriot DLC,"Indie, Simulation, Strategy",,,,Mohawk Games,Stardock Entertainment,0.0,steamspy,,True
561150,Offworld Trading Company: Jupiter's Forge Expansion Pack,"Indie, Simulation, Strategy",,,,Mohawk Games,Stardock Entertainment,0.0,steamspy,,True
677090,Ogre - Deluxe Official Soundtrack,"Indie, Strategy",,,,Auroch Digital,Auroch Digital,0.0,steamspy,,True
416690,Oh...Sir! Prototype,Indie,,,,Vile Monarch,Good Shepherd Entertainment,0.0,steamspy,,True
889430,Oik 4 - OST,"Casual, Indie",,,,Dr_Crewcut,Dr.Crewcut,0.0,steamspy,,True
1037300,Oik 5 - DLC,"Casual, Indie",,,,Dr_Crewcut,Dr.Crewcut,0.0,steamspy,,True
883640,Oik Memory 2 - OST,"Casual, Indie",,,,Crew Lab,Crew Lab,0.0,steamspy,,True
200397,Oil Rush OST,"Indie, Strategy",,,,Unigine Corp.,,0.0,steamspy,,True
81386,Oil Rush Trailer,"Indie, Strategy, Tower Defense",,,,Unigine Corp.,,0.0,steamspy,,True
509030,Okhlos - Soundtrack,"Action, Indie, Strategy",,,,Coffee Powered Machine,,0.0,steamspy,,True
639760,Old Man's Journey - Soundtrack,"Adventure, Indie",,,,"Scntfc, Broken Rules",Broken Rules,0.0,steamspy,,True
398520,OlliOlli2 Soundtrack,"Action, Indie, Sports",,,,Roll7,Devolver Digital,0.0,steamspy,,True
858980,Omensight - Artbook,"Action, Adventure, Indie, RPG",,,,Spearhead Games,,0.0,steamspy,,True
858970,Omensight - Original Soundtrack,"Action, Adventure, Indie, RPG",,,,Spearhead Games,,0.0,steamspy,,True
215371,Omerta - City of Gangsters - Damsel in Distress DLC,"Simulation, Strategy",,,,Haemimont Games,Kalypso Media Digital,0.0,steamspy,,True
215373,Omerta - City of Gangsters - The Bulgarian Colossus DLC,"Simulation, Strategy",,,,Haemimont Games,Kalypso Media Digital,0.0,steamspy,,True
215370,Omerta - City of Gangsters - The Con Artist DLC,"Simulation, Strategy",,,,Haemimont Games,Kalypso Media Digital,0.0,steamspy,,True
219520,Omerta - City of Gangsters Demo,"RPG, Simulation, Strategy",,,,Haemimont Games,Kalypso Media Digital,0.0,steamspy,,True
422080,OmniBus Demo,"Action, Indie",,,,"Buddy Cops, LLC",Devolver Digital,0.0,steamspy,,True
409330,Omnipresent - Soundtrack,"Indie, Strategy",,,,A.J Starkey Enterprises,,0.0,steamspy,,True
1375540,Omno: Prologue,"Action, Adventure, Casual, Indie, Platformer, Puzzle",,,,"Jonas Manke, Studio Inkyfox","Future Friends Games, Studio Inkyfox",0.0,steamspy,,True
529190,On A Roll 3D - Soundtrack,"Action, Adventure, Casual, Indie, Platformer, Puzzle",,,,Battenberg Software,Battenberg Software,0.0,steamspy,,True
588280,Once on a windswept night - OST,"Casual, Indie",,,,ebi-hime,ebi-hime,0.0,steamspy,,True
646190,One Bullet left Demo,"Action, Indie",,,,OxPrimeStudio,OxPrimeStudio,0.0,steamspy,,True
1274140,One Dreamer: Prologue,"Adventure, Casual, Indie, Platformer, Puzzle",,,,One Dreamer Company,F2House,0.0,steamspy,,True
644940,One Hit KO Demo,"Action, Casual, Indie",,,,Three Frog Studios,Three Frog Studios,0.0,steamspy,,True
436800,One Hundred Ways Demo,"Casual, Indie, Puzzle, Strategy",,,,Sunlight Games,KISS ltd,0.0,steamspy,,True
460260,One Last Chance Soundtrack,"Casual, Indie, Simulation",,,,Last Lotus,Last Lotus,0.0,steamspy,,True
458442,One Piece Burning Blood - COSTUME PACK,Action,,,,"Spike Chunsoft Co., Ltd.",BANDAI NAMCO Entertainment,0.0,steamspy,,True
378504,One Piece Pirate Warriors 3 DLC Pack 1,Action,,,,"KOEI TECMO GAMES CO., LTD.",BANDAI NAMCO Entertainment,0.0,steamspy,,True
378505,One Piece Pirate Warriors 3 DLC Pack 2,Action,,,,"KOEI TECMO GAMES CO., LTD.",BANDAI NAMCO Entertainment,0.0,steamspy,,True
289733,One Shot Escape DLC,Action,,,,Eko Software,505 Games,0.0,steamspy,,True
464810,One Thousand Lies Soundtrack,"Casual, Simulation, Visual Novel",,,,Keinart Lobre,Keinart Lobre,0.0,steamspy,,True
453620,One Troll Army: Costume Sets,"Indie, Strategy",,,,FlyAnvil,tinyBuild,0.0,steamspy,,True
970020,One-way Ticket - Digital Artbook,"Casual, Indie",,,,Light & Digital Technology,"Zodiac Interactive, HeyBox Interactive",0.0,steamspy,,True
571210,OneShot OST,"Adventure, Casual, Indie",,,,Little Cat Feet,KOMODO,0.0,steamspy,,True
620370,OneShot Solstice OST,"Adventure, Casual, Indie",,,,Little Cat Feet,KOMODO,0.0,steamspy,,True
275710,Oniken Demo,"Action, Indie, Platformer",,,,JoyMasher,JoyMasher,0.0,steamspy,,True
310850,Onikira - Demon Killer,"Action, Adventure, Indie, Platformer",,,,Digital Furnace Games,Digital Furnace Games,0.0,steamspy,,True
330510,Onikira - Soundtrack,"Action, Adventure, Indie",,,,Digital Furnace Games,Headup,0.0,steamspy,,True
651480,Onirim - Crossroads and Dead Ends expansion,"Casual, Strategy",,,,"Twin Sails Interactive, Playsoft, Z-Man Games",Twin Sails Interactive,0.0,steamspy,,True
651481,Onirim - The Door to the Oniverse expansion,"Casual, Strategy",,,,"Twin Sails Interactive, Playsoft, Z-Man Games",Twin Sails Interactive,0.0,steamspy,,True
792980,Onmyoji - Emerald Plume Skin Pack,"Adventure, RPG, Strategy",,,,NETEASE,,0.0,steamspy,,True
865380,Oozi: Earth Adventure Demo,"Action, Adventure, Casual, Indie, Platformer",,,,Awesome Games Studio,Awesome Games Studio,0.0,steamspy,,True
1078790,Open Wheel Manager Demo,"Racing, Sports, Strategy",,,,Paprikash.Works,Paprikash.Works,0.0,steamspy,,True
12890,Operation Flashpoint: Dragon Rising Demo,"Action, Adventure, Shooter, Simulation, Strategy",,,,Codemasters Studios,Codemasters,0.0,steamspy,,True
5428,Operation Flashpoint: Dragon Rising Multiplayer Trailer,"Action, Adventure, Shooter, Simulation, Strategy",,,,,,0.0,steamspy,,True
5427,Operation Flashpoint: Dragon Rising Weapons Trailer,"Action, Adventure, Shooter, Simulation, Strategy",,,,,,0.0,steamspy,,True
2135380,Operation Satoshi [Early Version Alpha],"Action, Platformer, RPG, Shooter",,,,MetaXSeed Games,MetaXSeed Games,0.0,steamspy,,True
726530,Operation Warcade VR Demo,"Action, Adventure, Casual, Indie, Simulation",,,,Ivanovich Games,Ivanovich Games,0.0,steamspy,,True
1307180,"Operation: Harsh Doorstop ""Closed Beta""","Action, Shooter",,,,Drakeling Labs,,0.0,steamspy,,True
516910,Optika - Soundtrack,"Adventure, Casual, Indie",,,,"Vadim Ledyaev, Andrew Vedernikov",,0.0,steamspy,,True
798820,Oracle of Forgotten Testament Demo,RPG,,,,Dragon Emperors,Blazing Fanfish,0.0,steamspy,,True
1489880,Orange Cast: Prologue,"Action, RPG, Shooter",,,,Team Rez,Valkyrie Initiative,0.0,steamspy,,True
563630,Orange Moon Demo,"Action, Adventure, Indie, Metroidvania, Platformer, Puzzle, RPG",,,,Betelgeuse Zero,Betelgeuse Zero,0.0,steamspy,,True
357450,Orbit Soundtrack,Indie,,,,Brainchild,,0.0,steamspy,,True
358880,Orbital Gear Soundtrack,"Action, Indie, Simulation",,,,Night Node,Night Node,0.0,steamspy,,True
757930,Orbs Demo,"Action, Adventure, Indie, Massively Multiplayer, RPG",,,,I SHOW YOU,I SHOW YOU,0.0,steamspy,,True
494550,Orc Hunter VR Demo,"Action, Adventure, Indie",,,,Orc Hunter Developer Team,Orc Hunter Developer Team,0.0,steamspy,,True
81239,Orcs Must Die Artifacts of Power Trailer,"Action, Indie, Strategy",,,,Robot Entertainment,,0.0,steamspy,,True
81136,Orcs Must Die Trailer,"Action, Adventure, Indie, RPG, Shooter, Strategy, Tower Defense",,,,Robot Entertainment,,0.0,steamspy,,True
201809,Orcs Must Die! 2 - Soundtrack,"Action, Indie, Strategy",,,,Robot Entertainment,Robot Entertainment,0.0,steamspy,,True
215020,Orcs Must Die! 2 Demo,"Action, Adventure, Indie, RPG, Shooter, Strategy, Tower Defense",,,,Robot Entertainment,Robot Entertainment,0.0,steamspy,,True
102610,Orcs Must Die! Demo,"Action, Adventure, Indie, RPG, Shooter, Strategy, Tower Defense",,,,Robot Entertainment,,0.0,steamspy,,True
34620,Order of War Demo,Strategy,,,,Wargaming.net,SQUARE ENIX,0.0,steamspy,,True
736090,Organ Quarter Soundtrack,"Action, Adventure, Indie",,,,Outer Brain Studios,,0.0,steamspy,,True
408300,Organ Trail - Final Cut Expansion,"Adventure, Indie, Simulation, Strategy",,,,The Men Who Wear Many Hats,,0.0,steamspy,,True
328850,Organ Trail: Director's Cut - Soundtrack,"Indie, Strategy",,,,The Men Who Wear Many Hats,,0.0,steamspy,,True
466390,Ori and the Blind Forest (Additional Soundtrack),Action,,,,Moon Studios GmbH,Microsoft Studios,0.0,steamspy,,True
378950,Ori and the Blind Forest (Original Soundtrack),Action,,,,Moon Studios GmbH,Microsoft Studios,0.0,steamspy,,True
465980,Ori and the Blind Forest (Original Soundtrack),Action,,,,Moon Studios GmbH,Xbox Game Studios,0.0,steamspy,,True
605030,Original soundtrack of Koi Musubi,"Adventure, Indie",,,,"Globus Pallidum, SUi, Oli Jan",Narrator,0.0,steamspy,,True
543080,Orwell Demo,"Adventure, Indie, Simulation, Visual Novel",,,,Osmotic Studios,Fellow Traveller,0.0,steamspy,,True
548850,Orwell Original Soundtrack,"Adventure, Indie, Simulation",,,,Osmotic Studios,"Fellow Traveller, Boss Battle Records",0.0,steamspy,,True
29200,Osmos Demo,"Casual, Indie, Puzzle, Simulation, Strategy",,,,Hemisphere Games,Hemisphere Games,0.0,steamspy,,True
5218,Osmos Trailer,"Casual, Indie, Puzzle, Simulation, Strategy",,,,Hemisphere Games,Hemisphere Games,0.0,steamspy,,True
363810,Ossuary Demo,"Adventure, Indie",,,,"Gregory Avery-Weir, Melissa Avery-Weir",Future Proof Games,0.0,steamspy,,True
992370,Otiiz's adventure - Sushi Champ Demo,"Casual, Indie, RPG",,,,BXTT studio,BXTT studio,0.0,steamspy,,True
334390,Our Darker Purpose - Soundtrack,"Action, Indie, RPG",,,,Avidly Wild Games,,0.0,steamspy,,True
576970,Out Of The Box Demo,"Adventure, Casual, Indie, Simulation, Strategy",,,,Nuclear Tales,Nuclear Tales,0.0,steamspy,,True
450960,Out There Somewhere - Soundtrack,"Action, Adventure, Indie, Simulation, Strategy",,,,MiniBoss,Senpai Industrial Studios,0.0,steamspy,,True
357040,Out There: Ω Edition - Soundtrack,"Adventure, Indie, RPG, Strategy",,,,Mi-Clos Studio,Mi-Clos Studio,0.0,steamspy,,True
1014300,OutDrive ART - Wallpaper and poster 5K,"Casual, Indie, Racing",,,,DNVR Prod,DNVR Prod,0.0,steamspy,,True
607540,Outbreak Demo,"Action, Adventure, Horror, Indie, RPG, Survival",,,,Dead Drop Studios LLC,Dead Drop Studios LLC,0.0,steamspy,,True
685850,Outcast - Second Contact Original Soundtrack,"Action, Adventure",,,,Appeal Studios,Nacon,0.0,steamspy,,True
273300,Outlast: Whistleblower DLC,"Action, Adventure, Horror, Indie, Survival",,,,Red Barrels,Red Barrels,0.0,steamspy,,True
561631,Outlaw Tribe Nemesis Expansion,"Action, Adventure, RPG",,,,"Monolith Productions, Inc.",,0.0,steamspy,,True
403210,Over The Hills And Far Away Demo,Indie,,,,WarGirl Games,WarGirl Games,0.0,steamspy,,True
295530,Overcast - Walden and the Werewolf (Soundtrack),"Action, Casual, Indie",,,,Microblast Games,,0.0,steamspy,,True
1067770,Overcooked! 2 - Season Pass,"Action, Casual, Indie",,,,"Ghost Town Games Ltd., Team17 Digital Ltd",Team17 Digital Ltd,0.0,steamspy,,True
551530,Overdriven Reloaded Demo,"Action, Indie",,,,TOMAGameStudio,TOMAGameStudio,0.0,steamspy,,True
987110,Overdungeon - Soundtrack,"Casual, Indie, RPG, Strategy",,,,Pocketpair,Pocketpair,0.0,steamspy,,True
449480,Overfall Soundtrack,"Indie, RPG, Strategy",,,,Pera Games,Pera Games,0.0,steamspy,,True
884970,Overload Level Editor,Action,,,,"Revival Productions, LLC","Revival Productions, LLC",0.0,steamspy,,True
857880,Overload: Original Soundtrack,Action,,,,"Revival Productions, LLC","Revival Productions, LLC",0.0,steamspy,,True
11470,Overlord Demo,"Action, Adventure, Puzzle, RPG, Strategy",,,,Triumph Studios,Codemasters,0.0,steamspy,,True
5001,Overlord Trailer,"Action, Adventure, Puzzle, RPG, Strategy",,,,,,0.0,steamspy,,True
5022,Overlord: Raising Hell Trailer,"Action, Adventure, Puzzle, RPG, Strategy",,,,Triumph Studios,Codemasters,0.0,steamspy,,True
347900,Overture OST,"Action, Adventure, Casual, Indie, RPG, Strategy",,,,Black Shell Games,Plug In Digital,0.0,steamspy,,True
536520,Owlboy - Soundtrack,"Action, Adventure, Indie",,,,D-Pad Studio,D-Pad Studio,0.0,steamspy,,True
247260,PAC-MAN Championship Edition DX+ Demo,"Action, Casual, Puzzle, Strategy",,,,"Mine Loader Software Co., Ltd.",Namco Bandai Games,0.0,steamspy,,True
762970,PAKO 2 - Official Soundtrack,"Action, Racing",,,,Tree Men Games,Tree Men Games,0.0,steamspy,,True
81165,PAM DLC Trailer - Fuzz,"Action, Racing",,,,Steel Monkeys,Meridian4,0.0,steamspy,,True
81167,PAM DLC Trailer - Ice Scream ,"Action, Racing",,,,,,0.0,steamspy,,True
528870,PANIC at Multiverse High! Demo,"Adventure, Casual, Indie, RPG, Visual Novel",,,,DoubleBear Productions,DoubleBear Productions,0.0,steamspy,,True
459070,PARTICLE MACE - Remastered Soundtrack,"Action, Adventure, Casual, Indie, Strategy",,,,Andy Wallace,Senpai Studios,0.0,steamspy,,True
343290,PARTICLE MACE - Soundtrack,"Action, Indie",,,,"Andy Wallace, Nathaniel Chambers",Senpai Studios,0.0,steamspy,,True
1005280,PASKA BATTLE STYLE! Demo,"Action, Adventure, Indie",,,,Fabio Adamo,Adamo Fabio,0.0,steamspy,,True
989360,PASSAGE Demo,"Action, Adventure, Indie",,,,Magic Time Software,Magic Time Software,0.0,steamspy,,True
251040,PAYDAY 2 Demo,"Action, Adventure, Shooter, Simulation, Strategy",,,,OVERKILL - a Starbreeze Studio.,,0.0,steamspy,,True
267381,PAYDAY 2: A Merry Payday Christmas Soundtrack,"Action, RPG",,,,OVERKILL - a Starbreeze Studio.,,0.0,steamspy,,True
368870,PAYDAY 2: The OVERKILL B-Sides Soundtrack,"Action, RPG",,,,OVERKILL - a Starbreeze Studio.,,0.0,steamspy,,True
254260,PAYDAY 2: The Official Soundtrack,"Action, RPG",,,,OVERKILL - a Starbreeze Studio.,505 Games,0.0,steamspy,,True
81134,PAYDAY The Heist  Trailer,"Action, Adventure, Indie, RPG, Shooter, Simulation, Strategy",,,,,,0.0,steamspy,,True
207815,PAYDAY The Heist: Wolfpack DLC,"Action, Shooter",,,,OVERKILL - a Starbreeze Studio.,Starbreeze Entertainment,0.0,steamspy,,True
81859,PAYDAY: The Heist Mercy Hospital Trailer,"Action, Adventure, Indie, RPG, Shooter, Simulation, Strategy",,,,OVERKILL Software,Sony Online Entertainment,0.0,steamspy,,True
207816,PAYDAY: The Heist Soundtrack,"Action, Casual, Indie",,,,OVERKILL - a Starbreeze Studio.,Starbreeze Entertainment,0.0,steamspy,,True
3064850,PEPEZ - The game (Beta 1.4),"Action, Casual, Indie, Shooter, Survival",,,,Edu Torregrosa,Edu Torregrosa,0.0,steamspy,,True
527860,PITCH-HIT : DEMO,"Action, Indie, Simulation, Sports, Strategy",,,,"JJ Castillo, Greg Tamargo",Viewer Ready,0.0,steamspy,,True
785200,PLAY WITH ME Demo,"Adventure, Horror, Indie",,,,Airem,"IQ Publishing, Airem",0.0,steamspy,,True
396760,PONCHO – Original Soundtrack,"Adventure, Indie",,,,Delve Interactive,,0.0,steamspy,,True
316070,POP: Methodology Experiment One - Game of The Saeculum Edition DLC,"Action, Adventure, Indie, Racing",,,,Rob Lach,"Rob Lach Games, LLC",0.0,steamspy,,True
336320,POP: Methodology Experiment One - OST,"Action, Adventure, Indie, Racing",,,,Rob Lach,Rob Lach Games,0.0,steamspy,,True
513800,POSTAL Redux - Official Soundtrack,"Action, Indie",,,,Running With Scissors,Running With Scissors,0.0,steamspy,,True
526411,PRICE - Original Soundtrack（原声OST）,"Adventure, Casual, Indie",,,,YETU GAME,,0.0,steamspy,,True
888680,PRO EVOLUTION SOCCER 2019 DEMO,"Action, Casual, Horror, Simulation, Sports",,,,Konami Digital Entertainment,Konami Digital Entertainment,0.0,steamspy,,True
1940180,PROTOTYPE,"Action, Adventure, Casual, Platformer, Shooter, Strategy",,,,Cold Enemy Gaming,Cold Enemy Gaming,0.0,steamspy,,True
611590,PROTOThYPE Demo,"Action, Adventure, Casual, Indie, Puzzle, Strategy",,,,Monkeys Tales Studio,Monkeys Tales Studio,0.0,steamspy,,True
912560,PROZE: Prologue,"Action, Adventure, Horror, Indie, Puzzle",,,,SignSine,SignSine,0.0,steamspy,,True
963420,PRiCERPG Demo,"Action, Adventure, Casual, Indie, RPG",,,,tw1ZTER,tw1ZTER ENTERTAINMENT,0.0,steamspy,,True
81114,PT Boats: Knights of the Sea Trailer,Simulation,,,,Studio4,Akella,0.0,steamspy,,True
81104,PT Boats: South Gambit Trailer,Simulation,,,,,,0.0,steamspy,,True
2719610,PUIQ: Demons,"Action, Casual, Indie, RPG, Roguelike, Survival",,,,Giammnn,Giammnn,0.0,steamspy,,True
797230,PUSS! Demo,"Horror, Indie",,,,teamCOIL,teamCOIL,0.0,steamspy,,True
932580,Pac Adventures 3D Demo,"Action, Casual, Indie, Sports",,,,ThankGame.com,ThankGame.com,0.0,steamspy,,True
246253,Pac-Man Championship Edition DX+: Dig Dug Skin,Action,,,,"Mine Loader Software Co., Ltd.",BANDAI NAMCO Entertainment,0.0,steamspy,,True
246256,Pac-Man Championship Edition DX+: Pac Steps BGM,Action,,,,"Mine Loader Software Co., Ltd.",BANDAI NAMCO Entertainment,0.0,steamspy,,True
246255,Pac-Man Championship Edition DX+: Pac is Back Skin,Action,,,,"Mine Loader Software Co., Ltd.",Namco Bandai Games,0.0,steamspy,,True
246254,Pac-Man Championship Edition DX+: Rally-X Skin,Action,,,,"Mine Loader Software Co., Ltd.",BANDAI NAMCO Entertainment,0.0,steamspy,,True
246257,Pac-Man Championship Edition DX+: Reentrance BGM,Action,,,,"Mine Loader Software Co., Ltd.",BANDAI NAMCO Entertainment,0.0,steamspy,,True
1601750,Pack of Demons,"Action, Adventure, Casual",,,,PhantomHeadache,PhantomHeadache,0.0,steamspy,,True
2426380,Pact of Joy: Prologue,"Adventure, Horror, Indie",,,,Just Sauce Studio,Just Sauce Studio,0.0,steamspy,,True
2207540,Pages of Time: Prologue,"Action, Adventure, Indie, Metroidvania, Platformer, Puzzle, RPG",,,,Starbeings Studio,Starbeings Studio,0.0,steamspy,,True
3210,Painkiller Demo,"Action, Horror, Shooter",,,,People Can Fly,Nordic Games,0.0,steamspy,,True
229290,Painkiller Hell & Damnation: Demonic Vacation at the Blood Sea,Action,,,,The Farm 51,Prime Matter,0.0,steamspy,,True
219131,Painkiller Hell & Damnation: Multiplayer Body Skin Pack,Action,,,,The Farm 51,Prime Matter,0.0,steamspy,,True
219136,Painkiller Hell & Damnation: Satan Claus DLC,Action,,,,The Farm 51,Prime Matter,0.0,steamspy,,True
81448,Painkiller Recurring Evil Trailer,"Action, Horror",,,,,,0.0,steamspy,,True
80644,Painkiller Redemption Trailer,"Action, Horror, Shooter",,,,Eggtooth Team,Nordic Games,0.0,steamspy,,True
39590,Painkiller: Resurrection Demo,"Action, Horror, Shooter",,,,Homegrown Games,Nordic Games,0.0,steamspy,,True
401220,Paint it Back Demo,Casual,,,,Casual Labs,Casual Labs,0.0,steamspy,,True
803380,Paladins - Season Pass 2018,Action,,,,Hi-Rez Studios,,0.0,steamspy,,True
854600,Pamali: Indonesian Folklore Horror Demo,"Adventure, Horror, Indie",,,,StoryTale Studios,StoryTale Studios,0.0,steamspy,,True
508271,Pan-Pan Manual,"Adventure, Indie",,,,Spelkraft,Might and Delight,0.0,steamspy,,True
1572170,Pandemic Pandemonium,"Action, Casual, Indie, Shooter",,,,Dusty Ventures LLC,Dusty Ventures LLC,0.0,steamspy,,True
243020,Pandemonium,"Action, Adventure, Platformer",,,,Crystal Dynamics,Square Enix,0.0,steamspy,,True
1447600,Pandemos,"Action, Adventure, Casual, Indie, Tower Defense",,,,Scalars Games,Scalars Games,0.0,steamspy,,True
543850,Panoptic Demo,"Action, Indie",,,,Team Panoptes,Team Panoptes,0.0,steamspy,,True
1385940,Panty&Demons,"Casual, Simulation, Visual Novel",,,,MacKotGames,MacKotGames,0.0,steamspy,,True
844840,Panzer Doctrine Demo,"Indie, Simulation, Strategy",,,,Z9K Games,Z9K Games,0.0,steamspy,,True
836710,Panzer Hearts Demo,"Adventure, Casual, Indie, Visual Novel",,,,HELYEES,Nowhere Boy,0.0,steamspy,,True
291950,Paper Dungeons Demo,"Adventure, Card & Board, Indie, Puzzle, RPG",,,,"Stephane Valverde, Leslie Valverde",Agent Mega,0.0,steamspy,,True
721930,Paperville Panic! Demo,"Action, Adventure, Casual, Indie, Simulation",,,,Ultimerse,Ultimerse,0.0,steamspy,,True
227090,Papo & Yo Soundtrack,"Adventure, Indie",,,,Minority Media Inc.,Minority Media,0.0,steamspy,,True
626180,Paradigm - Official Soundtrack,"Adventure, Indie",,,,Jacob Janerka,Jacob Janerka,0.0,steamspy,,True
470570,Paradox Paradigm Demo,"Indie, Platformer, Puzzle, Strategy",,,,Josh,GamingVNetwork,0.0,steamspy,,True
605890,Parallax Demo,"Indie, Platformer, Puzzle",,,,Toasty Games,Toasty Games,0.0,steamspy,,True
671310,Pararea--Social VR for Everyone (Beta),"Casual, Massively Multiplayer, RPG, Sports",,,,Metaverse,Metaverse,0.0,steamspy,,True
436170,Parasite Demo,"Action, Adventure, Indie, Platformer",,,,Raphael Gervaise,Raphael Gervaise,0.0,steamspy,,True
374890,Parcel Demo,"Adventure, Indie, Strategy",,,,Polar Bunny Ltd,Polar Bunny Ltd,0.0,steamspy,,True
2405330,Parina's Demon Lair Adventure,"Adventure, Casual, Indie, Puzzle, Simulation",,,,Scripting Ventures,Scripting Ventures,0.0,steamspy,,True
1004340,Parkitect - Soundtrack,"Indie, Simulation",,,,A Shell In The Pit,Texel Raptor,0.0,steamspy,,True
1001610,Partial Control Demo,"Indie, Simulation, Strategy",,,,Cavern Head,Cavern Head,0.0,steamspy,,True
810290,Particula (Soundtrack),Casual,,,,Microblast Games,,0.0,steamspy,,True
266710,Particulars - Demo,"Indie, Puzzle",,,,,,0.0,steamspy,,True
1659530,Party Demon,"Action, Adventure, Card & Board, Strategy, Tower Defense",,,,"Barely Alive Studio, Crafted Mayhem","Barely Alive Studio, Crafted Mayhem",0.0,steamspy,,True
1029090,Party Hard 2 DLC: Alien Butt Form,"Action, Adventure, Indie, Simulation, Strategy",,,,"Pinokl Games, Kverta, Hologryph",,0.0,steamspy,,True
964370,Party Hard 2 OST,"Action, Adventure, Indie, Massively Multiplayer, Simulation, Strategy",,,,"Pinokl Games, Kverta",tinyBuild,0.0,steamspy,,True
554790,Party Hard Remastered OST,"Action, Indie, Strategy",,,,"Pinokl Games, Kverta",tinyBuild,0.0,steamspy,,True
733080,Party Hard Tycoon OST,"Indie, Simulation, Strategy",,,,Pinokl Games,,0.0,steamspy,,True
554791,Party Hard: High Crimes DLC,"Action, Indie, Strategy",,,,"Pinokl Games, Kverta",tinyBuild,0.0,steamspy,,True
696030,Party Panic - Soundtrack,Indie,,,,Everglow Interactive Inc.,,0.0,steamspy,,True
224660,Party of Sin Demo,"Action, Adventure, Indie, Platformer, Puzzle",,,,Crankshaft Games,,0.0,steamspy,,True
568870,Passage 4 Demo,"Casual, Indie",,,,Netmin Games,Libredia,0.0,steamspy,,True
649250,Passpartout - OST,"Casual, Indie, Simulation",,,,Synkronosaurus,Flamebait Games,0.0,steamspy,,True
798580,Past Cure Demo,"Action, Horror, Indie",,,,Phantom 8 Studio,"Phantom 8 Studio, Mayflower Entertainment",0.0,steamspy,,True
80430,Pat & Mat Trailer,"Casual, Horror, Massively Multiplayer, Puzzle, Survival",,,,Centauri Production,Bohemia Interactive,0.0,steamspy,,True
828450,Patent9 Demo,"Adventure, Visual Novel",,,,Killer Bees Games,Killer Bees Games,0.0,steamspy,,True
607730,Pathologic Demo,"Adventure, Horror, Indie, RPG, Survival",,,,Ice-Pick Lodge,Ice-Pick Lodge,0.0,steamspy,,True
854370,Pato Box Original Soundtrack,"Action, Adventure, Indie",,,,"Controvol, Bromio, 2think design studio",Bromio,0.0,steamspy,,True
5899,Patrician IV - Trailer,"Simulation, Strategy",,,,Gaming Minds Studios,Kalypso Media Digital,0.0,steamspy,,True
275270,Patriot: DemocratiZation,"Action, Adventure, Shooter",,,,MADia Entertainment,Strategy First,0.0,steamspy,,True
541820,Patterna Demo,"Indie, Puzzle",,,,Sebastian Schöner,Sebastian Schöner,0.0,steamspy,,True
557980,Pavlov Demo,"Action, Indie, Shooter",,,,davevillz,davevillz,0.0,steamspy,,True
848130,Paws 'n Claws Demo,"Action, Indie, Strategy, Tower Defense",,,,Go-Ah! Games,Go-Ah! Games,0.0,steamspy,,True
449950,Paws Soundtrack,"Adventure, Casual, Indie",,,,Might and Delight,Might and Delight,0.0,steamspy,,True
609440,"Peace, Death! - Soundtrack","Casual, Indie, Simulation",,,,AZAMATIKA,,0.0,steamspy,,True
379630,Penarium Demo,"Action, Indie",,,,Self Made Miracle,Team17 Digital Ltd,0.0,steamspy,,True
423330,Pendragon Rising Demo,"Indie, RPG",,,,Choice of Games,Choice of Games,0.0,steamspy,,True
927070,People Cu3ed Demo,"Action, Adventure, Casual, Indie, Platformer, Puzzle",,,,Whitway Studios,Whitway Studios,0.0,steamspy,,True
250010,Perfection. Demo,"Casual, Indie, Puzzle",,,,,,0.0,steamspy,,True
474850,Periodonica Demo,"Casual, Indie, Sports",,,,Jumping Llamas UG (haftungsbeschränkt),Jumping Llamas UG (haftungsbeschränkt),0.0,steamspy,,True
409340,Perraw - FPS Clone War Alpha,"Action, Indie, Shooter, Tower Defense",,,,Oblion Studio,Oblion Studio,0.0,steamspy,,True
470080,Perraw - Official Soundtrack,"Action, Indie",,,,"Christian Piano, Wrytex",Oblion Studio,0.0,steamspy,,True
878600,Perseverance: Part 1 Demo,"Adventure, Indie, Visual Novel",,,,"Tap It Games, Bit Golem",Tap It Games,0.0,steamspy,,True
654230,Phantasma Demo,"Adventure, Horror, Indie, Puzzle",,,,The Shady Gentlemen,The Shady Gentlemen,0.0,steamspy,,True
436880,Phantom Brave Demo,"JRPG, RPG, Strategy",,,,"Nippon Ichi Software, Inc.","NIS America, Inc.",0.0,steamspy,,True
372112,Phantom Breaker: Battle Grounds - FM sound generator BGM,Action,,,,MAGES. Inc.,Degica,0.0,steamspy,,True
381760,Phantom Breaker: Battle Grounds - Kemomimi Costume DLC,Action,,,,MAGES. Inc.,,0.0,steamspy,,True
348940,Phantom Breaker: Battle Grounds - Original Soundtrack,Action,,,,MAGES. Inc.,Degica,0.0,steamspy,,True
969920,Phantom Doctrine - Halloween Scare Tactics DLC,"Action, Adventure, Indie, RPG, Strategy",,,,CreativeForge Games,Good Shepherd Entertainment,0.0,steamspy,,True
764530,Phantom Signal Demo,"Casual, Indie, Simulation, Strategy, Tower Defense",,,,Veslo Games,Veslo Games,0.0,steamspy,,True
617010,Phantom Trigger Demo,"Action, Adventure, Indie",,,,"Victor Solodilov, Denis Novikov",tinyBuild,0.0,steamspy,,True
898990,Philosophic Love－Original Soundtrack,"Casual, Indie",,,,"IWPLAY WORLD INTERACTIVE ENTERTAINMENT TECHNOLOGY CO., LTD.","IWPLAY WORLD INTERACTIVE ENTERTAINMENT TECHNOLOGY CO., LTD.",0.0,steamspy,,True
579730,Phoning Home Soundtrack,"Action, Adventure, Indie",,,,ION LANDS,ION LANDS,0.0,steamspy,,True
772030,Piatka Demo,"Puzzle, Strategy",,,,iwangr,iwangr,0.0,steamspy,,True
676520,Piece of Memory 2:Prologue,"Action, Adventure",,,,MATRE,MATRE,0.0,steamspy,,True
674560,Piece of Memory Demo,"Action, Adventure",,,,MATRE,MATRE,0.0,steamspy,,True
328200,Pier Solar - The Definitive Original Soundtrack,RPG,,,,WaterMelon,WaterMelon,0.0,steamspy,,True
321630,Pier Solar and the Great Architects Demo,RPG,,,,WaterMelon,WaterMelon,0.0,steamspy,,True
2292210,Pigskin Punter!,"Casual, Simulation, Sports",,,,Brandon Ofenstein,Brandon Ofenstein,0.0,steamspy,,True
1107080,PiiSim Demo,"Action, Casual, Indie, Simulation",,,,Koker 007,Koker 007,0.0,steamspy,,True
854220,Pillars of Eternity II: Deadfire - Season Pass,RPG,,,,Obsidian Entertainment,"Versus Evil, Obsidian Entertainment",0.0,steamspy,,True
81408,Pineapple Smash Crew Trailer,"Action, Indie, Shooter",,,,RichMakeGame,,0.0,steamspy,,True
319130,Pineview Drive Demo,"Action, Adventure, Horror, Indie, Survival",,,,VIS-Games,United Independent Entertainment GmbH,0.0,steamspy,,True
332740,Pinstripe Original Soundtrack,"Adventure, Casual, Indie",,,,Atmos Games,Armor Games Studios,0.0,steamspy,,True
593350,Pipejob Demo,"Action, Casual, Indie, Simulation, Strategy",,,,Cybreath,Cybreath,0.0,steamspy,,True
328530,Pirate Hell Demo,Action,,,,Sascha Hartleb,Sascha Hartleb,0.0,steamspy,,True
49340,Pirates of Black Cove Demo,"Action, Strategy",,,,Nitro Games,Paradox Interactive,0.0,steamspy,,True
80991,Pirates of Black Cove Trailer,"Action, Strategy",,,,,,0.0,steamspy,,True
985060,Pit of Evil Demo,"Adventure, Indie, JRPG, RPG",,,,Frogmouth,Frogmouth,0.0,steamspy,,True
541250,Pitchfork Demo,"Action, Adventure, Casual, Horror, Indie",,,,Jacob Velez,Iron Guard Cyber Security,0.0,steamspy,,True
334600,Pitiri 1977 Demo,"Adventure, Indie",,,,ILIKESCIFI Games,ILIKESCIFI Games,0.0,steamspy,,True
311440,Pivvot - Soundtrack (320kbps MP3),"Action, Casual, Indie",,,,Fixpoint Productions Ltd.,Fixpoint Productions Ltd.,0.0,steamspy,,True
883840,PixARK - Skyward - Expansion Pack,"Action, Adventure, Casual, Massively Multiplayer, RPG, Strategy",,,,Snail Games USA,Snail Games USA,0.0,steamspy,,True
408580,Pixel Galaxy - Original Soundtrack,"Action, Indie",,,,Serenity Forge,Serenity Forge,0.0,steamspy,,True
566760,Pixel Gladiator OST,"Action, Indie",,,,"Xitilon, Esdeer",Xitilon,0.0,steamspy,,True
945190,Pixel Hentai Mosaic Demo,"Casual, Indie, Puzzle, RPG, Simulation, Strategy",,,,Wolfgangis,Wolfgangis,0.0,steamspy,,True
489590,Pixel Heroes: Byte & Magic - Soundtrack,"Adventure, Indie, RPG",,,,The Bitfather,Headup,0.0,steamspy,,True
365970,Pixel Piracy OST,"Adventure, Indie, RPG, Simulation",,,,"Vitali Kirpu, Alexander Poysky, Mikko Arvola",,0.0,steamspy,,True
596110,Pixel Privateers - Official Soundtrack,"Action, Adventure, Indie, RPG, Simulation",,,,"Quadro Delta, Kole Audio Solutions",Re-Logic,0.0,steamspy,,True
464730,Pixel Puzzles: UndeadZ - Original Soundtrack,"Action, Casual, Indie, Simulation, Strategy",,,,The Digital Puzzle Company,DL Softworks,0.0,steamspy,,True
751070,Pixel Stories of Dungeon Demo,"Adventure, Indie, RPG",,,,PowerGaelic,PowerGaelic,0.0,steamspy,,True
358780,Pixel Survivors Demo,"Casual, Indie, Simulation, Strategy",,,,"Sachonski, Renamilanesi",Patagoniart,0.0,steamspy,,True
794590,PixelJunk Monsters 2 Demo,"Action, Tower Defense",,,,Q-Games Ltd.,"Spike Chunsoft Co., Ltd.",0.0,steamspy,,True
81415,Pixeljunk Eden Final Trailer,"Action, Casual, Indie, Platformer",,,,,,0.0,steamspy,,True
938680,Pixels Guide to Staying Dead,"Casual, Indie, Shooter",,,,Pattern Assembled,Pattern Assembled,0.0,steamspy,,True
315960,Plague Inc: Evolved Soundtrack,"Casual, Indie, Simulation, Strategy",,,,Ndemic Creations,,0.0,steamspy,,True
577020,"Planes, Bullets and Vodka: Soundtrack","Action, Casual, Indie",,,,NukGames,NukGames,0.0,steamspy,,True
613230,Planescape: Torment: Enhanced Edition Official Soundtrack,"Adventure, RPG, Strategy",,,,Beamdog,Beamdog,0.0,steamspy,,True
15810,Planet Busters Demo,"Casual, Indie",,,,Slam,Slam,0.0,steamspy,,True
553090,Planet Explorers Demo,"Action, Adventure, Indie, Massively Multiplayer, RPG, Simulation, Survival",,,,Pathea Games,Pathea Games,0.0,steamspy,,True
553700,Planet Explorers Official Soundtrack,"Action, Adventure, Indie, RPG, Simulation",,,,"Pathea Games, Note by Note Studios",Pathea Games,0.0,steamspy,,True
323420,Planetary Annihilation - Original Soundtrack,Strategy,,,,Uber Entertainment,Uber Entertainment,0.0,steamspy,,True
223570,Planets Under Attack Demo,"Indie, Strategy",,,,Targem Games,,0.0,steamspy,,True
445890,Plantera - Original Soundtrack,"Casual, Indie, Simulation",,,,VaragtP,VaragtP,0.0,steamspy,,True
2380840,PlasmaBlast 1.0.2 BETA,"Action, Shooter",,,,PlasmaBlastLLC,PlasmaBlastLLC,0.0,steamspy,,True
357800,"Please, Don't Touch Anything Soundtrack","Casual, Indie",,,,Four Quarters,ForwardXP,0.0,steamspy,,True
955240,Pleasure Puzzle:Sexy Girls DLC,"Casual, Indie",,,,,,0.0,steamspy,,True
213490,Plutonic Repulse Demo,Indie,,,,Blackcow Studios,Blackcow Studios,0.0,steamspy,,True
349050,Pneuma: Breath of Life - Soundtrack,"Adventure, Indie",,,,"Deco Digital, Bevel Studios, Yakobo",Deco Digital,0.0,steamspy,,True
984490,Pocoman Demo,Strategy,,,,"Joe Hitchens, Zach Foutz",Sleepless Software Inc.,0.0,steamspy,,True
748000,Podium Bash Demo,"Casual, Indie",,,,Feisty Crab Studios,Feisty Crab Studios,0.0,steamspy,,True
80438,Poker Night at the Inventory Trailer,"Action, Card & Board, Casual, Indie, Simulation, Sports, Strategy",,,,,,0.0,steamspy,,True
4102,Poker Superstars II Demo,Card & Board,,,,Funkitron,Funkitron,0.0,steamspy,,True
506600,Polandball: Can Into Space! - Original Soundtrack,"Casual, Indie, RPG",,,,Alien Pixel Studios,,0.0,steamspy,,True
456480,Polarity - Soundtrack,"Action, Adventure, Indie, Strategy",,,,Bluebutton Games,,0.0,steamspy,,True
447410,Poly Bridge Soundtrack,"Indie, Simulation",,,,Dry Cactus,,0.0,steamspy,,True
639080,Polygon Attack OST,"Action, Adventure, Casual, Indie, Simulation",,,,Magnolia Art,Magnolia Art,0.0,steamspy,,True
1074570,Pon Para and the Great Southern Labyrinth Demo,"Adventure, Indie, RPG",,,,Choice of Games,Choice of Games,0.0,steamspy,,True
428010,Pony Island - Soundtrack,Indie,,,,"Daniel Mullins Games, Jonah Senzel",Daniel Mullins Games,0.0,steamspy,,True
725420,"PooSky -  Artbook ""Great statements by Capitain Pooper""","Casual, Indie",,,,"CSM, Excellente23",,0.0,steamspy,,True
995940,Pop Island - Let's code !!!  Demo,"Action, Indie, Simulation",,,,odenis studio,odenis studio,0.0,steamspy,,True
812820,Porradaria 2 - Original Soundtrack,Indie,,,,CleanWaterSoft,CleanWaterSoft,0.0,steamspy,,True
502980,Porradaria 2 - Vladmirson DLC,"Action, Adventure, Indie, Metroidvania, Platformer",,,,CleanWaterSoft,CleanWaterSoft,0.0,steamspy,,True
81565,Port Royale 3 Teaser Trailer,"Action, Adventure, Simulation, Strategy",,,,Gaming Minds,,0.0,steamspy,,True
81625,Port Royale 3 Trailer DE New,"Action, Adventure, Simulation, Strategy",,,,,,0.0,steamspy,,True
81628,Port Royale 3 Trailer EN,"Action, Adventure, Simulation, Strategy",,,,,,0.0,steamspy,,True
81629,Port Royale 3 Trailer UK New,"Action, Adventure, Simulation, Strategy",,,,,,0.0,steamspy,,True
215971,Port Royale 3: Dawn of Pirates DLC,"Action, Simulation, Strategy",,,,Gaming Minds,Kalypso Media Digital,0.0,steamspy,,True
215970,Port Royale 3: Harbour Master DLC,"Simulation, Strategy",,,,Gaming Minds,Kalypso Media Digital,0.0,steamspy,,True
215972,Port Royale 3: New Adventures DLC,"Action, Simulation, Strategy",,,,Gaming Minds,Kalypso Media Digital,0.0,steamspy,,True
80822,Portal 2 Remix Trailer,"Action, Adventure, Puzzle, Strategy",,,,,,0.0,steamspy,,True
660,Portal 2 Sixense MotionPack DLC,Puzzle,,,,Sixense Studios,Sixense Entertainment,0.0,steamspy,,True
323180,Portal 2 Soundtrack,"Action, Adventure, Puzzle",,,,Valve,Valve,0.0,steamspy,,True
323170,Portal Soundtrack,"Action, Adventure",,,,Valve,Valve,0.0,steamspy,,True
322420,Portal Stories: Mel Soundtrack,"Action, Adventure, Puzzle",,,,Prism Studios,,0.0,steamspy,,True
922,Portal Trailer,"Action, Adventure, Platformer, Puzzle",,,,Valve,Valve,0.0,steamspy,,True
80706,Post Apocalyptic Mayhem Trailer,"Action, Racing",,,,Steel Monkeys,Meridian4,0.0,steamspy,,True
201100,Post Apocalyptic Mayhem: DLC - Chaos Pack,"Action, Racing",,,,Steel Monkeys,Next Dimension Game Adventures Ltd.,0.0,steamspy,,True
335170,Potatoman OST & Supporter Pack,Indie,,,,Pixeljam,Pixeljam,0.0,steamspy,,True
65760,Pound of Ground Demo,"Action, Shooter",,,,Centauri Production,Bohemia Interactive,0.0,steamspy,,True
80439,Pound of Ground Trailer,"Action, Shooter",,,,Centauri Production,Bohemia Interactive,0.0,steamspy,,True
680600,PowBall Renaissance Demo,"Action, Casual, Indie",,,,POW Games,POW Games,0.0,steamspy,,True
545810,Powargrid Demo,"Indie, Strategy",,,,Wee Free Studio,Wee Free Studio,0.0,steamspy,,True
591920,Power Tools VR,"Casual, Simulation",,,,"Onteca Ltd, CGA Simulation","Onteca Ltd, CGA Simulation",0.0,steamspy,,True
80457,Power of Defense 1.1 Trailer,"Indie, Strategy, Tower Defense",,,,4sdk,4sdk,0.0,steamspy,,True
1394090,Power of Ten - Demo,"Action, Adventure, Platformer, Roguelike, Shooter",,,,Pew Times Three,Pew Times Three,0.0,steamspy,,True
81326,PoxNora Sizzle Trailer,"Action, Card & Board, RPG, Strategy",,,,,,0.0,steamspy,,True
1023160,Praey for the Gods Soundtrack,"Action, Adventure, Indie, RPG",,,,No Matter Studios,No Matter Studios,0.0,steamspy,,True
981840,Prank Bros: Curator Princess Wallpapers / 鉴赏姬壁纸,"Action, Casual, Indie",,,,Rocky Games,Rocky Games,0.0,steamspy,,True
913510,Prank Masters Demo,"Indie, Simulation, Visual Novel",,,,Lockvia Studios,Lockvia Studios,0.0,steamspy,,True
542140,Pre-Dynastic Egypt Demo,"Indie, Puzzle, Simulation, Strategy",,,,Clarus Victoria,Clarus Victoria,0.0,steamspy,,True
18010,"Precipice of Darkness, Episode One Demo","Adventure, RPG",,,,Hothead Games,Hothead Games,0.0,steamspy,,True
5049,"Precipice of Darkness, Episode One Trailer","Adventure, RPG",,,,Hothead Games,Hothead Games,0.0,steamspy,,True
18030,"Precipice of Darkness, Episode Two Demo","Adventure, RPG",,,,Hothead Games,Hothead Games,0.0,steamspy,,True
5146,"Precipice of Darkness, Episode Two Trailer","Adventure, RPG",,,,Hothead Games,Hothead Games,0.0,steamspy,,True
946960,Premium Bowling Demo,"Indie, Simulation, Sports",,,,Sadetta,Sadetta,0.0,steamspy,,True
794320,President Trump The Way In Uganda - OST,"Adventure, Casual, Indie",,,,"Nikita ""Ghost_RUS""",Ghost_RUS Games,0.0,steamspy,,True
491410,Press X to Not Die - Soundtrack,"Action, Indie",,,,All Seeing Eye Games,,0.0,steamspy,,True
409150,Press X to Not Die Demo,"Action, Casual, Indie",,,,All Seeing Eye Games,All Seeing Eye Games,0.0,steamspy,,True
226150,Pressure Demo,"Action, Casual, Indie, Racing, Shooter",,,,Chasing Carrots,Topware Interactive,0.0,steamspy,,True
692140,Pressure Overdrive - Soundtrack,"Action, Indie",,,,"Chasing Carrots, Schnack Music Manufacture",Chasing Carrots,0.0,steamspy,,True
740440,Preventive Strike Demo,"Action, Casual, Indie, Survival",,,,TocanaDev,TocanaDev,0.0,steamspy,,True
609380,Prey Demo,"Action, Adventure, Horror, RPG, Survival",,,,Arkane Studios,Bethesda Softworks,0.0,steamspy,,True
80904,Pride of Nations Trailer,"Simulation, Strategy",,,,Paradox Interactive,Paradox Interactive,0.0,steamspy,,True
223262,Primal Carnage - Agent Trapper DLC,"Action, Indie",,,,Lukewarm Media,Reverb Publishing,0.0,steamspy,,True
235140,Primal Carnage - Dinobuster Skin,"Action, Indie, Strategy",,,,Lukewarm Media,Reverb Publishing,0.0,steamspy,,True
225780,Primal Carnage - Dinosaur Skin Pack 1 DLC,"Action, Indie",,,,Lukewarm Media,Reverb Publishing,0.0,steamspy,,True
235150,Primal Carnage - Dinosaur Skin Pack 3,"Action, Indie, Strategy",,,,Lukewarm Media,Reverb Publishing,0.0,steamspy,,True
235130,Primal Carnage - Experimental Dinosaur Skin Pack 2 ,"Action, Indie, Strategy",,,,Lukewarm Media,Reverb Publishing,0.0,steamspy,,True
223261,Primal Carnage - Pilot Commando DLC,"Action, Indie, Strategy",,,,Lukewarm Media,Reverb Publishing,0.0,steamspy,,True
361440,Primal Carnage Soundtrack Collection,"Action, Indie",,,,"Circle Five Studios, Pub Games",Circle Five Publishing,0.0,steamspy,,True
1366270,Primal Carnage: Extinction - Workshop Tool,Action,,,,Circle 5 Studios,Circle 5 Studios,0.0,steamspy,,True
742370,Prime Arena Demo,"Action, Massively Multiplayer, RPG, Strategy, Survival",,,,Nival,Nival,0.0,steamspy,,True
240240,Prime World: Defenders Demo,"Action, Adventure, Card & Board, Casual, Indie, RPG, Strategy, Survival, Tower Defense",,,,Nival,,0.0,steamspy,,True
5094,Prince of Persia HD Trailer,"Action, Adventure, Platformer",,,,Ubisoft Montreal,Ubisoft,0.0,steamspy,,True
5157,Prince of Persia Launch Trailer,"Action, Adventure, Platformer",,,,Ubisoft Montreal,Ubisoft,0.0,steamspy,,True
5632,Prince of Persia: The Forgotten Sands - Gameplay Reveal Trailer,"Action, Adventure, Platformer",,,,,,0.0,steamspy,,True
5661,Prince of Persia: The Forgotten Sands Gameplay Trailer,"Action, Adventure, Platformer",,,,Ubisoft Montreal,Ubisoft,0.0,steamspy,,True
5715,Prince of Persia: The Forgotten Sands Launch Trailer,"Action, Adventure, Platformer",,,,Ubisoft Montreal,Ubisoft,0.0,steamspy,,True
348920,Princess Evangile Demo,"Adventure, Visual Novel",,,,MOONSTONE,MangaGamer,0.0,steamspy,,True
540000,Princess Maker 2 Refine - Original Soundtrack (Complete Edition),Simulation,,,,"CFK Co., Ltd.",Bliss Brain,0.0,steamspy,,True
702210,Princess Serena ~Raid of Demon Legion~,"Adventure, RPG",,,,Dieselmine,Dieselmine,0.0,steamspy,,True
534640,Prismata Founder's Edition DLC,"Indie, Simulation, Strategy",,,,Lunarch Studios Inc.,Lunarch Studios Inc.,0.0,steamspy,,True
759300,Prison Boss VR Demo,"Indie, Simulation",,,,Trebuchet,Trebuchet,0.0,steamspy,,True
321280,Pro Evolution Soccer 2015 Demo,"Action, Simulation, Sports",,,,KONAMI Digital Entertainment,KONAMI Digital Entertainment,0.0,steamspy,,True
288850,Professional Farmer 2014 - America DLC,Simulation,,,,PlayWay S.A.,United Independent Entertainment,0.0,steamspy,,True
264830,Professional Farmer 2014 - Good Ol’ Times DLC,Simulation,,,,PlayWay S.A.,United Independent Entertainment,0.0,steamspy,,True
264930,Professional Farmer 2014 Demo,"Action, Simulation",,,,PlayWay S.A.,United Independent Entertainment GmbH,0.0,steamspy,,True
1073110,Professor Lupo and his Horrible Pets Demo,"Adventure, Indie, Puzzle",,,,BeautiFun Games,BeautiFun Games,0.0,steamspy,,True
21410,Project Aftermath Demo,"Action, Indie, Strategy",,,,Games Faction,Games Faction,0.0,steamspy,,True
542270,Project Alpha 002,"Action, Adventure, Horror, Indie, Shooter, Survival",,,,ZaraCodeGames,ZaraCodeGames,0.0,steamspy,,True
1414430,Project Morpheus: Prologue,"Action, Adventure, Horror, RPG, Shooter, Strategy, Survival",,,,Team Ranger,Lightning Games,0.0,steamspy,,True
432600,Project Pulsation - Soundtracks,"Action, Adventure",,,,VGstudio,VGstudio,0.0,steamspy,,True
541830,Project Starship OST,"Action, Casual, Indie",,,,xXarabonXx,,0.0,steamspy,,True
989960,Project Warlock - Soundtrack,"Action, Indie",,,,Buckshot Software,gaming company,0.0,steamspy,,True
264910,Project Zomboid Demo,"Adventure, Horror, Indie, RPG, Simulation, Survival",,,,Indie Stone Studios,,0.0,steamspy,,True
7050,Project: Snowblind Demo,"Action, Shooter",,,,Crystal Dynamics,"SQUARE ENIX, Eidos Interactive",0.0,steamspy,,True
956,Project: Snowblind Trailer,"Action, Shooter",,,,,,0.0,steamspy,,True
1040490,Prologue for a Vacant Kingdom,"Action, Adventure, Indie, RPG, Shooter",,,,shru,shru,0.0,steamspy,,True
501891,Prologue of God's one day world 神明的一天世界,Adventure,,,,灰烬天国,,0.0,steamspy,,True
384410,Prompt - Soundtrack,Indie,,,,Peter Gutenko,,0.0,steamspy,,True
366630,Prompt Demo,Indie,,,,Peter Gutenko,Peter Gutenko,0.0,steamspy,,True
328790,Prophour23 - Soundtrack,"Action, Indie, Strategy",,,,The Secret Pie,"The Secret Pie, Kurki.games",0.0,steamspy,,True
80649,Proto Defense Trailer,"Action, Indie",,,,Source Studio Ltd.,Source Studio Ltd.,0.0,steamspy,,True
60610,ProtoGalaxy Demo,"Action, Indie",,,,Source Studio Ltd.,Source Studio Ltd.,0.0,steamspy,,True
5985,ProtoGalaxy Trailer,"Action, Indie",,,,Source Studio Ltd.,Source Studio Ltd.,0.0,steamspy,,True
986000,Protocol - Digital Artbook,"Action, Adventure, Indie",,,,1111,1111,0.0,steamspy,,True
986001,Protocol - Digital OST,"Action, Adventure, Indie",,,,Fair Games Studio,,0.0,steamspy,,True
547350,Protonwar Demo,"Action, Indie, Shooter",,,,Outer Planet Studios,Outer Planet Studios,0.0,steamspy,,True
115340,Prototype 2 RADNET Access Pack,Action,,,,Radical Entertainment,Activision,0.0,steamspy,,True
81593,Prototype 2 Trailer 1,"Action, Adventure, Horror, RPG",,,,,,0.0,steamspy,,True
81594,Prototype 2 Trailer 2,"Action, Adventure, Horror, RPG",,,,Radical Entertainment,Activision,0.0,steamspy,,True
1793120,Prototype Blocks,"Casual, Indie, Platformer, Puzzle",,,,Dani Gas,Louie Inc,0.0,steamspy,,True
1824390,Prototype Blocks 2,"Casual, Indie, Platformer, Puzzle",,,,Dani Gas,Louie Inc,0.0,steamspy,,True
868570,Prototype Mansion - Used No Cover,"Adventure, Horror, Indie, Survival",,,,Jupiter Lighthouse Games,Jupiter Lighthouse Games,0.0,steamspy,,True
1397940,Prototype ONE DAY I AM ,"Action, Adventure, Indie, Platformer, Shooter",,,,TCS Production,TCS Production,0.0,steamspy,,True
928160,Prototype TD,"Indie, Strategy",,,,Elijah Goering,Elijah Goering,0.0,steamspy,,True
1919530,Prototype TD 2,"Casual, Indie, Strategy, Tower Defense",,,,Faf Games,Faf Games,0.0,steamspy,,True
1065930,Prototype-CUBE,"Action, Indie",,,,Enzian Game Development Team,Enzian Game Development Team,0.0,steamspy,,True
1860270,Prototype: Paradise Lost,"Indie, RPG, Shooter",,,,XingChunFang,XingChunFang,0.0,steamspy,,True
828880,Psi Cards - Soundtrack,"Casual, Indie",,,,IR Studio,IR Studio,0.0,steamspy,,True
339520,Psy High Demo,"Indie, RPG",,,,Choice of Games,Choice of Games,0.0,steamspy,,True
967150,"Psychedelica of the Black butterfly DLC - Artbook, OST, Wallpaper",Adventure,,,,IDEA FACTORY,Intragames,0.0,steamspy,,True
690720,Psychic Isolation Demo,"Action, Horror, Indie, Survival",,,,"thiefbug, Nocthulus",thiefbug,0.0,steamspy,,True
81175,Psychonauts New Trailer,"Action, Adventure, Indie, Platformer",,,,,,0.0,steamspy,,True
3838,Psychonauts Original Soundtrack,Action,,,,Double Fine Productions,Double Fine Productions,0.0,steamspy,,True
411150,Pulse - Original Soundtrack,"Adventure, Indie",,,,Joel Corelitz,Pixel Pi Games,0.0,steamspy,,True
503040,Pulse Shift Demo,"Indie, Puzzle",,,,3 Core Studio,3 Core Studio,0.0,steamspy,,True
575220,Punch Bomb Demo,"Action, Indie",,,,Chris Folea,Chris Folea,0.0,steamspy,,True
921620,Puppy Chef Academy Demo,"Adventure, Casual, Indie, Simulation, Visual Novel",,,,"CTN Design, LLC","CTN Design, LLC",0.0,steamspy,,True
872540,Pure Farming 2018 - Joskin Pack,Simulation,,,,Ice Flames,Techland Publishing,0.0,steamspy,,True
822180,Putin VS ISIS - OST,"Action, Casual, Indie",,,,"Nikita ""Ghost_RUS""",Ghost_RUS Games,0.0,steamspy,,True
858290,Putinoids VS Navalnyats - Путиноиды Против Навальнят - OST,"Action, Adventure, Casual, Indie",,,,"Nikita ""Ghost_RUS""",Ghost_RUS Games,0.0,steamspy,,True
80928,Puzzle Agent 2 Trailer,"Adventure, Casual, Puzzle",,,,,,0.0,steamspy,,True
5798,Puzzle Agent Trailer,"Adventure, Casual, Horror, Puzzle",,,,Telltale Games,Telltale Games,0.0,steamspy,,True
485710,Puzzle Box Demo,"Action, Adventure, Casual, Indie, Platformer, Puzzle, Strategy",,,,BplusGames,OtakuMaker.com,0.0,steamspy,,True
57210,Puzzle Dimension Demo,"Casual, Indie, Puzzle",,,,Doctor Entertainment,Doctor Entertainment,0.0,steamspy,,True
5742,Puzzle Dimension trailer,"Casual, Indie, Puzzle",,,,Doctor Entertainment,Doctor Entertainment,0.0,steamspy,,True
755990,Puzzle Mania Demo,"Casual, Indie, Puzzle, Simulation",,,,Norrland Interactive,Norrland Interactive,0.0,steamspy,,True
5869,Puzzle Quest 2 Trailer,"Casual, Indie, Puzzle, RPG",,,,Infinite Interactive,"Namco Networks America, Inc.",0.0,steamspy,,True
1095450,Puzzle Walker (Demo),"Casual, Indie",,,,Sapphire Create.,Sapphire Create.,0.0,steamspy,,True
643390,Pyre: Original Soundtrack,"Action, Indie, RPG",,,,Supergiant Games,Supergiant Games,0.0,steamspy,,True
21510,Pyroblazer Demo,Racing,,,,Eipix,Candella Systems Ltd,0.0,steamspy,,True
5108,Pyroblazer Trailer 1,Racing,,,,Eipix,Candella Systems Ltd,0.0,steamspy,,True
5102,Pyroblazer Trailer 2,Racing,,,,Eipix,Candella Systems Ltd,0.0,steamspy,,True
5104,Pyroblazer Trailer 3,Racing,,,,Eipix,Candella Systems Ltd,0.0,steamspy,,True
822094,Q.U.B.E. 2 Season Pass,"Action, Adventure, Indie",,,,Toxic Games,Trapped Nerve Games,0.0,steamspy,,True
344210,Qbeh-1: The Atlas Cube - Official Soundtrack,"Adventure, Casual, Indie",,,,Liquid Flower,Digital Tribe,0.0,steamspy,,True
304570,Qbeh-1: The Atlas Cube Demo,"Adventure, Casual, Indie",,,,Liquid Flower,Digital Tribe,0.0,steamspy,,True
653150,Qbike: Cyberpunk Motorcycles Demo,"Action, Casual, Indie, Massively Multiplayer, Racing, Simulation, Sports",,,,GexagonVR,GexagonVR,0.0,steamspy,,True
689890,Qbike: Synthwave Soundtrack,"Action, Casual, Massively Multiplayer, Racing, Simulation, Sports",,,,GexagonVR,GexagonVR,0.0,steamspy,,True
323290,Qora - Soundtrack,"Adventure, Indie",,,,"Holden Boyles, Ciprian Stanciu",Curve Games,0.0,steamspy,,True
37810,QuantZ Demo,"Casual, Indie, Puzzle",,,,Gamerizon,Gamerizon,0.0,steamspy,,True
514800,Quantum Break - Original Game Soundtrack,Action,,,,Remedy Entertainment,Microsoft Studios,0.0,steamspy,,True
454660,Quantum Conscience - Original Soundtrack,"Adventure, Indie",,,,Woodsy Studio,Thesis Games,0.0,steamspy,,True
205700,Quantum Conundrum Demo,"Adventure, Casual, Platformer, Puzzle, Strategy",,,,"Airtight Games, Inc","SQUARE ENIX, Eidos Interactive",0.0,steamspy,,True
81710,Quantum Conundrum E3 Trailer,"Adventure, Casual, Platformer, Puzzle, Strategy",,,,Airtight Games,,0.0,steamspy,,True
204902,Quantum Conundrum Soundtrack,"Adventure, Casual, Strategy",,,,Airtight Games,Square Enix,0.0,steamspy,,True
370520,Quantum Rush Champions Demo,"Action, Casual, Indie, Racing, Simulation, Sports",,,,GameArt Studio GmbH,GameArt Studio GmbH,0.0,steamspy,,True
330690,Quantum Rush Champions Original Soundtracks,"Action, Racing, Sports",,,,GameArt Studio GmbH,,0.0,steamspy,,True
876550,Queen of Seas 2 - Original Sound Track,"Adventure, Indie",,,,KomBits Game Studio,KomBits Game Studio,0.0,steamspy,,True
614010,Queendoom Demo,"Action, Indie",,,,EP Games®,EP Games®,0.0,steamspy,,True
1307860,Queerskins: a love story,"Indie, Visual Novel",,,,Cloudred,"Cloudred, Fancy Rainbow Productions",0.0,steamspy,,True
556500,Quern - Undying Thoughts (Original Soundtrack),"Adventure, Indie",,,,"Zadbox Entertainment, Marcell Kerepesi","Blue Brain Games, Zadbox Entertainment",0.0,steamspy,,True
768950,Quest Hunter: Original Soundtrack,"Action, Adventure, Indie, RPG",,,,2 Zombie Games,2 Zombie Games,0.0,steamspy,,True
494480,QuiVr Demo,"Action, Casual, Indie, Simulation",,,,Blueteak,Blueteak,0.0,steamspy,,True
890610,Quible Sphere Soundtrack,"Casual, Indie, Racing",,,,Hertzole,,0.0,steamspy,,True
2497310,R & P: Prologue,"Simulation, Strategy",,,,Mystiqular,Mystiqular,0.0,steamspy,,True
1043660,R.I.C.A - BGM,Indie,,,,Seldom Ludious,Seldom Ludious,0.0,steamspy,,True
4260,RACE 07 Demo,"Racing, Simulation, Sports",,,,SimBin,SimBin,0.0,steamspy,,True
986,RACE 07 Trailer,"Racing, Simulation, Sports",,,,,,0.0,steamspy,,True
8650,RACE 07: Andy Priaulx Crowne Plaza Raceway (Free DLC),"Racing, Shooter, Simulation",,,,SimBin,SimBin,0.0,steamspy,,True
4290,RACE: Caterham Expansion,"Racing, Simulation",,,,SimBin,SimBin,0.0,steamspy,,True
739620,RADical ROACH: Original Soundtrack,"Action, Adventure, Casual, Indie, Strategy",,,,DL Softworks,DL Softworks,0.0,steamspy,,True
720860,RAID: World War II Soundtrack,"Action, Adventure, RPG",,,,Lion game Lion,Starbreeze Entertainment,0.0,steamspy,,True
82086,RAW Realms of Ancient War Overview Trailer,"Action, RPG",,,,Wizarbox,,0.0,steamspy,,True
576900,RAYGUN COMMANDO VR Demo,"Casual, Indie",,,,Chun Y.,Chun Y.,0.0,steamspy,,True
1009280,REPTOMOM Demo,"Action, Casual, Indie, Platformer",,,,ProblemGamer Productions,Self,0.0,steamspy,,True
961440,"RESIDENT EVIL 2 / BIOHAZARD RE:2 ""1-Shot Demo""","Action, Horror, Shooter, Survival",,,,"CAPCOM Co., Ltd.","CAPCOM Co., Ltd.",0.0,steamspy,,True
1997590,RETOOLED,"Action, Shooter",,,,Swarm Creations,Swarm Creations,0.0,steamspy,,True
44660,RETRO – Expansion Pack for RACE 07,"Racing, Simulation",,,,SimBin,SimBin,0.0,steamspy,,True
317750,REVERSE SIDE Demo,"Action, Adventure, Indie, Simulation",,,,REEW GAMES,REEW GAMES,0.0,steamspy,,True
321380,REVERSE SIDE: Official Soundtrack,"Action, Adventure, Indie, Simulation",,,,REEW GAMES,REEW GAMES,0.0,steamspy,,True
558710,REVIVAL RESET Demo,Adventure,,,,rakusomoku,rakusomoku,0.0,steamspy,,True
393650,RFLEX - The Awesome Soundtrack,"Action, Casual, Indie",,,,"ForeverBound, Valiant, RollingFacade",Wesley LaFerriere,0.0,steamspy,,True
1034550,RIOT - Civil Unrest Soundtrack and Art Book,"Indie, Simulation, Strategy",,,,"Leonard Menchiari, IV Productions",Silver Lining Interactive,0.0,steamspy,,True
1006540,ROAD HOMEWARD Demo,Adventure,,,,Владислав Витальевич Максутов,Владислав Витальевич Максутов,0.0,steamspy,,True
439640,ROAD TO NINJA -NARUTO THE MOVIE-,Action,,,,Studio Pierrot,VIZ Media,0.0,steamspy,,True
623770,ROBOT MASTER Demo,"Indie, Strategy",,,,Newron Laboratory,Kunpo Games,0.0,steamspy,,True
362760,ROCKETSROCKETSROCKETS Soundtrack,"Action, Casual, Indie, Racing, Strategy",,,,"Ben Lam, Power Up Audio",Radial Games Corp,0.0,steamspy,,True
356350,RONIN Demo,"Action, Indie, Platformer",,,,Tomasz Wacławek,Devolver Digital,0.0,steamspy,,True
374750,ROOMS: The Toymaker's Mansion - Original Soundtrack,"Adventure, Casual, Indie",,,,HandMade Game,HandMade Game,0.0,steamspy,,True
601850,ROOT Soundtrack,"Action, Indie",,,,Skunkape Interactive,Digital Tribe,0.0,steamspy,,True
604470,ROTii Demo,"Action, Adventure, Casual, Indie",,,,DarkShot Studios,DarkShot Studios,0.0,steamspy,,True
397050,RPG Tycoon Demo,"Simulation, Strategy",,,,Skatanic Studios,GSProductions Ltd.,0.0,steamspy,,True
430341,RTK13 - Additional BGM - “RTK12” Set ① 追加BGM『三國志12』セット①,"Simulation, Strategy",,,,"KOEI TECMO GAMES CO., LTD.",,0.0,steamspy,,True
430342,RTK13 - Additional BGM - “RTK12” Set ② 追加BGM『三國志12』セット②,Simulation,,,,"KOEI TECMO GAMES CO., LTD.",,0.0,steamspy,,True
430343,RTK13 - Additional BGM - “RTK12” Set ③ 追加BGM『三國志12』セット③,Simulation,,,,"KOEI TECMO GAMES CO., LTD.",,0.0,steamspy,,True
430344,RTK13 - Additional BGM - “RTK12” Set ④ 追加BGM『三國志12』セット④,Simulation,,,,"KOEI TECMO GAMES CO., LTD.",,0.0,steamspy,,True
814520,RTS Commander: Smash the Rebels Demo,"Adventure, Indie, Strategy",,,,F-games,F-Games,0.0,steamspy,,True
335410,RTS Creator Demo,Strategy,,,,"Infotread, LLC","Infotread, LLC",0.0,steamspy,,True
721620,RUINER Official Soundtrack,"Action, Indie",,,,Reikon Games,"Devolver Digital, Laced Records",0.0,steamspy,,True
288330,RUNNING WITH RIFLES Demo,"Action, Adventure, Indie, Massively Multiplayer, RPG, Shooter, Simulation, Strategy, Survival",,,,Osumia Games,Osumia Games,0.0,steamspy,,True
38730,RUSH Demo,"Casual, Indie, Puzzle, Strategy",,,,Two Tribes,Two Tribes,0.0,steamspy,,True
80462,RUSH Trailer,"Casual, Indie, Puzzle, Strategy",,,,Two Tribes,Two Tribes,0.0,steamspy,,True
580831,RWBY: Grimm Eclipse - Team JNPR Beacon Academy Costume Pack,"Action, Adventure, Indie",,,,Rooster Teeth Games,Rooster Teeth Games,0.0,steamspy,,True
580833,RWBY: Grimm Eclipse - Team JNPR Beacon Dance Costume Pack,"Action, Adventure, Indie",,,,Rooster Teeth Games,Rooster Teeth Games,0.0,steamspy,,True
954102,RWBY: Grimm Eclipse - Team JNPR Pajamas Costume Pack,"Action, Adventure, Indie",,,,Rooster Teeth Games,Rooster Teeth Games,0.0,steamspy,,True
954103,RWBY: Grimm Eclipse - Team JNR Timeskip Costume Pack,"Action, Adventure, Indie",,,,Rooster Teeth Games,Rooster Teeth Games,0.0,steamspy,,True
580830,RWBY: Grimm Eclipse - Team RWBY Beacon Academy Costume Pack,"Action, Adventure, Indie",,,,Rooster Teeth Games,Rooster Teeth Games,0.0,steamspy,,True
580832,RWBY: Grimm Eclipse - Team RWBY Beacon Dance Costume Pack,"Action, Adventure, Indie",,,,Rooster Teeth Games,Rooster Teeth Games,0.0,steamspy,,True
954100,RWBY: Grimm Eclipse - Team RWBY Pajamas Costume Pack,"Action, Adventure, Indie",,,,Rooster Teeth Games,Rooster Teeth Games,0.0,steamspy,,True
954101,RWBY: Grimm Eclipse - Team RWBY Timeskip Costume Pack,"Action, Adventure, Indie",,,,Rooster Teeth Games,Rooster Teeth Games,0.0,steamspy,,True
431621,Rabi-Ribi - Digital Artbook,"Action, Adventure, Indie, Metroidvania, Platformer",,,,CreSpirit,CreSpirit,0.0,steamspy,,True
532021,Rabi-Ribi - Is the order a DLC?,"Action, Adventure, Casual, Indie, Metroidvania, Platformer",,,,"CreSpirit, GemaYue",CreSpirit,0.0,steamspy,,True
431620,Rabi-Ribi - Original Soundtrack,"Action, Adventure, Indie",,,,CreSpirit,CreSpirit,0.0,steamspy,,True
378730,Race The Sun Original Soundtrack,"Action, Indie, Racing",,,,Flippfly LLC,,0.0,steamspy,,True
81271,Race: Injection Trailer,"Racing, Simulation",,,,RaceRoom Entertainment AG,,0.0,steamspy,,True
81936,RaceRoom Racing Experience Trailer,"Action, Adventure, Casual, Massively Multiplayer, Racing, Simulation, Sports",,,,SimBin Studios AB,SimBin,0.0,steamspy,,True
400600,Rack N Ruin - Soundtrack,"Action, Adventure, Indie, RPG",,,,LifeSpark Entertainment,,0.0,steamspy,,True
702000,Racket Fury: Table Tennis VR Demo,"Casual, Indie, Simulation, Sports",,,,10Ants Hill,10Ants Hill,0.0,steamspy,,True
498290,Racket:Nx Demo,"Action, Casual, Indie, Sports",,,,One Hamsa,Waves Audio,0.0,steamspy,,True
906,Rag Doll Kung Fu Trailer,"Fighting, Indie",,,,,,0.0,steamspy,,True
988630,Rage In Peace Demo,"Action, Adventure, Indie",,,,Rolling Glory Jam,"Toge Productions, Another Indie",0.0,steamspy,,True
81013,Rage Trailer,"Action, Adventure, Horror, RPG, Racing, Shooter, Survival",,,,id Software,Bethesda Softworks,0.0,steamspy,,True
642250,Ragnarok - ARK Expansion Map,"Action, Adventure, Indie, Massively Multiplayer, RPG, Survival",,,,"Studio Wildcard, Instinct Games, Efecto Studios, Virtual Basement LLC",Studio Wildcard,0.0,steamspy,,True
81157,Railwork 3: Train Simulator 2012 Trailer,"Action, Casual, City Builder, Simulation, Strategy",,,,RailSimulator.com,,0.0,steamspy,,True
610070,Rain World - Soundtrack,"Action, Adventure, Indie",,,,Videocult,Akupara Games,0.0,steamspy,,True
622780,Raining Blobs Demo,"Indie, Puzzle, Strategy",,,,Endi Milojkoski,Black Shell Media,0.0,steamspy,,True
646060,Raise Your Own Clone Demo,"Adventure, Casual",,,,CoaguCo Industries,CoaguCo Industries,0.0,steamspy,,True
1429740,Raji: Prologue,"Action, Adventure, Indie, Metroidvania, Platformer, Puzzle, RPG",,,,Nodding Heads Games,Nodding Heads Games,0.0,steamspy,,True
572910,Rakuen Original Soundtrack,"Adventure, Indie, RPG",,,,Laura Shigihara,Laura Shigihara,0.0,steamspy,,True
372860,Ramayana Demo,"Adventure, Indie, Strategy",,,,Rakesh Malik,Rakesh Malik,0.0,steamspy,,True
626230,Ramify Demo,"Casual, Indie, Puzzle",,,,Create Something Interesting LLC,Create Something Interesting LLC,0.0,steamspy,,True
333140,Randal's Monday Demo,"Adventure, Indie",,,,Nexus Game Studios,Daedalic Entertainment,0.0,steamspy,,True
899250,Ratergy Demo,"Action, Adventure, Casual, Indie, Puzzle, Racing, Strategy",,,,Jens Bolanz,Bolanzarts,0.0,steamspy,,True
347070,Ratz Instagib – Original Soundtrack,"Action, Indie",,,,"Lino Slahuschek, Jazzsticks",Rarebyte,0.0,steamspy,,True
730210,Raw Data - OST,"Action, Indie, Strategy",,,,Survios,Survios,0.0,steamspy,,True
32010,Raycatcher Demo,"Casual, Indie",,,,"Thinking Studios, Slam Dunk Studios",Thinking Studios,0.0,steamspy,,True
81478,Rayman Origins Trailer,"Action, Adventure, Platformer",,,,UBIart Montpellier,,0.0,steamspy,,True
523950,Rayon Riddles - Rise of the Goblin King Demo,"Adventure, Indie, Puzzle, Strategy",,,,Lost The Game Studios,bitComposer Interactive GmbH,0.0,steamspy,,True
34930,Razor2: Hidden Skies Demo,"Action, Casual, Indie, Shooter",,,,Invent4 Entertainment,Strategy First Inc.,0.0,steamspy,,True
5779,Razor2: Hidden Skies Trailer,"Action, Casual, Indie, Shooter",,,,Invent4 Entertainment,Strategy First Inc.,0.0,steamspy,,True
545170,Razortron 2000: Soundtrack,"Casual, Indie, Racing",,,,NukGames,NukGames,0.0,steamspy,,True
632910,Ra² | Soundtrack,Indie,,,,Pau Damià Riera,Develobster,0.0,steamspy,,True
839110,Re Angel - Original Sound Track,"Adventure, Indie, Visual Novel",,,,Studio GU,,0.0,steamspy,,True
865970,Re;Lord 1 ~The witch of Herfort and stuffed animals~ Original Soundtrack,"Adventure, Casual, Indie, RPG",,,,Escu:de/Element,Sekai Project,0.0,steamspy,,True
802350,Reach Me Demo,"Casual, Indie",,,,Antizero company,Antizero company,0.0,steamspy,,True
779650,Ready Player One: OASIS beta,"Action, Adventure",,,,Directive Games Limited,Vive Studios,0.0,steamspy,,True
81278,Real Warfare 2: Northern Crusades Trailer,Strategy,,,,,,0.0,steamspy,,True
81277,Real Warfare 2: Northern Crusades Trailer - Russian,Strategy,,,,,,0.0,steamspy,,True
81440,Really Big Sky Retro Trailer,"Action, Indie, Shooter",,,,Boss Baddie,Boss Baddie,0.0,steamspy,,True
81441,Really Big Sky Trailer,"Action, Indie, Shooter",,,,,,0.0,steamspy,,True
372700,Realm of Perpetual Guilds Demo,RPG,,,,Omega Games,Omega Games,0.0,steamspy,,True
270740,Realm of the Mad God: Slime Priest Skin,"Action, Indie, Massively Multiplayer, RPG",,,,Wild Shadow Studios,Kabam,0.0,steamspy,,True
264840,Realms of Arkania: Blade of Destiny - For the Gods DLC,"Adventure, Indie, RPG",,,,Crafty Studios,United Independent Entertainment,0.0,steamspy,,True
264841,Realms of Arkania: Blade of Destiny - Ogredeath DLC,"Adventure, Indie, RPG",,,,Crafty Studios,United Independent Entertainment GmbH,0.0,steamspy,,True
387910,Realms of Arkania: Blade of Destiny - With Blade and Brilliance DLC,"Adventure, Indie, RPG",,,,Crafty Studios,,0.0,steamspy,,True
622360,Realpolitiks - New Power DLC,Strategy,,,,Jujubee S.A.,Fulqrum Publishing,0.0,steamspy,,True
588740,Realpolitiks Demo,"Indie, Simulation, Strategy",,,,Jujubee S.A.,1C Company,0.0,steamspy,,True
1089820,Reanimation Inc.,"Indie, Simulation",,,,Dmitrii Lomakin,Dmitrii Lomakin,0.0,steamspy,,True
1012980,Reassembly Fields Expansion,"Action, Indie, Strategy",,,,Anisoptera Games,,0.0,steamspy,,True
353850,Reassembly Soundtrack,"Action, Indie, Strategy",,,,"Anisoptera Games, Peaks",Peaks,0.0,steamspy,,True
15952,Reaxxion Demo,Casual,,,,MumboJumbo,MumboJumbo,0.0,steamspy,,True
1102710,Rebirth Demo,"Action, Adventure, Indie, Massively Multiplayer, RPG, Strategy",,,,Pandora Entertainment,Pandora Entertainment,0.0,steamspy,,True
506860,Rebirth of Island Demo,"Action, Adventure, Indie, RPG, Strategy, Survival",,,,Yo_Serjio,Yo_Serjio,0.0,steamspy,,True
708370,Reboant Demo,"Action, Adventure",,,,DarkLord,Dome VR,0.0,steamspy,,True
376530,Reboot Game Guides and Art Book,RPG,,,,New Reality Games,,0.0,steamspy,,True
367250,Reboot Soundtrack,RPG,,,,New Reality Games,,0.0,steamspy,,True
5969,Recettear Trailer (JP),"Action, Adventure, Indie, JRPG, RPG, Simulation, Strategy, Visual Novel",,,,,,0.0,steamspy,,True
70410,Recettear: An Item Shop's Tale - Demo,"Action, Adventure, Indie, JRPG, RPG, Simulation, Strategy, Visual Novel",,,,EasyGameStation,Carpe Fulgur LLC,0.0,steamspy,,True
648540,Reckless Space Pirates Demo,"Adventure, Indie, RPG",,,,Choice of Games,Choice of Games,0.0,steamspy,,True
431320,Recourse Demo,"Adventure, Casual, Indie",,,,Clouds and Blue,Clouds and Blue,0.0,steamspy,,True
276190,Red Faction Armageddon Soundtrack,Action,,,,Volition,Deep Silver,0.0,steamspy,,True
5069,Red Faction Guerrilla Destruction Trailer,"Action, Adventure, Shooter, Survival",,,,Volition,THQ,0.0,steamspy,,True
5132,Red Faction Guerrilla Multiplayer Gameplay Trailer,"Action, Adventure, Shooter, Survival",,,,,,0.0,steamspy,,True
5238,Red Faction Guerrilla Tools of Destruction Video 1,"Action, Adventure, Shooter, Survival",,,,,,0.0,steamspy,,True
5239,Red Faction Guerrilla Tools of Destruction Video 2,"Action, Adventure, Shooter, Survival",,,,,,0.0,steamspy,,True
5240,Red Faction Guerrilla Tools of Destruction Video 3,"Action, Adventure, Shooter, Survival",,,,Volition,THQ,0.0,steamspy,,True
5241,Red Faction Guerrilla Tools of Destruction Video 4,"Action, Adventure, Shooter, Survival",,,,Volition,THQ,0.0,steamspy,,True
80826,Red Faction: Armageddon Infestation Trailer,"Action, Adventure, Horror, Shooter",,,,Volition,THQ,0.0,steamspy,,True
80787,Red Faction: Armageddon Kara Trailer,"Action, Adventure, Horror, Shooter",,,,,,0.0,steamspy,,True
55115,Red Faction: Armageddon Path to War DLC,Action,,,,Volition,Deep Silver,0.0,steamspy,,True
5743,Red Faction: Armageddon Trailer,"Action, Adventure, Horror, Shooter",,,,THQ,THQ,0.0,steamspy,,True
336170,Red Faction: Guerrilla Soundtrack,Action,,,,"Volition, Reactor Zero, THQ Nordic",THQ Nordic,0.0,steamspy,,True
888820,Red Faction: Guerrilla Soundtrack,Action,,,,"Volition, KAIKO, THQ Nordic",Deep Silver,0.0,steamspy,,True
5259,Red Faction: Guerrilla Tactics Trailer,"Action, Adventure, Shooter, Survival",,,,"Volition, Inc.",THQ,0.0,steamspy,,True
597130,Red Haze Demo,"Adventure, Horror, Indie, Survival",,,,Yai Gameworks,Yai Gameworks,0.0,steamspy,,True
681260,Red Number: Prologue,"Action, Indie",,,,AntonyStiv,AntonyStiv,0.0,steamspy,,True
80455,Red Orchestra 2 - Heroes of Stalingrad Trailer,"Action, Shooter, Simulation, Strategy",,,,,,0.0,steamspy,,True
81690,Red Orchestra 2 GOTY Trailer,"Action, Shooter, Simulation, Strategy",,,,Tripwire Interactive,,0.0,steamspy,,True
81077,Red Orchestra 2 Multiplayer Gameplay Trailer,"Action, Shooter, Simulation, Strategy",,,,Tripwire Interactive,Tripwire Interactive,0.0,steamspy,,True
324830,Red Orchestra 2/Rising Storm Alpha Community Maps,Action,,,,"RO2/RS Community, Tripwire Interactive",Tripwire Interactive,0.0,steamspy,,True
324850,Red Orchestra 2/Rising Storm Beta Community Maps,Action,,,,"RO2/RS Community, Tripwire Interactive",Tripwire Interactive,0.0,steamspy,,True
941,Red Orchestra Fall Update Trailer,"Action, Shooter, Simulation, Strategy",,,,,,0.0,steamspy,,True
961,Red Orchestra June '07 Update Trailer,"Action, Shooter, Simulation, Strategy",,,,Tripwire Interactive,Tripwire Interactive,0.0,steamspy,,True
926,Red Orchestra Lyes Krovy Trailer,"Action, Shooter, Simulation, Strategy",,,,,,0.0,steamspy,,True
907,Red Orchestra Trailer,"Action, Shooter, Simulation, Strategy",,,,,,0.0,steamspy,,True
450470,Red Risk (Soundtrack),Casual,,,,Microblast Games,,0.0,steamspy,,True
80736,Red River Trailer UK,"Action, Shooter, Simulation, Strategy",,,,,,0.0,steamspy,,True
515280,Redactem Demo,"Action, Casual, Indie, Platformer, Puzzle, Strategy",,,,Elliott Marc Jones,Elliott Marc Jones,0.0,steamspy,,True
540210,Redie Demo,"Action, Indie, Shooter",,,,Rückert Broductions,Rückert Broductions,0.0,steamspy,,True
573350,Redout - Digital Artbook,Racing,,,,34BigThings srl,,0.0,steamspy,,True
570930,Redout - Soundtrack,"Indie, Racing",,,,34BigThings srl,,0.0,steamspy,,True
519880,Redout Demo,"Action, Indie, Racing, Simulation, Sports",,,,34BigThings,34BigThings,0.0,steamspy,,True
470000,RefRain - prism memories - ORIGINAL SOUNDTRACK,"Action, Indie",,,,RebRank,KOMODO,0.0,steamspy,,True
594100,Reflection of Mine - Soundtrack,"Adventure, Indie",,,,Redblack Spade,,0.0,steamspy,,True
594060,Reflection of Mine - Wallpapers,"Adventure, Indie",,,,Redblack Spade,Redblack Spade,0.0,steamspy,,True
761400,Reformers Demo,"Adventure, Casual, Indie, Puzzle, RPG",,,,TXBD·PKX·LF·GXM·JBO,RMking,0.0,steamspy,,True
723080,Regions of Ruin - Official Sound Track,"Action, Adventure, Indie, RPG, Simulation, Strategy",,,,Vox,Raw Fury,0.0,steamspy,,True
905210,Regular Human Basketball OST,"Indie, Sports",,,,Powerhoof,Powerhoof,0.0,steamspy,,True
512622,Reigns - Songs of Reigns: Interactive OST,"Adventure, Indie, RPG, Simulation",,,,Nerial,Devolver Digital,0.0,steamspy,,True
512620,Reigns - Soundtrack,"Adventure, Indie, RPG, Simulation",,,,Nerial,Devolver Digital,0.0,steamspy,,True
759680,Reigns: Her Majesty Soundtrack,"Casual, Indie, Simulation",,,,"Nerial, Synaptic Insight Technology Systems",Devolver Digital,0.0,steamspy,,True
549830,Reiner Knizia's The Confrontation - Variant Mode DLC,Strategy,,,,"Offworld Games, LLC","Offworld Games, LLC",0.0,steamspy,,True
558500,Relativity Demo,"Action, Adventure, Indie",,,,TomCGames,TomCGames,0.0,steamspy,,True
636060,"Remember, Remember Demo","Adventure, Horror, Indie, Strategy, Visual Novel",,,,"Michaela Laws, Ethan Nakashima",Michaela Laws,0.0,steamspy,,True
787500,Remnants of Naezith OST,"Action, Indie",,,,Tolga Ay,Tolga Ay,0.0,steamspy,,True
748291,Remothered: Tormented Fathers - Artbook,"Action, Adventure, Indie",,,,Stormind Games,Stormind Games,0.0,steamspy,,True
748290,Remothered: Tormented Fathers - Original Soundtrack,"Action, Adventure, Indie",,,,Stormind Games,Stormind Games,0.0,steamspy,,True
1949420,Ren's Demons I,"Indie, JRPG, RPG",,,,yo252yo,yo252yo,0.0,steamspy,,True
80963,Renegade Ops - Gameplay Trailer (ESRB),"Action, Racing, Shooter",,,,Avalanche Studios,SEGA,0.0,steamspy,,True
80962,Renegade Ops - Gameplay Trailer (OFLC),"Action, Racing, Shooter",,,,,,0.0,steamspy,,True
80960,Renegade Ops - Gameplay Trailer (PEGI),"Action, Racing, Shooter",,,,,,0.0,steamspy,,True
80961,Renegade Ops - Gameplay Trailer (USK),"Action, Racing, Shooter",,,,,,0.0,steamspy,,True
80964,Renegade Ops - Teaser Trailer (OFLC),"Action, Racing, Shooter",,,,,,0.0,steamspy,,True
80965,Renegade Ops - Teaser Trailer (PEGI),"Action, Racing, Shooter",,,,,,0.0,steamspy,,True
80966,Renegade Ops - Teaser Trailer (USK),"Action, Racing, Shooter",,,,,,0.0,steamspy,,True
81154,Renegade Ops Trailer,"Action, Racing, Shooter",,,,,,0.0,steamspy,,True
760970,Renegade Tabletop Tools System,RPG,,,,Corrosive Studios LLC,Corrosive Studios LLC,0.0,steamspy,,True
553080,Renoir Demo,"Adventure, Indie, Platformer, Puzzle",,,,Black Wing Foundation,1C Company,0.0,steamspy,,True
997041,Renowned Explorers - Artbook,"Adventure, Indie, RPG, Strategy",,,,Abbey Games,Abbey Games,0.0,steamspy,,True
858790,Rent-a-Vice Demo,"Adventure, Indie, RPG",,,,Choice of Games,Choice of Games,0.0,steamspy,,True
927800,Repentant - Original Soundtrack,"Adventure, Indie",,,,"Anate Studio, Abstracode",Anate Studio,0.0,steamspy,,True
532140,Requiescence Demo,"Casual, Visual Novel",,,,Argent Games,Argent Games,0.0,steamspy,,True
541120,Rescue Love Revenge Demo,"Action, Adventure, Indie",,,,"Hatchlight, Trepid Studios",Rich Pine,0.0,steamspy,,True
627340,Rescue Quest Gold Demo,"Adventure, Casual, Puzzle",,,,Boomzap Entertainment,Boomzap Entertainment,0.0,steamspy,,True
559780,Rescue the Great Demon 2 - Donation,"Adventure, Indie, RPG",,,,吃了就睡工作室,Indienova,0.0,steamspy,,True
381710,Resident Evil 0 Costume Pack 1,"Action, Adventure",,,,"CAPCOM Co., Ltd.",,0.0,steamspy,,True
381711,Resident Evil 0 Costume Pack 2,"Action, Adventure",,,,"CAPCOM Co., Ltd.",,0.0,steamspy,,True
381712,Resident Evil 0 Costume Pack 3,"Action, Adventure",,,,"CAPCOM Co., Ltd.",,0.0,steamspy,,True
381713,Resident Evil 0 Costume Pack 4,"Action, Adventure",,,,"CAPCOM Co., Ltd.",,0.0,steamspy,,True
540340,Resident Evil 7 - Season Pass,"Action, Adventure, Horror, Survival",,,,"CAPCOM Co., Ltd.","CAPCOM Co., Ltd.",0.0,steamspy,,True
81591,Resident Evil Operation Raccoon City Trailer,"Action, Horror, Shooter, Survival",,,,,,0.0,steamspy,,True
210014,Resident Evil: Operation Raccoon City - Costume Pack 1,Action,,,,Slant Six Games,Capcom,0.0,steamspy,,True
210012,Resident Evil: Operation Raccoon City - Echo Six Expansion Pack 1,Action,,,,Slant Six Games,Capcom,0.0,steamspy,,True
210013,Resident Evil: Operation Raccoon City - Echo Six Expansion Pack 2,Action,,,,Slant Six Games,Capcom,0.0,steamspy,,True
231250,Resident Evil: Revelations Demo,"Action, Adventure, Horror, Shooter, Survival",,,,Capcom,,0.0,steamspy,,True
229626,Resident Evil: Revelations Lady HUNK DLC,"Action, Adventure",,,,Capcom,Capcom,0.0,steamspy,,True
229627,Resident Evil: Revelations Rachael Ooze DLC,"Action, Adventure",,,,Capcom,Capcom,0.0,steamspy,,True
81857,Resonance Trailer,"Adventure, Indie, Puzzle",,,,XII Games,Wadjet Eye Games,0.0,steamspy,,True
436700,Retaliation: Enemy Mine Demo,"Card & Board, Strategy",,,,XTeam Software Solutions srls,"Forgotten Empires LLC, XTeam Software Solutions srls",0.0,steamspy,,True
463440,Retool,"Action, Indie, Puzzle, Strategy",,,,Hut 90,Hut 90,0.0,steamspy,,True
465550,Retool Demo,"Action, Indie, Puzzle, Strategy",,,,Hut 90,Hut 90,0.0,steamspy,,True
81543,Retro City Rampage Cereal Trailer,"Action, Adventure, Indie, Racing, Shooter",,,,"Vblank Entertainment, Inc.",,0.0,steamspy,,True
82098,Retro City Rampage Trailer 1,"Action, Adventure, Indie, Racing, Shooter",,,,,,0.0,steamspy,,True
81542,Retro City Rampage Trailer 2,"Action, Adventure, Indie, Racing, Shooter",,,,"Vblank Entertainment, Inc.",,0.0,steamspy,,True
374260,Retro Game Crunch Soundtrack,"Action, Adventure, Indie, Metroidvania, Platformer",,,,Matt Grimm,Retro Game Crunch,0.0,steamspy,,True
539250,Retro Parking Demo,"Racing, Simulation, Strategy",,,,BYCODEC TEKNOLOJI LTD,BYCODEC TEKNOLOJI LTD,0.0,steamspy,,True
860690,Reus - Soundtrack,"Indie, Simulation, Strategy",,,,Abbey Games,,0.0,steamspy,,True
81576,Revelations 2012 Battlegrounds Trailer,"Action, Indie, Strategy",,,,Dark Artz Entertainment,,0.0,steamspy,,True
81634,Revelations 2012 Trailer,"Action, Indie, Strategy",,,,Dark Artz Entertainment,Dark Artz Entertainment,0.0,steamspy,,True
80685,Revenge of the Titans Trailer,"Action, Indie, Strategy, Tower Defense",,,,Puppygames,Shaven Puppy Ltd,0.0,steamspy,,True
93207,Revenge of the Titans: Soundtrack,Indie,,,,Puppygames,Puppygames,0.0,steamspy,,True
1047610,Revenis Prologue 01,Indie,"6 Apr, 2019",False,"₩ 2,200",Christopher Hyun,Christopher Hyun,0.0,appdetails,,True
1102480,Reventure OST,"Adventure, Indie",,,,Pixelatto,,0.0,steamspy,,True
824350,Revoke Demo,"Action, Adventure, Indie",,,,NEUN Games,NEUN Games,0.0,steamspy,,True
689950,Rez Infinite Digital Deluxe DLC,"Action, Casual, Indie",,,,"Monstars Inc., Resonair",Enhance,0.0,steamspy,,True
614230,Rhythm Rush Demo,"Action, Indie",,,,KFriske Studios,KFriske Studios,0.0,steamspy,,True
38924,Rhythm Zone DJ Table Visualizer DLC,"Casual, Indie",,,,Sonic Boom Games,Sonic Boom Games,0.0,steamspy,,True
209040,Ridge Racer Unbounded Demo,"Action, Racing",,,,BUGBEAR,NAMCO BANDAI Games,0.0,steamspy,,True
81505,Ridge Racer Unbounded Trailer,"Action, Racing",,,,BUGBEAR,NAMCO BANDAI Games,0.0,steamspy,,True
576330,Riding Out Demo,"Massively Multiplayer, RPG, Racing, Simulation",,,,UnexEvo,UnexEvo,0.0,steamspy,,True
724390,Rigid Force Alpha,"Action, Casual, Fighting, Shooter",,,,com8com1 Software,com8com1 Software,0.0,steamspy,,True
81960,Rigonauts Trailer,"Casual, Indie, Simulation, Strategy",,,,,,0.0,steamspy,,True
990430,RimWorld Soundtrack,"Indie, Simulation, Strategy",,,,"Ludeon Studios, Lindsay Audio Services",,0.0,steamspy,,True
271880,Ring Runner Demo,"Action, Indie, RPG, Shooter",,,,Triple.B.Titles,Triple.B.Titles,0.0,steamspy,,True
1353950,Ring of Fire: Prologue,"Horror, Puzzle, Simulation, Visual Novel",,,,"de Fault, Chard",Far Few Giants,0.0,steamspy,,True
632790,Riptale Soundtrack,"Action, Adventure, Indie",,,,Super God,Super God,0.0,steamspy,,True
1654440,Rise of Humanity: Prologue,"Action, Card & Board, RPG, Strategy",,,,Cybernetic Walrus,Cybernetic Walrus,0.0,steamspy,,True
842160,Rise of Industry Demo,"City Builder, Indie, Simulation, Strategy",,,,Dapper Penguin Studios,Kasedo Games,0.0,steamspy,,True
817260,Rise of Insanity - Original Soundtrack,"Adventure, Indie",,,,Red Limb Studio,Red Limb Studio,0.0,steamspy,,True
328210,Rise to Ruins - The Living Soundtrack!,"City Builder, Indie, Simulation, Strategy, Survival, Tower Defense",,,,Bibiki,SixtyGig Games,0.0,steamspy,,True
81740,Risen 2 Air Temple Trailer ES,RPG,,,,,,0.0,steamspy,,True
81739,Risen 2 Air Temple Trailer ESRB,RPG,,,,Piranha Bytes,Deep Silver,0.0,steamspy,,True
81741,Risen 2 Air Temple Trailer FR,RPG,,,,,,0.0,steamspy,,True
81742,Risen 2 Air Temple Trailer IT,RPG,,,,,,0.0,steamspy,,True
81738,Risen 2 Air Temple Trailer PEGI,RPG,,,,,,0.0,steamspy,,True
81520,Risen 2 Dark Waters CGI Trailer PEGI English,"Action, Adventure, RPG",,,,,,0.0,steamspy,,True
81524,Risen 2 Dark Waters CGI Trailer PEGI German,"Action, Adventure, RPG",,,,,,0.0,steamspy,,True
81527,Risen 2 Dark Waters Trailer 2 PEGI ESP,"Action, Adventure, RPG",,,,,,0.0,steamspy,,True
81529,Risen 2 Dark Waters Trailer 2 PEGI France,"Action, Adventure, RPG",,,,,,0.0,steamspy,,True
81528,Risen 2 Dark Waters Trailer 2 PEGI ITA,"Action, Adventure, RPG",,,,,,0.0,steamspy,,True
81525,Risen 2 Dark Waters Trailer 2 USK,"Action, Adventure, RPG",,,,,,0.0,steamspy,,True
81438,Risen 2 Trailer ESRB,"Action, Adventure, RPG",,,,Piranha Bytes,Deep Silver,0.0,steamspy,,True
81435,Risen 2 Trailer PEGI,"Action, Adventure, RPG",,,,,,0.0,steamspy,,True
40393,Risen 2: Dark Waters - Air Temple DLC,RPG,,,,Piranha Bytes,THQ Nordic,0.0,steamspy,,True
40392,Risen 2: Dark Waters - Treasure Isle DLC,"Action, Adventure",,,,Piranha Bytes,THQ Nordic,0.0,steamspy,,True
81521,Risen 2: Dark Waters CGI Trailer ESRB,"Action, Adventure, RPG",,,,Piranha Bytes,Deep Silver,0.0,steamspy,,True
202610,Risen 2: Dark Waters Demo,"Action, Adventure, RPG",,,,Piranha Bytes,KochMedia,0.0,steamspy,,True
40310,Risen Demo,"Action, Adventure, RPG",,,,Piranha – Bytes,Deep Silver,0.0,steamspy,,True
5395,Risen Trailer,"Action, Adventure, RPG",,,,,,0.0,steamspy,,True
1252580,Rising Hell - Prologue,"Action, Indie, Roguelike",,,,Tahoe Games,Toge Productions,0.0,steamspy,,True
505130,Rising Islands Demo,"Adventure, Casual, Indie, Platformer, Puzzle",,,,Lone Hero Studios,SOEDESCO publishing,0.0,steamspy,,True
794341,Rising Storm 2: Vietnam - Born in the USA Cosmetic DLC,"Action, Indie, Massively Multiplayer, Simulation, Strategy",,,,Antimatter Games,Tripwire Interactive,0.0,steamspy,,True
794345,Rising Storm 2: Vietnam - Homeland Security Cosmetic DLC,"Action, Indie, Massively Multiplayer, Simulation, Strategy",,,,"Antimatter Games, Tripwire Interactive",,0.0,steamspy,,True
794342,Rising Storm 2: Vietnam - Man Down Under Cosmetic DLC,"Action, Indie, Massively Multiplayer, Simulation, Strategy",,,,Antimatter Games,Tripwire Interactive,0.0,steamspy,,True
629751,Rising Storm 2: Vietnam - Official Soundtrack,"Action, Indie, Massively Multiplayer, Simulation, Strategy",,,,"Antimatter Games, Tripwire Interactive",,0.0,steamspy,,True
737272,Rising Storm 2: Vietnam - Personalized Touch Cosmetic DLC,"Action, Indie, Massively Multiplayer, Simulation, Strategy",,,,Antimatter Games,Tripwire Interactive,0.0,steamspy,,True
737270,Rising Storm 2: Vietnam - Pulling Rank Cosmetic DLC,"Action, Indie, Massively Multiplayer, Simulation, Strategy",,,,Antimatter Games,Tripwire Interactive,0.0,steamspy,,True
794343,Rising Storm 2: Vietnam - Rear Echelon Cosmetic DLC,"Action, Indie, Massively Multiplayer, Simulation, Strategy",,,,"Antimatter Games, Tripwire Interactive",,0.0,steamspy,,True
1042390,Rising Storm 2: Vietnam - Sgt Joe's Support Bundle DLC,"Action, Massively Multiplayer, Simulation, Strategy",,,,"Sgt Joe (and friends), Antimatter Games, Tripwire Interactive",Tripwire Interactive,0.0,steamspy,,True
794344,Rising Storm 2: Vietnam - Southern Style Cosmetic DLC,"Action, Indie, Massively Multiplayer, Simulation, Strategy",,,,"Antimatter Games, Tripwire Interactive",,0.0,steamspy,,True
1074650,Rising Storm 2: Vietnam - Specialist Pack Cosmetic DLC,"Action, Massively Multiplayer, Simulation, Strategy",,,,"Antimatter Games, Tripwire Interactive",Tripwire Interactive,0.0,steamspy,,True
794340,Rising Storm 2: Vietnam - Uncle Ho's Heroes Cosmetic DLC,"Action, Indie, Massively Multiplayer, Simulation, Strategy",,,,Antimatter Games,Tripwire Interactive,0.0,steamspy,,True
323410,Risk of Rain Soundtrack,"Action, Indie, RPG",,,,Chris Christodoulou,"Hopoo Games, LLC",0.0,steamspy,,True
732120,Riskers Soundtrack,"Action, Indie, Racing",,,,,Meridian4,0.0,steamspy,,True
847750,River City Ransom: Underground OST,"Action, Indie, RPG",,,,Conatus Creative Inc.,Conatus Creative Inc.,0.0,steamspy,,True
1145470,River Legends: A Fly Fishing Adventure Demo,"Adventure, Indie, RPG, Simulation, Sports",,,,Dantat Studio,Dantat Studio,0.0,steamspy,,True
725880,Road Redemption - Concept Art and Videos,"Action, Adventure, Indie, Racing, Simulation",,,,"Redemption Road Games, Pixel Dash Studios",,0.0,steamspy,,True
727050,Road Redemption - Early Prototype,"Action, Adventure, Indie, Racing, Simulation",,,,"Redemption Road Games, Pixel Dash Studios",,0.0,steamspy,,True
838020,Road Scars: Origins - Original Soundtrack,"Action, Adventure, Indie, Racing",,,,NukGames,,0.0,steamspy,,True
489530,Road to Ballhalla Soundtrack,"Action, Adventure, Indie, Racing",,,,Torched Hill,tinyBuild,0.0,steamspy,,True
1056300,Road to your City Demo,"City Builder, Indie, Simulation, Sports, Strategy",,,,Yheeky Games,Yheeky Games,0.0,steamspy,,True
1042340,Roarr! Demo,"Action, Adventure, Casual, Indie",,,,Born Lucky Games,Klabater,0.0,steamspy,,True
984130,Robbie Swifthand and the Orb of Mysteries - OST,"Action, Adventure, Indie",,,,Pixel Reign,Pixel Reign,0.0,steamspy,,True
829620,Robbie Swifthand and the Orb of Mysteries Demo,"Action, Adventure, Indie, Platformer, Puzzle",,,,Pixel Reign,Pixel Reign,0.0,steamspy,,True
937250,Robbotto Demo,"Action, Indie",,,,JMJ Interactive,JMJ Interactive,0.0,steamspy,,True
838450,Robby's Adventure Demo,"Adventure, Casual, Indie, Platformer, Puzzle",,,,,,0.0,steamspy,,True
81072,Robin Hood Trailer,"Adventure, RPG, Strategy",,,,"Spellbound, Anuman",Meridian4,0.0,steamspy,,True
4310,RoboBlitz Demo,"Action, Indie, Puzzle",,,,Naked Sky Entertainment,Naked Sky Entertainment,0.0,steamspy,,True
800540,RoboHeist VR Demo,"Action, Casual, Indie",,,,Blob Lab,Blob Lab,0.0,steamspy,,True
2363620,RoboSquad Revolution (Beta),"Action, Shooter",,,,Zorans Resistance,Zorans Resistance,0.0,steamspy,,True
2723690,Robot Multitool,"Action, Adventure, Indie, Puzzle",,,,AmyLab,AmyLab,0.0,steamspy,,True
367090,Robot Roller-Derby Disco Dodgeball Soundtrack,"Action, Indie, Sports",,,,Erik Asmussen,,0.0,steamspy,,True
962500,Robothorium - Skin pack,"Adventure, Indie, RPG, Strategy",,,,Goblinz Studio,Goblinz Publishing,0.0,steamspy,,True
859100,Robothorium - Soundtrack,"Adventure, Indie, RPG, Strategy",,,,Goblinz Studio,Goblinz Publishing,0.0,steamspy,,True
831760,Robots Attack On Vapeland - OST,"Action, Adventure, Casual, Indie",,,,"Nikita ""Ghost_RUS""",Ghost_RUS Games,0.0,steamspy,,True
81285,Rochard Launch Trailer,"Action, Adventure, Casual, Indie, Platformer, Puzzle",,,,Recoil Games,,0.0,steamspy,,True
81279,Rochard Trailer,"Action, Adventure, Casual, Indie, Platformer, Puzzle",,,,,,0.0,steamspy,,True
841080,Rock 'N Roll Demo,"Action, Indie",,,,ZaxtorGameS,ZaxtorGameS,0.0,steamspy,,True
451160,Rock 'N' Roll Defense: Soundtrack,"Action, Adventure, Strategy",,,,NukGames,NukGames,0.0,steamspy,,True
81093,Rock of Ages - Coming Soon Trailer,"Action, Casual, Indie, Racing, Strategy, Tower Defense",,,,ACE Team,"Atlus U.S.A., Inc.",0.0,steamspy,,True
80930,Rock of Ages - Humor Trailer,"Action, Casual, Indie, Racing, Strategy, Tower Defense",,,,ACE Team Software,"Atlus U.S.A., Inc.",0.0,steamspy,,True
80931,Rock of Ages - PowerUps Trailer,"Action, Casual, Indie, Racing, Strategy, Tower Defense",,,,ACE Team Software,"Atlus U.S.A., Inc.",0.0,steamspy,,True
80932,Rock of Ages - Rolling through the Ages Trailer,"Action, Casual, Indie, Racing, Strategy, Tower Defense",,,,ACE Team Software,"Atlus U.S.A., Inc.",0.0,steamspy,,True
645970,Rock of Ages 2 - Classic Pack + Soundtrack,"Action, Indie, Racing, Strategy",,,,ACE Team,SEGA,0.0,steamspy,,True
408610,Rocket League - Chaos Run DLC Pack,"Action, Indie, Racing, Sports",,,,"Psyonix, Inc.","Psyonix, Inc.",0.0,steamspy,,True
772150,Rocket League - DC Super Heroes DLC Pack,"Action, Indie, Racing, Sports",,,,"Psyonix, Inc.","Psyonix, Inc.",0.0,steamspy,,True
910940,Rocket League - Hot Wheels Triple Threat DLC Pack,"Action, Indie, Racing, Sports",,,,"Psyonix, Inc.","Psyonix, Inc.",0.0,steamspy,,True
399730,Rocket League - Revenge of the Battle-Cars DLC Pack,"Action, Indie, Racing, Sports",,,,"Psyonix, Inc.","Psyonix, Inc.",0.0,steamspy,,True
391680,Rocket League - Supersonic Fury DLC Pack,"Action, Indie, Racing, Sports",,,,"Psyonix, Inc.","Psyonix, Inc.",0.0,steamspy,,True
3442,Rocket Mania Deluxe Free Demo,"Casual, Puzzle",,,,"PopCap Games, Inc.","PopCap Games, Inc.",0.0,steamspy,,True
910460,Rocket of Whispers: Prologue,"Adventure, Indie, Puzzle",,,,SIGONO INC.,SIGONO INC.,0.0,steamspy,,True
628790,Rocketbirds 2: Mind Control DLC,"Action, Adventure, Indie",,,,Ratloop Asia,Reverb Triple XP,0.0,steamspy,,True
582240,Rocketbirds 2: Rescue Bundle DLC,"Action, Adventure, Indie",,,,Ratloop Asia,Reverb Triple XP,0.0,steamspy,,True
578970,Rocketbirds OST Compilation,"Action, Adventure, Indie",,,,"Ratloop Asia, New World Revolution",,0.0,steamspy,,True
694100,Rocking Pilot Demo,"Action, Indie, Shooter",,,,"Gungrounds, Mad Head Games",Mad Head Games,0.0,steamspy,,True
730340,Rocks and Rockets Soundtrack,"Adventure, Indie",,,,Unknown Hero,Metal Fox,0.0,steamspy,,True
436574,Rocksmith 2014 – Hole - “Celebrity Skin”,"Casual, Simulation",,,,Ubisoft - San Francisco,,0.0,steamspy,,True
436572,Rocksmith 2014 – Rocksmith Goes to the Movies,"Casual, Simulation",,,,Ubisoft - San Francisco,,0.0,steamspy,,True
210190,Rocksmith Demo,"Casual, Simulation",,,,Ubisoft - San Francisco,Ubisoft,0.0,steamspy,,True
316050,Rodina Demo,"Action, Indie",,,,Elliptic Games,Elliptic Games,0.0,steamspy,,True
316360,Rodina Soundtrack,"Action, Indie",,,,"Elliptic Games, John Robert Matz",,0.0,steamspy,,True
1039820,Rogue Rails Demo,"Action, Adventure, Indie, Platformer",,,,Flowen Productions LLC,Flowen Productions LLC,0.0,steamspy,,True
1030130,RogueCraft Squadron Demo,"Indie, Strategy",,,,Missing Sentinel Software,Missing Sentinel Software,0.0,steamspy,,True
81753,Roller Coaster Rampage Trailer,"Casual, Indie, Simulation",,,,Pantera Entertainment,,0.0,steamspy,,True
2406830,Rolling Ball : Sphere Guider,"Casual, Indie, Platformer, Puzzle, Racing, Survival",,,,Velite Games,Velite Games,0.0,steamspy,,True
2409200,Rolling Toolman,"Action, Adventure, Casual, Platformer",,,,"Tero Lunkka, Valkeala Software",Valkeala software,0.0,steamspy,,True
2607640,Rolling Toolman 2 Deathly Traps,"Adventure, Casual, Indie, Platformer, Survival",,,,"Tero Lunkka, Valkeala Software",Tero Lunkka,0.0,steamspy,,True
506800,Romance of the Three Kingdoms XIII Fame and Strategy Expansion Pack,Simulation,,,,"KOEI TECMO GAMES CO., LTD.","KOEI TECMO GAMES CO., LTD.",0.0,steamspy,,True
476250,Romopolis Demo,"Casual, Indie, Simulation, Strategy",,,,Lonely Troops,Lonely Troops,0.0,steamspy,,True
875290,Roof Rage - Soundtrack,"Action, Indie",,,,Early Melon,,0.0,steamspy,,True
315690,Rooks Keep Demo,"Action, Indie, Strategy",,,,RuneStorm,RuneStorm,0.0,steamspy,,True
579650,Root Letter - Artbook,Adventure,,,,"DRAGAMI GAMES, LTD","DRAGAMI GAMES, LTD",0.0,steamspy,,True
465691,Rot Gut - Original Soundtrack,"Action, Indie",,,,Shotgun Surgeon,Shotgun Surgeon,0.0,steamspy,,True
81347,Rotastic Trailer,"Action, Casual",,,,,,0.0,steamspy,,True
338010,Roundabout Demo,"Action, Adventure, Casual, Indie, Puzzle",,,,No Goblin,No Goblin,0.0,steamspy,,True
905420,RpgEra Demo,"Adventure, Casual, Indie, RPG, Strategy",,,,Zirbry Studio,Zirbry Studio Smart Game,0.0,steamspy,,True
436710,Rubber Ducky and the Rainbow Gun - Gigantic Cosmetic Pack!,"Action, Indie",,,,John Szymanski,,0.0,steamspy,,True
420810,Rubber Ducky and the Rainbow Gun OST,"Action, Indie",,,,John Szymanski,,0.0,steamspy,,True
879550,Ruby &amp; Majesty: Treasure Team Demo,"Action, Adventure, Indie, Puzzle",,,,John J Bohnert,John J Bohnert,0.0,steamspy,,True
708980,Ruby Hunter Demo,"Action, Indie, Puzzle",,,,Bence Sipka,Bence Sipka,0.0,steamspy,,True
1099520,Run Jump Rabbit Turtle Demo,"Action, Adventure, Indie, Platformer",,,,Badwrong Games LLC,Badwrong Games LLC,0.0,steamspy,,True
450070,Run Rabbit Run - Soundtrack,"Action, Adventure, Indie, Simulation",,,,FLAT12,Absolutist Ltd.,0.0,steamspy,,True
523840,RunGunJumpGun - Soundtrack/Special Edition Upgrade,"Action, Indie",,,,ThirtyThree,Good Shepherd Entertainment,0.0,steamspy,,True
7230,"Runaway, The Dream of The Turtle Demo","Adventure, Casual, Puzzle",,,,Pendulo Studios,Focus Home Interactive,0.0,steamspy,,True
954,"Runaway, The Dream of the Turtle Trailer","Adventure, Puzzle",,,,Pendulo Studios,Focus Home Interactive,0.0,steamspy,,True
80773,Runaway: A Twist of Fate Trailer,"Adventure, Puzzle",,,,Pendulo Studios,Focus Home Interactive,0.0,steamspy,,True
487050,Runeous - PDF Artbook,"Casual, Indie, Simulation",,,,Novel Tea Games,,0.0,steamspy,,True
317880,Runers - Soundtrack,Indie,,,,LGK Games,Mastertronic,0.0,steamspy,,True
317210,Runers Demo,"Indie, RPG",,,,LGK Games,Mastertronic,0.0,steamspy,,True
80843,Runespell Overture Trailer,"Adventure, Card & Board, Casual, Indie, RPG",,,,Mystic Box,Mystic Box,0.0,steamspy,,True
102220,Runespell: Overture Demo,"Adventure, Card & Board, Casual, Indie, RPG",,,,Mystic Box,Mystic Box,0.0,steamspy,,True
415320,Runestone Keeper - Soundtrack,"Casual, Indie, RPG, Strategy",,,,Blackfire,Cimugames,0.0,steamspy,,True
536880,Runeyana Demo,"Action, Adventure, Casual, RPG",,,,Blackturn Ltd,Blackturn Ltd,0.0,steamspy,,True
594670,Runt of the Litter Demo,"Adventure, Indie, RPG",,,,Choice of Games,Choice of Games,0.0,steamspy,,True
706660,Rush to Adventure Demo,"Action, Adventure, Indie, Platformer, RPG",,,,Digital Awakening,Digital Awakening,0.0,steamspy,,True
1376070,Rushdown Revolt - Alpha Testing,"Action, Adventure, Fighting, Platformer, Sports, Survival",,,,Vortex Games,Vortex Games,0.0,steamspy,,True
805510,Russian AYE Race - OST,"Casual, Indie, Racing",,,,"Nikita ""Ghost_RUS""",Ghost_RUS Games,0.0,steamspy,,True
356780,Rustbucket Rumble Soundtrack,Casual,,,,Reactor Zero,"Scrap Yard Productions, LLC",0.0,steamspy,,True
379730,RymdResa Soundtrack,"Adventure, Indie, RPG, Simulation",,,,Morgondag,,0.0,steamspy,,True
791560,Rysen Demo,"Action, Indie",,,,nkmr appworks,nkmr appworks,0.0,steamspy,,True
894230,S.T.R.E.T.C.H. Soundtrack,"Action, Indie",,,,Unknown Hero,Metal Fox,0.0,steamspy,,True
459240,SAMOLIOTIK - SOUNDTRACK,"Action, Casual, Indie",,,,Itanimulli Games,,0.0,steamspy,,True
595750,SAMURAI WARRIORS: Spirit of Sanada - Exclusive Costumes,Action,,,,"KOEI TECMO GAMES CO., LTD.","KOEI TECMO GAMES CO., LTD.",0.0,steamspy,,True
374210,SBX: Invasion Demo,"Indie, Strategy, Tower Defense",,,,WakeskaterX,Wakeskater Studio,0.0,steamspy,4.0,True
1142180,SE VR World Demo,"Action, Indie, Simulation",,,,Sektan,Sektan,0.0,steamspy,,True
799700,SEASON PASS: Additional Costumes: 20-Piece Set,Action,,,,"KOEI TECMO GAMES CO., LTD.","KOEI TECMO GAMES CO., LTD.",0.0,steamspy,,True
801580,SEASON PASS: Additional Episodes: 12-Episode Set,Action,,,,"KOEI TECMO GAMES CO., LTD.","KOEI TECMO GAMES CO., LTD.",0.0,steamspy,,True
715870,SEGA Pack DLC,"Action, Adventure",,,,"Sonic Team, Hardlight",SEGA,0.0,steamspy,,True
925823,SENRAN KAGURA Burst Re:Newal - Shinovi Versus BGM Pack,Action,,,,Tamsoft,"XSEED Games, Marvelous USA, Inc.",0.0,steamspy,,True
925824,SENRAN KAGURA Burst Re:Newal - Trial Costume Set Vol. 1,Action,,,,Tamsoft,"XSEED Games, Marvelous USA, Inc.",0.0,steamspy,,True
925850,SENRAN KAGURA Burst Re:Newal - Trial Costume Set Vol. 2,Action,,,,Tamsoft,"XSEED Games, Marvelous USA, Inc.",0.0,steamspy,,True
925856,SENRAN KAGURA Burst Re:Newal - Trial Costume Set Vol. 3,Action,,,,Tamsoft,"XSEED Games, Marvelous USA, Inc.",0.0,steamspy,,True
925860,SENRAN KAGURA Burst Re:Newal - Trial Costume Set Vol. 4,Action,,,,Tamsoft,"XSEED Games, Marvelous USA, Inc.",0.0,steamspy,,True
1089900,SEQUENCE STORM Demo,"Action, Indie, Racing",,,,"SPECIAL MAGIC GAMES, LLC","SPECIAL MAGIC GAMES, LLC",0.0,steamspy,,True
506910,SEUM: Speedrunners from Hell - Soundtrack,"Action, Indie",,,,Pine Studio,,0.0,steamspy,,True
927100,SFD Demo,"Indie, RPG, Strategy",,,,icefill,icefill,0.0,steamspy,,True
509120,SHINRAI - Broken Beyond Despair Soundtrack,"Horror, Indie",,,,Gosatsu Visual Novels,Gosatsu Visual Novels,0.0,steamspy,,True
631190,SHOW MUST GO ON Demo,"Casual, Indie",,,,NiVision,NiVision,0.0,steamspy,,True
343380,SLAMMED! Demo,"Indie, RPG",,,,Choice of Games,Choice of Games,0.0,steamspy,,True
863820,SMASH BOY Demo,Action,,,,EXCESSM,EXCESSM,0.0,steamspy,,True
969580,SMITE - Starter Skins Bundle,Action,,,,Titan Forge Games,Hi-Rez Studios,0.0,steamspy,,True
205750,SOL: Exodus Demo,"Action, Indie, Simulation",,,,"Bit Planet Games, LLC","Bit Planet Games, LLC",0.0,steamspy,,True
333710,SOTW Bonus Content (Mp3+Wallpapers),"Adventure, Indie, RPG",,,,Winter Wolves,Winter Wolves,0.0,steamspy,,True
874360,SOULCALIBUR VI Season Pass,Action,,,,"BANDAI NAMCO Studios, Dimps Corporation",BANDAI NAMCO Entertainment,0.0,steamspy,,True
700180,SOULS - Soundtrack,"Adventure, Indie",,,,Team Fork,Team Fork,0.0,steamspy,,True
708320,SOULS Demo,"Adventure, Indie, Visual Novel",,,,Team Fork,Team Fork,0.0,steamspy,,True
859670,SOUNDTRACK - El Tango de la Muerte,"Adventure, Indie",,,,"Hernán Smicht, YIRA::",Hernán Smicht,0.0,steamspy,,True
329500,SPACECOM Demo,"Indie, Strategy",,,,Flow Combine,11 bit studios,0.0,steamspy,,True
630500,SPACEPLAN Soundtrack,"Adventure, Casual, Indie",,,,"Jake Hollands, Logan Gabriel",,0.0,steamspy,,True
5164,SPORE Creepy & Cute Parts Pack HD Trailer,"Action, Adventure, Simulation, Strategy",,,,,,0.0,steamspy,,True
5158,SPORE HD Trailer,"Action, Adventure, Casual, RPG, Simulation, Strategy",,,,,,0.0,steamspy,,True
522680,STANDBY Demo,"Action, Adventure, Casual, Indie, Platformer, Racing, Strategy",,,,Noclip,HypeTrain Digital,0.0,steamspy,,True
555020,STARDROP Demo,"Adventure, Casual, Indie",,,,Joure Visser,Joure Visser,0.0,steamspy,,True
8700,STCC - The Game Demo,"Racing, Simulation",,,,SimBin,SimBin,0.0,steamspy,,True
5097,STCC - The Game Promo Trailer,"Racing, Simulation",,,,SimBin,SimBin,0.0,steamspy,,True
80757,STCC The Game 2 Trailer,"Racing, Simulation",,,,SimBin Studios AB,SimBin Studios AB,0.0,steamspy,,True
44620,STCC The Game 2 – Expansion Pack for RACE 07,"Racing, Simulation",,,,SimBin,SimBin,0.0,steamspy,,True
979610,STONE Demo,"Adventure, Casual, Indie",,,,Convict Games,Convict Games,0.0,steamspy,,True
629940,STRAFE Official Soundtrack,"Action, Indie",,,,"Pixel Titans, ToyTree",Devolver Digital,0.0,steamspy,,True
671630,STRIPPER ANYA DEMON SLAYER,"Action, Adventure, Indie",,,,"X-MiGuPLAY, LLC",,0.0,steamspy,,True
734530,SUMOCRATS Demo,"Action, Fighting, Indie, Sports",,,,The Architects Republic,The Architects Republic,0.0,steamspy,,True
1267040,SUPERHERO-X [Alpha Edition],"Action, Casual, Fighting, Indie, Strategy",,,,Xcogames LLC,Xcogames LLC,0.0,steamspy,,True
510160,SVRVIVE Demo,"Adventure, Indie",,,,SVRVIVE AB,SVRVIVE AB,0.0,steamspy,,True
571750,SVRVIVE: The Deus Helix - Christmas DLC,"Adventure, Indie",,,,SVRVIVE Studios,SVRVIVE Studios,0.0,steamspy,,True
378471,SW4-II - BGM Set 1,Action,,,,,,0.0,steamspy,,True
379191,SW4-II - Exclusive Costume Set,Action,,,,,,0.0,steamspy,,True
378470,SW4-II - Old Costumes Set,Action,,,,,,0.0,steamspy,,True
378473,SW4-II - Special Costume Set 1,Action,,,,,,0.0,steamspy,,True
378475,SW4-II - Special Costume Set 2,Action,,,,,,0.0,steamspy,,True
749610,SWARMRIDER OMEGA OST,"Action, Indie",,,,Walter Machado,Walter Machado,0.0,steamspy,,True
527000,SWARMRIDERS: Original Soundtrack,"Action, Indie",,,,Walter Machado,,0.0,steamspy,,True
804340,Sable's Grimoire Demo,"Casual, Indie, Simulation, Visual Novel",,,,Zetsubou,Zetsubou,0.0,steamspy,,True
446320,Sabres of Infinity Demo,"Adventure, Indie, RPG",,,,Hosted Games,Hosted Games,0.0,steamspy,,True
40510,Sacraboar Demo,"Action, Indie, Strategy",,,,Makivision Games,Makivision Games,0.0,steamspy,,True
5796,Sacraboar Trailer,"Action, Indie, Strategy",,,,Makivision Games,Makivision Games,0.0,steamspy,,True
233490,Sacred Citadel Demo,"Action, Fighting, Indie, Platformer, RPG",,,,Southend,,0.0,steamspy,,True
950940,Sacred Earth - Promise Demo,"Indie, JRPG, RPG, Visual Novel",,,,"Sacred Star Team, MirageV",Sacred Star Team,0.0,steamspy,,True
386310,Sacred Line - Original PC Prototype,"Adventure, Horror, Indie",,,,Sasha Darko,Sasha Darko,0.0,steamspy,,True
552730,Saga of the North Wind Demo,"Adventure, Indie, RPG",,,,Choice of Games,Choice of Games,0.0,steamspy,,True
870640,Sailaway - World Editor,"Indie, Simulation",,,,Orbcreation,The Irregular Corporation,0.0,steamspy,,True
1013680,Saint Paul Pre-Alpha,"Action, Adventure, Indie",,,,Cleyton Jonnas da Silva,Saint Paul Studios,0.0,steamspy,,True
939570,Saint Slaughter X Days - Original Soundtrack,"Adventure, Casual, Indie, RPG",,,,Hollowings,YAMAYURI GAMES,0.0,steamspy,,True
5116,Saints Row 2 Gangs Trailer,"Action, Adventure, Shooter",,,,Volition,THQ,0.0,steamspy,,True
5115,Saints Row 2 Trailer,"Action, Adventure, Shooter",,,,,,0.0,steamspy,,True
81637,Saints Row The Third Steelport Gangs Trailer,"Action, Adventure, RPG, Shooter",,,,,,0.0,steamspy,,True
81496,Saints Row The Third The Trouble with Clones Trailer,"Action, Adventure, RPG, Shooter",,,,,,0.0,steamspy,,True
55382,Saints Row: The Third - The Trouble with Clones DLC,Action,,,,Volition,Deep Silver,0.0,steamspy,,True
80953,Saints Row: The Third Developer Commentary Trailer,"Action, Adventure, RPG, Shooter",,,,,,0.0,steamspy,,True
81328,Saints Row: The Third Explosive Combat Trailer,"Action, Adventure, RPG, Shooter",,,,Volition,,0.0,steamspy,,True
81365,Saints Row: The Third Genkibowl VII Trailer,Action,,,,Volition,,0.0,steamspy,,True
81047,Saints Row: The Third Luchadores Trailer,"Action, Adventure, RPG, Shooter",,,,Volition,THQ,0.0,steamspy,,True
81350,Saints Row: The Third Shark Attack DLC Trailer,Action,,,,Volition,THQ,0.0,steamspy,,True
80949,Saints Row: The Third Story Trailer,"Action, Adventure, RPG, Shooter",,,,Volition,THQ,0.0,steamspy,,True
81336,Saints Row: The Third Warrior Pack Trailer,"Action, Adventure, RPG, Shooter",,,,Volition,,0.0,steamspy,,True
81330,Saints Row: The Third Z Style Pack Trailer,"Action, Adventure, RPG, Shooter",,,,,,0.0,steamspy,,True
393020,Sakura Clicker - Demon Outfit,"Casual, Indie",,,,Winged Cloud,Winged Cloud,0.0,steamspy,,True
339070,Sakura Spirit - Original Sound Track,Indie,,,,Winged Cloud,Winged Cloud,0.0,steamspy,,True
1067240,Sakura and Crit: The Mock Game Demo,"Action, Adventure, Casual, Indie, RPG",,,,Critoniuum,Dd Games,0.0,steamspy,,True
983800,Sakura no Mori † Dreamers 2 Demo,"Adventure, Visual Novel",,,,MOONSTONE,HIKARI FIELD,0.0,steamspy,,True
567990,Sally Face - Season Pass,"Adventure, Horror, Indie, Puzzle",,,,Portable Moose,Portable Moose,0.0,steamspy,,True
327870,Salt Demo,"Action, Adventure, Indie, RPG, Survival",,,,Lavaboots Studios,Lavaboots Studios,0.0,steamspy,,True
665460,Salt Soundtrack,"Action, Adventure, Indie, RPG",,,,Lavaboots Studios,,0.0,steamspy,,True
927590,Salty Seabird Bay Demo,"Action, Card & Board, Casual, Indie, Shooter, Strategy",,,,Zealwind,Zealwind,0.0,steamspy,,True
968,Sam & Max: Season 1 Trailer,Adventure,,,,Telltale Games,Telltale Games,0.0,steamspy,,True
5038,Sam & Max: Season 2 Trailer,Adventure,,,,Telltale Games,Telltale Games,0.0,steamspy,,True
5643,Sam & Max: The Devils Playhouse Trailer,"Action, Adventure",,,,Telltale Games,Telltale Games,0.0,steamspy,,True
16062,Samantha Swift and the Golden Touch Demo,"Adventure, Casual",,,,MumboJumbo,MumboJumbo,0.0,steamspy,,True
16022,Samantha Swift and the Hidden Roses of Athena Demo,"Adventure, Casual",,,,MumboJumbo,MumboJumbo,0.0,steamspy,,True
420690,Samorost 2 Soundtrack,"Adventure, Casual, Indie",,,,Amanita Design,Amanita Design,0.0,steamspy,,True
455370,Samorost 3 Soundtrack + Art Book,"Adventure, Casual, Indie",,,,Amanita Design,Amanita Design,0.0,steamspy,,True
1065150,Samozbor: Rebellion OST,"Casual, Indie",,,,derevotyan,derevotyan,0.0,steamspy,,True
524570,Samurai of Hyuga Book 2 Demo,"Adventure, Indie, RPG",,,,Hosted Games,Hosted Games,0.0,steamspy,,True
757460,Samurai of Hyuga Book 3 Demo,"Adventure, Indie, RPG",,,,Hosted Games,Hosted Games,0.0,steamspy,,True
524550,Samurai of Hyuga Demo,"Adventure, Indie, RPG",,,,Hosted Games,Hosted Games,0.0,steamspy,,True
961500,Sanator: Scarlet Scarf Demo,"Adventure, Horror, Indie, Visual Novel",,,,Ignis Sanat,Ignis Sanat,0.0,steamspy,,True
338490,SanctuaryRPG: Black Edition Demo,"Action, Adventure, Casual, Indie, RPG, Strategy",,,,Black Shell Games,"Black Shell Media, Plug In Digital",0.0,steamspy,,True
338770,SanctuaryRPG: Black Edition OST,"Action, Adventure, Casual, Indie, RPG, Strategy",,,,Black Shell Games,Plug In Digital,0.0,steamspy,,True
237010,Sanctum 2: Britech Skin Pack,"Action, Indie, Strategy, Tower Defense",,,,Coffee Stain Studios,,0.0,steamspy,,True
335370,Sanctum 2: Original Soundtrack,"Action, Indie, Strategy",,,,Coffee Stain Studios,Coffee Stain Studios,0.0,steamspy,,True
80936,Sanctum 4-Player Trailer,"Action, Adventure, Casual, Indie, Shooter, Strategy, Survival, Tower Defense",,,,Coffee Stain Studios,Coffee Stain Studios,0.0,steamspy,,True
91610,Sanctum Demo,"Action, Adventure, Casual, Indie, Shooter, Strategy, Survival, Tower Defense",,,,Coffee Stain Studios,Coffee Stain Studios,0.0,steamspy,,True
80908,Sanctum Facility Trailer,"Action, Adventure, Casual, Indie, Shooter, Strategy, Survival, Tower Defense",,,,Coffee Stain Studios,Coffee Stain Studios,0.0,steamspy,,True
80852,Sanctum Glade Trailer,"Action, Adventure, Casual, Indie, Shooter, Strategy, Survival, Tower Defense",,,,,,0.0,steamspy,,True
82094,Sanctum Still Alive Trailer,"Action, Casual, Indie, Strategy",,,,Coffee Stain Studios,,0.0,steamspy,,True
80651,Sanctum Trailer,"Action, Adventure, Casual, Indie, Shooter, Strategy, Survival, Tower Defense",,,,Coffee Stain Studios,Coffee Stain Studios,0.0,steamspy,,True
91604,Sanctum: Official Soundtrack,Indie,,,,Coffee Stain Studios,Coffee Stain Publishing,0.0,steamspy,,True
91616,Sanctum: X-Mas Carnage (Free DLC),"Action, Casual, Indie, Strategy",,,,Coffee Stain Studios,Coffee Stain Publishing,0.0,steamspy,,True
91609,Sanctum: Yogscave (Free DLC),"Action, Casual, Indie, Strategy",,,,Coffee Stain Studios,Coffee Stain Studios,0.0,steamspy,,True
874070,Sanctus Mortem Demo,"Adventure, Indie, JRPG, RPG",,,,Kisareth Studios,Kisareth Studios,0.0,steamspy,,True
361070,Sandmason Demo,"Action, Adventure, Indie",,,,GoodVole,GoodVole,0.0,steamspy,,True
627470,Sandra and Woo in the Cursed Adventure - Game Guide,"Adventure, Indie",,,,Feline Fuelled Games,Feline Fuelled Games,0.0,steamspy,,True
905780,Sanguine Sanctum Demo,"Horror, Indie",,,,Modus Interactive,Modus Interactive,0.0,steamspy,,True
568710,Santa Rockstar OST,"Casual, Indie",,,,Bekho Team,,0.0,steamspy,,True
204010,Satazius Demo,"Action, Indie",,,,ASTRO PORT,Nyu Media,0.0,steamspy,,True
2579270,Satellite Odyssey: Prologue,"Adventure, Horror, Puzzle",,,,Antifreeze Games,Antifreeze Games,0.0,steamspy,,True
723530,Saurian OST Vol. I,"Indie, Simulation",,,,"Urvogel Games, LLC",,0.0,steamspy,,True
869530,Saurian OST Vol. II,"Indie, Simulation",,,,"Urvogel Games, LLC",,0.0,steamspy,,True
657360,Savant - Protos (Soundtrack),"Action, Indie",,,,Savant,D-Pad Studio,0.0,steamspy,,True
656810,Savant - Vario (Soundtrack),"Action, Indie",,,,Savant,D-Pad Studio,0.0,steamspy,,True
657361,Savant - ZION (Soundtrack),"Action, Indie",,,,Savant,D-Pad Studio,0.0,steamspy,,True
980710,Save Your Nuts Demo,"Action, Casual, Indie",,,,Triple Scale Games,Triple Scale Games,0.0,steamspy,,True
334970,Saviors OST,"Action, Indie",,,,Sharpened Edge Studios,,0.0,steamspy,,True
456910,Saviors Remastered Soundtrack,"Action, Adventure, Indie, RPG, Strategy",,,,Sharpened Edge Studios,,0.0,steamspy,,True
698460,Scanner Sombre Demo,"Adventure, Horror, Indie",,,,Introversion Software,Introversion Software,0.0,steamspy,,True
81395,Scary Girl Trailer,"Action, Horror, Platformer",,,,,,0.0,steamspy,,True
561710,Sceal Demo,"Adventure, Casual, Indie",,,,Joint Custody,Joint Custody,0.0,steamspy,,True
321930,Schein Demo,"Action, Adventure, Indie",,,,Zeppelin Studio,Meridian4,0.0,steamspy,,True
1384550,School of Magic: Deck and Slash Prologue,"Action, Card & Board, RPG, Roguelike, Strategy",,,,PartTimeIndie,PartTimeIndie,0.0,steamspy,,True
206650,Scoregasm Demo,"Action, Indie, Shooter",,,,RC Knight,Charlies Games,0.0,steamspy,,True
81420,Scoregasm Trailer,"Action, Indie, Shooter",,,,RC Knight,Charlies Games,0.0,steamspy,,True
270660,Scourge: Outbreak Demo,"Action, Indie, Shooter",,,,Tragnarion Studios,Bitbox S.L.,0.0,steamspy,,True
571480,Scrap Garden Demo,"Action, Adventure, Casual, Indie, Platformer, Puzzle",,,,"Egidijus Bachur, Alexey Davydov",Flazm,0.0,steamspy,,True
80780,Scratches Trailer,"Adventure, Horror, Indie",,,,Nucleosys,Meridian4,0.0,steamspy,,True
946970,Scroll Of Taiwu - OST,Indie,,,,ConchShip Games,ConchShip Games,0.0,steamspy,,True
882540,Scutter Demo,"Action, Casual, Indie, Platformer",,,,Afrosquared LLC,Afrosquared LLC,0.0,steamspy,,True
893130,Scythe: Digital Edition - Soundtrack,Strategy,,,,The Knights of Unity,Asmodee Digital,0.0,steamspy,,True
763920,SeaBed Demo,"Adventure, Casual, Indie, Visual Novel",,,,Paleontology,Fruitbat Factory,0.0,steamspy,,True
614710,Seance: The Unquiet (Demo 1),"Horror, Indie",,,,Holospark,Holospark,0.0,steamspy,,True
1012940,Seance: The Unquiet (Demo 2),Indie,,,,Holospark,Holospark,0.0,steamspy,,True
957810,Season of War (Beta),"Action, Adventure, Indie, RPG, Visual Novel",,,,SinorCreate,SinorCreate,0.0,steamspy,,True
435520,Sebastien Loeb Rally EVO Demo,"Racing, Simulation, Sports",,,,Milestone S.r.l.,Milestone S.r.l.,0.0,steamspy,,True
516660,Second Coming Demo,"Adventure, Indie, RPG, Strategy",,,,"Seen in a Dream, KLURA Design",Seen in a Dream,0.0,steamspy,,True
1095740,Second Second Demo,"Card & Board, Strategy",,,,Sinkhole Studio,Sinkhole Studio,0.0,steamspy,,True
219660,Secret Files 3 Demo,Adventure,,,,Animation Arts,,0.0,steamspy,,True
999730,Secret Neighbor Beta,"Action, Adventure, Horror, Indie, Puzzle",,,,"Hologryph, Dynamic Pixels",tinyBuild,0.0,steamspy,,True
321420,Secret of the Magic Crystals - Soundtrack and Coloring Book,"Casual, Indie",,,,Artery Games,Artery Games,0.0,steamspy,,True
80561,Secret of the Magic Crystals HD Trailer,"Adventure, Casual, Indie, Simulation, Strategy",,,,Artery Studios,Artery Studios,0.0,steamspy,,True
372500,Secrets of Grindea Demo,"Action, Adventure, Indie, RPG",,,,Pixel Ferrets,Pixel Ferrets,0.0,steamspy,,True
80784,Section 8 Prejudice PC launch Trailer,"Action, Shooter",,,,TimeGate Studios,TimeGate Studios,0.0,steamspy,,True
479220,Sector Six Demo,"Action, Indie, RPG, Shooter",,,,Aivaras Klimas,Aivaras Klimas,0.0,steamspy,,True
469520,Sector Six OST,Indie,,,,Aivaras Klimas,Aivaras Klimas,0.0,steamspy,,True
461700,Seduce Me 2: The Demon War,"Adventure, Casual, Indie, RPG, Simulation, Visual Novel",,,,Michaela Laws,Michaela Laws,0.0,steamspy,,True
465120,Seduce Me 2: The Demon War Demo,"Adventure, Casual, Indie, RPG, Simulation, Visual Novel",,,,Michaela Laws,Michaela Laws,0.0,steamspy,,True
454791,Seduce Me the Otome Music Soundtrack,"Casual, Simulation",,,,"Michaela Laws, Christopher Escalante",,0.0,steamspy,,True
924170,Seers Isle - Original Soundtrack,Indie,,,,Nova-box,,0.0,steamspy,,True
465040,Seinarukana Soundtrack,"Adventure, RPG",,,,Xuse,JAST USA,0.0,steamspy,,True
2432060,Sel Mounta-Siege the Demon Castle,"JRPG, RPG, Strategy",,,,BWI Games,BWI Games,0.0,steamspy,,True
1699870,Sengoku - A Time of Warriors and Demons,"Action, Adventure, Platformer",,,,"Diego Avena, Ellen Mowat, Jon Kuntz, Kaylee Whitehead","Diego Avena, Ellen Mowat, Jon Kuntz, Kaylee Whitehead",0.0,steamspy,,True
348100,Sentinels of the Multiverse - Soundtrack (Volume 1),"Indie, Strategy",,,,Handelabra Games Inc.,,0.0,steamspy,,True
467517,Sentinels of the Multiverse - Soundtrack (Volume 6),"Indie, Strategy",,,,Handelabra Games Inc.,,0.0,steamspy,,True
407960,Sentinels of the Multiverse Demo,"Indie, Strategy",,,,Handelabra Games Inc.,Handelabra Games Inc.,0.0,steamspy,,True
989900,Sepia Tears - Original Soundtrack,"Casual, Indie, Simulation",,,,Scarlet String Studios,Scarlet String Studios,0.0,steamspy,,True
454360,Serafina's Crown Demo,"Adventure, Indie, Visual Novel",,,,Woodsy Studio,Thesis Games,0.0,steamspy,,True
563880,Seraph - Cypher (Costume pack),Action,,,,Dreadbit,Dreadbit,0.0,steamspy,,True
567850,Seraph - Praetor (Costume Pack),Action,,,,Dreadbit,,0.0,steamspy,,True
538570,Seraph - Soundtrack (OST),Action,,,,Dreadbit,Dreadbit,0.0,steamspy,,True
977010,Serenade of the Sirens Demo,"Action, Indie",,,,Chukobyte,Chukobyte,0.0,steamspy,,True
653230,Serial Cleaner Official Soundtrack,"Action, Indie",,,,iFun4All S.A.,Curve Games,0.0,steamspy,,True
81384,Serious Sam 2 Trailer,"Action, Adventure, Indie, Shooter",,,,Croteam,,0.0,steamspy,,True
82128,Serious Sam 3  Jewel of the Nile DLC Trailer,"Action, Adventure, Indie, Shooter",,,,Croteam,,0.0,steamspy,,True
81059,Serious Sam 3 - Serious Chaos Trailer,"Action, Adventure, Indie, Shooter",,,,,,0.0,steamspy,,True
80888,Serious Sam 3 BFE Teaser Trailer,"Action, Adventure, Indie, Shooter",,,,Croteam,Devolver Digital,0.0,steamspy,,True
81294,Serious Sam 3: BFE Launch Trailer,"Action, Adventure, Indie, Shooter",,,,Croteam,,0.0,steamspy,,True
81269,Serious Sam 3: BFE Weapons Trailer,"Action, Adventure, Indie, Shooter",,,,,,0.0,steamspy,,True
80959,Serious Sam 3: Headless Kamikaze Trailer,"Action, Adventure, Indie, Shooter",,,,Croteam,Devolver Digital,0.0,steamspy,,True
111610,Serious Sam Double D Demo,"Action, Indie, Platformer, Shooter",,,,Mommy's Best Games,,0.0,steamspy,,True
81647,Serious Sam HD LOB DLC Trailer,"Action, Indie",,,,,,0.0,steamspy,,True
5475,Serious Sam HD Movie 2,"Action, Adventure, Indie, Shooter",,,,Croteam,Devolver Digital,0.0,steamspy,,True
5514,Serious Sam HD Movie 3,"Action, Adventure, Indie, Shooter",,,,Croteam,Devolver Digital,0.0,steamspy,,True
41046,Serious Sam HD: The Second Encounter - Serious 8 DLC,"Action, Indie",,,,Croteam,Devolver Digital,0.0,steamspy,,True
81180,Serious Sam Random Encounter - Gameplay Trailer,"Action, Indie, JRPG, RPG",,,,,,0.0,steamspy,,True
649830,Serment - Contract with a Devil Demo,"Adventure, Casual, Indie, JRPG, RPG, Visual Novel",,,,Nkt Studio,Sekai Project,0.0,steamspy,,True
840690,Setup Developer Tool 2018,"Indie, Racing",,,,Tim McArthur,Monkey Face Software LLC,0.0,steamspy,,True
1617090,Setup Developer Tool 2021,"Indie, Racing, Simulation",,,,Tim McArthur,Monkey Face Software LLC,0.0,steamspy,,True
744870,Seven: Enhanced Edition - Original Soundtrack,"Action, Adventure, Indie, RPG",,,,"IMGN.PRO, Fool's Theory",IMGN.PRO,0.0,steamspy,,True
784980,Seven: The Days Long Gone Demo,"Action, Adventure, Indie, RPG, Strategy",,,,"IMGN.PRO, Fool's Theory",IMGN.PRO,0.0,steamspy,,True
220720,Shad'O Demo,"Action, Indie, Strategy, Tower Defense",,,,Okugi Studio,Okugi Studio,0.0,steamspy,,True
81938,Shad'O Trailer,"Action, Indie, Strategy, Tower Defense",,,,Okugi Studio,Okugi Studio,0.0,steamspy,,True
354270,"Shadow Blade: Reload - Soundtrack, Art Book and Comic","Action, Indie",,,,Dead Mage,,0.0,steamspy,,True
468600,Shadow Complex Superfan DLC Pack,Action,,,,ChAIR Entertainment,Epic Games,0.0,steamspy,,True
715900,Shadow Costume DLC,"Action, Adventure",,,,"Sonic Team, Hardlight",SEGA,0.0,steamspy,,True
80688,Shadow Harvest: Phantom Ops Trailer,"Action, Shooter",,,,,,0.0,steamspy,,True
571410,Shadow Tactics: Blades of the Shogun - Artbook & Strategy Guide,"Indie, Strategy",,,,Mimimi Games,Daedalic Entertainment,0.0,steamspy,,True
556900,Shadow Tactics: Blades of the Shogun - Official Soundtrack,"Indie, Strategy",,,,Mimimi Games,Daedalic Entertainment,0.0,steamspy,,True
547490,Shadow Tactics: Blades of the Shogun Demo,"Action, Adventure, Indie, Puzzle, Strategy, Survival",,,,Mimimi Games,Daedalic Entertainment,0.0,steamspy,,True
522335,Shadow Warrior 2 - Digital Artbook,"Action, Adventure",,,,Flying Wild Hog,Devolver Digital,0.0,steamspy,,True
522333,Shadow Warrior 2 - Soundtrack,"Action, Adventure",,,,Flying Wild Hog,Devolver Digital,0.0,steamspy,,True
592460,Shadow Warrior 2: Bounty Hunt DLC Part 1,"Action, Adventure",,,,Flying Wild Hog,,0.0,steamspy,,True
592461,Shadow Warrior 2: Bounty Hunt DLC Part 2,"Action, Adventure",,,,Flying Wild Hog,Devolver Digital,0.0,steamspy,,True
565840,Shadow Warrior 2: The Way of the Wang DLC,"Action, Adventure",,,,Flying Wild Hog,Devolver Digital,0.0,steamspy,,True
281150,Shadow Warrior Demo,"Action, Adventure, Shooter",,,,Flying Wild Hog,Devolver Digital,0.0,steamspy,,True
318591,Shadowgate - Special Edition DLC,"Adventure, Indie",,,,Zojoi,Zojoi,0.0,steamspy,,True
2510,Shadowgrounds Demo,"Action, Adventure, Horror, Indie, Shooter",,,,Frozenbyte,Frozenbyte,0.0,steamspy,,True
11220,Shadowgrounds Survivor Demo,"Action, Shooter",,,,Frozenbyte,Frozenbyte,0.0,steamspy,,True
5003,Shadowgrounds Survivor Trailer,"Action, Shooter",,,,,,0.0,steamspy,,True
908,Shadowgrounds Trailer,"Action, Adventure, Horror, Indie, Shooter",,,,,,0.0,steamspy,,True
954540,Shadowlings Demo,"Action, Fighting, Indie, RPG",,,,Games From The Deep,Games From The Deep,0.0,steamspy,,True
395260,Shadowrun: Hong Kong - Extended Edition Deluxe Upgrade DLC,"Adventure, Indie, RPG, Strategy",,,,Harebrained Schemes,Paradox Interactive,0.0,steamspy,,True
612950,Shadows Peak Demo,"Action, Adventure, Horror, Shooter, Survival",,,,Andrii Vintsevych,Andrii Vintsevych,0.0,steamspy,,True
387040,Shadows of War Soundtrack,"Indie, Strategy",,,,TRI.G,,0.0,steamspy,,True
551020,Shadows of the Cloud Demo,"Action, Adventure, RPG",,,,Davoo Software,NotionTheory,0.0,steamspy,,True
334090,Shadows: Heretic Kingdoms - Official Soundtrack,"Indie, RPG",,,,Games Farm,Games Farm,0.0,steamspy,,True
435220,Shadwen Demo,"Action, Adventure, Indie, Puzzle, Strategy",,,,Frozenbyte,Frozenbyte,0.0,steamspy,,True
204680,Shank 2 Demo,"Action, Adventure, Indie, Platformer, Shooter",,,,Klei Entertainment,,0.0,steamspy,,True
6130,Shank Demo,"Action, Adventure, Indie, Platformer",,,,Klei Entertainment,Electronic Arts,0.0,steamspy,,True
5951,Shank Trailer,"Action, Adventure, Indie, Platformer",,,,Klei Entertainment,Electronic Arts,0.0,steamspy,,True
5960,Shank Trailer 2,"Action, Adventure, Indie, Platformer",,,,Klei Entertainment,Electronic Arts,0.0,steamspy,,True
686711,Shantae: Costume Pack,"Action, Adventure, Indie",,,,WayForward,WayForward,0.0,steamspy,,True
447840,Shardlight Demo,"Adventure, Indie, Puzzle, RPG",,,,Wadjet Eye Games,Wadjet Eye Games,0.0,steamspy,,True
814070,Shards of Eradine - Soundtrack,"Action, Adventure, Indie, RPG",,,,CryptidTech,CryptidTech,0.0,steamspy,,True
1351720,Sharks of Mars: Prologue,"Action, Adventure, Puzzle, Shooter, Survival",,,,"AR Glimpse, LLC","AR Glimpse, LLC",0.0,steamspy,,True
20828,Shatter - Original Soundtrack,"Action, Indie",,,,Sidhe,PikPok,0.0,steamspy,,True
5605,Shatter Trailer,"Action, Adventure, Casual, Indie",,,,Sidhe,Sidhe,0.0,steamspy,,True
447500,Shattered Skies: Prologue,"Action, Adventure, Horror, Indie, Massively Multiplayer, RPG, Shooter, Survival",,,,Free Reign Entertainment,Free Reign Entertainment,0.0,steamspy,,True
470800,She Remembered Caterpillars Demo,"Indie, Puzzle",,,,jumpsuit entertainment UG (haftungsbeschraenkt),Ysbryd Games,0.0,steamspy,,True
1081510,She Sees Red - Interactive Movie,"Adventure, Indie, Visual Novel",,,,Rhinotales,Rhinotales,0.0,steamspy,,True
473420,She Wants Me Dead - Track DLC,Action,,,,Hello There AB,,0.0,steamspy,,True
965790,She and The Light Bearer Demo,"Adventure, Casual, Indie",,,,Mojiken Studio,Toge Productions,0.0,steamspy,,True
349740,Shelter 2 Soundtrack,"Adventure, Casual, Indie",,,,Might and Delight,Might and Delight,0.0,steamspy,,True
367850,Shelter 2: Mountains expansion,"Adventure, Casual, Indie",,,,Might and Delight,Might and Delight,0.0,steamspy,,True
328110,Shelter Soundtrack,"Adventure, Indie",,,,Might and Delight,,0.0,steamspy,,True
11080,Sherlock Holmes - Nemesis Demo,"Adventure, Puzzle, RPG",,,,Frogwares,Focus Home Interactive,0.0,steamspy,,True
7290,Sherlock Holmes - The Awakened Demo,"Adventure, Horror",,,,Frogwares,Focus Home Interactive,0.0,steamspy,5.0,True
459460,Sherlock Holmes: The Devil's Daughter Costume Pack,"Action, Adventure",,,,Frogwares,Frogwares,0.0,steamspy,,True
401350,Shift Happens Demo,"Action, Indie",,,,Klonk Games,"Klonk Games, Deck13, FFF Bayern",0.0,steamspy,,True
944940,Shift Quantum Demo,"Action, Indie, Platformer, Puzzle",,,,Fishing Cactus,Fishing Cactus,0.0,steamspy,,True
725030,Shikhondo(食魂徒) - Original Sound Track,"Action, Casual, Indie",,,,DeerFarm,DeerFarm,0.0,steamspy,,True
2135780,Shin Galaxy - Alpha War,"Action, Indie, RPG, Shooter",,,,AJ To The Moon,AJ To The Moon,0.0,steamspy,,True
978740,Shining Song Starnova - Digital Artbook,Casual,,,,Love in Space,,0.0,steamspy,,True
675250,Shining Song Starnova Demo,"Casual, Visual Novel",,,,Love In Space,Sekai Project,0.0,steamspy,,True
757380,Ship Ahoy Open BETA,"Action, Casual, Indie, Massively Multiplayer, Simulation",,,,OKAM Studio,OKAM Studio,0.0,steamspy,,True
1664350,Ship Graveyard Simulator: Prologue,"Casual, Simulation, Strategy",,,,Games Incubator,"Games Incubator, PlayWay S.A.",0.0,steamspy,,True
605420,Ship It Demo,"Action, Casual, Indie",,,,Think On Labs,Think On Labs,0.0,steamspy,,True
5901,Ship Simulator Extreme - Trailer,"Adventure, Simulation",,,,,,0.0,steamspy,,True
5904,Ship Simulator Extreme - Trailer,"Adventure, Simulation",,,,,,0.0,steamspy,,True
48810,Ship Simulator Extremes - Demo,"Adventure, Simulation",,,,VStep,Paradox Interactive,0.0,steamspy,,True
80582,Ship Simulator Extremes: Sigita Trailer,"Adventure, Simulation",,,,VStep,Paradox Interactive,0.0,steamspy,,True
409470,Shipwreck - Soundtrack,"Adventure, Indie",,,,Brushfire Games,,0.0,steamspy,,True
387120,Shmup Love Boom - Soundtrack,"Action, Indie",,,,Dharker Studios,Dharker Studios,0.0,steamspy,,True
233050,ShootMania Elite Demo,"Action, Shooter, Sports",,,,Nadeo,Ubisoft,0.0,steamspy,,True
850990,Shooty Skies OST,"Action, Indie",,,,Mighty Games,,0.0,steamspy,,True
473090,Shoppe Keep - Original Soundtrack,"Adventure, Indie, RPG, Simulation",,,,Strange Fire,Excalibur Publishing,0.0,steamspy,,True
787640,Shoppe Keep 2 Character Creator Preview,Simulation,,,,Strange Fire,Excalibur Publishing,0.0,steamspy,,True
453760,Shoppy Mart: Steam Edition Demo,"Casual, Indie, Simulation",,,,Pezomi,Pezomi,0.0,steamspy,,True
339330,Shovel Knight: Treasure Trove Soundtrack Collection,"Action, Adventure, Indie",,,,Yacht Club Games,Yacht Club Games,0.0,steamspy,,True
772350,Showdown at Willow Creek Demo,"Adventure, Indie, RPG",,,,Choice of Games,Choice of Games,0.0,steamspy,,True
975440,Shrines Of Sacred Essenсe Demo,"Card & Board, Indie, Strategy",,,,Daniil Titner,Daniil Titner,0.0,steamspy,,True
550410,Shu Demo,"Action, Adventure, Indie, Platformer",,,,"Coatsink, Secret Lunch",Coatsink,0.0,steamspy,,True
408470,Shutter Demo,"Adventure, Indie",,,,Cosmic Logic,Cosmic Logic,0.0,steamspy,,True
678080,Shuyan Saga Original Soundtrack,"Action, Adventure, Casual",,,,Lofty Sky Entertainment Inc.,,0.0,steamspy,,True
431420,Sickness Demo,"Action, Indie, Simulation, Visual Novel",,,,Zetsubou,Unwonted Studios,0.0,steamspy,,True
5093,Sid Meier's Civilization IV: Colonization Trailer,"4X, Strategy",,,,,,0.0,steamspy,,True
242180,Sid Meier's Civilization V: Brave New World Demo,"4X, Strategy",,,,Firaxis Games,,0.0,steamspy,,True
65900,Sid Meier's Civilization V: Demo,"4X, Simulation, Strategy",,,,Firaxis Games,2K Games,0.0,steamspy,,True
213910,Sid Meier's Civilization V: Gods & Kings Demo,"4X, Strategy",,,,Firaxis Games,2K,0.0,steamspy,,True
537570,Sid Meier's Civilization VI Demo,"4X, City Builder, Simulation, Strategy",,,,Firaxis Games,2K,0.0,steamspy,,True
394170,Sid Meier's Civilization: Beyond Earth - Rising Tide Demo,"4X, Strategy",,,,"Firaxis Games, Aspyr (Mac, Linux)",,0.0,steamspy,,True
322610,Sid Meier's Civilization: Beyond Earth Demo,"4X, Adventure, Simulation, Strategy",,,,Firaxis Games,,0.0,steamspy,,True
201160,Sideway New York Demo,"Adventure, Indie, Platformer",,,,Playbrains,,0.0,steamspy,,True
81223,Sideway New York Trailer,"Adventure, Indie, Platformer",,,,Playbrains,,0.0,steamspy,,True
1362420,Siege Survival: Gloria Victis Prologue,"Casual, RPG, Simulation, Strategy, Survival",,,,"Black Eye Games, FishTankStudio",Ravenscourt,0.0,steamspy,,True
379030,Sierra Ops Demo,"Casual, Indie, Simulation, Strategy, Visual Novel",,,,Innomen Productions,Sekai Project,0.0,steamspy,,True
337430,Sign Motion Demo,"Adventure, Indie",,,,Midnart,Midnart,0.0,steamspy,,True
1332210,Signs of the Sojourner: Prologue,"Card & Board, Casual, Indie, RPG, Visual Novel",,,,Echodog Games,Echodog Games,0.0,steamspy,,True
556030,Silence Artbook,"Adventure, Indie",,,,Daedalic Entertainment,Daedalic Entertainment,0.0,steamspy,,True
535790,Silence Demo,Adventure,,,,Daedalic Entertainment,Daedalic Entertainment,0.0,steamspy,,True
556290,Silence Soundtrack,"Adventure, Indie",,,,Daedalic Entertainment,Daedalic Entertainment,0.0,steamspy,,True
5631,Silent Hunter 5 - Launch Trailer,"Simulation, Strategy",,,,,,0.0,steamspy,,True
5578,Silent Hunter 5: Dynamic Campaign Trailer,"Simulation, Strategy",,,,,,0.0,steamspy,,True
715420,Silicon Zeroes - Original Soundtrack,"Indie, Simulation",,,,Craig Barnes,,0.0,steamspy,,True
700150,Silicon Zeroes Demo,"Indie, Puzzle, Simulation",,,,PleasingFungus Games,PleasingFungus Games,0.0,steamspy,,True
4440,Silverfall Demo,"Action, RPG",,,,Monte Cristo,Monte Cristo,0.0,steamspy,,True
948,Silverfall Trailer,"Action, RPG",,,,Monte Cristo,Monte Cristo,0.0,steamspy,,True
839950,Silverworld Demo,"Adventure, Indie, RPG",,,,Choice of Games,Choice of Games,0.0,steamspy,,True
5882,SimCity 4 Trailer,"City Builder, Simulation, Strategy",,,,EA - Maxis,Electronic Arts,0.0,steamspy,,True
997370,SimpleMovie,"Casual, Indie, Simulation",,,,NPCWARE,NPCWARE,0.0,steamspy,,True
686560,Simplefield Demo,"Action, Indie",,,,Ragnar,Ragnar,0.0,steamspy,,True
435961,Simutrans - Workshop Tools,Simulation,,,,The Simutrans Team,,0.0,steamspy,,True
207990,Sine Mora Demo,"Action, Indie, Shooter",,,,Digital Reality,,0.0,steamspy,,True
370580,Sinister City - Soundtrack,"Adventure, Casual, Indie",,,,JetDogs Studios,JetDogs Studios,0.0,steamspy,,True
874110,Sinister Halloween Demo,"Action, Adventure, Indie",,,,Celeritas Games,Celeritas Games,0.0,steamspy,,True
461640,Sins Of The Demon RPG,"Action, Adventure, Indie, JRPG, RPG, Survival",,,,Chandler Rounsley,Senpai Industrial Studios,0.0,steamspy,,True
228601,Sins of a Solar Empire: Rebellion - Forbidden Worlds DLC,"Indie, Strategy",,,,"Ironclad Games Corporation, Stardock Entertainment",Stardock Entertainment,0.0,steamspy,,True
974650,Sins of a Solar Empire: Rebellion - Minor Factions DLC,"Indie, Strategy",,,,Ironclad Games Corporation,Stardock Entertainment,0.0,steamspy,,True
228600,Sins of a Solar Empire: Rebellion - Original Soundtrack,"Indie, Strategy",,,,"Ironclad Games Corporation, Stardock Entertainment",Stardock Entertainment,0.0,steamspy,,True
487280,Sins of a Solar Empire: Rebellion - Outlaw Sectors DLC,"Indie, Strategy",,,,"Ironclad Games Corporation, Stardock Entertainment",Stardock Entertainment,0.0,steamspy,,True
81745,Sins of a Solar Empire: Rebellion Release Trailer,"4X, Action, Adventure, Indie, Simulation, Strategy",,,,"Ironclad Games, Stardock Entertainment",Stardock Entertainment,0.0,steamspy,,True
81546,Sins of a Solar Empire: Rebellion Trailer,"4X, Action, Adventure, Indie, Simulation, Strategy",,,,,,0.0,steamspy,,True
372550,Siralim - Soundtrack,"Indie, RPG",,,,Thylacine Studios,,0.0,steamspy,,True
509500,Siralim 2 - Soundtrack,"Indie, RPG",,,,Thylacine Studios,Thylacine Studios,0.0,steamspy,,True
560580,Siralim 2 - Trials of the Gods (Expansion),"Indie, RPG",,,,Thylacine Studios,Thylacine Studios,0.0,steamspy,,True
560581,Siralim 2 - Unlock All Skins (Cosmetic Only),"Indie, RPG",,,,Thylacine Studios,Thylacine Studios,0.0,steamspy,,True
2952590,Siren's Call: Escape Velocity - Prologue,"Adventure, Casual, Horror, Visual Novel",,,,ThePenSword,ThePenSword,0.0,steamspy,,True
1915740,Siren's Call: Free Beta Edition,"Adventure, Casual","15 Apr, 2022",True,,ThePenSword,ThePenSword,0.0,appdetails,,True
520190,Sisyphus Reborn Soundtrack,Adventure,,,,"Edwin Montgomery, Myshkin Entertainment",Myshkin Entertainment,0.0,steamspy,,True
605570,Sketch! Run! Demo,Indie,,,,VI Games LLC,VI Games LLC,0.0,steamspy,,True
347010,Ski Park Tycoon Demo,"Indie, Simulation",,,,Jan Zizka,Jan Zizka,0.0,steamspy,,True
692120,Skin - Death Lord Necromancer,"Action, Adventure, Indie, Massively Multiplayer, RPG",,,,"Elias Viglione, Jussi Kukkonen",,0.0,steamspy,,True
945070,Skin - Eastfoundian Trooper,"Action, Adventure, Indie, Massively Multiplayer, RPG",,,,Panic Art Studios Ltd,Panic Art Studios Ltd,0.0,steamspy,,True
503720,Skin - Nethermancer,"Action, Adventure, Indie, Massively Multiplayer, RPG",,,,"Elias Viglione, Jussi Kukkonen",,0.0,steamspy,,True
1164990,Skin Witch,"Action, Adventure, Horror, Indie, Survival",,,,Blackwood Specter,Blackwood Specter,0.0,steamspy,,True
1252450,Skin and Bones,"Action, Adventure, Casual, Platformer, Puzzle",,,,Addictive 247 Games,Addictive 247 Games,0.0,steamspy,1.0,True
2974190,Skinless The Horror Story Quest,"Action, Adventure, Horror, Puzzle, Shooter, Survival",,,,Eclipse Interactive,Eclipse Interactive,0.0,steamspy,,True
977340,Skinny,"Horror, Indie",,,,lol,lol,0.0,steamspy,,True
2114970,Skinny & Franko: Fists of Violence,"Action, Adventure, Metroidvania",,,,"Blue Sunset Games, Console Labs S.A.",Console Labs S.A.,0.0,steamspy,,True
860730,Skinscape,Indie,,,,Ian Truelove,Ian Truelove,0.0,steamspy,,True
1476940,Skinwalkers,"Adventure, Horror, Indie, Survival",,,,Luis R. Gamboa,BoneYard Crew,0.0,steamspy,,True
872650,Skip's Sanity Demo,"Action, Casual, Indie, RPG, Simulation, Sports, Strategy",,,,David Donarumo,David Donarumo,0.0,steamspy,,True
367810,Sky Force Anniversary - Original Soundtrack,"Action, Indie",,,,Infinite Dreams,Infinite Dreams,0.0,steamspy,,True
735270,Sky Force Reloaded - Original Soundtrack,"Action, Indie",,,,Infinite Dreams,Infinite Dreams,0.0,steamspy,,True
596930,Sky Jac Demo,"Action, Adventure, Indie",,,,Team of Light Media LLC,Team of Light Media LLC,0.0,steamspy,,True
326220,Sky Nations Demo,"Adventure, Indie",,,,Damaged,Damaged,0.0,steamspy,,True
1078620,Sky Of Destruction Demo,"Action, Indie, RPG, Shooter, Simulation",,,,Satur Entertainment,Satur Entertainment,0.0,steamspy,,True
586070,Sky Rogue Original Soundtrack,"Action, Simulation",,,,The Otherworld Agency,Boss Battle Records,0.0,steamspy,,True
531120,SkyBoats - Original Soundtrack,Strategy,,,,BrainGoodGames,,0.0,steamspy,,True
91110,SkyDrift Demo,"Action, Indie, Racing",,,,Digital Reality,HandyGames,0.0,steamspy,,True
81237,SkyDrift Trailer,"Action, Indie, Racing",,,,Digital Reality,,0.0,steamspy,,True
81266,SkyDrift: Extreme Fighters Trailer,Racing,,,,Digital Reality,,0.0,steamspy,,True
81265,SkyDrift: Gladiator Pack Trailer,Racing,,,,Digital Reality,,0.0,steamspy,,True
81911,Skyrim Dawnguard Trailer,"Action, Adventure, RPG",,,,Bethesda Game Studios,,0.0,steamspy,,True
202485,Skyrim: High Resolution Texture Pack (Free DLC),"Action, Adventure, RPG",,,,Bethesda Game Studios,Bethesda Softworks,0.0,steamspy,,True
755120,Skyworld Demo,"Indie, Strategy",,,,Vertigo Games,Wolfdog Interactive,0.0,steamspy,,True
981530,Slab Demo,"Action, Casual, Indie",,,,Smash The Code,Smash The Code,0.0,steamspy,,True
457120,Slain: Back from Hell - Deluxe Edition DLC,"Action, Indie",,,,Andrew Gilmour,Silver Lining Interactive,0.0,steamspy,,True
561630,Slaughter Tribe Nemesis Expansion,"Action, Adventure, RPG",,,,"Monolith Productions, Inc.",,0.0,steamspy,,True
1027740,Slave RPG Demo,"Adventure, Indie, RPG",,,,Rising Sun Interactive,Rising Sun Interactive,0.0,steamspy,,True
877620,Slay the Spire - Soundtrack,"Indie, Strategy",,,,Mega Crit Games,Mega Crit Games,0.0,steamspy,,True
540730,Slayaway Camp - Deluxe Edition DLC Pack,"Casual, Indie, Strategy",,,,Blue Wizard Digital,Blue Wizard Digital,0.0,steamspy,,True
559670,Slayaway Camp - Santa's Slay Expansion,"Casual, Indie, Strategy",,,,Blue Wizard Digital,Blue Wizard Digital,0.0,steamspy,,True
215220,Sleeping Dogs Demo,"Action, Adventure, Fighting, RPG, Shooter",,,,United Front Games,,0.0,steamspy,,True
216332,Sleeping Dogs: Movie Masters Pack,"Action, Adventure",,,,United Front Games,"SQUARE ENIX, Eidos Interactive",0.0,steamspy,,True
548410,Sleeping Valley - Soundtrack,"Action, Adventure, Casual, Indie, Platformer, Puzzle",,,,White Dog Games,SA Industry,0.0,steamspy,,True
324720,Slender: The Arrival Soundtrack,"Action, Adventure, Horror, Indie",,,,Blue Isle Studios,Blue Isle Studios,0.0,steamspy,,True
671160,Slime Rancher: Original Soundtrack,"Action, Adventure, Indie, Simulation",,,,Monomi Park,,0.0,steamspy,,True
613000,Slime-san - Official Soundtrack,"Action, Adventure, Indie",,,,Fabraz,Headup,0.0,steamspy,,True
650560,Slime-san Demo,"Action, Adventure, Indie, Platformer, Puzzle",,,,Fabraz,Slime-san,0.0,steamspy,,True
363740,Slinki Demo,"Adventure, Indie",,,,Titan Forged Games,TheGameWall Studios,0.0,steamspy,,True
1079020,Sloth: Heart to Heart Demo,"Casual, Indie, Visual Novel",,,,NarReiTor,NarReiTor,0.0,steamspy,,True
3070560,Slum Guide,"Action, Adventure, Casual",,,,Rebellion Dark,Saikey Studios,0.0,steamspy,,True
2731080,Small Demon,"Casual, Indie, Shooter",,,,Graybrick,Graybrick,0.0,steamspy,,True
520620,Small Radios Big Televisions - Soundtrack,"Adventure, Indie",,,,"Fire Face Corporation, Adult Swim Games",,0.0,steamspy,,True
985750,Small Sister Demo,"Casual, Indie, Simulation, Strategy",,,,Proximity Games,Proximity Games,0.0,steamspy,,True
1045100,Smartphone Tycoon - Sandbox DLC,"Indie, Simulation, Strategy",,,,Roastery Games,,0.0,steamspy,,True
81207,Smash Cars Trailer,"Action, Racing, Sports",,,,,,0.0,steamspy,,True
568790,Smashbox Arena Demo,"Action, Shooter",,,,"BigBox VR, Inc.","BigBox VR, Inc.",0.0,steamspy,,True
508920,Smell of Death Demo,"Action, Horror, Indie, Shooter",,,,Alkame Games,Alkame Games,0.0,steamspy,,True
1065220,Smile For Me - Official Artbook,"Adventure, Casual, Indie",,,,LimboLane,LimboLane,0.0,steamspy,,True
637910,SmuggleCraft Original Soundtrack,"Action, Adventure, Indie, Racing, Sports",,,,"Happy Badger Studio, Bravendary",,0.0,steamspy,,True
842820,Snail Trek 4 - Disco Donation DLC,"Adventure, Indie",,,,Phil Fortier,,0.0,steamspy,,True
81974,Snapshot Trailer,"Adventure, Casual, Indie, Platformer, Puzzle",,,,Retro Affect,,0.0,steamspy,,True
333320,Sneaky Sneaky - Official Soundtrack,"Indie, RPG, Strategy",,,,Naiad Entertainment LLC,,0.0,steamspy,,True
399460,Snik - Soundtrack,"Casual, Indie",,,,Cleverweek,,0.0,steamspy,,True
308310,Sniper Elite 3 Season Pass,"Action, Adventure",,,,Rebellion,Rebellion,0.0,steamspy,,True
474760,Sniper Elite 4 - Camouflage Rifles Skin Pack,"Action, Adventure",,,,Rebellion,Rebellion,0.0,steamspy,,True
513033,Sniper Elite 4 - Cold Warfare Winter Expansion Pack,"Action, Adventure",,,,Rebellion,Rebellion,0.0,steamspy,,True
513032,Sniper Elite 4 - Night Fighter Expansion Pack,"Action, Adventure",,,,Rebellion,Rebellion,0.0,steamspy,,True
474740,Sniper Elite 4 - Season Pass,"Action, Adventure",,,,Rebellion,Rebellion,0.0,steamspy,,True
513031,Sniper Elite 4 - Urban Assault Expansion Pack,"Action, Adventure",,,,Rebellion,Rebellion,0.0,steamspy,,True
81552,Sniper Elite V2 Trailer,"Action, Adventure, Shooter, Simulation, Strategy",,,,,,0.0,steamspy,,True
82036,Sniper Ghost Warrior 2 Combat Trailer,"Action, Adventure, Shooter, Simulation, Strategy",,,,,,0.0,steamspy,,True
34880,Sniper Ghost Warrior 2 Demo,"Action, Adventure, Shooter, Simulation, Strategy",,,,City Interactive,CI Games,0.0,steamspy,,True
659970,Sniper Ghost Warrior 3 Original Georgian Soundtrack,Action,,,,CI Games,CI Games,0.0,steamspy,,True
659971,Sniper Ghost Warrior 3 Original Soundtrack,Action,,,,CI Games,CI Games,0.0,steamspy,,True
495953,Sniper Ghost Warrior 3 – Death Pool weapon skin pack,Action,,,,CI Games,CI Games,0.0,steamspy,,True
495954,Sniper Ghost Warrior 3 – Hexagon Ice weapon skin pack,Action,,,,CI Games,CI Games,0.0,steamspy,,True
730230,Sniper Rust VR Demo,Action,,,,Zatun,Zatun,0.0,steamspy,,True
5717,Sniper: Ghost Warrior Trailer,"Action, Adventure, Shooter",,,,City Interactive S.A.,City Interactive S.A.,0.0,steamspy,,True
5716,Sniper: Ghost Warrior Trailer (Headshot),"Action, Adventure, Shooter, Simulation",,,,,,0.0,steamspy,,True
5714,Sniper: Ghost Warrior Trailer (Multiplayer),"Action, Adventure, Shooter, Simulation",,,,City Interactive S.A.,City Interactive S.A.,0.0,steamspy,,True
977710,Snow Ash Land Demo,"Action, Adventure, Indie, Massively Multiplayer, RPG, Simulation, Survival",,,,Hope,,0.0,steamspy,,True
574130,Snow Fortress Demo,"Action, Casual, Indie, Simulation, Strategy",,,,Mythical City Games,Mythical City Games,0.0,steamspy,,True
81416,SnuggleTruck Trailer,"Casual, Indie, Racing",,,,Owlchemy Labs,Owlchemy Labs,0.0,steamspy,,True
316450,So Many Me Demo,"Action, Indie, Platformer, Puzzle, Strategy",,,,Extend Studio,ORiGO GAMES,0.0,steamspy,,True
576210,Soda Drinker Pro - Soundtrack,"Action, Simulation",,,,Snowrunner Games,,0.0,steamspy,,True
639580,Soft Body Demo,"Action, Indie, Puzzle, Shooter",,,,Zeke Virant,Zeke Virant,0.0,steamspy,,True
676950,Sojourner Demo,"Adventure, Indie, RPG",,,,Michael Squirrel,Michael Squirrel,0.0,steamspy,,True
746170,Sokoban Land DX Demo,"Adventure, Casual, Indie, Puzzle",,,,lightUP,lightUP,0.0,steamspy,,True
775360,Sol Galaxy Defender Demo,"Action, Casual, Indie, Simulation",,,,Quack Games,James Habgood,0.0,steamspy,,True
5635,Sol Survivor Trailer,"Indie, Strategy, Survival, Tower Defense",,,,,,0.0,steamspy,,True
97010,Solar 2 Demo,"Casual, Indie, Puzzle, Simulation",,,,Murudai,Murudai,0.0,steamspy,,True
80910,Solar 2 Trailer,"Casual, Indie, Puzzle, Simulation",,,,,,0.0,steamspy,,True
340980,Solar War Demo,"Indie, Strategy",,,,Snipefish Entertainment,Snipefish Entertainment,0.0,steamspy,,True
742910,Solaroids: Prologue Demo,"Action, Indie, Shooter",,,,DynF/X Digital,DynF/X Digital,0.0,steamspy,,True
953390,Solid Aether Demo,"Action, Indie",,,,FAL Works,FAL Works,0.0,steamspy,,True
321020,SolidFace Pro 2015 Demo,Casual,,,,Oscar L.,"Solidface Technology Inc., SolidFace Parametric CAD Drawing 2D",0.0,steamspy,,True
447740,Solstice OST + Bonus Content,"Adventure, Indie, RPG",,,,MoaCube,MoaCube,0.0,steamspy,,True
685320,Something To Do With Love Demo,"Adventure, Horror, Visual Novel",,,,Kabangeh,Clamdog Studio,0.0,steamspy,,True
1493020,Song of Farca: Prologue,"Action, Adventure, Simulation",,,,Wooden Monkeys,Alawar,0.0,steamspy,,True
875190,Song of Memories -Piece of Melody- Original Soundtrack,"Adventure, Casual",,,,"Future Tech Lab Co., Ltd.",FTL Entertainment,0.0,steamspy,,True
475210,Song of the Deep - Soundtrack,Adventure,,,,Insomniac Games,GameTrust Games,0.0,steamspy,,True
5582,Sonic & SEGA All-Stars Racing Trailer,"Action, Racing",,,,Sumo Digital,SEGA,0.0,steamspy,,True
81587,Sonic 4 Episode II ESRB Trailer,"Action, Adventure, Platformer",,,,SEGA,,0.0,steamspy,,True
81588,Sonic 4 Episode II PEGI Trailer,"Action, Adventure, Platformer",,,,,,0.0,steamspy,,True
81368,Sonic CD Trailer,"Action, Adventure, Platformer",,,,Blit Software,,0.0,steamspy,,True
200590,Sonic Generations - Casino Night DLC,Action,,,,Devil's Details,SEGA,0.0,steamspy,,True
845640,Sonic Mania - Encore DLC,"Action, Adventure, Casual, Platformer",,,,"Christian Whitehead, Headcannon, PagodaWest Games",SEGA,0.0,steamspy,,True
264600,Sonic and All-Stars Racing Transformed - Yogscast DLC,"Racing, Sports",,,,Sumo Digital,SEGA,0.0,steamspy,,True
229660,Sonic and All-Stars Racing Transformed: Metal Sonic & Outrun DLC,"Racing, Sports",,,,Sumo Digital,SEGA,0.0,steamspy,,True
624480,Sonya: The Great Adventure Demo,"Adventure, Casual, Indie",,,,Specialbit Studio,Specialbit Studio,0.0,steamspy,,True
411400,Sora no Kakera - Sora Original Soundtrack,Action,,,,"Orange_Juice, DEKU",Fruitbat Factory,0.0,steamspy,,True
2325470,Sorcerer's Choice: Angel or Demon?,"Adventure, Casual, Simulation, Visual Novel",,,,Varenyett,"JAST, JAST BLUE",0.0,steamspy,,True
558770,Sorcerers of Kinetics (VR) Demo,"Action, Indie, Massively Multiplayer, RPG, Simulation",,,,JaudaLabs,JaudaLabs,0.0,steamspy,,True
540670,Sorcery (Is) for Saps Demo,"Adventure, Indie, RPG",,,,Choice of Games,Choice of Games,0.0,steamspy,,True
844240,Sorcery Saga - The Phaal Costume Bundle,"Adventure, RPG, Strategy",,,,Idea Factory,Ghostlight LTD.,0.0,steamspy,,True
1029200,Sordwin Demo,"Adventure, Indie, RPG",,,,Hosted Games,Hosted Games,0.0,steamspy,,True
740210,"Sorry, James Demo","Casual, Horror, Indie, Puzzle, Strategy",,,,Konstructors,"Konstructors, GrabTheGames",0.0,steamspy,,True
3507550,Soul Eyes Demon: Horror Skulls,"Adventure, Horror, Survival",,,,EID ALQAHTANI,TIRUO online,0.0,steamspy,,True
313760,Soul Gambler: Artbook & Soundtrack,"Adventure, Indie, RPG",,,,Ilex Games,Gamestorming,0.0,steamspy,,True
603540,Soul Saber 2 Demo,"Action, Indie",,,,Yamadaya,Henteko Doujin,0.0,steamspy,,True
1820430,Soul Tolerance: Prologue,"Adventure, Puzzle",,,,Chaosmonger Studio,Chaosmonger Studio,0.0,steamspy,,True
1101560,Soul at Stake Demo,"Action, Horror, Indie, RPG, Survival",,,,Chongming Studio,Chongming Studio,0.0,steamspy,,True
690880,SoulFrost Original+Arranged SoundTrack,"Action, Indie",,,,"Xitilon, Xeneder",Xitilon,0.0,steamspy,,True
745780,SoulHunt Demo,"Action, Indie",,,,WinterCell Studios,WinterCell Studios,0.0,steamspy,,True
606100,SoulSet - Digital Artbook,"Adventure, Casual, Indie",,,,NoBreadStudio,NoBreadStudio,0.0,steamspy,,True
591590,SoulSet Demo,"Adventure, Casual, Indie, Visual Novel",,,,NoBreadStudio,NoBreadStudio,0.0,steamspy,,True
533100,Soulblight Demo,"Action, Indie, RPG, Survival",,,,My Next Games,"My Next Games, Movie Games S.A.",0.0,steamspy,,True
1094090,Soulfire Demo,"Action, Indie, Metroidvania, Survival",,,,"AyDream Co., Ltd.","AyDream Co., Ltd.",0.0,steamspy,,True
383470,Sound of Drop - fall into poison - Demo,"Adventure, Horror, Indie, Visual Novel",,,,aiueoKompany,Sekai Project,0.0,steamspy,,True
425330,Sound of Drop - fall into poison - Official Soundtrack,"Adventure, Indie",,,,aiueoKompany,Sekai Project,0.0,steamspy,,True
760180,SoundTracks: The Train Set Game,"Indie, Racing, Simulation",,,,"Whoop Group, Kevin Gallagher",Excalibur Games,0.0,steamspy,,True
259110,Soundodger+ Soundtrack,"Casual, Indie",,,,Studio Bean,,0.0,steamspy,,True
411110,Soundtrack,"Action, Indie",,,,Ink Stains Games,,0.0,steamspy,,True
514590,Soundtrack + wallpapers,"Adventure, Casual, Indie",,,,Owl Studio,,0.0,steamspy,,True
403220,Soundtrack for Secrets of Grindea,"Action, Adventure, Indie, RPG",,,,Pixel Ferrets,Pixel Ferrets,0.0,steamspy,,True
417080,Soundtrack: The Invitation to HAVEN,"Action, Indie, Racing",,,,Reminisce,,0.0,steamspy,,True
81848,Source Filmmaker Trailer,"Action, Horror",,,,,,0.0,steamspy,,True
564794,South Park: The Fractured But Whole - Season Pass,RPG,,,,Ubisoft San Francisco,Ubisoft,0.0,steamspy,,True
516670,Spaaace Demo,"Action, Casual, Platformer, Simulation",,,,Pillar Space,Pillar Space,0.0,steamspy,,True
881950,Space Battlecruiser Demo,"Action, Indie",,,,Less Describable Games,Less Describable Games,0.0,steamspy,,True
1857870,Space Demon Combat Tactics III,"Action, Shooter",,,,Matt Kuhn,Matt Kuhn,0.0,steamspy,,True
833780,Space Fighters Demo,"Action, Indie",,,,ZeroByter,ZeroByter,0.0,steamspy,,True
927090,Space Fox Kimi Demo,"Adventure, Indie, RPG",,,,ShenTzu,ShenTzu Games,0.0,steamspy,,True
265410,Space Hulk - Behemoth Skin DLC,"Indie, Strategy",,,,Full Control Studios,,0.0,steamspy,,True
246562,Space Hulk - Kraken Skin DLC,"Indie, Strategy",,,,Full Control Studios,Full Control Studios,0.0,steamspy,,True
842331,Space Hulk: Deathwing - Enhanced Edition: Infested Mines DLC,"Action, Adventure",,,,Streum On Studio,Focus Home Interactive,0.0,steamspy,,True
842330,Space Hulk: Deathwing - Enhanced Edition: Skulls for the Skull Throne DLC,"Action, Adventure",,,,Streum On Studio,Focus Home Interactive,0.0,steamspy,,True
449570,Space Moth DX Original Soundtrack,"Action, Indie",,,,1CC Games,Chorus Worldwide Games,0.0,steamspy,,True
429470,Space Pilgrim Episode I: Alpha Centauri,"Adventure, Casual, Indie, JRPG, RPG",,,,"Pilgrim Adventures, GrabTheGames Studios","GrabTheGames, TheGamesFortress",0.0,steamspy,,True
738780,Space Pirates and Zombies 2 Demo,"Action, Adventure, Indie, RPG, Simulation, Strategy, Survival",,,,MinMax Games Ltd.,MinMax Games Ltd.,0.0,steamspy,,True
107210,Space Pirates and Zombies Demo,"Action, Adventure, Indie, RPG, Shooter, Strategy",,,,MinMax Games Ltd.,MinMax Games Ltd.,0.0,steamspy,,True
80950,Space Pirates and Zombies Trailer,"Action, Adventure, Indie, RPG, Shooter, Strategy",,,,MinMax Games Ltd.,MinMax Games Ltd.,0.0,steamspy,,True
512970,Space Ribbon - Soundtrack Pack,"Action, Casual, Indie, Racing, Simulation, Sports",,,,Onteca Ltd,,0.0,steamspy,,True
535660,Space Ribbon Demo,"Action, Casual, Indie, Racing, Simulation, Sports",,,,Onteca Ltd,"Applaud Productions, Onteca Ltd",0.0,steamspy,,True
513280,Space Rift Demo,"Action, Adventure, Indie, Simulation",,,,Vibrant Core,bitComposer Interactive GmbH,0.0,steamspy,,True
751040,Space Rocks Demo,"Casual, Indie",,,,Alister Software,Back to Basics Gaming,0.0,steamspy,,True
321010,Space Salvager Demo,"Adventure, Indie, RPG",,,,Sam Albon,Sam Albon,0.0,steamspy,,True
1112310,Space Slingshot VR Demo,"Casual, Indie, Strategy",,,,Curious Studio,Curious Studio,0.0,steamspy,,True
341930,Space Station Alpha,"City Builder, Indie, Simulation, Strategy",,,,NuclearFirecracker,NuclearFirecracker,0.0,steamspy,,True
1073940,Space Survivors Shooter Demo,"Action, Casual",,,,"Maurcie Fernitz, Enrico Przbilla, Felix Gillmann, Robert Schuricht",Maurcie Fernitz,0.0,steamspy,,True
410800,Space Thinger Demo,"Action, Indie, Simulation",,,,Wytchlight,Wytchlight,0.0,steamspy,,True
5126,Space Trader Trailer,"Action, Casual, Indie, Shooter, Strategy",,,,,,0.0,steamspy,,True
877770,Space Turret Gunner Demo,"Action, Indie",,,,CatSaw,CatSaw,0.0,steamspy,3.0,True
949550,Space Wars Demo,"Action, Casual, Indie, Shooter",,,,Star Studios,Star Studios,0.0,steamspy,,True
496090,"Space, VR! Demo",Indie,,,,"James Nye, Copeland Williams",Self,0.0,steamspy,,True
92810,SpaceChem Demo,"Casual, Indie, Puzzle, Simulation, Strategy",,,,Zachtronics,Zachtronics,0.0,steamspy,,True
80609,SpaceChem How To Trailer,"Casual, Indie, Puzzle, Simulation, Strategy",,,,Zachtronics Industries,Zachtronics Industries,0.0,steamspy,,True
80608,SpaceChem Trailer,"Casual, Indie, Puzzle, Simulation, Strategy",,,,,,0.0,steamspy,,True
701560,SpaceMerc Demo,"Action, Casual, Indie",,,,Colin EUMP,Colin EUMP,0.0,steamspy,,True
395970,Spacejacked Demo,"Action, Indie",,,,Rotten Mage,Rotten Mage,0.0,steamspy,,True
571640,Spaceman Sparkles 3 Demo,Action,,,,tjern,tjern,0.0,steamspy,,True
458400,Spaceport Hope - Soundtrack,"Action, Adventure, Indie",,,,team BitClub,,0.0,steamspy,,True
1605230,Spaceship - Visual Effect Graph Demo,"Action, Adventure",,,,Unity Technologies,Unity Technologies,0.0,steamspy,,True
380720,Spandex Force: Champion Rising Demo,"Casual, Indie, RPG",,,,KarjaSoft,KarjaSoft,0.0,steamspy,,True
746250,Spark Demo,"Action, Casual, Indie",,,,"Knightmare Games, Limited","Knightmare Games, Limited",0.0,steamspy,,True
1030570,Spark of Light Demo,"Adventure, Casual, Indie",,,,Pillow's Willow,Pillow's Willow,0.0,steamspy,,True
81737,Spec Ops The Line TV Trailer,"Action, Adventure, Shooter",,,,,,0.0,steamspy,,True
892399,Special Costume Set/特製コスチュームセット,Action,,,,"KOEI TECMO GAMES CO., LTD.","KOEI TECMO GAMES CO., LTD.",0.0,steamspy,,True
731370,Speebot Demo,"Adventure, Casual, Indie, Platformer",,,,KEYREAL,KEYREAL,0.0,steamspy,,True
1000730,Speed Brawl Demo,"Action, Fighting, Indie",,,,Double Stallion,Double Stallion,0.0,steamspy,,True
833830,Speed Car Fighter Demo,"Racing, Sports",,,,Yash Future Tech Solutions Pvt Ltd,Yash Future Tech Solutions Pvt Ltd,0.0,steamspy,,True
338680,SpeedRunners Demo,"Action, Indie, Platformer, Racing, Sports",,,,DoubleDutch Games,tinyBuild,0.0,steamspy,,True
245050,SpellForce 2 - Demons of the Past,"RPG, Strategy",,,,"THQ Nordic, Mind Over Matter Studios",THQ Nordic,0.0,steamspy,,True
273290,SpellForce 2 - Demons of the Past - Soundtrack,"RPG, Strategy",,,,"THQ Nordic, Mind Over Matter Studios",THQ Nordic,0.0,steamspy,,True
624840,SpellForce 2 Soundtrack,"Action, RPG",,,,Phenomic,THQ Nordic,0.0,steamspy,,True
751610,SpellForce 3 Beta,"RPG, Strategy",,,,"Grimlore Games, THQ Nordic",THQ Nordic,0.0,steamspy,,True
81761,SpellForce II Faith in Destiny Trailer,"RPG, Strategy",,,,,,0.0,steamspy,,True
5487,SpellForce Platinum Trailer,"Action, RPG, Strategy",,,,Phenomic,Nordic Games,0.0,steamspy,,True
622570,Sphere Complex Demo,"Action, Casual, Indie, Racing, Simulation",,,,OC Game Studio,OC Game Studio,0.0,steamspy,,True
750430,Sphinx and the Cursed Mummy: Authoring Tools,"Adventure, RPG",,,,"Eurocom, THQ Nordic",THQ Nordic,0.0,steamspy,,True
733200,Sphinx and the Cursed Mummy: Soundtrack,"Adventure, RPG",,,,"Eurocom, THQ Nordic",THQ Nordic,0.0,steamspy,,True
391930,Spider: Rite of the Shrouded Moon - Soundtrack,"Adventure, Indie",,,,Tiger Style,,0.0,steamspy,,True
80868,Spiral Knights Announcement Trailer,"Action, Adventure, Casual, Indie, Massively Multiplayer, RPG",,,,,,0.0,steamspy,,True
619100,Spirit Guide Crucible,"Action, Casual, Indie",,,,IndieRevo,IndieRevo,0.0,steamspy,,True
81962,Spirits Trailer,"Action, Indie, Puzzle, Strategy",,,,Spaces of Play,,0.0,steamspy,,True
2143930,Spirits of Baciu - Prologue,"Adventure, Indie, Platformer, Puzzle",,,,Horns Level Up Games,Horns Level Up Games,0.0,steamspy,,True
387080,Spirits of Xanadu - Soundtrack,"Action, Adventure, Indie",,,,"Good Morning, Commander",Nightdive Studios,0.0,steamspy,,True
697720,Splash Blast Panic Demo,"Action, Casual, Indie",,,,Team KwaKwa,Digital Smash,0.0,steamspy,,True
531220,Splasher Demo,"Action, Indie, Platformer",,,,Splashteam,Dear Villagers,0.0,steamspy,,True
212860,Splice Demo,"Casual, Indie, Puzzle",,,,Cipher Prime Studios,Cipher Prime Studios,0.0,steamspy,,True
209793,Splice Soundtrack,"Casual, Indie",,,,Cipher Prime Studios,Cipher Prime Studios,0.0,steamspy,,True
81732,Splice Trailer,"Casual, Indie, Puzzle",,,,Cipher Prime Studios,,0.0,steamspy,,True
209801,Splice: Epilogue Soundtrack,"Casual, Indie",,,,Cipher Prime Studios,Cipher Prime Studios,0.0,steamspy,,True
2858930,Split Personality Doctor: Prologue,"Action, Casual, Platformer, RPG, Roguelike",,,,ManaBomb,ManaBomb,0.0,steamspy,,True
390580,Spooky's Jump Scare Mansion - OST,"Action, Adventure, Indie",,,,KIRA LLC,,0.0,steamspy,,True
969550,Spoorky Demo,"Action, Adventure, Casual, Indie",,,,GuGames Development,GuGames Development,0.0,steamspy,,True
1022590,Spot Girls Difference - ArtBook,"Adventure, Casual, Indie, RPG, Simulation",,,,Puzzle Game,Puzzle Game,0.0,steamspy,,True
800740,Sprint Vector - OST,"Action, Indie, Racing, Sports",,,,Survios,Survios,0.0,steamspy,,True
1073290,Spy Tactics Demo,"Casual, Indie, Puzzle, Strategy",,,,Evgenii Gubanov,Evgenii Gubanov,0.0,steamspy,,True
453400,Squad - Original Soundtrack Vol. 1 & 2,"Action, Indie, Strategy",,,,Offworld Industries,Offworld Industries,0.0,steamspy,,True
848970,Squad 44 Soundtrack & Art Book,"Action, Indie, Massively Multiplayer, Simulation, Strategy",,,,Offworld Industries,Offworld Industries,0.0,steamspy,,True
750640,Squarism: Soundtrack,"Casual, Indie",,,,Akonta band,Akonta band,0.0,steamspy,,True
824180,Squeakers Demo,"Action, Adventure, Indie",,,,Marcin Skierski,Marcin Skierski,0.0,steamspy,,True
790010,Squirm OST,"Adventure, Indie",,,,Alex Carpenter,Alex Carpenter,0.0,steamspy,,True
334880,Squirreltopia Demo,"Action, Adventure, Indie, Platformer",,,,Surreal Distractions,,0.0,steamspy,,True
345150,Squirreltopia Soundtrack,"Action, Adventure, Indie",,,,Sean Davy,Sean Davy,0.0,steamspy,,True
81473,Stacking PC Trailer,"Adventure, Casual, Indie, Puzzle",,,,Double Fine Productions,Double Fine Productions,0.0,steamspy,,True
320880,Stained Demo,"Action, Adventure, Casual, Indie",,,,RealAxis Software,RealAxis Software,0.0,steamspy,,True
961150,Star Control: Origins - Earth Rising Expansion,"Action, Adventure, Casual, Indie, RPG, Simulation, Strategy",,,,Stardock Entertainment,Stardock Entertainment,0.0,steamspy,,True
959250,Star Control: Origins - Multiverse DLC,"Action, Adventure, Indie, RPG, Simulation",,,,Stardock Entertainment,Stardock Entertainment,0.0,steamspy,,True
940010,Star Control: Origins - Original Soundtrack,"Action, Adventure, Indie, RPG, Simulation",,,,Stardock Entertainment,Stardock Entertainment,0.0,steamspy,,True
779080,Star Fleet Armada: Rogue Adventures Demo,"Indie, Simulation, Strategy",,,,Blue  Blaze Gaming,Blue  Blaze Gaming,0.0,steamspy,,True
374820,Star Horizon - Soundtrack,Action,,,,Tabasco Interactive,,0.0,steamspy,,True
703430,Star Rangers VR - Free Demo,Simulation,,,,Project Whitecard Studios Inc.,"Awestruck Games, EvolVR Games Ltd.",0.0,steamspy,,True
70910,Star Ruler - Demo,"4X, Indie, Strategy",,,,Blind Mind Studios,Blind Mind Studios,0.0,steamspy,,True
5939,Star Ruler - Trailer,"4X, Indie, Strategy",,,,Blind Mind Studios,Blind Mind Studios,0.0,steamspy,,True
762530,Star Shelter Demo,"Action, Adventure, Indie, RPG, Simulation, Survival",,,,Overflow,Overflow,0.0,steamspy,,True
728080,Star Story: The Horizon Escape Demo,"Adventure, Casual, Indie, RPG, Visual Novel",,,,EvilCoGames,EvilCoGames,0.0,steamspy,,True
912470,Star Traders: Frontiers Soundtrack,RPG,,,,Trese Brothers,Trese Brothers,0.0,steamspy,,True
81385,Star Trek Online F2P Trailer,"Action, Adventure, Massively Multiplayer, RPG, Strategy",,,,,,0.0,steamspy,,True
5513,Star Trek Online Gameplay Trailer,"Action, Adventure, Massively Multiplayer, RPG, Strategy",,,,Cryptic Studios,Atari,0.0,steamspy,,True
540200,Star Vikings Demo,"Casual, Indie, Puzzle, RPG, Strategy",,,,Rogue Snail,"Akupara Games, Rogue Snail",0.0,steamspy,,True
5588,Star Wolves 3: Civil War Trailer,"RPG, Strategy",,,,,,0.0,steamspy,,True
494140,StarDrive 2 - Shipyards Content Pack,"Indie, Strategy",,,,Zero Sum Games,Iceberg Interactive,0.0,steamspy,,True
335180,StarMade Demo,"Action, Adventure, Indie, RPG, Simulation, Strategy",,,,Schine GmbH,Schine GmbH,0.0,steamspy,,True
268090,Starbound - Soundtrack,"Action, Adventure, Casual, Indie, RPG, Survival",,,,Chucklefish,,0.0,steamspy,,True
2815500,Stardust Demon,"Action, Adventure, Metroidvania, Platformer, Puzzle",,,,resnijars,resnijars,0.0,steamspy,,True
418080,Stardust Galaxy Warriors: Stellar Climax - Soundtrack,"Action, Adventure, Indie",,,,Dreamloop Games,Dreamloop Games,0.0,steamspy,,True
541890,Starfighter Arduxim Demo,"Action, Indie, Simulation",,,,Fulby Technologies,Fulby Technologies,0.0,steamspy,,True
353020,Starlaxis Supernova Edition Demo,"Action, Casual, Indie, Strategy",,,,Spiderwork Games,familyplay,0.0,steamspy,,True
436310,Starlight Vega Demo,"Casual, Indie, Visual Novel",,,,Razzart Visual,Sekai Project,0.0,steamspy,,True
771640,Starlight of Aeons Original Soundtrack,"Adventure, Casual, Indie",,,,"Angels Blue Digital Entertainment, DigitalEZ",DigitalEZ,0.0,steamspy,,True
81426,Starpoint Gemini Trailer,"RPG, Simulation",,,,,,0.0,steamspy,,True
20720,Starscape Demo,"Action, Indie, Strategy",,,,Moonpod,Moonpod,0.0,steamspy,,True
529400,Starship Annihilator - Soundtrack,"Action, Indie",,,,IR Studio,IR Studio,0.0,steamspy,,True
422170,Starship Rubicon Demo,"Action, Indie",,,,Wickworks,Cheerful Ghost,0.0,steamspy,,True
1014240,Starship Saboteur Prototype,"Action, RPG, Shooter",,,,Catland,Catland,0.0,steamspy,,True
1477000,Starship Turd Nugget: Too Cool For Stool,Action,,,,Glinkie Games Inc.,Glinkie Games Inc.,0.0,steamspy,,True
675520,Starway Fleet Demo,"Action, Casual, Simulation",,,,StormCube Games,StormCube Games,0.0,steamspy,,True
414050,State of Extinction Demo,"Action, Adventure, Indie, RPG",,,,Stone Pixel Games LLC,Stone Pixel Games LLC,0.0,steamspy,,True
415870,Statues Demo,"Action, Indie",,,,Room710Games,Room710Games,0.0,steamspy,,True
343320,StaudSoft's Synthetic World Beta,"Action, Indie, RPG, Survival",,,,StaudSoft,StaudSoft,0.0,steamspy,,True
344920,StaudSoft's Synthetic World Demo,"Action, Indie, RPG",,,,StaudSoft,StaudSoft,0.0,steamspy,,True
349560,Stay Dead Evolution Demo,"Action, Indie",,,,Brucefilm,Plug In Digital,0.0,steamspy,,True
847110,Stay Safe Demo,"Action, Indie, Racing",,,,Atomic Raccoon Studio,Atomic Raccoon Studio,0.0,steamspy,,True
659710,Stay! Stay! DPRK: Original Soundtrack,"Adventure, Indie, RPG",,,,DEVGRU-P,DEVGRU-P,0.0,steamspy,,True
512060,Stay! Stay! Democratic People's Republic of Korea!,"Adventure, Horror, Indie, RPG, Visual Novel",,,,DEVGRU-P,DEVGRU-P,0.0,steamspy,,True
651450,Stayin' Alive Demo,"Action, Casual, Indie, Simulation, Survival",,,,IndieGala,IndieGala,0.0,steamspy,,True
209201,Stealth Bastard Deluxe - Soundtrack,"Action, Indie",,,,Curve Studios,Curve Studios,0.0,steamspy,,True
625330,Steam Hammer - The Complete Soundtrack,"Action, Indie, RPG, Simulation",,,,SF team,Big Way,0.0,steamspy,,True
347920,Steam and Metal Demo,Indie,,,,AvrDragon,AvrDragon,0.0,steamspy,,True
523260,SteamHammerVR Demo,"Action, Adventure, Indie, Shooter, Strategy",,,,GamestormVR,Showstorm Ltd,0.0,steamspy,,True
718690,SteamWorld Dig 2 OST Feat. El Huervo,"Action, Adventure, Indie",,,,Image & Form Games,Image & Form Games,0.0,steamspy,,True
1085590,SteamWorld Quest: Hand of Gilgamech - Soundtrack,"Adventure, RPG",,,,Image & Form Games,Thunderful,0.0,steamspy,,True
1047410,Steambirds Alliance Beta,"Action, Indie, Massively Multiplayer, RPG","24 May, 2019",False,,Spry Fox LLC,Spry Fox LLC,0.0,appdetails,,True
465730,Steamroll - Original Soundtrack,"Adventure, Indie",,,,Anticto,,0.0,steamspy,,True
780470,Steel Eagle Demo,"Action, Indie, Shooter",,,,enrju,Andrzej Cudzilo,0.0,steamspy,,True
398310,Steel Ocean - Original SoundTrack Vol.1,"Massively Multiplayer, Simulation",,,,ICE Entertainment,Changyou.com Limited,0.0,steamspy,1.0,True
1021990,Steel Rats Demo,"Action, Platformer, Racing",,,,Tate Multimedia,Tate Multimedia,0.0,steamspy,,True
969110,Steel Rats Stylish Mayhem - Skins DLC,"Action, Racing",,,,Tate Multimedia,Tate Multimedia,0.0,steamspy,,True
202650,Steel Storm Weapon Pack DLC,"Action, Indie",,,,Kot in Action Creative Artel,Kot in Action Creative Artel,0.0,steamspy,,True
201090,Steel Storm: Burning Retribution Demo,"Action, Indie, Shooter",,,,Kot in Action Creative Artel,Kot in Action Creative Artel,0.0,steamspy,,True
80838,Steel Storm: Burning Retribution Trailer,"Action, Indie, Shooter",,,,,,0.0,steamspy,,True
202652,Steel Storm: Forgotten Prison DLC,"Action, Indie",,,,Kot in Action Creative Artel,Kot in Action Creative Artel,0.0,steamspy,,True
951664,Steep - Rocket Wings DLC,"Action, Sports",,,,"Ubisoft Annecy, Ubisoft Montpellier, Ubisoft Kiev",Ubisoft,0.0,steamspy,,True
564360,Steep - Season Pass,"Action, Sports",,,,"Ubisoft Annecy, Ubisoft Montpellier, Ubisoft Kiev",Ubisoft,0.0,steamspy,,True
81513,Stellar Impact Trailer,"Action, Indie, Strategy",,,,"Tindalos Interactive, Headup Games",,0.0,steamspy,,True
1060140,Stellar Sphere Demo,"Action, Indie, Sports",,,,Titan Deep Space Company,Titan Deep Space Company,0.0,steamspy,,True
492740,Stellaris: Complete Soundtrack,"Simulation, Strategy",,,,Paradox Development Studio,Paradox Interactive,0.0,steamspy,,True
2491820,Stepan 's Life (Beta),"Action, Adventure, Puzzle, Simulation, Strategy, Survival",,,,Kirill Kovalchuk,EpiсForce Studios,0.0,steamspy,,True
932060,Steven the Sperm Demo,"Action, Adventure, Indie",,,,Peter Simmons,Perfect Acorn,0.0,steamspy,,True
320290,Stick 'Em Up 2 Demo,"Action, Adventure, Indie",,,,Never Don't Play,Never Don't Play,0.0,steamspy,,True
726050,Stick Fight: The Game OST,"Action, Casual, Indie",,,,Karl Flodin,,0.0,steamspy,,True
674080,Stick Nightmare Demo,"Indie, Platformer, Puzzle",,,,Pedro Castro Menezes,Pedro Castro Menezes,0.0,steamspy,,True
545190,Stifled Demo,"Action, Adventure, Horror, Indie, Survival",,,,Gattai Games,Gattai Games,0.0,steamspy,,True
454640,Stikbold! Soundtrack,"Action, Indie, Sports",,,,Game Swing,,0.0,steamspy,,True
80803,Still Life 2 Trailer,"Adventure, Horror, Puzzle",,,,Anuman / Microids,Meridian4,0.0,steamspy,,True
80802,Still Life Trailer,"Adventure, Horror, Puzzle",,,,Anuman / Microids,Meridian4,0.0,steamspy,,True
1003430,Stonehearth Creative Bundle: OST + Artbook + Poster,Indie,,,,Radiant Entertainment,,0.0,steamspy,,True
374160,Stones of Sorrow - Soundtrack by Neoandertals,"Action, Horror, Indie, RPG",,,,Cult Software,Cult Software,0.0,steamspy,,True
398440,Stones of Sorrow Demo,"Action, Indie, RPG",,,,Cult Software,Cult Software,0.0,steamspy,,True
1196450,Stop Sign VR Tools,"Action, Fighting, Indie, Sports",,,,Reality Inside Ltd.,Reality Inside Ltd.,0.0,steamspy,,True
609750,Stories Untold Demo,"Adventure, Horror, Indie, Puzzle",,,,No Code,Devolver Digital,0.0,steamspy,,True
611740,Stories Untold Official Soundtrack,"Adventure, Indie",,,,No Code,Devolver Digital,0.0,steamspy,,True
456020,Stories of Bethem: Full Moon Edition Demo,"Action, Adventure, Indie, RPG",,,,GuGames DEV,GuGames DEV,0.0,steamspy,,True
2902760,Stories to Tell [Alpha 2] - Downhill Cemetery,"Action, Adventure, Horror, Simulation, Survival",,,,zebaxx,zebaxx,0.0,steamspy,,True
471741,Stories: The Path Of Destinies Artbook,"Action, Adventure, Indie, RPG",,,,Spearhead Games,,0.0,steamspy,,True
471740,Stories: The Path Of Destinies Original Soundtrack,"Action, Adventure, Indie, RPG",,,,Spearhead Games,,0.0,steamspy,,True
81374,Storm in a Teacup Trailer,"Casual, Indie, Platformer",,,,Cobra Mobile,Chillingo,0.0,steamspy,,True
728500,Storms of Shambhala Demo,"Action, Adventure, Card & Board, Casual, Indie, Strategy",,,,Corwin Peters,Mythos Method,0.0,steamspy,,True
446080,Story of a Cube Soundtrack,"Action, Adventure, Indie",,,,Bocuma,,0.0,steamspy,,True
826084,Strange Brigade - American Aviatrix Character Expansion Pack,"Action, Adventure",,,,Rebellion,Rebellion,0.0,steamspy,,True
826086,Strange Brigade - Japanese Naval Officer Character Expansion Pack,"Action, Adventure",,,,Rebellion,Rebellion,0.0,steamspy,,True
826088,Strange Brigade - Maharani Huntress Character Expansion Pack,"Action, Adventure",,,,Rebellion,Rebellion,0.0,steamspy,,True
432510,Strawberry Vinegar - Original Soundtrack,"Adventure, Casual, Indie",,,,ebi-hime,ebi-hime,0.0,steamspy,,True
5245,Street Fighter IV Trailer,"Action, Fighting",,,,Capcom,Capcom,0.0,steamspy,,True
700850,Street Fighter V - 2016 Halloween Costume Bundle,Action,,,,Capcom,,0.0,steamspy,,True
691300,Street Fighter V - 2016 Summer Costume Bundle,Action,,,,Capcom,,0.0,steamspy,,True
893320,Street Fighter V - 2017 Halloween Costume Bundle,Action,,,,Capcom,,0.0,steamspy,,True
700851,Street Fighter V - 2017 Holiday Costume Bundle,Action,,,,Capcom,,0.0,steamspy,,True
863180,Street Fighter V - 2018 Summer Costume Bundle,Action,,,,Capcom,,0.0,steamspy,,True
475230,Street Fighter V - A Shadow Falls (Cinematic Story Expansion),"Action, Fighting",,,,Capcom,Capcom,0.0,steamspy,,True
971260,Street Fighter V - Akiman Costumes Bundle,Action,,,,Capcom,,0.0,steamspy,,True
893321,Street Fighter V - Darkstalkers Costume Bundle,Action,,,,Capcom,,0.0,steamspy,,True
1009400,Street Fighter V - Mech Costume Bundle,Action,,,,Capcom,,0.0,steamspy,,True
971251,Street Fighter V - Nostalgia Costumes Bundle S1-S3,Action,,,,Capcom,,0.0,steamspy,,True
480550,Street Fighter V - Original Characters Battle Costume 1 Pack,Action,,,,Capcom,,0.0,steamspy,,True
971250,Street Fighter V - School Costumes Bundle,Action,,,,Capcom,,0.0,steamspy,,True
906440,Street Fighter V - Sports Costumes Bundle,Action,,,,Capcom,,0.0,steamspy,,True
971241,Street Fighter V - Story Costumes Bundle S1-S3,Action,,,,Capcom,,0.0,steamspy,,True
971252,Street Fighter V - Street Fighter 30th Anniversary Costumes Bundle,Action,,,,Capcom,,0.0,steamspy,,True
593880,Street Fighter V CFN Beta,"Action, Fighting",,,,Capcom,Capcom,0.0,steamspy,,True
444680,Street Fighter V Original Soundtrack,Action,,,,"CAPCOM CO., LTD.","CAPCOM CO., LTD.",0.0,steamspy,,True
807290,Street Fighter V: Arcade Edition Original Soundtrack,Action,,,,"CAPCOM CO., LTD.","CAPCOM CO., LTD.",0.0,steamspy,,True
210065,Street Fighter X Tekken: Jin (Swap Costume),Action,,,,"Capcom U.S.A., Inc.","Capcom U.S.A., Inc.",0.0,steamspy,,True
210047,Street Fighter X Tekken: Juri (Swap Costume),Action,,,,"Capcom U.S.A., Inc.","Capcom U.S.A., Inc.",0.0,steamspy,,True
210054,Street Fighter X Tekken: Kuma (Swap Costume),Action,,,,"Capcom U.S.A., Inc.","Capcom U.S.A., Inc.",0.0,steamspy,,True
210040,Street Fighter X Tekken: Poison (Swap Costume),Action,,,,"Capcom U.S.A., Inc.","Capcom U.S.A., Inc.",0.0,steamspy,,True
210068,Street Fighter X Tekken: Street Fighter Swap Costume Complete Pack,Action,,,,"Capcom U.S.A., Inc.","Capcom U.S.A., Inc.",0.0,steamspy,,True
210069,Street Fighter X Tekken: Tekken Swap Costume Complete Pack,Action,,,,"Capcom U.S.A., Inc.","Capcom U.S.A., Inc.",0.0,steamspy,,True
556430,Street Posse Showdown Demo,"Indie, RPG, Strategy",,,,LS Ensemble,LS Ensemble,0.0,steamspy,,True
572311,Street Warriors Online: Foolery Set (Skin Pack),"Action, Indie, Massively Multiplayer, Sports",,,,Crazy Rocks Studios,Crazy Rocks Studios,0.0,steamspy,,True
572310,Street Warriors Online: Police & Bikers (Skin Pack),"Action, Indie, Massively Multiplayer, Sports",,,,Crazy Rocks Studios,Crazy Rocks Studios,0.0,steamspy,,True
645960,Streetball VR - Soundtrack,"Simulation, Sports",,,,Indiecode Games,Indiecode Games,0.0,steamspy,,True
81572,Streetfighter X Tekken Trailer,"Action, Fighting",,,,"CAPCOM Co., Ltd.",,0.0,steamspy,,True
383570,Streets of Fury EX Demo,"Action, Indie",,,,Guard Crush Games,Guard Crush Games,0.0,steamspy,,True
594700,Streets of Rogue Soundtrack,"Action, Adventure, Indie, RPG",,,,Craig Barnes,tinyBuild,0.0,steamspy,,True
363830,Strife - Soundtrack,"Action, RPG, Strategy",,,,S2 Games,S2 Games,0.0,steamspy,,True
209546,Strike Suit Zero Artbook,"Action, Indie, Simulation",,,,Born Ready Games Ltd.,Born Ready Games Ltd.,0.0,steamspy,,True
209548,Strike Suit Zero Heroes of the Fleet DLC,"Action, Indie, Simulation",,,,Born Ready Games Ltd.,Born Ready Games,0.0,steamspy,,True
209545,Strike Suit Zero Soundtrack,"Action, Indie, Simulation",,,,Born Ready Games Ltd.,Born Ready Games Ltd.,0.0,steamspy,,True
668140,Strike Vector EX Open Beta,"Action, Indie",,,,Ragequit Corporation,Ragequit Corporation,0.0,steamspy,,True
802580,Strikers Edge Demo,"Action, Indie",,,,Fun Punch Games,"Playdius, Plug In Digital",0.0,steamspy,,True
5170,Strong Bad Episode 2: Strong Badia the Free Trailer,Adventure,,,,Telltale Games,Telltale Games,0.0,steamspy,,True
5168,Strong Bad Episode 3: Baddest of the Bands Trailer,Adventure,,,,Telltale Games,Telltale Games,0.0,steamspy,,True
5169,Strong Bad Episode 4: Dangeresque 3 Trailer,Adventure,,,,Telltale Games,Telltale Games,0.0,steamspy,,True
5167,Strong Bad Episode 5: 8-Bit Is Enough Trailer,Adventure,,,,Telltale Games,Telltale Games,0.0,steamspy,,True
81211,Stronghold 3 DevDiary1 Trailer,"City Builder, Simulation, Strategy, Survival",,,,FireFly Studios,7Sixty,0.0,steamspy,,True
81210,Stronghold 3 DevDiary2 Trailer,"City Builder, Simulation, Strategy, Survival",,,,FireFly Studios,7Sixty,0.0,steamspy,,True
81208,Stronghold 3 Economy Trailer,"City Builder, Simulation, Strategy",,,,FireFly Studios,7Sixty,0.0,steamspy,,True
81158,Stronghold 3 Gameplay Trailer,"City Builder, Simulation, Strategy",,,,FireFly Studios,7Sixty,0.0,steamspy,,True
81209,Stronghold 3 Military Trailer,"City Builder, Simulation, Strategy",,,,FireFly Studios,7Sixty,0.0,steamspy,,True
961360,Stronghold Demo,"Adventure, Indie, RPG",,,,Choice of Games,Choice of Games,0.0,steamspy,,True
673440,Stronghold HD - USA Campaign Map Skin,"Simulation, Strategy",,,,FireFly Studios,FireFly Studios,0.0,steamspy,,True
81319,Stronghold Kingdoms Trailer,"Action, City Builder, Massively Multiplayer, RPG, Simulation, Strategy",,,,,,0.0,steamspy,,True
630880,Styx: Shards of Darkness Demo,"Action, Adventure, RPG",,,,Cyanide Studio,Focus Home Interactive,0.0,steamspy,,True
405460,Sublevel Zero Redux - Soundtrack,"Action, Indie",,,,Sigtrap Games,Sigtrap Games,0.0,steamspy,,True
389830,Submerged OST,"Adventure, Indie",,,,Uppercut Games Pty Ltd,,0.0,steamspy,,True
773160,Subscribe &amp; Punch! Demo,"Action, Casual, Indie",,,,"Hashieve, IronEqual",Hashieve,0.0,steamspy,,True
470670,Subterrain - Original Soundtrack,Indie,,,,Pixellore,Pixellore,0.0,steamspy,,True
438170,Subterrain Demo,"Action, Adventure, Horror, Indie, Survival",,,,Pixellore,Pixellore,0.0,steamspy,,True
1549070,SugarWinds: Prologue,"City Builder, Simulation, Strategy",,,,Aatlantis Code,Aatlantis Code,0.0,steamspy,,True
435340,Suits: A Business Soundtrack,"Action, Adventure, Indie, RPG",,,,Technomancy Studios,,0.0,steamspy,,True
525490,Sullen : Light is Your Friend Demo,"Adventure, Horror, Indie",,,,"FranticDreamer, SpoNk","FranticDreamer, SpoNk",0.0,steamspy,,True
530050,Sumeru Demo,"Adventure, Casual, Indie, Puzzle",,,,BigCheeseGames,BigCheeseGames,0.0,steamspy,,True
1101410,Summer Catchers Demo,"Action, Adventure, Casual, Indie, Racing",,,,FaceIT,Noodlecake Studios,0.0,steamspy,,True
464160,Summer Fling - Soundtrack,"Casual, Indie",,,,Dharker Studios,Dharker Studios,0.0,steamspy,,True
874520,Summer Memory of Bell OST + Artbook,"Adventure, Casual, Indie",,,,忆夏之铃制作组,忆夏之铃制作组,0.0,steamspy,,True
1318420,Summer in Mara Prologue,Visual Novel,,,,Chibig,Chibig,0.0,steamspy,,True
686430,Sundered: Eldritch Edition - OST,"Action, Adventure, Indie",,,,"Thunder Lotus, Max LL",Thunder Lotus,0.0,steamspy,,True
1010110,Sunless Skies Soundtrack,"Adventure, Indie, RPG",,,,"Failbetter Games, Mickymar Productions",Failbetter Games,0.0,steamspy,,True
340740,Sunrider Academy Demo,"Casual, Indie, Simulation, Visual Novel",,,,Love in Space,Sekai Project,0.0,steamspy,,True
1018940,Sunset Giant Demo,Indie,,,,NINJINIX,NINJINIX,0.0,steamspy,,True
373220,Sunset OST,Indie,,,,Austin Wintory,,0.0,steamspy,,True
1003720,Super Animal Royale Demo,"Action, Adventure, Casual, Indie, Massively Multiplayer, Shooter",,,,Pixile,Pixile,0.0,steamspy,,True
997360,Super Animal Royale Soundtrack,"Action, Adventure, Casual, Indie, Massively Multiplayer",,,,Pixile,,0.0,steamspy,,True
693000,Super Blood Hockey - Original Soundtrack,"Indie, Sports",,,,Loren Lemcke,,0.0,steamspy,,True
786730,Super Bugman Extreme Ultra Demo,"Action, Adventure, Indie",,,,SyKoHPaTh,SyKoHPaTh,0.0,steamspy,,True
373780,Super Chibi Knight Original Sound Track (OST),"Action, Adventure, Indie, RPG",,,,"PestoForce, Brian Holmes",Armor Games Studios,0.0,steamspy,,True
941450,Super Commander XL Demo,"Action, Casual, Indie, Strategy",,,,Zeuta Caffe,Zeuta Caffe,0.0,steamspy,,True
81939,Super Crate Box Trailer,"Action, Indie, Platformer, Shooter",,,,Vlambeer,,0.0,steamspy,,True
381770,Super Cyborg Demo,"Action, Indie",,,,"Artur Games, Music by Darkman007",Artur Games,0.0,steamspy,,True
1118700,Super Demon Boy,"Adventure, Indie, Platformer",,,,Semyon Maximov,BekkerDev Studio,0.0,steamspy,,True
2072080,Super Demon Survivors,"Action, Casual, RPG, Roguelike, Shooter",,,,"1up Indie, Gutpunch Studios",1up Indie,0.0,steamspy,,True
717500,Super Dungeon Master Demo,"Action, Adventure, Casual, Indie, RPG, Simulation, Strategy",,,,Dave Gumble,Dave Gumble,0.0,steamspy,,True
640290,Super Duper Multitasking,"Action, Casual, Indie, Puzzle",,,,yyrGames,yyrGames,0.0,steamspy,,True
429200,Super Helmets on Fire DX Ultra Edition Plus Alpha,"Action, Indie, Platformer",,,,Ripper Games,Ripper Games,0.0,steamspy,,True
841800,Super Heroes: Men in VR beta,"Action, Indie, Simulation",,,,Bellcat Game,Bellcat Game,0.0,steamspy,,True
82140,Super Hexagon Trailer,"Action, Casual, Indie, Puzzle",,,,,,0.0,steamspy,,True
759020,Super Hydorah Demo,"Action, Indie",,,,"Locomalito, Gryzor87, Abylight",Abylight Studios,0.0,steamspy,,True
845470,Super Hyperactive Ninja Demo,"Action, Fighting, Indie, Platformer",,,,Grimorio of Games,JanduSoft S.L.,0.0,steamspy,,True
798310,Super Kids Racing Demo,"Adventure, Racing, Sports",,,,Yash Future Tech Solutions Pvt Ltd,Yash Future Tech Solutions Pvt Ltd,0.0,steamspy,,True
44110,Super Laser Racer Demo,"Action, Indie, Racing",,,,New Star Games Ltd,New Star Games Ltd,0.0,steamspy,,True
5606,Super Laser Racer Trailer,"Action, Indie, Racing",,,,New Star Games Ltd,New Star Games Ltd,0.0,steamspy,,True
81644,Super MNC Steam Trading Trailer,"Action, Adventure, Indie, Massively Multiplayer, Shooter, Sports, Strategy",,,,Uber Entertainment,,0.0,steamspy,,True
81817,Super MNC Turbocross Trailer,"Action, Adventure, Indie, Massively Multiplayer, Shooter, Sports, Strategy",,,,Uber Entertainment,,0.0,steamspy,,True
5713,Super Meat Boy Trailer 2,"Action, Adventure, Indie, Platformer",,,,,,0.0,steamspy,,True
445380,Super Night Riders Soundtrack and Art,"Indie, Racing, Simulation, Sports",,,,neko.works,neko.works,0.0,steamspy,,True
676860,Super Perspective Soundtrack,Indie,,,,The Dashing Crate,,0.0,steamspy,,True
533880,Super Rad Raygun - Soundtrack,"Action, Adventure, Indie",,,,"FantomenK, BubblePipeMedia",,0.0,steamspy,,True
932744,"Super Seducer 2 - Book: Soulmate Sequence, Your Guide to Social Confidence and Finding the One","Adventure, Casual, RPG, Simulation, Strategy",,,,RLR Training Inc,,0.0,steamspy,,True
865120,Super Shooty Skies Alpha II' Turbo Hyper Fighting - Champion Edition Pack,"Action, Indie",,,,Mighty Games,,0.0,steamspy,,True
791130,Super Slime Arena - Slime Sounds OST,"Casual, Indie",,,,JellyTeam,JellyTeam,0.0,steamspy,,True
378910,Super Star Path Soundtrack,Indie,,,,DYA Games,DYA Games,0.0,steamspy,,True
317350,Super Time Force Ultra - Soundtrack,"Action, Indie",,,,"Capybara Games, 6955",Capybara Games,0.0,steamspy,,True
314390,Super Trench Attack! Demo,"Action, Indie, RPG",,,,Retro Army Limited,Retro Army Limited,0.0,steamspy,,True
980180,Super Turbo Sudoku Demo,"Casual, Indie, Puzzle, Strategy",,,,Evil Chicken,Evil Chicken,0.0,steamspy,,True
534180,Super VR Trainer Demo,"Action, Adventure, Casual, Indie, Shooter, Sports",,,,"David Erosa, Jorge Moreno Aguilera",David Erosa,0.0,steamspy,,True
1100100,Super Web Kittens: Act I Demo,"Adventure, Indie, Simulation, Visual Novel",,,,Kuno Hoshiko,Kuno Hoshiko,0.0,steamspy,,True
315520,Super Win the Game Soundtrack,"Action, Indie",,,,Minor Key Games,Minor Key Games,0.0,steamspy,,True
995710,Super X Chess Demo,"Card & Board, Indie, Strategy",,,,Mlyst,Mlyst,0.0,steamspy,,True
81582,SuperMNC Overview Trailer,"Action, Adventure, Indie, Massively Multiplayer, Shooter, Sports, Strategy",,,,Uber Entertainment,Uber Entertainment,0.0,steamspy,,True
81571,Superbrothers Sword and Sworcery EP Trailer,"Adventure, Casual, Indie, Puzzle",,,,"Capybara, Superbrothers, Jim Guthrie",Capybara,0.0,steamspy,,True
382530,Supercharged Robot VULKAISER Demo,"Action, Indie, Shooter",,,,ASTRO PORT,Nyu Media,0.0,steamspy,,True
691950,Supermagical - Soundtrack,"Adventure, Casual, Indie, RPG",,,,"Super Awesome Hyper Dimensional Mega Team, Sonotrigger",Super Awesome Hyper Dimensional Mega Team,0.0,steamspy,,True
389750,Support the Developers - Character Skin Bundle,"Action, Indie",,,,Switchblade Monkeys Entertainment,,0.0,steamspy,,True
359180,Supporter Pack - Official Sound Track,"Simulation, Strategy",,,,"Camshaft Software, Michael Trott",,0.0,steamspy,,True
5612,Supreme Commander 2 AC1000 Trailer,"Action, Strategy",,,,Gas Powered Games,"SQUARE ENIX, Eidos Interactive",0.0,steamspy,,True
5611,Supreme Commander 2 Bomb Bouncer Trailer,"Action, Strategy",,,,Gas Powered Games,"SQUARE ENIX, Eidos Interactive",0.0,steamspy,,True
5608,Supreme Commander 2 Colossus Trailer,"Action, Strategy",,,,Gas Powered Games,"SQUARE ENIX, Eidos Interactive",0.0,steamspy,,True
40140,Supreme Commander 2 Demo,"Action, Strategy",,,,Gas Powered Games,"SQUARE ENIX, Eidos Interactive",0.0,steamspy,,True
5652,Supreme Commander 2 Flowfield Trailer,"Action, Strategy",,,,,,0.0,steamspy,,True
5653,Supreme Commander 2 Multiplayer Trailer,"Action, Strategy",,,,Gas Powered Games,"SQUARE ENIX, Eidos Interactive",0.0,steamspy,,True
5610,Supreme Commander 2 Pulinsmash Trailer,"Action, Strategy",,,,Gas Powered Games,"SQUARE ENIX, Eidos Interactive",0.0,steamspy,,True
5654,Supreme Commander 2 Story Final Trailer,"Action, Strategy",,,,Gas Powered Games,"SQUARE ENIX, Eidos Interactive",0.0,steamspy,,True
5655,Supreme Commander 2 Tech and Strategy Trailer,"Action, Strategy",,,,,,0.0,steamspy,,True
5552,Supreme Commander 2 Trailer,"Action, Strategy",,,,,,0.0,steamspy,,True
80922,Supreme Ruler 2020 Gold Trailer,"Simulation, Strategy",,,,Battlegoat Studios,Paradox Interactive,0.0,steamspy,,True
80989,Supreme Ruler: Cold War Trailer,Strategy,,,,Battlegoat Studios,Paradox Interactive,0.0,steamspy,,True
700230,Supreme Ruler: The Great War DLC,"Indie, Simulation, Strategy",,,,BattleGoat Studios,BattleGoat Studios,0.0,steamspy,,True
2615300,Survival Guide 2,"Action, Horror, Indie, RPG, Strategy, Survival",,,,"塔克工作室, 毛玮欣MAO WEIXIN, DARK STUDIO","塔克工作室, 毛玮欣MAO WEIXIN, DARK STUDIO",0.0,steamspy,,True
1082370,Survival: Special Forces Pack DLC,"Action, Adventure, Indie, Massively Multiplayer, Simulation",,,,TB Games,,0.0,steamspy,,True
446090,Survival: Supporter Pack DLC,"Action, Adventure, Indie, Massively Multiplayer, Simulation",,,,TB Games,,0.0,steamspy,,True
341480,Survivalist Demo,"Action, Adventure, Indie, RPG, Simulation, Strategy",,,,Bob,Ginormocorp Holdings Ltd,0.0,steamspy,,True
313030,Survivor Squad Demo,"Action, Indie, Strategy",,,,Endless Loop Studios,Endless Loop Studios,0.0,steamspy,,True
387000,Survivor Squad: Gauntlets Demo,"Action, Indie, Strategy",,,,Endless Loop Studios,Endless Loop Studios,0.0,steamspy,,True
685830,SwapQuest Soundtrack,"Casual, Indie, RPG",,,,Symphonic Square,Rebusmind,0.0,steamspy,,True
861130,Swapper Tiles Demo,"Indie, Puzzle, Strategy",,,,Rynder Games,Rynder Games,0.0,steamspy,,True
46610,Swarm Arena Demo,"Action, Casual, Indie",,,,Dedication Games,Dedication Games,0.0,steamspy,,True
5887,Swarm Arena Trailer,"Action, Casual, Indie",,,,Dedication Games,Dedication Games,0.0,steamspy,,True
746160,Sweaty Palms Demo,"Action, Indie",,,,Delattre & Hager,Delattre & Hager,0.0,steamspy,,True
587820,Sweetest Monster OST,"Adventure, Casual, Indie",,,,ebi-hime,ebi-hime,0.0,steamspy,,True
664070,Swim Out Demo,"Casual, Indie, Puzzle, Strategy",,,,Lozange Lab,Lozange Lab,0.0,steamspy,,True
816470,Swingy Sword Demo,"Action, Casual, Fighting, Indie",,,,"Lucas Simmons, James Gagnon, Holden Newton",Thulium Games,0.0,steamspy,,True
754260,Switch - Or Die Trying Demo,"Action, Adventure, Casual, Indie, Platformer, Puzzle",,,,Threye Interactive,Threye Interactive,0.0,steamspy,,True
1010220,Sword Art Online: Fatal Bullet - Dissonance Of The Nexus Expansion,"Action, RPG",,,,DIMPS,BANDAI NAMCO Entertainment,0.0,steamspy,,True
800450,Sword Art Online: Fatal Bullet - Season Pass,"Action, RPG",,,,DIMPS,BANDAI NAMCO Entertainment,0.0,steamspy,,True
828310,Sword Mans Demo,"Action, Adventure, Casual, Indie",,,,Bypass Game Studios,Bypass Game Studios,0.0,steamspy,,True
331490,Sword of Asumi - Soundtrack,"Adventure, Indie, RPG",,,,Dharker Studios,Dharker Studios,0.0,steamspy,,True
1455590,Sword of the Necromancer - Prologue,"Action, Adventure, RPG, Roguelike",,,,Grimorio of Games,JanduSoft,0.0,steamspy,,True
258930,Sword of the Stars: The Pit - Gold Edition DLC,"Casual, Indie, RPG, Strategy",,,,Kerberos Productions,Kerberos Productions Inc.,0.0,steamspy,1.0,True
233710,Sword of the Stars: The Pit Demo,"Casual, Indie, RPG, Strategy, Survival",,,,Kerberos Productions Inc.,Kerberos Productions Inc.,0.0,steamspy,,True
446890,Swordbreaker The Game - All in-game scenes HD wallpapers + game OST,"Adventure, Indie, Visual Novel",,,,DuCats Games Studio,,0.0,steamspy,,True
210510,Swords and Soldiers - Super Saucy Sausage Fest DLC,"Action, Casual, Indie, Strategy",,,,Ronimo Games,Ronimo Games,0.0,steamspy,,True
5994,Swords and Soldiers HD Trailer,"Action, Casual, Indie, Strategy, Tower Defense",,,,Ronimo Games,Ronimo Games,0.0,steamspy,,True
81682,Swords and Soldiers Sausage DLC Trailer,"Action, Casual, Indie, Strategy, Tower Defense",,,,Ronimo Games,,0.0,steamspy,,True
444980,Swords and Sorcery - Underworld - DEFINITIVE EDITION Demo,"Adventure, Indie, RPG",,,,OlderBytes,OlderBytes,0.0,steamspy,,True
80828,Syberia II Trailer,"Adventure, Puzzle",,,,,,0.0,steamspy,,True
80827,Syberia Trailer,"Adventure, Casual, Puzzle",,,,,,0.0,steamspy,,True
387380,Sylvio Demo,"Adventure, Horror, Indie",,,,Stroboskop,Stroboskop,0.0,steamspy,,True
344150,Sym Demo,Indie,,,,Atrax Games,Mastertronic,0.0,steamspy,,True
81725,Symphony Trailer,"Action, Casual, Indie, Shooter",,,,Empty Clip Studios,,0.0,steamspy,,True
401400,Synonymy Demo,"Casual, Strategy",,,,Christopher Cinq-Mars Jarvis,Christopher Cinq-Mars Jarvis,0.0,steamspy,,True
599050,Syrian Warfare Original Soundtrack,"Indie, Strategy",,,,Cats Who Play,Cats Who Play,0.0,steamspy,,True
498420,System Crash Demo,"Card & Board, Indie, Strategy",,,,Rogue Moon Studios,Rogue Moon Studios,0.0,steamspy,,True
408690,Sébastien Loeb Rally EVO - Class S The Prototypes,"Racing, Simulation, Sports",,,,Milestone S.r.l.,Milestone S.r.l.,0.0,steamspy,,True
411510,Sébastien Loeb Rally EVO - Season Pass,"Racing, Simulation, Sports",,,,Milestone S.r.l.,Milestone S.r.l.,0.0,steamspy,,True
763960,T-Rex Time Machine Demo,"Adventure, Indie, RPG",,,,Choice of Games,Choice of Games,0.0,steamspy,,True
896270,TAL: Arctic - Soundtrack,"Adventure, Casual, Indie",,,,Snkl Studio,Snkl Studio,0.0,steamspy,,True
909600,TAL: Arctic 2 - Soundtrack,"Adventure, Casual, Indie",,,,Snkl Studio,Snkl Studio,0.0,steamspy,,True
932840,TAL: Arctic 3 - Soundtrack,"Adventure, Casual, Indie",,,,Snkl Studio,Snkl Studio,0.0,steamspy,,True
983300,TAL: Jungle - Soundtrack,"Adventure, Casual, Indie",,,,Snkl Studio,Snkl Studio,0.0,steamspy,,True
766440,TANE DLC - CO17-4373 ( Russian Loco and Tender ),Simulation,,,,N3V Games,,0.0,steamspy,,True
766472,TANE DLC - EMD GP50 - Burlington Northern (Phase I),Simulation,,,,N3V Games,,0.0,steamspy,,True
766471,TANE DLC - EMD GP50 - FRISCO,Simulation,,,,N3V Games,,0.0,steamspy,,True
766449,TANE DLC - EMD SD40-2 - NS,Simulation,,,,N3V Games,,0.0,steamspy,,True
811710,TANE DLC - PRR X23 Boxcar,Simulation,,,,N3V Games,N3V Games,0.0,steamspy,,True
818981,TANE DLC - TE3-1072,Simulation,,,,N3V Games,N3V Games,0.0,steamspy,,True
818982,TANE DLC - TE3-2068,Simulation,,,,N3V Games,N3V Games,0.0,steamspy,,True
865070,TANE DLC - Trainz Route: Rostovsky Uzel,Simulation,,,,N3V Games,,0.0,steamspy,,True
766521,TANE DLC - ZecRail 2017 Christmas Train,Simulation,,,,N3V Games,,0.0,steamspy,,True
537940,TANE DLC: ATSF GP38-2 Santa FE (2 Pack),Simulation,,,,N3V Games,,0.0,steamspy,,True
430181,TANE DLC: Aerotrain,Simulation,,,,N3V Games,N3V Games,0.0,steamspy,,True
404982,TANE DLC: Amtrak P42DC - Phase V,Simulation,,,,N3V Games,N3V Games,0.0,steamspy,,True
599400,TANE DLC: Andrushivka - Vinnitsa UZ,Simulation,,,,N3V Games,,0.0,steamspy,,True
404217,TANE DLC: BNSF GE Dash-9 44CW Warbonnet,Simulation,,,,N3V Games,N3V Games,0.0,steamspy,,True
404214,TANE DLC: BNSF Railway EMD SD70MAC Executive Patch,Simulation,,,,N3V Games,N3V Games,0.0,steamspy,,True
404211,TANE DLC: Blue Comet,Simulation,,,,N3V Games,N3V Games,0.0,steamspy,,True
453200,TANE DLC: C&O 2-6-6-6 H8 - New River Mining Coal Run,Simulation,,,,N3V Games,N3V Games,0.0,steamspy,,True
404218,TANE DLC: CSX EMD SD60,Simulation,,,,N3V Games,N3V Games,0.0,steamspy,,True
404216,TANE DLC: CSX Transportation GE B30-7,Simulation,,,,N3V Games,N3V Games,0.0,steamspy,,True
633280,TANE DLC: Canadian Rocky Mountains - Rogers Pass,Simulation,,,,N3V Games,N3V Games,0.0,steamspy,,True
404215,TANE DLC: Chicago & North Western GE C40-8,Simulation,,,,N3V Games,N3V Games,0.0,steamspy,,True
404980,TANE DLC: Chicago North Western GE Dash 9 44CW,Simulation,,,,N3V Games,N3V Games,0.0,steamspy,,True
404210,TANE DLC: Chinese Electric SS4 Locomotive Pack,Simulation,,,,N3V Games,N3V Games,0.0,steamspy,,True
404212,TANE DLC: Duchess,Simulation,,,,N3V Games,N3V Games,0.0,steamspy,,True
404213,TANE DLC: LMS Coronation Scot,Simulation,,,,N3V Games,N3V Games,0.0,steamspy,,True
535540,TANE DLC: Laadgs Transporter,Simulation,,,,N3V Games,,0.0,steamspy,,True
487540,TANE DLC: NS SD60E - 6920 Veterans Unit,Simulation,,,,N3V Games,,0.0,steamspy,,True
447480,TANE DLC: NS SD60E First Responders,Simulation,,,,N3V Games,N3V Games,0.0,steamspy,,True
457610,TANE DLC: Newcastle Shunter,Simulation,,,,N3V Games,N3V Games,0.0,steamspy,,True
380740,TANE DLC: Nickel Plate High Speed Freight Set,Simulation,,,,N3V Games,N3V Games,0.0,steamspy,,True
715080,TANE DLC: Orient Express Trainset,Simulation,,,,N3V Games,N3V Games,0.0,steamspy,,True
512870,TANE DLC: PRR GP9 (2 Pack),Simulation,,,,N3V Games,,0.0,steamspy,,True
430180,TANE DLC: PRR T1,Simulation,,,,N3V Games,N3V Games,0.0,steamspy,,True
613430,TANE DLC: Quinnimont Coal Drag,Simulation,,,,N3V Games,N3V Games,0.0,steamspy,,True
643420,TANE DLC: Shortline Railroad,Simulation,,,,N3V Games,N3V Games,0.0,steamspy,,True
404981,TANE DLC: Southern Pacific GE CW44-9,Simulation,,,,N3V Games,N3V Games,0.0,steamspy,,True
500540,TANE DLC: The Flying Scotsman 1920s,Simulation,,,,N3V Games,,0.0,steamspy,,True
610970,TANE DLC: US ATC Class S 160 Steam,Simulation,,,,N3V Games,N3V Games,0.0,steamspy,,True
404219,TANE DLC: Union Pacific GE C40-8,Simulation,,,,N3V Games,N3V Games,0.0,steamspy,,True
439330,TANE DLC: Willamette & Pacific SD7 #1501,Simulation,,,,N3V Games,,0.0,steamspy,,True
886400,TANGLEWOOD Demo,"Action, Adventure, Indie, Platformer",,,,Big Evil Corporation,Big Evil Corporation,0.0,steamspy,,True
909550,TAVERN GUARDIANS: BANQUET Demo,"Casual, Indie, RPG, Strategy",,,,WOMBO COMBO GAMES INC.,"WOMBO COMBO GAMES INC., Mindpress",0.0,steamspy,,True
947800,TAYAL - OST,"Action, Indie",,,,SHIBAPOWER,SHIBAPOWER,0.0,steamspy,,True
580020,TEKKEN 7 - Season Pass,"Action, Fighting, Sports",,,,BANDAI NAMCO Studios Inc.,BANDAI NAMCO Entertainment,0.0,steamspy,,True
878467,TEKKEN 7 - Season Pass 2,"Action, Fighting, Sports",,,,BANDAI NAMCO Studios Inc.,BANDAI NAMCO Entertainment,0.0,steamspy,,True
592372,TEKKEN 7 DLC 1 Ultimate TEKKEN BOWL & Additional Costumes,"Action, Sports",,,,BANDAI NAMCO Studios Inc.,BANDAI NAMCO Entertainment,0.0,steamspy,,True
592373,TEKKEN 7 DLC 2 Geese Howard Pack,"Action, Fighting, Sports",,,,BANDAI NAMCO Studios Inc.,BANDAI NAMCO Entertainment,0.0,steamspy,,True
964200,TEST Demo,"Adventure, Indie, Strategy",,,,GamerGG,GamerGG,0.0,steamspy,,True
5734,TF2 Mac Trailer,"Action, Shooter",,,,,,0.0,steamspy,,True
243600,TGDME Demo,"Action, Indie",,,,,,0.0,steamspy,,True
2310920,THE EDITOR,"Adventure, Casual, Puzzle, Simulation, Strategy, Visual Novel",,,,DECATREE GAMES,DECATREE GAMES,0.0,steamspy,,True
439650,THE LAST -NARUTO THE MOVIE-,Action,,,,Studio Pierrot,VIZ Media,0.0,steamspy,,True
265193,THIEF DLC: Booster Pack - Ghost,"Action, Adventure, RPG",,,,"Eidos-Montréal, Feral Interactive (Mac)","Eidos Interactive Corp., Feral Interactive (Mac)",0.0,steamspy,,True
265191,THIEF DLC: Booster Pack - Opportunist,"Action, Adventure, RPG",,,,"Eidos-Montréal, Feral Interactive (Mac)","Eidos Interactive Corp., Feral Interactive (Mac)",0.0,steamspy,,True
265192,THIEF DLC: Booster Pack - Predator,"Action, Adventure, RPG",,,,"Eidos-Montréal, Feral Interactive (Mac)","Eidos Interactive Corp., Feral Interactive (Mac)",0.0,steamspy,,True
1728410,THORN DEMON HUNTER,"Action, Adventure, Indie, Metroidvania, RPG",,,,LIN YUANHUI,LIN YUANHUI,0.0,steamspy,,True
377170,TIMEframe Soundtrack,"Casual, Indie",,,,Random Seed Games,,0.0,steamspy,,True
1015810,TITAN SLAYER Ⅱ Demo,"Action, Shooter",,,,"COLOPL, Inc.","COLOPL, Inc.",0.0,steamspy,,True
1451760,TITANKIN: Prologue,"Adventure, Indie, JRPG, RPG",,,,FerfWorks,FerfWorks,0.0,steamspy,,True
716880,TMM: Entourage Demo,"Casual, Indie, Strategy",,,,Chocolate Ship Games,Chocolate Ship Games,0.0,steamspy,,True
1033550,TOKYO CHRONOS Demo,"Adventure, Simulation, Visual Novel",,,,MyDearest Inc.,Sekai Project,0.0,steamspy,,True
601090,TRANCE VR Demo,"Action, Indie, Strategy",,,,Fatmoth,Fatmoth,0.0,steamspy,,True
80995,TRAUMA Trailer,"Adventure, Casual, Indie, Puzzle",,,,,,0.0,steamspy,,True
323730,TRI Original Soundtrack + Artbook,"Adventure, Indie",,,,Rat King Entertainment,Rat King Entertainment,0.0,steamspy,,True
436130,TRON RUN/r Demo,"Action, Racing",,,,Sanzaru,Disney interactive,0.0,steamspy,,True
486770,TRON RUN/r Original Soundtrack,"Action, Racing",,,,Sanzaru Games Inc.,Disney,0.0,steamspy,,True
513116,TS Marketplace: DD35 Demonstrator Add-On,Simulation,,,,Digital Train Model,Dovetail Games - Trains,0.0,steamspy,,True
805250,TSA Frisky VR Demo,"Indie, Simulation",,,,Out There Entertainment,Out There Entertainment,0.0,steamspy,,True
1003410,TSIOQUE - Original Soundtrack OST,"Adventure, Casual, Indie",,,,"blissbox, 0edit, OhNoo Studio, Smile",OhNoo Studio,0.0,steamspy,,True
393270,TSIOQUE Demo,"Adventure, Casual, Indie",,,,"OhNoo Studio, Smile",OhNoo Studio,0.0,steamspy,,True
1604540,TURK: The Demon Slayer,"Action, Adventure, Casual, Horror, Indie, Shooter, Simulation, Survival",,,,LTZinc,LTZinc,0.0,steamspy,,True
400721,TY the Tasmanian Tiger 4 - The Soundtrack Collection,"Action, Adventure, Indie",,,,Krome Studios,,0.0,steamspy,,True
577130,TY the Tasmanian Tiger Soundtrack,"Action, Adventure, Indie",,,,Krome Studios,,0.0,steamspy,,True
962590,TYRED Demo,"Action, Casual, Indie",,,,Sekrit Games,Sekrit Games,0.0,steamspy,,True
1956420,TacTac Prologue,"Adventure, Casual, Indie, Puzzle",,,,Goca Games,Goca Games,0.0,steamspy,,True
952770,Tactics Maiden Remastered Demo,"RPG, Strategy",,,,Mangobile,Mangobile,0.0,steamspy,,True
1501140,Taekwondo Demonstration Team Simulator,"Simulation, Strategy","18 Jan, 2021",False,"₩ 10,500",Studio Odin inc.,Studio Odin inc.,0.0,appdetails,,True
512500,Tails Demo,"Casual, Indie",,,,Dreamcave Studio,Dreamcave Studio,0.0,steamspy,,True
376230,Taimumari: Soundtrack,"Action, Indie",,,,TERNOX,TERNOX,0.0,steamspy,,True
81488,Take On Helicopters  Hinds  Official Trailer ,Simulation,,,,Bohemia Interactive,Bohemia Interactive,0.0,steamspy,,True
81447,Take On Helicopters  Hinds Trailer,Simulation,,,,Bohemia Interactive,Bohemia Interactive,0.0,steamspy,,True
81204,Take On Helicopters Trailer,Simulation,,,,Bohemia Interactive,Bohemia Interactive,0.0,steamspy,,True
81254,Take on Helicopters - Launch Trailer,Simulation,,,,Bohemia Interactive,Bohemia Interactive,0.0,steamspy,,True
204050,Take on Helicopters Demo,Simulation,,,,Bohemia Interactive,Bohemia Interactive,0.0,steamspy,,True
694350,Take the Cake Demo,"Action, Adventure, Indie",,,,EbenitCom,EbenitCom,0.0,steamspy,,True
727710,Tale of Enki: Pilgrimage Demo,"Adventure, Indie, JRPG, RPG, Strategy",,,,"Jordan Allen, Howard Ross IV",Enkian Games,0.0,steamspy,,True
557910,Tales Demo,"Adventure, Indie, Puzzle",,,,Ape Marina,Screen 7,0.0,steamspy,,True
646290,Tales Of Glory Demo,"Action, Simulation",,,,BlackTale Games,BlackTale Games,0.0,steamspy,,True
81948,Tales from Space: Mutant Blobs Attack Trailer,"Action, Indie, Platformer, Puzzle",,,,DrinkBox Studios Inc.,,0.0,steamspy,,True
345000,Tales of Aravorn: Seasons Of The Wolf Demo,"Adventure, Indie, RPG",,,,Winter Wolves,Winter Wolves,0.0,steamspy,,True
528052,Tales of Berseria - High School Costumes Set,"Action, RPG",,,,BANDAI NAMCO Studios Inc.,BANDAI NAMCO Entertainment,0.0,steamspy,,True
528055,Tales of Berseria - Idolm@ster Costumes Set,"Action, RPG",,,,BANDAI NAMCO Studios Inc.,BANDAI NAMCO Entertainment,0.0,steamspy,,True
528057,"Tales of Berseria - Japanese, Fairy, and Menagerie Costumes Set","Action, RPG",,,,BANDAI NAMCO Studios Inc.,BANDAI NAMCO Entertainment,0.0,steamspy,,True
528053,Tales of Berseria - Maid/Butler Costumes Set,"Action, RPG",,,,BANDAI NAMCO Studios Inc.,BANDAI NAMCO Entertainment,0.0,steamspy,,True
528051,Tales of Berseria - Pirate Costumes Set,"Action, RPG",,,,BANDAI NAMCO Studios Inc.,BANDAI NAMCO Entertainment,0.0,steamspy,,True
528050,Tales of Berseria - Summer Holiday Costume Pack,"Action, RPG",,,,BANDAI NAMCO Studios Inc.,BANDAI NAMCO Entertainment,0.0,steamspy,,True
550350,Tales of Berseria Demo,"Action, Adventure, JRPG, RPG",,,,BANDAI NAMCO Studios Inc.,BANDAI NAMCO Entertainment,0.0,steamspy,,True
379970,Tales of Cosmos Demo,"Adventure, Indie",,,,Red Dwarf Games,Red Dwarf Games,0.0,steamspy,,True
821750,Tales of Vesperia: Definitive Edition Costume Pack,RPG,,,,"QLOC, BANDAI NAMCO Studios Inc.",BANDAI NAMCO Entertainment,0.0,steamspy,,True
382467,Tales of Zestiria - Evangelion Costume Set,RPG,,,,BANDAI NAMCO Studio Inc.,BANDAI NAMCO Entertainment,0.0,steamspy,,True
382468,Tales of Zestiria - Idolmaster Costume Set,RPG,,,,BANDAI NAMCO Studio Inc.,BANDAI NAMCO Entertainment,0.0,steamspy,,True
382469,Tales of Zestiria - School Costume Set,RPG,,,,BANDAI NAMCO Studio Inc.,BANDAI NAMCO Entertainment,0.0,steamspy,,True
382464,Tales of Zestiria - Seaside Resort Costumes Set,RPG,,,,BANDAI NAMCO Studio Inc.,BANDAI NAMCO Entertainment,0.0,steamspy,,True
981070,Tales of the Neon Sea Demo,"Adventure, Indie, Puzzle, RPG",,,,Palm Pioneer,Zodiac Interactive,0.0,steamspy,,True
267788,Talisman - The Blood Moon Expansion,"Indie, RPG, Strategy",,,,Nomad Games,Nomad Games,0.0,steamspy,,True
929550,Talisman - The Cataclysm Expansion,"Indie, RPG, Strategy",,,,Nomad Games,Nomad Games,0.0,steamspy,,True
267784,Talisman - The City Expansion,"Indie, RPG, Strategy",,,,Nomad Games,Nomad Games,0.0,steamspy,,True
267789,Talisman - The Dragon Expansion,"Indie, RPG, Strategy",,,,Nomad Games,Nomad Games,0.0,steamspy,,True
267775,Talisman - The Dungeon Expansion,"Indie, RPG, Strategy",,,,Nomad Games,Nomad Games,0.0,steamspy,,True
525520,Talisman - The Firelands Expansion,"Indie, RPG, Strategy",,,,Nomad Games,Nomad Games,0.0,steamspy,,True
267772,Talisman - The Frostmarch Expansion,"Indie, RPG, Strategy",,,,Nomad Games,Nomad Games,0.0,steamspy,,True
707670,Talisman - The Harbinger Expansion,"Indie, RPG, Strategy",,,,Nomad Games,Nomad Games,0.0,steamspy,,True
267780,Talisman - The Highland Expansion,"Indie, RPG, Strategy",,,,Nomad Games,Nomad Games,0.0,steamspy,,True
267787,Talisman - The Nether Realm Expansion,"Indie, RPG, Strategy",,,,Nomad Games,,0.0,steamspy,,True
1003200,Talisman - The Realm of Souls Expansion,"Indie, RPG, Strategy",,,,Nomad Games,Nomad Games,0.0,steamspy,,True
258810,Talisman - The Reaper Expansion,"Card & Board, Indie, RPG, Strategy",,,,Nomad Games,Nomad Games,0.0,steamspy,,True
267781,Talisman - The Sacred Pool Expansion,"Indie, RPG, Strategy",,,,Nomad Games,,0.0,steamspy,,True
773600,Talisman - The Woodland Expansion,"Indie, RPG, Strategy",,,,Nomad Games,Nomad Games,0.0,steamspy,,True
3462,Talismania Deluxe Free Demo,"Casual, Puzzle",,,,"PopCap Games, Inc.","PopCap Games, Inc.",0.0,steamspy,,True
763940,Tally Ho Demo,"Adventure, Indie, RPG",,,,Choice of Games,Choice of Games,0.0,steamspy,,True
760910,Talsaluq: Tower of Infinity Demo,"Adventure, Casual, Indie",,,,Legion Ivory,Black Water,0.0,steamspy,,True
788620,Tangledeep - Soundtrack,"Indie, RPG",,,,Impact Gameworks,,0.0,steamspy,,True
880740,Tangledeep ~ Arrange ~ Soundtrack,"Indie, RPG",,,,Impact Gameworks,,0.0,steamspy,,True
861810,Tango 5 Reloaded: Grid Action Heroes (Open Beta),"Action, Casual, Fighting, Shooter, Strategy, Survival",,,,Studio One,Nexon Korea Corporation,0.0,steamspy,,True
465400,Tank Brawl Demo,"Action, Casual, Indie, RPG",,,,"Thang Phung Dinh, Dzung Phung Dinh","Thang Phung Dinh, Dzung Phung Dinh",0.0,steamspy,,True
19210,Tank Universal Demo,"Action, Casual, Indie",,,,Dialogue Design,Meridian4,0.0,steamspy,,True
883800,TapSonic World Champion VR: DLC - TWC Collection v1,"Action, Casual",,,,NEOWIZ,NEOWIZ,0.0,steamspy,,True
2363030,Tasking,"Adventure, Casual, Indie, Platformer, RPG, Strategy, Tower Defense",,,,钴蓝护盾,钴蓝护盾,0.0,steamspy,,True
794280,Taste of Power Demo,Strategy,,,,OneOcean LLC,OneOcean LLC,0.0,steamspy,,True
425141,Tatsunoko Mashup Costume Set,Action,,,,"Team NINJA, KOEI TECMO GAMES CO., LTD.",,0.0,steamspy,,True
923,Team Fortress 2 Trailer,"Action, Shooter",,,,,,0.0,steamspy,,True
931,Team Fortress 2 Trailer 2,"Action, Shooter",,,,,,0.0,steamspy,,True
997,Team Fortress 2: Meet the Demoman,"Action, Shooter",,,,,,0.0,steamspy,,True
5091,Team Fortress 2: Meet the Demoman (Russian),"Action, Shooter",,,,Valve,Valve,0.0,steamspy,,True
916390,Team Up VR (Beta),"Action, Indie",,,,Innolabs,Innolabs,0.0,steamspy,,True
1000570,Tech Support: Error Unknown Demo,"Adventure, Casual, Indie, Simulation",,,,Dragon Slumber,Iceberg Interactive,0.0,steamspy,,True
371800,Technobabylon Demo,"Adventure, Indie",,,,Technocrat Games,Wadjet Eye Games,0.0,steamspy,,True
1034070,Tecroroid Assault Demo,"Action, Casual, Indie",,,,Wizbyte Games,Wizbyte Games,0.0,steamspy,,True
1232510,Teleporter: World of Gamers (Alpha),"Massively Multiplayer, RPG, Simulation",,,,Teleporter Realities Inc.,Teleporter Realities Inc.,0.0,steamspy,,True
679230,Tell a Demon,"Adventure, Casual, Horror, Indie, Visual Novel",,,,Sun Labyrinth LLC,Sun Labyrinth LLC,0.0,steamspy,,True
679250,Tell a Demon Demo,"Adventure, Casual, Indie, Visual Novel",,,,Sun Labyrinth LLC,Sun Labyrinth LLC,0.0,steamspy,,True
374360,Tembo The Badass Elephant Demo,"Action, Adventure",,,,GAME FREAK,SEGA,0.0,steamspy,,True
527010,Tempest - Original Soundtrack,"Action, Indie, RPG",,,,HeroCraft,HeroCraft PC,0.0,steamspy,,True
877700,Tennis Elbow 2013 Demo,"Indie, Simulation, Sports",,,,Mana Games,Mana Games,0.0,steamspy,,True
81937,Tera Trailer ROW,"Action, Adventure, Massively Multiplayer, RPG, Survival",,,,Bluehole,Fragster,0.0,steamspy,,True
573990,Teratini VR Demo,"Action, Adventure, Indie, RPG, Sports, Strategy",,,,Shiny Moss,Shiny Moss,0.0,steamspy,,True
350720,Terra Lander Demo,"Casual, Indie",,,,"DM Media, Dark Computer Entertainment Ltd.",Funbox Media Ltd,0.0,steamspy,,True
917190,TerraTech - Official Soundtrack,"Action, Indie",,,,Payload Studios,,0.0,steamspy,,True
81300,Terraria 1.1 Trailer,"Action, Adventure, Indie, Platformer, RPG, Survival",,,,,,0.0,steamspy,,True
409210,Terraria: Official Soundtrack,"Action, Adventure, Indie, RPG, Survival",,,,Re-Logic,Re-Logic,0.0,steamspy,,True
457350,Terrarium Land Demo,"Action, Adventure, Horror, Indie, Platformer",,,,Layer games,Layer games,0.0,steamspy,,True
648860,Terroir Demo,"Casual, Indie, Simulation, Strategy",,,,General Interactive Co.,General Interactive Co.,0.0,steamspy,,True
292690,Tesla Effect Demo,"Adventure, Indie",,,,Big Finish Games,ATLUS USA,0.0,steamspy,,True
650900,Teslagrad - Soundtrack,Indie,,,,Rain Games,Rain Games,0.0,steamspy,,True
254560,Teslagrad Demo,"Action, Adventure, Indie, Metroidvania, Platformer, Puzzle",,,,Rain Games,Rain Games,0.0,steamspy,,True
329350,TesserAct Demo,Indie,,,,Propelled Bird Software,Propelled Bird Software,0.0,steamspy,,True
80468,Test Drive Unlimited 2 ESRB Trailer,"Action, Adventure, Massively Multiplayer, Racing, Simulation, Sports",,,,Eden Studios,Atari,0.0,steamspy,,True
80469,Test Drive Unlimited 2 PEGI Trailer,"Action, Adventure, Massively Multiplayer, Racing, Simulation, Sports",,,,,,0.0,steamspy,,True
589310,Tethered - Original Soundtrack,"Indie, Strategy",,,,"Secret Sorcery Limited, Kenneth C M Young",Secret Sorcery Limited,0.0,steamspy,,True
500330,Tetradecagon Demo,"Action, Casual, Indie",,,,Geojitsu,,0.0,steamspy,,True
258470,Tetrobot & Co. Original Soundtrack,"Casual, Indie",,,,Swing Swing Submarine,Swing Swing Submarine,0.0,steamspy,,True
770950,The 25th Ward: The Silver Case - Digital Soundtrack,Adventure,,,,"GRASSHOPPER MANUFACTURE INC., Active Gaming Media Inc.","NIS America, Inc.",0.0,steamspy,,True
593990,The 9th Day - Original Soundtrack,Adventure,,,,Lingtan Studio,,0.0,steamspy,,True
484340,The Abbey of Crime Extensum - OST,Adventure,,,,"Manuel Pazos, Daniel Celemín",,0.0,steamspy,,True
801740,The Adventures of Elena Temple Demo,"Adventure, Indie, Platformer, Puzzle",,,,GrimTalin,GrimTalin,0.0,steamspy,,True
379040,The Adventures of Tree Demo,"Adventure, Indie, RPG",,,,Dune Clockidy,"Dune Clockidy, Tiger Studios",0.0,steamspy,,True
1000060,The Aether: Life as a God Demo,"Adventure, Indie, RPG",,,,Hosted Games,Hosted Games,0.0,steamspy,,True
265230,The Age of Decadence Demo,"Adventure, Indie, RPG",,,,Iron Tower Studio,,0.0,steamspy,,True
813320,"The Agency: Chapter 2 Soundtrack, Artbook and Director's Commentary","Adventure, Casual, Simulation",,,,Sapphire Dragon Productions,Sapphire Dragon Productions,0.0,steamspy,,True
355550,The Albino Hunter Demo,"Adventure, Indie, RPG",,,,Cherry-sama,Cherry Co. Studios,0.0,steamspy,,True
1503880,The Alpha 001,"Action, Adventure, RPG, Survival",,,,ZettaZed,ZettaZed,0.0,steamspy,,True
786570,The Alpha Device,"Action, Adventure, Casual, Horror, Indie, Simulation, Visual Novel",,,,Xiotex Studios Ltd,Xiotex Studios Ltd,0.0,steamspy,,True
2313830,The Alpha Wolf,"Action, Adventure, RPG, Simulation, Survival",,,,Halva Studio,Halva Studio,0.0,steamspy,,True
1011060,The Anomaly Demo,"Simulation, Visual Novel",,,,Annexe Interactive,Annexe Interactive,0.0,steamspy,,True
754870,The Apartment Demo,"Action, Adventure, Horror, Indie",,,,Shattered Mirror,Shattered Mirror,0.0,steamspy,,True
550530,The Art of Fight Demo,"Action, Indie",,,,raptor-lab,raptor-lab,0.0,steamspy,,True
828390,The Away Team Demo,"Adventure, Indie, Simulation",,,,Underflow Studios,Crackshell,0.0,steamspy,,True
81019,The Baconing CG Trailer,"Action, Adventure, RPG",,,,Hothead Games,Hothead Games,0.0,steamspy,,True
18080,The Baconing DLC - Roesha – One Bad Mutha Co-op Character,"Action, Adventure, RPG",,,,Hothead Games,Hothead Games,0.0,steamspy,,True
81040,The Baconing Gameplay Trailer,"Action, Adventure, RPG",,,,Hothead Games,Hothead Games,0.0,steamspy,,True
81065,The Baconing Launch Trailer,"Action, Adventure, RPG",,,,Hothead Games,Hothead Games,0.0,steamspy,,True
35490,The Ball Demo,"Action, Adventure, Horror, Indie, Puzzle",,,,Teotl Studios,Tripwire Interactive,0.0,steamspy,,True
5988,The Ball Launch Trailer 1,"Action, Adventure, Horror, Indie, Puzzle",,,,Teotl Studios,Tripwire Interactive,0.0,steamspy,,True
958460,The Ballad Singer Demo,"Adventure, Indie, RPG, Visual Novel",,,,Curtel Games,Curtel Games,0.0,steamspy,,True
272100,The Banner Saga - Soundtrack,"Indie, RPG, Strategy",,,,"Stoic, Austin Wintory",Stoic Studio,0.0,steamspy,,True
425440,The Banner Saga 2 - Soundtrack,"Indie, RPG, Strategy",,,,"Austin Wintory, Stoic",Stoic Studio,0.0,steamspy,,True
509590,The Banner Saga 3 - Soundtrack,"Indie, RPG, Strategy",,,,"Stoic, Austin Wintory",Stoic Studio,0.0,steamspy,,True
81985,The Basement Collection Trailer,"Adventure, Casual, Indie, Platformer, Puzzle, Strategy",,,,,,0.0,steamspy,,True
406460,The Beginner's Guide Soundtrack,"Adventure, Indie",,,,Everything Unlimited Ltd.,,0.0,steamspy,,True
81096,The Binding of Isaac Trailer,"Action, Adventure, Indie, RPG, Survival",,,,,,0.0,steamspy,,True
81698,The Binding of Isaac Wrath of the Lamb Trailer,"Action, Adventure, Horror, Indie, RPG",,,,"Edmund McMillen, Florian Himsl","Edmund McMillen, Florian Himsl",0.0,steamspy,,True
322660,The Binding of Isaac: Rebirth - Soundtrack,Action,,,,Ridiculon,"Nicalis, Inc.",0.0,steamspy,,True
379750,The Black Watchmen - Original Soundtrack,"Adventure, Casual, Indie, Massively Multiplayer, Strategy",,,,Alice & Smith,Alice & Smith,0.0,steamspy,,True
383430,The Black Watchmen Demo,"Horror, Indie, Massively Multiplayer, Puzzle, RPG",,,,Alice & Smith,Alice & Smith,0.0,steamspy,,True
81354,The Blackwell Bundle Trailer,"Adventure, Indie",,,,Wadjet Eye Games,Wadjet Eye Games,0.0,steamspy,,True
561650,The Blade of Galadriel Story Expansion,"Action, Adventure, RPG",,,,"Monolith Productions, Inc.",,0.0,steamspy,,True
370500,The Blue Flamingo Soundtrack,"Action, Indie",,,,Might and Delight,,0.0,steamspy,,True
369010,The Body Changer Demo,"Action, Adventure, Indie",,,,TheShortAndTheTall,TheShortAndTheTall,0.0,steamspy,,True
215180,The Book of Unwritten Tales Demo,"Adventure, Puzzle",,,,KING Art,THQ Nordic,0.0,steamspy,,True
81892,The Book of Unwritten Tales Mummy Trailer,"Adventure, Puzzle",,,,,,0.0,steamspy,,True
81899,The Book of Unwritten Tales Release Trailer,"Adventure, Puzzle",,,,,,0.0,steamspy,,True
81891,The Book of Unwritten Tales Trailer,"Adventure, Puzzle",,,,,,0.0,steamspy,,True
226540,The Book of Unwritten Tales: The Critter Chronicles Demo,"Adventure, Indie",,,,KING Art,THQ Nordic,0.0,steamspy,,True
462351,The Bottom of the Well - Soundtrack and Wallpaper Bonus Pack,RPG,,,,Red Nettle Studio,,0.0,steamspy,,True
393630,The Bug Butcher Demo,"Action, Casual, Indie",,,,Awfully Nice Studio,Awfully Nice Studio,0.0,steamspy,,True
530730,The Bunker - Soundtrack,"Action, Indie",,,,"Splendy Interactive, Wales Interactive",,0.0,steamspy,,True
391900,The Cat Machine - Soundtrack,"Indie, Strategy",,,,Cranktrain,,0.0,steamspy,,True
80909,The Cat and the Coup Trailer,"Indie, Puzzle",,,,Peter Brinson and Kurosh ValaNejad,Peter Brinson and Kurosh ValaNejad,0.0,steamspy,,True
221829,The Cave: Soundtrack,Adventure,,,,Double Fine Productions,Double Fine Productions,0.0,steamspy,,True
473850,The Center - ARK Expansion Map,"Action, Adventure, Indie, Massively Multiplayer, RPG, Survival",,,,"Studio Wildcard, Instinct Games, Efecto Studios, Virtual Basement LLC",Studio Wildcard,0.0,steamspy,,True
663070,The Cerberus Project Demo,"Action, Indie, Shooter",,,,Ilya Gorodetskov,Ilya Gorodetskov,0.0,steamspy,,True
288940,The Charnel House Trilogy - OST,"Adventure, Indie",,,,Owl Cave,Owl Cave,0.0,steamspy,,True
349800,The Charnel House Trilogy Demo,"Adventure, Indie",,,,Owl Cave,Owl Cave,0.0,steamspy,,True
740680,The Chemist Demo,"Casual, Indie, Simulation",,,,tensixfour Creative,tensixfour Digital,0.0,steamspy,,True
366430,The Clans - Saga of the Twins Demo,"Adventure, Indie, RPG",,,,Supreme Clans Entertainment,Supreme Clans Entertainment,0.0,steamspy,,True
111020,The Clockwork Man Demo,"Casual, Indie, Puzzle",,,,Total Eclipse Games,Total Eclipse Games,0.0,steamspy,,True
80997,The Clockwork Man Trailer,"Casual, Indie, Puzzle",,,,Total Eclipse Games,Total Eclipse Games,0.0,steamspy,,True
111030,The Clockwork Man: The Hidden World Demo,"Adventure, Casual, Indie",,,,Total Eclipse Games,,0.0,steamspy,,True
81159,The Clockwork Man: The Hidden World Trailer,"Adventure, Casual, Indie",,,,Total Eclipse Games,,0.0,steamspy,,True
1023830,The Coin Game Demo,"Adventure, Casual, Indie, Simulation",,,,devotid,devotid Media,0.0,steamspy,,True
714740,The Coma: Recut - Soundtrack & Art Pack,"Adventure, Indie",,,,Devespresso Games,Headup Publishing,0.0,steamspy,,True
910931,The Complete Halfquake Trilogy Soundtrack,"Action, Adventure",,,,Philipp Lehner,,0.0,steamspy,,True
614590,The Cooking Game Demo,"Casual, Indie, Simulation",,,,Play Spirit Limited,Play Spirit Limited,0.0,steamspy,,True
1104300,The Copper Canyon Shoot Out Demo,"Action, Adventure, Indie",,,,Black Dragon Studios Ltd,Black Dragon Studios Ltd,0.0,steamspy,,True
889890,The Crew 2 - Season Pass,"Action, Massively Multiplayer, Racing",,,,Ivory Tower,,0.0,steamspy,,True
1010210,The Crown of Leaves - Official Soundtrack,"Adventure, Indie",,,,Lingrimm,The Broken Horn,0.0,steamspy,,True
615100,The Crown of Leaves Demo,"Adventure, Indie, Visual Novel",,,,"Lingrimm, Natalie De Corsair",The Broken Horn,0.0,steamspy,,True
775470,The Cryptkeepers of Hallowford Demo,"Adventure, Indie, RPG",,,,Choice of Games,Choice of Games,0.0,steamspy,,True
464970,The Culling Of The Cows: Original Soundtrack,"Action, Casual, Indie, Strategy",,,,DL Softworks,DL Softworks,0.0,steamspy,,True
952340,The Curator - Prologue,"Adventure, Casual, Indie, Puzzle",,,,Social Anvil UG (haftungsbeschränkt),Social Anvil UG (haftungsbeschränkt),0.0,steamspy,,True
868940,The Curious Study of Dr. Blackwood:  A VR Tech Demo,Adventure,,,,Digital Myths,Digital Myths,0.0,steamspy,,True
3134130,The Curse of the Demon Tree,"Adventure, JRPG, RPG",,,,Penny Ghost Studios LLC,Penny Ghost Studios LLC,0.0,steamspy,,True
81143,The Cursed Crusade Fighting Trailer EN,"Action, Adventure",,,,,,0.0,steamspy,,True
81188,The Cursed Crusade Fighting Trailer German,"Action, Adventure",,,,,,0.0,steamspy,,True
972980,The Cursed Forest Demo,"Adventure, Horror, Indie",,,,"KPy3O, Noostyche",Noostyche,0.0,steamspy,,True
81779,The Dark Eye PC Trailer,"Adventure, Indie, Puzzle",,,,Daedalic Entertainment,Daedalic Entertainment,0.0,steamspy,,True
858230,The Dark Inside Me - Chapter 1 Soundtrack,Adventure,,,,Akçay Karaazmak,Akçay Karaazmak,0.0,steamspy,,True
870960,The Darkest Woods Demo,"Adventure, Horror, Indie",,,,teamsupport,teamsupport,0.0,steamspy,1.0,True
204410,The Darkness II Demo,"Action, Adventure, Horror, Shooter",,,,Digital Extremes,,0.0,steamspy,,True
81370,The Darkness II Trailer,"Action, Adventure, Horror, Shooter",,,,,,0.0,steamspy,,True
451380,The Darkside Detective Demo,"Adventure, Casual, Indie, Puzzle",,,,Spooky Doorway,Spooky Doorway,0.0,steamspy,,True
351540,The Defenders: The Second Wave Demo,"Action, Strategy",,,,FallenMaster,FallenMaster,0.0,steamspy,,True
1108310,The Demon - Nicolas Eymerich Inquisitor Audiogame,"Adventure, RPG",,,,"IV Productions, Rising Pixel, Audiogames",IV Productions,0.0,steamspy,,True
1001660,The Demon Crystal,"Action, Adventure, Casual, RPG",,,,YMCAT/Regista,Regista,0.0,steamspy,,True
1413980,The Demon Lord is New in Town!,"Adventure, Horror, Indie, JRPG, RPG, Simulation, Sports, Visual Novel",,,,Daijyobi Institute,Kagura Games,0.0,steamspy,,True
3226870,The Demon Lord's Daughter and the Tower of Seals,"Casual, RPG",,,,PEACH CAT,Kagura Games,0.0,steamspy,,True
1507890,The Demon Rush: Legends Corrupt,"Action, RPG",,,,Dragoon Entertainment Ltd.,Dragoon Entertainment Ltd.,0.0,steamspy,,True
2167750,The Demon Within Me,"Adventure, Casual, Horror, Indie",,,,Elite Lords Studios,Elite Lords Studios,0.0,steamspy,,True
2764510,The Demon's Exorcism,"Action, Adventure, Horror, Puzzle, Strategy, Survival",,,,Snow Star Games,Snow Star Games,0.0,steamspy,,True
533110,The Desolation of Mordor Story Expansion,"Action, Adventure",,,,"Monolith Productions, Inc.",,0.0,steamspy,,True
822570,The Directed Demo,"Casual, Indie, Puzzle",,,,Magnolia Art,Magnolia Art,0.0,steamspy,,True
962820,The Ditzy Demons Are in Love With Me - Opening/Ending Theme Songs,Adventure,,,,SMILE,Sekai Project,0.0,steamspy,,True
485100,The Dope Game Demo,"Adventure, Casual, Simulation",,,,CoaguCo Industries,CoaguCo Industries,0.0,steamspy,,True
212350,The Dream Machine Demo,"Adventure, Casual, Horror, Indie, Puzzle",,,,Cockroach Ink.,,0.0,steamspy,,True
609770,The Eagle's Heir Demo,"Adventure, Indie, RPG",,,,Choice of Games,Choice of Games,0.0,steamspy,,True
753580,The Eerie Adventures Of Kally Demo,"Action, Adventure, Horror, Indie, Simulation",,,,DS,DS,0.0,steamspy,,True
451410,The Elder Scrolls III: Morrowind Soundtrack,RPG,,,,Bethesda Game Studios,Bethesda Softworks,0.0,steamspy,,True
452070,The Elder Scrolls IV: Oblivion - Soundtrack,RPG,,,,Bethesda Game Studios,,0.0,steamspy,,True
5286,The Elder Scrolls IV: Oblivion Game of the Year Edition Trailer,"Action, Adventure, RPG",,,,,,0.0,steamspy,,True
81281,The Elder Scrolls V: Skyrim - Full Trailer,"Action, Adventure, RPG",,,,,,0.0,steamspy,,True
81280,The Elder Scrolls V: Skyrim - Live Action Trailer,"Action, Adventure, RPG",,,,,,0.0,steamspy,,True
503250,The Ember Series: A New Fire Demo,"Action, Adventure, Indie, RPG",,,,Forthright Entertainment,Forthright Entertainment,0.0,steamspy,,True
1364800,The Emperor's Own: Alpha Teaser,"Action, Adventure, RPG",,,,Volga Studios,Volga Studios,0.0,steamspy,,True
666670,The End is Nigh - Soundtrack,"Action, Adventure, Indie",,,,Ridiculon,"Edmund McMillen, Tyler Glaiel",0.0,steamspy,,True
638550,"The End o,,,o - Soundtrack","Action, Adventure, Indie",,,,xrrawva,xrrawva,0.0,steamspy,,True
776570,The Endless Journey-Original Soundtrack,"Adventure, Casual, Indie, RPG",,,,YETU GAME,YETU GAME,0.0,steamspy,,True
469780,The Escape DLC,"Action, Adventure, Indie, RPG, Simulation, Survival",,,,"Kamil Szczepanik, Bartosz Zajkowski",Animakemu Games,0.0,steamspy,,True
701180,The Escapists 2 - Season Pass,"Indie, Simulation, Strategy",,,,"Team17 Digital Ltd, Mouldy Toof Studios",,0.0,steamspy,,True
405450,The Escapists: Walking Dead - Soundtrack,"Indie, Strategy",,,,Team17 Digital Ltd,Team17 Digital Ltd,0.0,steamspy,,True
757570,The Evil Within 2 Demo,"Action, Adventure, Horror, Shooter, Survival",,,,Tango Gameworks,Bethesda Softworks,0.0,steamspy,,True
329960,The Evil Within Demo,"Action, Adventure, Horror, Shooter, Survival",,,,Tango Gameworks,Bethesda Game Studios,0.0,steamspy,,True
740590,The Exorcist: Legion VR - Chapter 3: Skin Deep,"Action, Adventure, Indie, RPG, Simulation",,,,Wolf & Wood Interactive Ltd,"LegionVR, LLC, Fun Train",0.0,steamspy,,True
559700,The Eyes of Ara Demo,"Adventure, Indie, Puzzle",,,,100 Stones Interactive,100 Stones Interactive,0.0,steamspy,,True
620300,The Falconers: Moonlight Demo,"Action, Adventure, Casual, Indie, Visual Novel",,,,Bionic Penguin,Sekai Project,0.0,steamspy,,True
334180,The Fall Official Soundtrack,"Action, Adventure, Indie",,,,Over The Moon,,0.0,steamspy,,True
645300,The Fall of Lazarus Demo,"Adventure, Indie, Puzzle",,,,No Wand Studios,No Wand Studios,0.0,steamspy,,True
642540,The Fidelio Incident - Soundtrack,"Adventure, Indie",,,,"Act 3 Games, LLC",,0.0,steamspy,,True
805130,The Fielder’s Choice Demo,"Adventure, Indie, RPG",,,,Choice of Games,Choice of Games,0.0,steamspy,,True
520500,The Final Station OST and Artbook DLC,"Action, Adventure, Indie",,,,"Oleg Sergeev, Andrey Rumak",tinyBuild,0.0,steamspy,,True
80811,The First Templar Gameplay Trailer,"Action, Adventure, RPG",,,,Haemimont Games,Kalypso Media Digital,0.0,steamspy,,True
80812,The First Templar Gameplay Trailer PEGI,"Action, Adventure, RPG",,,,,,0.0,steamspy,,True
80477,The First Templar Trailer,"Action, Adventure, RPG",,,,Haemimont Games,Kalypso Media Digital,0.0,steamspy,,True
648030,The Fleet Demo,"Adventure, Indie, RPG",,,,Choice of Games,Choice of Games,0.0,steamspy,,True
816390,The Flood - Support the Developer package (Soundtrack + Extras),"Adventure, Casual, Indie",,,,Ondrej Angelovic,Ondrej Angelovic,0.0,steamspy,,True
522480,The Garden Demo,"Action, Adventure, Casual, Indie, RPG",,,,Pug & Dragon,Pug & Dragon,0.0,steamspy,,True
946180,The Gardens Between Soundtrack,"Adventure, Indie",,,,"The Voxel Agents, Tim Shiel",Spirit Level,0.0,steamspy,,True
636670,The Grand Ball Soundtrack & Director's Commentary,"Adventure, Casual, Indie",,,,Last Lotus,Last Lotus,0.0,steamspy,,True
466960,The Grandfather - Short Film and Desktop Wallpapers,"Adventure, Indie",,,,"MPR ART Hallucinations, David Szymanski",Plug In Digital,0.0,steamspy,,True
927140,The Great Gaias Demo,"Adventure, Indie, RPG",,,,"Horizon's End, Inc.","Horizon's End, Inc",0.0,steamspy,,True
800570,The Great Tournament 2 Demo,"Adventure, Indie, RPG",,,,Hosted Games,Hosted Games,0.0,steamspy,,True
800060,The Great Tournament Demo,"Adventure, Indie, RPG",,,,Hosted Games,Hosted Games,0.0,steamspy,,True
903110,The Greater Good - Soundtrack,"Action, Adventure, Indie, RPG",,,,Sam Enright,Sam Enright,0.0,steamspy,,True
431820,The Growth Journey - Soundtrack,"Action, Adventure, Indie",,,,Cleverweek,,0.0,steamspy,,True
464580,The Guest - Original Soundtrack,"Adventure, Indie",,,,Team Gotham,505 Games,0.0,steamspy,,True
438590,The Guest Demo,"Adventure, Horror, Indie, Puzzle",,,,Project Gotham,505 Games,0.0,steamspy,,True
5833,The Guild II Renaissance Trailer,"City Builder, RPG, Simulation, Strategy",,,,,,0.0,steamspy,,True
884490,The Harbinger's Head Demo,"Adventure, Indie, RPG",,,,Hosted Games,Hosted Games,0.0,steamspy,,True
475460,The Hat Man: Shadow Ward - Soundtrack,"Action, Adventure, Casual, Indie, RPG, Simulation",,,,Game Mechanics,Game Mechanics,0.0,steamspy,,True
544150,The Herbalist — Original game soundtrack,"Casual, Indie",,,,Moonworks,Moonworks,0.0,steamspy,,True
838060,The Hero Project: Open Season Demo,"Adventure, Indie, RPG",,,,Choice of Games,Choice of Games,0.0,steamspy,,True
459320,The Hero Project: Redemption Season Demo,"Adventure, Indie, RPG",,,,Choice of Games,Choice of Games,0.0,steamspy,,True
684070,The Hero Unmasked! Demo,"Adventure, Indie, RPG",,,,Choice of Games,Choice of Games,0.0,steamspy,,True
962921,"The Hex - ""Combat Arena X"" Original Soundtrack",Indie,,,,"Jonah Senzel, Daniel Mullins Games",Daniel Mullins Games,0.0,steamspy,,True
962924,"The Hex - ""Vicious Galaxy II"" Original Soundtrack",Indie,,,,"Jonah Senzel, Daniel Mullins Games",Daniel Mullins Games,0.0,steamspy,,True
458790,The House in Fata Morgana Original Soundtrack,"Adventure, Visual Novel",,,,NOVECT,MangaGamer,0.0,steamspy,,True
278120,The Humans (DLC),"Casual, Indie, Simulation, Strategy",,,,PIXOWL INC.,PIXOWL INC.,0.0,steamspy,,True
487480,The Huntsman: Winter's Curse Soundtrack,"Adventure, Casual, Indie, RPG",,,,"Desert Owl Games, LLC",,0.0,steamspy,,True
626590,The Hurricane of the Varstray -Collateral hazard- Demo,"Action, Indie, Shooter, Survival",,,,Studio SiestA,"Rocket-Engine Co., Ltd.",0.0,steamspy,,True
566280,The Hurricane of the Varstray Soundtrack,"Action, Indie",,,,Studio SiestA,,0.0,steamspy,,True
1414700,The Imagined Leviathan: Prologue,"Adventure, Casual, Indie, Puzzle, Simulation, Visual Novel",,,,"Chard, de Fault, Richard Campbell",Far Few Giants,0.0,steamspy,,True
671950,The Initial Original Sound Track,"Action, Adventure, Indie, RPG",,,,Restory Studio,Restory Studio,0.0,steamspy,,True
2472230,The Inner Demons,"Adventure, Horror, Indie",,,,BatYaggy,BatYaggy,0.0,steamspy,,True
284040,The Inner World Soundtrack,"Adventure, Indie",,,,Studio Fizbin,Headup,0.0,steamspy,,True
1304620,The Insider – interactive movie,"Adventure, Indie",,,,Inters Media,Inters Media,0.0,steamspy,,True
330800,The Interactive Adventures of Dog Mendona and Pizzaboy Demo,Adventure,,,,OKAM STUDIO,OKAM STUDIO,0.0,steamspy,,True
941660,The Island: In To The Mist Demo,"Adventure, Casual, Indie, Survival, Visual Novel",,,,"Blender Studio, BADA Games","Blender Studio, BADA Games",0.0,steamspy,,True
577930,The Jackbox Party Pack 2 - Soundtrack,"Casual, Indie, Strategy",,,,"Jackbox Games, Inc.","Jackbox Games, Inc.",0.0,steamspy,,True
714760,The Jackbox Party Pack 4 - Soundtrack,"Casual, Indie, Strategy",,,,"Jackbox Games, Inc.","Jackbox Games, Inc.",0.0,steamspy,,True
332300,The Joylancer: Legendary Motor Knight Demo,"Action, Indie, Platformer",,,,alpha six productions,"Merge Games, Digerati Distribution",0.0,steamspy,,True
612970,The Keep Demo,"Indie, RPG",,,,"CINEMAX, s.r.o.","CINEMAX, s.r.o.",0.0,steamspy,,True
929160,The King's Bird - Original Soundtrack,"Action, Indie",,,,Serenity Forge,,0.0,steamspy,,True
272710,The LEGO Movie - Videogame DLC - Wild West Pack,"Action, Adventure",,,,"TT Fusion, Traveller's Tales",Warner Bros. Interactive Entertainment,0.0,steamspy,,True
1045890,The LEGO Movie 2 Videogame - Galactic Adventures Character & Level Pack,Adventure,,,,TT Games,Warner Bros. Interactive Entertainment,0.0,steamspy,,True
1027040,The Labyrinth Demo,"Adventure, RPG",,,,Alexander Spillman,Alexander Spillman,0.0,steamspy,,True
489330,The Lady - Wallpaper Pack,"Action, Adventure, Indie",,,,"MPR ART Hallucinations, Roger Levy",Plug In Digital,0.0,steamspy,,True
632890,The Land of Pain Demo,"Adventure, Horror, Indie",,,,Alessandro Guzzo,Alessandro Guzzo,0.0,steamspy,,True
633330,The Last Birdling - Digital artbook,Indie,,,,InvertMouse,InvertMouse,0.0,steamspy,,True
633340,The Last Birdling Demo,"Indie, Visual Novel",,,,InvertMouse,InvertMouse,0.0,steamspy,,True
455740,The Last Door Season 2 Soundtrack,Adventure,,,,The Game Kitchen,Phoenix Online Publishing,0.0,steamspy,,True
526910,The Last Door Season One Soundtrack,"Adventure, Indie",,,,The Game Kitchen,,0.0,steamspy,,True
426900,The Last Dream: Developer's Edition Demo,"Adventure, Casual, Indie",,,,Specialbit Studio,Specialbit Studio,0.0,steamspy,,True
497330,The Last Look Demo,"Adventure, Horror, Indie, Puzzle, Survival",,,,ChaosCore Studio,ChaosCore Studio,0.0,steamspy,,True
722610,The Last Monster Master Demo,"Adventure, Indie, RPG",,,,Choice of Games,Choice of Games,0.0,steamspy,,True
446860,The Last NightMary - Soundtrack,Indie,,,,Submersivo Game Studio,,0.0,steamspy,,True
950770,The Last Operator Demo,Action,,,,Mean Mutt Interactive,Mean Mutt Interactive,0.0,steamspy,,True
23330,The Last Remnant Demo,"Action, Adventure, JRPG, RPG, Strategy",,,,SQUARE ENIX,"SQUARE ENIX, Eidos Interactive",0.0,steamspy,,True
832730,The Last Rolling Hero Demo,"Action, Casual, Indie, Platformer",,,,RHDI Interactive,RHDI Interactive,0.0,steamspy,,True
510470,The Last Sniper VR Demo,"Action, Adventure, Simulation",,,,Robert Weaver,Robert Weaver,0.0,steamspy,,True
392830,The Last Sunshine Demo,"Action, Indie",,,,Four Eyes Productions,Four Eyes Productions,0.0,steamspy,,True
527170,The Last Time - Soundtrack,"Adventure, Indie",,,,Big Cow Studios,,0.0,steamspy,,True
646140,The Last Tree: Soundtrack,"Action, Adventure, Indie",,,,Dalibor Kamnjanac,Back To Basics Gaming,0.0,steamspy,,True
509810,The Last Weekend Demo,"Adventure, Casual, Horror, Indie, Visual Novel",,,,KEXBOY,KEXBOY,0.0,steamspy,,True
905040,The Last Wizard Demo,"Adventure, Indie, RPG",,,,Hosted Games,Hosted Games,0.0,steamspy,,True
3028010,The Lazy Demon Lord and the Four Stones of Dispel,"Action, Casual, Indie, JRPG, RPG, Visual Novel",,,,I-guruwan,OTAKU Plan,0.0,steamspy,,True
629610,The Legacy Games Demo,"Indie, RPG, Strategy",,,,Red Rock Softworks,Red Rock Softworks,0.0,steamspy,,True
630840,The Legacy: Forgotten Gates Demo,"Adventure, Casual",,,,FIVE-BN GAMES,FIVE-BN GAMES,0.0,steamspy,,True
871970,The Legacy: Prisoner Demo,"Adventure, Casual",,,,FIVE-BN GAMES,FIVE-BN GAMES,0.0,steamspy,,True
945050,The Legend Of Vraz Demo,"Action, Adventure, Casual",,,,Zatun,Zatun,0.0,steamspy,,True
454110,The Legend of Dark Witch Soundtracks,"Action, Adventure, Casual, Indie",,,,INSIDE SYSTEM,,0.0,steamspy,,True
773765,The Legend of Heroes: Trails of Cold Steel II - Unspeakable Costumes,RPG,,,,Nihon Falcom,"XSEED Games, Marvelous USA, Inc.",0.0,steamspy,,True
696920,The Legend of the Dragonflame High School Demo,"Action, Indie",,,,HUNTERS,HUNTERS,0.0,steamspy,,True
699570,The Legendary Player - Make Your Reputation - OPEN BETA,"Action, Adventure, Indie, RPG, Simulation, Strategy",,,,Ninetales Studios,Ninetales Studios,0.0,steamspy,,True
714900,The Legendary Player - Make Your Reputation Demo,"Action, Adventure, Indie, RPG, Strategy",,,,Ninetales Studios,Ninetales Studios,0.0,steamspy,,True
576680,The Legends of Owlia Demo,"Action, Adventure, Indie",,,,Gradual Games,Gradual Games,0.0,steamspy,,True
742350,The Letter - Digital Artbook & Wallpaper Pack,"Adventure, Indie, RPG",,,,Yangyang Mobile,Yangyang Mobile,0.0,steamspy,,True
740370,The Letter - Original Soundtrack,"Adventure, Indie, RPG",,,,Yangyang Mobile,Yangyang Mobile,0.0,steamspy,,True
612850,The Letter Demo,"Adventure, Horror, Indie, RPG, Visual Novel",,,,Yangyang Mobile,Yangyang Mobile,0.0,steamspy,,True
774871,The Lion's Song - Soundtrack,"Adventure, Indie",,,,Mi'pu'mi Games GmbH,Mi'pu'mi Games GmbH,0.0,steamspy,,True
713880,The Little Ball That Could Demo,"Action, Adventure, Indie, Platformer, Puzzle",,,,NaissusWorks,NaissusWorks,0.0,steamspy,,True
778560,The Lives Demo,"Casual, Indie, RPG, Simulation, Strategy",,,,边境游戏工作室,边境游戏工作室,0.0,steamspy,,True
648710,The Long Journey Home - Official Soundtrack,"Indie, RPG, Simulation, Strategy",,,,Daedalic Studio West,Daedalic Entertainment,0.0,steamspy,,True
819860,The Long Reach - Soundtrack,"Action, Adventure, Indie",,,,Painted Black Games,,0.0,steamspy,,True
809190,The Long Reach Demo,"Action, Adventure, Horror, Indie",,,,Painted Black Games,Merge Games,0.0,steamspy,,True
6320,The Longest Journey Demo,"Adventure, Puzzle",,,,Funcom,Funcom,0.0,steamspy,,True
81708,The Lord of the Rings Online Trailer US,"Action, Adventure, Massively Multiplayer, RPG, Survival",,,,"Turbine, Inc.",Warner Bros. Interactive Entertainment,0.0,steamspy,,True
508830,The Lords of the Earth Flame: Original Soundtrack,"Action, Adventure, Horror, Indie, RPG, Simulation, Visual Novel",,,,Rhino Games,Rhino Games,0.0,steamspy,,True
414010,The Lost Crown: Soundtrack,"Adventure, Indie",,,,Darkling Room,Iceberg Interactive,0.0,steamspy,,True
439760,The Lost Heir 2: Forging a Kingdom Demo,"Adventure, Indie, RPG",,,,Hosted Games,Hosted Games,0.0,steamspy,,True
596540,The Lost Heir 3: Demon War,"Adventure, Indie, RPG",,,,Hosted Games,Hosted Games,0.0,steamspy,,True
596550,The Lost Heir 3: Demon War Demo,"Adventure, Indie, RPG",,,,Hosted Games,Hosted Games,0.0,steamspy,,True
439780,The Lost Heir: The Fall of Daria Demo,"Adventure, Indie, RPG",,,,Hosted Games,Hosted Games,0.0,steamspy,,True
996090,The Lost Legends of Redwall: Escape the Gloomer Demo,"Adventure, Indie",,,,"Soma Games, Clopas LLC",Code-Monkeys,0.0,steamspy,,True
427630,The Madness of Little Emma Demo,"Action, Horror, Indie, Platformer",,,,Bartosz Bojarowski,Bartosz Bojarowski,0.0,steamspy,,True
377020,The Magic Circle Demo,"Action, Adventure, Indie, Simulation, Strategy",,,,Question,Question,0.0,steamspy,,True
368910,The Magic Circle Original Soundtrack,"Action, Adventure, Casual, Indie, Simulation",,,,Question,Question,0.0,steamspy,,True
913020,The Magician's Burden Demo,"Adventure, Indie, RPG",,,,Hosted Games,Hosted Games,0.0,steamspy,,True
650630,The Maid_san's Caving Adventure Soundtrack,Indie,,,,KoheiGallery,KoheiGallery,0.0,steamspy,,True
316640,The Maker's Eden - Soundtrack,"Adventure, Casual",,,,"Screwy Lightbulb, Abstraction",Screwy Lightbulb,0.0,steamspy,,True
318450,The Maker's Eden Demo,"Adventure, Casual",,,,Screwy Lightbulb,Screwy Lightbulb,0.0,steamspy,,True
893410,The Mansion Demo,"Adventure, Casual, Indie",,,,Triority,Triority,0.0,steamspy,,True
956290,The Martian Job Demo,"Adventure, Indie, RPG",,,,Choice of Games,Choice of Games,0.0,steamspy,,True
376320,The Masterplan - Soundtrack,"Action, Indie, Strategy",,,,Shark Punch,Shark Punch,0.0,steamspy,,True
26010,The Maw Demo,"Action, Casual, Indie, Platformer, Puzzle",,,,Twisted Pixel Games,Twisted Pixel Games,0.0,steamspy,,True
5194,The Maw: Brute Force Trailer,"Action, Indie",,,,Twisted Pixel Games,Twisted Pixel Games,0.0,steamspy,,True
5213,The Maw: River Redirect Trailer,"Action, Casual, Indie, Platformer, Puzzle",,,,,,0.0,steamspy,,True
2051640,The Merchant's Guide to the Kingdom,"Action, Adventure, RPG, Simulation",,,,Bearplane,Bearplane,0.0,steamspy,,True
1107180,The Messenger - Picnic Panic DLC,"Action, Indie",,,,Sabotage,Devolver Digital,0.0,steamspy,,True
924330,The Messenger Soundtrack - Disc I: The Past [8-Bit],"Action, Indie",,,,"Sabotage, Rainbowdragoneyes",Devolver Digital,0.0,steamspy,,True
924331,The Messenger Soundtrack - Disc II: The Future [16-Bit],"Action, Indie",,,,"Sabotage, Rainbowdragoneyes",Devolver Digital,0.0,steamspy,,True
488050,The Metronomicon - Soundtrack,"Action, Indie, RPG",,,,Puuba,Akupara Games,0.0,steamspy,,True
757970,The Mind's Eclipse Demo,"Indie, Visual Novel",,,,"Mind's Eclipse Interactive, LLC","Mind's Eclipse Interactive, LLC",0.0,steamspy,,True
535470,The Miners Demo,"Casual, Indie",,,,Michał Głowacki,Michał Głowacki,0.0,steamspy,,True
5649,The Misadventures of P.B. Winterbottom Trailer,"Adventure, Indie, Platformer, Puzzle",,,,The Odd Gentlemen,2K Play,0.0,steamspy,,True
2053990,The Monster Under Your Skin,"Adventure, Indie, Visual Novel",,,,Роман Ветер-Пурпурный (Róman O),Роман Ветер-Пурпурный (Róman O),0.0,steamspy,,True
330810,The Moon Sliver (Original Game Soundtrack),Adventure,,,,David Szymanski,,0.0,steamspy,,True
579890,The Mooseman Soundtrack and Artbook DLC,"Adventure, Indie",,,,"Vladimir Beletsky, Mikhail Shvachko",Vladimir Beletsky,0.0,steamspy,,True
378250,The Mors Demo,"Adventure, Horror, Indie",,,,Evallis Entertainment,Evallis Entertainment,0.0,steamspy,,True
875790,The Movie Trivia Challenge,"Casual, Indie",,,,LoadUpGames.com,LoadUpGames.com,0.0,steamspy,,True
502620,The Multidimensional Underwear Drawer Demo,"Casual, Indie, Simulation, Visual Novel",,,,KamiyaSoft,BirchTreeGames,0.0,steamspy,,True
359130,The Music Machine Original Soundtrack,"Adventure, Indie",,,,David Szymanski,,0.0,steamspy,,True
728810,The Mutiny!! Soundtrack,Indie,,,,Lupiesoft,MangaGamer,0.0,steamspy,,True
944660,The Mysteries of Baroque Demo,"Adventure, Indie, RPG",,,,Choice of Games,Choice of Games,0.0,steamspy,,True
864720,The Naked Game Demo,"Adventure, Horror, Indie, Puzzle",,,,SiCzech Arts,SiCzech Arts,0.0,steamspy,,True
58580,The Next BIG Thing Demo,"Adventure, Puzzle",,,,Pendulo Studios,Focus Home Interactive,0.0,steamspy,,True
80766,The Next BIG Thing Trailer,"Adventure, Puzzle",,,,Pendulo Studios,Focus Home Interactive,0.0,steamspy,,True
80767,The Next BIG Thing Trailer French,"Adventure, Puzzle",,,,Pendulo Studios,Focus Home Interactive,0.0,steamspy,,True
864080,The Next World: Rocketship DLC,"Casual, Indie, Strategy",,,,Illuminated Games,AAD Productions,0.0,steamspy,,True
241890,The Night of the Rabbit Demo,"Adventure, Indie, Puzzle",,,,Daedalic Entertainment,Daedalic Entertainment,0.0,steamspy,,True
716930,The Norwood Suite - Original Soundtrack,"Adventure, Casual, Indie",,,,Cosmo D,Alliance,0.0,steamspy,,True
741060,The Norwood Suite Demo,"Adventure, Casual, Horror, Indie",,,,Cosmo D,Alliance,0.0,steamspy,,True
674070,The Old Empire Demo,"Action, Adventure, Indie",,,,Ivan Crescenti Hernandez,Ivan Crescenti Hernandez,0.0,steamspy,,True
595290,The Only Traitor DLC,"Action, Adventure, Indie",,,,"Oleg Sergeev, Andrey Rumak, Do My Best",tinyBuild,0.0,steamspy,,True
432810,The Order of the Thorne - The King's Challenge Demo,"Adventure, Indie",,,,Infamous Quests,Infamous Quests,0.0,steamspy,,True
921650,The Other Half Demo,"Action, Adventure, Horror, Indie, RPG",,,,Studio Egg Roll,Studio Egg Roll,0.0,steamspy,,True
803970,The Painscreek Killings Demo,"Adventure, Horror, Indie, Puzzle",,,,EQ Studios,EQ Studios,0.0,steamspy,,True
930860,The Party of Demons,Indie,,,,Chensey Game,Chensey Game,0.0,steamspy,,True
27040,The Path - Prologue,"Adventure, Horror, Indie",,,,Tale of Tales,Tale of Tales,0.0,steamspy,,True
5209,The Path Trailer,"Adventure, Horror, Indie",,,,Tale of Tales,Tale of Tales,0.0,steamspy,,True
670860,The Path of Greatest Resistance Demo,Action,,,,RealityRig,RealityRig,0.0,steamspy,,True
823260,The Pirate's Fate - OST,"Adventure, Casual, Indie, RPG",,,,"T.F. Wright, Volkenfox",,0.0,steamspy,,True
1005790,The Pirate's Fate - Prisoner of Destiny Expansion,"Adventure, Casual, Indie, RPG",,,,"T.F. Wright, Volkenfox",,0.0,steamspy,,True
533140,The Planet of the Vicious Creatures Demo,"Action, Adventure, Indie, Platformer",,,,Jorge Giner Cordero,Jorge Giner Cordero,0.0,steamspy,,True
1066590,The Ploshers Demo,"Action, Adventure, Casual",,,,platypurplestudios,platypurplestudios,0.0,steamspy,,True
495380,The Political Machine 2016 - Campaign DLC,"Indie, Strategy",,,,Stardock Entertainment,Stardock Entertainment,0.0,steamspy,,True
67010,The Polynomial - Space of the music Demo,"Action, Casual, Indie",,,,Dmytry Lavrov,Dmytry Lavrov,0.0,steamspy,,True
461470,The Preposterous Awesomeness of Everything Demo,"Adventure, Indie, Puzzle",,,,Joe Richardson,Joe Richardson,0.0,steamspy,,True
1023810,"The Princess, the Stray Cat, and Matters of the Heart Demo","Adventure, Casual, Visual Novel",,,,TOKYOTOON,TOKYOTOON,0.0,steamspy,,True
965530,The Puppet of Tersa Demo,"Adventure, Indie",,,,Madorium,Madorium,0.0,steamspy,,True
425170,The Purring Quest Original Soundtrack,Indie,,,,Valhalla Cats,,0.0,steamspy,,True
430050,The Quest - Soundtrack,"Adventure, Indie, RPG",,,,Redshift,,0.0,steamspy,,True
371270,The Quiet Girl's Guide to Violence,Indie,,,,Five and Four,Devolver Digital Films,0.0,steamspy,,True
529740,The Rabbit Hole Demo,"Adventure, Horror, Indie, Strategy",,,,VRMonkey,VRMonkey,0.0,steamspy,,True
930720,The Rabbit and The Owl Demo,"Casual, Indie, Platformer, Puzzle",,,,"Formal Sheep, LLC","Formal Sheep, LLC",0.0,steamspy,,True
403910,The Red Solstice Soundtrack,"Action, Indie, RPG, Strategy",,,,Ironward,,0.0,steamspy,,True
358770,The Reject Demon: Toko Chapter 0 — Prelude,"Casual, Indie, Visual Novel",,,,Lupiesoft,Lupiesoft,0.0,steamspy,,True
762140,The Reject Demon: Toko ch0 — Voice Acting,"Casual, Indie",,,,Lupiesoft,,0.0,steamspy,,True
369340,The Reject Soundtrack - Prelude,"Casual, Indie",,,,Lupiesoft,Lupiesoft,0.0,steamspy,,True
432220,The Revenant Prince - Demo,"Action, Adventure, Indie, RPG, Strategy",,,,Nomina Games,Nomina Games,0.0,steamspy,,True
536860,The Revenge of Johnny Bonasera Demo,"Adventure, Indie",,,,Rafael García,Rafael García,0.0,steamspy,,True
1146100,The Rising of the Shield Hero : Relive The Animation,"Adventure, Indie, RPG",,,,KADOKAWA CORPORATION,Gotcha Gotcha Games,0.0,steamspy,,True
849570,The Road to Canterbury Demo,"Adventure, Indie, RPG",,,,Choice of Games,Choice of Games,0.0,steamspy,,True
858110,The Rose of Segunda Demo,"Indie, Simulation, Visual Novel",,,,Blackcross & Taylor,Blackcross & Taylor,0.0,steamspy,,True
316850,The Sacred Tears TRUE Demo,"Indie, JRPG, RPG",,,,AlphaNuts,Nyu Media,0.0,steamspy,,True
555770,The Sandbox Evolution - Soundtrack,"Action, Indie, Simulation",,,,PIXOWL INC.,,0.0,steamspy,,True
2123140,The Scarlet Demonslayer,"Adventure, Indie, JRPG, RPG",,,,Nuko Majin,Kagura Games,0.0,steamspy,,True
463330,The Sea Eternal Demo,"Adventure, Indie, RPG",,,,Choice of Games,Choice of Games,0.0,steamspy,,True
720110,The Search Soundtrack,"Adventure, Indie",,,,Jason Godbey,Jason Godbey,0.0,steamspy,1.0,True
650140,"The Seasons, Original Soundtrack",Adventure,,,,Miki Squadron Project,Miki Squadron Project,0.0,steamspy,,True
500250,The Secret Monster Society Soundtrack,"Adventure, Casual, Indie",,,,Deceptive Games Ltd.,Deceptive Games Ltd.,0.0,steamspy,,True
535450,The Secret of Middle City Demo,Adventure,,,,GDG Entertainment,DreamsArtStudio,0.0,steamspy,,True
384171,The Secret of Tremendous Corporation: DLC,"Adventure, Casual, Indie, Puzzle",,,,"Sebastian Krzyszkowiak, Konrad Burandt, Paweł Radej",dosowisko.net,0.0,steamspy,,True
822980,The Secrets of the Forest Demo,"Action, Adventure, Horror, Indie",,,,Guilherme Lolli,Tudo Rip Games,0.0,steamspy,,True
636710,The Sexy Brutale OST,Indie,,,,"Cavalier Game Studios, Tequila Works",,0.0,steamspy,,True
228540,The Showdown Effect Demo,"Action, Indie, Platformer, Shooter",,,,Arrowhead Game Studios,,0.0,steamspy,1224.0,True
675080,The Shrouded Isle Soundtrack,"Indie, Simulation, Strategy",,,,FX Bilodeau,Kitfox Games,0.0,steamspy,,True
493860,The Silver Case Demo,"Adventure, Horror, Indie, Puzzle, Visual Novel",,,,"GRASSHOPPER MANUFACTURE INC., PLAYISM",GRASSHOPPER MANUFACTURE INC.,0.0,steamspy,,True
249181,The Sims 3 - Movie Stuff,Simulation,,,,The Sims Studio,,0.0,steamspy,,True
80572,The Sims 3 Trailer,"Action, Adventure, Casual, RPG, Simulation, Strategy",,,,,,0.0,steamspy,,True
80577,The Sims 3: Fast Lane Trailer,"Action, Adventure, Casual, RPG, Simulation, Strategy",,,,The Sims Studio,Electronic Arts,0.0,steamspy,,True
80576,The Sims 3: High End Loft Trailer,"Action, Adventure, Casual, RPG, Simulation, Strategy",,,,,,0.0,steamspy,,True
80575,The Sims 3: Late Night Trailer,"Action, Adventure, Casual, RPG, Simulation, Strategy",,,,,,0.0,steamspy,,True
80573,The Sims 3: World Adventures Trailer,"Action, Adventure, Casual, RPG, Simulation, Strategy",,,,The Sims Studio,Electronic Arts,0.0,steamspy,,True
456290,The Slaughter: Act One Demo,"Adventure, Horror, Indie",,,,Brainchild,Brainchild,0.0,steamspy,,True
532850,The Solus Project - Official Soundtrack,Indie,,,,"Hourences, Grip Games, Jonas Kjellberg",,0.0,steamspy,,True
384170,The Soundtrack of Tremendous Corporation,"Adventure, Casual, Indie, Puzzle",,,,"Sebastian Krzyszkowiak, Kevin MacLeod, Jakub Marszałkowski, Michał Roszyk",dosowisko.net,0.0,steamspy,,True
1017830,The Spell Demo,"Casual, Indie, Visual Novel",,,,Hangover Cat Purrroduction,Hangover Cat Purrroduction,0.0,steamspy,,True
726240,The Superlatives: Aetherfall Demo,"Adventure, Indie, RPG",,,,Choice of Games,Choice of Games,0.0,steamspy,,True
1050220,The Superlatives: Shattered Worlds Demo,"Adventure, Indie, RPG",,,,Choice of Games,Choice of Games,0.0,steamspy,,True
702990,The Surge - A Walk in the Park DLC,"Action, RPG",,,,Deck13,Focus Entertainment,0.0,steamspy,,True
841250,"The Surge - The Good, the Bad and the Augmented Expansion","Action, RPG",,,,Deck13,Focus Entertainment,0.0,steamspy,,True
646690,The Surge Demo,"Action, Adventure, Horror, RPG",,,,Deck13,Focus Home Interactive,0.0,steamspy,,True
322022,The Talos Principle: Prototype DLC,"Action, Adventure, Indie, Puzzle",,,,Croteam,Devolver Digital,0.0,steamspy,,True
360820,The Talos Principle: Serious DLC,"Action, Adventure, Indie",,,,Croteam,Devolver Digital,0.0,steamspy,,True
322020,The Talos Principle: Soundtrack,"Action, Adventure, Indie",,,,"Damjan Mravunac, Croteam",Devolver Digital,0.0,steamspy,,True
577030,The Tenth Line - Digital Art Book + Soundtrack,"Indie, RPG",,,,Sungazer Software LLC,Sungazer Software LLC,0.0,steamspy,,True
82048,The Testament of Sherlock Holmes Trailer,"Adventure, Puzzle",,,,,,0.0,steamspy,,True
1029810,The Textorcist - Soundtrack,"Action, Indie",,,,MorbidWare,Headup Publishing,0.0,steamspy,,True
1029590,The Textorcist: The Story of Ray Bibbia Demo,"Action, Indie",,,,MorbidWare,Headup,0.0,steamspy,,True
96010,The Tiny Bang Story Demo,"Adventure, Casual, Indie, Puzzle",,,,Colibri Games,Colibri Games,0.0,steamspy,,True
80791,The Tiny Bang Story Trailer,"Adventure, Casual, Indie, Puzzle",,,,Colibri Games,Colibri Games,0.0,steamspy,,True
1436870,The Tool,"Casual, Indie, Puzzle, Simulation",,,,Mikhail Maksimov,Garage Digital,0.0,steamspy,,True
908650,The Tower of Beatrice Demo,"Adventure, Indie, Puzzle",,,,Fairy Forest,Fairy Forest,0.0,steamspy,,True
1040330,The Tower of Beatrice OST,"Adventure, Indie",,,,Fairy Forest,,0.0,steamspy,,True
638800,The Trap 2: Mindlock (beta),"Action, Horror, Puzzle",,,,Reaktor,Reaktor,0.0,steamspy,,True
772250,The Treasure Seekers of Lady Luck Demo,"Adventure, Indie, RPG",,,,Choice of Games,Choice of Games,0.0,steamspy,,True
259210,The Typing of The Dead: Overkill - Shakespeare DLC,Action,,,,,,0.0,steamspy,,True
286920,The Typing of the Dead: Overkill - Dancing with the Dead DLC,Action,,,,Modern Dream,SEGA,0.0,steamspy,,True
278131,The Typing of the Dead: Overkill - Love at First Bite DLC,"Action, Horror",,,,Modern Dream,SEGA,0.0,steamspy,,True
282520,The Typing of the Dead: Overkill - Silver Screen DLC,Action,,,,Modern Dream,SEGA,0.0,steamspy,,True
833880,The Unbreakable Gumball Demo,"Action, Indie",,,,New Game+,New Game+,0.0,steamspy,,True
547610,The Uncertain: Episode 1 - The Last Quiet Day Demo,"Adventure, Indie, Puzzle",,,,ComonGames,ComonGames,0.0,steamspy,,True
564030,The Uncertain: Last Quiet Day Soundtrack and Artbook,"Adventure, Indie",,,,ComonGames,,0.0,steamspy,,True
661850,The Unclogging: An Unsanitary Saga Demo,RPG,,,,DLHB Studios,DLHB Studios,0.0,steamspy,1.0,True
523590,The Underground Man - Soundtracks pack,"Adventure, Indie",,,,Mehsoft,Mehsoft,0.0,steamspy,,True
1419100,The Unexpected Quest Prologue,"Action, Adventure, City Builder, Indie, Simulation, Strategy",,,,Rionix,PQube,0.0,steamspy,15.0,True
819170,The Unknown City (Horror Begins Now.....Episode 1) Demo,Action,,,,Yash Future Tech Solutions Pvt Ltd,Yash Future Tech Solutions Pvt Ltd,0.0,steamspy,,True
691970,The Unwelcomed Demo,"Casual, Horror, Indie, Puzzle, Simulation",,,,The Unwelcomed Studios,The Unwelcomed Studios,0.0,steamspy,,True
2091960,The Utility Room,"Action, Adventure, Horror, Indie",,,,Lionel Marsden,Lionel Marsden,0.0,steamspy,,True
888360,The Vagrant Artbook,"Action, Adventure, Indie, RPG",,,,O.T.K Games,SakuraGame,0.0,steamspy,,True
81806,The Walking Dead Episode 2 Trailer,"Action, Adventure, Horror, Survival",,,,,,0.0,steamspy,,True
81627,The Walking Dead Story Trailer,"Action, Adventure, Horror, Survival",,,,,,0.0,steamspy,,True
81580,The Walking Dead Trailer,"Action, Adventure, Horror, Survival",,,,,,0.0,steamspy,1.0,True
911540,The Walking Dead: The Final Season Demo,"Action, Adventure, Horror, Survival",,,,Telltale Games,Telltale Games,0.0,steamspy,,True
618810,The Watchmaker Demo,"Action, Adventure, Indie, Platformer, Puzzle",,,,Micropsia Games,1C Company,0.0,steamspy,,True
363640,The Way - Soundtrack,"Action, Adventure, Indie",,,,Puzzling Dream,PlayWay S.A.,0.0,steamspy,,True
359110,The Way We ALL GO Demo,"Indie, Visual Novel",,,,ebi-hime,ebi-hime,0.0,steamspy,,True
803240,The Way of Life DEFINITIVE EDITION: Soundtrack and Artbook,Indie,,,,CyberCoconut,CyberCoconut,0.0,steamspy,,True
344000,The Weaponographist Demo,"Action, Indie, RPG",,,,Puuba,Puuba,0.0,steamspy,,True
213530,The White Laboratory Demo,"Indie, Tower Defense",,,,TAO,TAO,0.0,steamspy,,True
81727,The White Laboratory Trailer,"Indie, Tower Defense",,,,TAO,TAO,0.0,steamspy,,True
1040220,The Wild Age Demo,"Casual, Indie, Simulation, Strategy, Survival, Tower Defense",,,,McMagic Productions,McMagic Productions,0.0,steamspy,,True
590360,The Wild Eight – Soundtrack,"Action, Adventure, Indie, RPG, Simulation",,,,HypeTrain Digital,HypeTrain Digital,0.0,steamspy,,True
653200,The Wild Eternal - Original Soundtrack,Adventure,,,,"Jonas Kjellberg, Ilsanjo",,0.0,steamspy,,True
2716270,The Witch's Cauldron Prologue,"Casual, Indie, Puzzle, Simulation",,,,Harvey games,Harvey games,0.0,steamspy,,True
80879,The Witcher 2 Hope Trailer,"Action, Adventure, RPG",,,,CD Projekt RED,CD Projekt RED,0.0,steamspy,,True
80447,The Witcher 2: Assassins of Kings Trailer,"Action, Adventure, RPG",,,,CD Projekt RED,"CD Projekt RED, Atari, Namco Bandai Games, 1C/Snowball",0.0,steamspy,,True
355880,The Witcher 3: Wild Hunt - Expansion Pass,"Action, Adventure, RPG",,,,CD PROJEKT RED,CD PROJEKT RED,0.0,steamspy,,True
378646,The Witcher 3: Wild Hunt - New Finisher Animations,RPG,,,,CD PROJEKT RED,,0.0,steamspy,,True
5089,The Witcher: Enhanced Edition Trailer,"Action, Adventure, RPG",,,,,,0.0,steamspy,,True
1005960,The Witches' Tea Party Demo,"Adventure, Casual, Indie",,,,"Rabbiton, StarAura",Rabbiton,0.0,steamspy,,True
678270,The Witches' Tea Party Soundtrack,"Adventure, Casual, Indie",,,,"Rabbiton, StarAura",Rabbiton,0.0,steamspy,,True
3582,The Wizard's Pen Free Demo,"Casual, Puzzle",,,,"PopCap Games, Inc.","PopCap Games, Inc.",0.0,steamspy,,True
15510,The Wonderful End of the World Demo,"Action, Casual, Indie, Puzzle",,,,"Dejobaan Games, LLC","Dejobaan Games, LLC",0.0,steamspy,,True
961590,The logic of the miniature garden Artbook,"Adventure, Indie, RPG",,,,Cabbit,SakuraGame,0.0,steamspy,,True
828430,The m0rg VS keys - Soundtrack,"Casual, Indie",,,,Gamesforgames,Gamesforgames,0.0,steamspy,,True
779750,The spy who shot me Demo,"Action, Adventure, Indie",,,,Retro Army Limited,Retro Army Limited,0.0,steamspy,,True
1098020,Thea 2: The Shattering Demo,"4X, Card & Board, Indie, RPG, Strategy, Survival",,,,"MuHa Games, Eerie Forest Studio",MuHa Games,0.0,steamspy,,True
924240,Them and Us Demo,"Action, Horror, Indie, Survival",,,,TendoGames,TendoGames,0.0,steamspy,,True
425500,Theme Song OST - Cinderella feat. Meilun,Indie,,,,LeeTingChou,Hajime Doujin Circle,0.0,steamspy,,True
1100130,They Are Billions - Soundtrack & Art Book,Strategy,,,,Numantian Games,Numantian Games,0.0,steamspy,,True
211262,They Bleed Pixels Soundtrack,Indie,,,,Spooky Squid Games Inc.,Spooky Squid Games Inc.,0.0,steamspy,,True
81971,They Bleed Pixels Trailer,"Action, Horror, Indie, Platformer",,,,Spooky Squid Games Inc.,Spooky Squid Games Inc.,0.0,steamspy,,True
526770,Thick Air Demo,"Indie, Racing, Simulation",,,,People Gotta Play,People Gotta Play,0.0,steamspy,,True
710750,Think of the Children Beta,Action,,,,,,0.0,steamspy,,True
81956,Thirty Flights of Loving Trailer,"Adventure, Casual, Indie",,,,Blendo Games,,0.0,steamspy,,True
725310,This Grand Life Demo,"Indie, RPG, Simulation",,,,Poking Water Games,Poking Water Games,0.0,steamspy,,True
917080,This Is the Police 2 - Soundtrack,"Adventure, Indie, Strategy",,,,Weappy Studio,THQ Nordic,0.0,steamspy,,True
366820,This Starry Midnight We Make Demo,"Indie, Puzzle, Simulation",,,,Cavyhouse,Carpe Fulgur LLC,0.0,steamspy,,True
750031,This War of Mine: Stories - Season Pass,"Adventure, Indie, Simulation",,,,11 bit studios,11 bit studios,0.0,steamspy,,True
530840,This World Unknown Demo,"Adventure, Casual, Indie, Visual Novel",,,,ebi-hime,ebi-hime,0.0,steamspy,,True
2730,ThreadSpace: Hyperbol Demo,"Action, Indie, Strategy",,,,Iocaine Studios,Atari,0.0,steamspy,,True
977,ThreadSpace: Hyperbol Trailer,"Action, Indie, Strategy",,,,Iocaine Studios,Atari,0.0,steamspy,,True
3130980,Three Alpha One Nine,"Adventure, Casual, Platformer",,,,BlackLP,BlackLP,0.0,steamspy,,True
394400,Three Digits - Soundtrack,"Casual, Indie",,,,Cleverweek,,0.0,steamspy,,True
518080,Through Abandoned 2. The Forest soundtrack,"Adventure, Indie",,,,Solved,,0.0,steamspy,,True
635270,Through The Dark: Prologue,"Action, Adventure, Indie, RPG, Strategy",,,,6waves,6waves,0.0,steamspy,,True
544671,Through the Woods - Artbook,"Adventure, Horror, Indie",,,,Antagonist,Fulqrum Publishing,0.0,steamspy,,True
544670,Through the Woods - Soundtrack,"Adventure, Indie",,,,Antagonist,Fulqrum Publishing,0.0,steamspy,,True
541800,Thumper Soundtrack,"Action, Indie",,,,Drool,,0.0,steamspy,,True
81728,Thunder Wheels Trailer,"Casual, Indie, Racing, Sports",,,,G-Boot Games,G-Boot Games,0.0,steamspy,,True
213550,ThunderWheels Demo,"Casual, Indie, Racing, Sports",,,,G-Boot Games,G-Boot Games,0.0,steamspy,,True
418840,Tick Tock Isle Demo,"Adventure, Casual, Indie",,,,Squiddershins,Squiddershins,0.0,steamspy,,True
427750,Tick Tock Isle Soundtrack,"Adventure, Casual, Indie",,,,Kevin Carville,Squiddershins,0.0,steamspy,,True
608720,Ticket OST,"Action, Adventure, Indie",,,,magicdweedoo,"magicdweedoo, Nonsense Machine",0.0,steamspy,,True
81675,Ticket to Ride Trailer DE,"Card & Board, Casual, Indie, Strategy",,,,Days of Wonder,Days of Wonder,0.0,steamspy,,True
81674,Ticket to Ride Trailer EN,"Card & Board, Casual, Indie, Strategy",,,,Days of Wonder,Days of Wonder,0.0,steamspy,,True
81676,Ticket to Ride Trailer FR,"Card & Board, Casual, Indie, Strategy",,,,Days of Wonder,Days of Wonder,0.0,steamspy,,True
398280,Tidal Affair: Before The Storm Demo,"Action, Adventure, Indie, Strategy",,,,NoDev,NoPub,0.0,steamspy,,True
40430,Tidalis Demo,"Casual, Indie, Puzzle",,,,"Arcen Games, LLC","Arcen Games, LLC",0.0,steamspy,,True
5824,Tidalis Extended Trailer,"Casual, Indie, Puzzle",,,,"Arcen Games, LLC","Arcen Games, LLC",0.0,steamspy,,True
5823,Tidalis Launch Trailer,"Casual, Indie, Puzzle",,,,"Arcen Games, LLC","Arcen Games, LLC",0.0,steamspy,,True
667480,Tilted Mind Demo,Indie,,,,Paul Svelmoe,Paul Svelmoe,0.0,steamspy,,True
2826910,Time Escape : A Prototype,Action,,,,Zachary R Kwiatkowski,Zachary R Kwiatkowski,0.0,steamspy,,True
37410,"Time Gentlemen, Please! Demo","Adventure, Indie, Puzzle",,,,Zombie Cow Studios,Zombie Cow Studios,0.0,steamspy,,True
694210,Time Recoil - Original Soundtrack,"Action, Adventure, Indie, Sports",,,,10tons Ltd,10tons Ltd,0.0,steamspy,,True
348110,Time Rifters Demo,"Action, Casual, Indie",,,,Proton Studio Inc,,0.0,steamspy,,True
560990,Time Tenshi 2: Special Edition (DLC),"Adventure, Indie, Simulation",,,,Silver Cow Studio,Silver Cow Studio,0.0,steamspy,,True
271710,Tiny Brains Demo,"Action, Adventure, Casual, Indie, Puzzle",,,,Spearhead Games,505 Games,0.0,steamspy,,True
686880,Tiny Echo Soundtrack,"Adventure, Casual, Indie",,,,Might and Delight,,0.0,steamspy,,True
1008300,Tiny Snow - Original Soundtrack,"Adventure, Casual, Indie",,,,#workshop,"#workshop, NVLMaker",0.0,steamspy,,True
81984,Tiny Troopers Trailer,"Action, Indie, Shooter, Strategy",,,,Kukouri,Iceberg Interactive,0.0,steamspy,,True
82152,Tiny Troopers Zombie Trailer,"Action, Indie, Shooter, Strategy",,,,Kukouri,Iceberg Interactive,0.0,steamspy,,True
81768,Tiny and Big Trailer 3,"Action, Adventure, Indie, Platformer, Puzzle",,,,Black Pants Game Studio,,0.0,steamspy,,True
81769,Tiny and Big Trailer 4,"Action, Adventure, Indie, Platformer, Puzzle",,,,Black Pants Game Studio,,0.0,steamspy,,True
81608,Tiny and Big in Grandpas Leftovers Trailer,"Action, Adventure, Indie, Platformer, Puzzle",,,,Black Pants Game Studio,,0.0,steamspy,,True
81701,Tiny and Big in Grandpas Leftovers Trailer 2,"Action, Adventure, Indie, Platformer, Puzzle",,,,Black Pants Game Studio,,0.0,steamspy,,True
214090,Tiny and Big: Grandpa's Leftovers Demo,"Action, Adventure, Indie, Platformer, Puzzle",,,,Black Pants Game Studio,,0.0,steamspy,,True
926460,Tiny-Tasy Town Demo,"Adventure, Casual, Indie, RPG, Simulation",,,,Rabbiroo,INDIECN,0.0,steamspy,,True
344530,TinyKeep Original Soundtrack,"Action, Adventure, Indie, RPG",,,,Phigames,Digital Tribe,0.0,steamspy,,True
81369,Titan Attacks Launch Trailer,"Action, Casual, Indie, Shooter",,,,Puppygames,,0.0,steamspy,,True
4590,Titan Quest Demo,"Action, Adventure, RPG",,,,Iron Lore Entertainment,Nordic Games,0.0,steamspy,,True
359950,Titan Souls Demo,"Action, Adventure, Casual, Indie, Puzzle, Strategy",,,,Acid Nerve,Devolver Digital,0.0,steamspy,,True
337710,Tkl Online Demo,"Action, Indie, Massively Multiplayer, RPG",,,,KURONEKO SOFT,KURONEKO SOFT,0.0,steamspy,68.0,True
81592,To The Moon Trailer,"Adventure, Casual, Indie, RPG",,,,Freebird Games,Freebird Games,0.0,steamspy,,True
972130,To Trust an Incubus Demo,"Simulation, Visual Novel",,,,Y Press Games,Y Press Games,0.0,steamspy,,True
772310,To the City of the Clouds Demo,"Adventure, Indie, RPG",,,,Choice of Games,Choice of Games,0.0,steamspy,,True
206450,To the Moon Soundtrack,Indie,,,,Freebird Games,Freebird Games,0.0,steamspy,,True
373350,Tobari and the Night of the Curious Moon Demo,"Adventure, Casual, Indie",,,,desunoya,Sekai Project,0.0,steamspy,,True
105710,Tobe's Vertical Adventure Demo,"Action, Adventure, Indie, Platformer",,,,Secret Base,Secret Base,0.0,steamspy,,True
80947,Tobe's Vertical Adventure Trailer,"Action, Adventure, Indie, Platformer",,,,Secret Base,Secret Base,0.0,steamspy,,True
1087290,ToeJam & Earl: Back in the Groove! Soundtrack,"Adventure, Casual, Indie",,,,HumaNature Studios,,0.0,steamspy,,True
868170,Together VR - PC Edition DLC,"Adventure, Casual, Indie, Simulation",,,,AURORA Games,AURORA Games,0.0,steamspy,,True
81507,Toki Tori 2 Teaser Trailer,"Action, Adventure, Casual, Indie, Metroidvania, Platformer, Puzzle",,,,,,0.0,steamspy,,True
38710,Toki Tori Demo,"Action, Adventure, Casual, Indie, Platformer, Puzzle",,,,Two Tribes,Two Tribes,0.0,steamspy,,True
5581,Toki Tori Trailer,"Action, Adventure, Casual, Indie, Platformer, Puzzle",,,,Two Tribes,Two Tribes,0.0,steamspy,,True
1381590,Tokyo Re:Connect Prologue,"Casual, RPG, Visual Novel",,,,KONEKO,KONEKO,0.0,steamspy,,True
374880,Tokyo School Life - Original Soundtrack,Adventure,,,,"M2 Co., LTD",Dogenzaka Lab,0.0,steamspy,,True
1055220,Tokyo Warfare Turbo - Skin Editor,"Action, Indie, Simulation",,,,Pablo Vidaurre Sanz,,0.0,steamspy,,True
1032330,Tokyo Warfare Turbo - Tank expansion pack,"Action, Indie, Simulation",,,,Pablo Vidaurre Sanz,Pablo Vidaurre Sanz,0.0,steamspy,,True
605010,ToledoVR Demo,"Action, Strategy",,,,SomeDudes,SomeDudes,0.0,steamspy,,True
5195,Tom Clancy's EndWar HD Launch Trailer,Strategy,,,,Ubisoft  Shanghaï,Ubisoft,0.0,steamspy,,True
5193,Tom Clancy's EndWar HD Trailer,Strategy,,,,,,0.0,steamspy,,True
417462,Tom Clancy's Rainbow Six Siege - Amethyst Weapon Skin,Action,,,,Ubisoft Montreal,,0.0,steamspy,,True
417464,Tom Clancy's Rainbow Six Siege - Cobalt Weapon Skin,Action,,,,Ubisoft Montreal,,0.0,steamspy,,True
455572,Tom Clancy's Rainbow Six Siege - Cyan Weapon Skin,Action,,,,Ubisoft Montreal,,0.0,steamspy,,True
417463,Tom Clancy's Rainbow Six Siege - Emerald Weapon Skin,Action,,,,Ubisoft Montreal,,0.0,steamspy,,True
512340,Tom Clancy's Rainbow Six Siege - Kapkan Assassin's Creed Skin,Action,,,,Ubisoft Montreal,,0.0,steamspy,,True
417465,Tom Clancy's Rainbow Six Siege - Platinum Weapon Skin,Action,,,,Ubisoft Montreal,Ubisoft,0.0,steamspy,,True
450790,Tom Clancy's Rainbow Six Siege - Ruby Weapon Skin,Action,,,,Ubisoft Montreal,,0.0,steamspy,,True
455570,Tom Clancy's Rainbow Six Siege - Topaz Weapon Skin,Action,,,,Ubisoft Montreal,,0.0,steamspy,,True
5024,Tom Clancy's Rainbow Six Vegas 2 Trailer,"Action, Adventure, Shooter, Strategy",,,,,,0.0,steamspy,,True
437700,Tom Clancy's The Division - Season Pass,"Action, Adventure, RPG, Shooter",,,,Massive Entertainment,,0.0,steamspy,,True
588220,Tom Clancy's The Division Demo,"Action, Adventure, Massively Multiplayer, RPG, Shooter, Survival",,,,Massive Entertainment,Ubisoft,0.0,steamspy,,True
573830,Tom Clancy’s Ghost Recon Wildlands - Season Pass Year 1,"Action, Adventure",,,,"Ubisoft Paris, Ubisoft Annecy, Ubisoft Bucharest, Ubisoft Montpellier, Ubisoft Milan, Reflections",Ubisoft,0.0,steamspy,,True
804790,Tomato Jones - Episode 3 Demo,"Action, Adventure, Casual, Indie",,,,HA Studio Ltd.,HA Studio Ltd.,0.0,steamspy,,True
693220,Tomato Jones 2 Demo,"Action, Adventure, Casual, Indie, Simulation",,,,HA Studio Ltd.,HA Studio Ltd.,0.0,steamspy,,True
5670,Tomb Raider Legend Trailer,"Action, Adventure, Platformer, Puzzle, Shooter",,,,,,0.0,steamspy,,True
208807,Tomb Raider: Aviatrix Skin,"Action, Adventure",,,,"Crystal Dynamics, Eidos-Montréal, Feral Interactive (Mac), Feral Interactive (Linux)","Crystal Dynamics, Feral Interactive (Mac), Feral Interactive (Linux)",0.0,steamspy,,True
208817,Tomb Raider: Demolition Skin,"Action, Adventure",,,,"Crystal Dynamics, Eidos-Montréal, Feral Interactive (Mac), Feral Interactive (Linux)","Crystal Dynamics, Feral Interactive (Mac), Feral Interactive (Linux)",0.0,steamspy,,True
208808,Tomb Raider: Guerilla Skin,"Action, Adventure",,,,"Crystal Dynamics, Eidos-Montréal, Feral Interactive (Mac), Feral Interactive (Linux)","Crystal Dynamics, Feral Interactive (Mac), Feral Interactive (Linux)",0.0,steamspy,,True
208806,Tomb Raider: Hunter Skin,"Action, Adventure",,,,"Crystal Dynamics, Eidos-Montréal, Feral Interactive (Mac), Feral Interactive (Linux)","Crystal Dynamics, Feral Interactive (Mac), Feral Interactive (Linux)",0.0,steamspy,,True
7030,Tomb Raider: Legend Demo,"Action, Adventure, Platformer, Puzzle, Shooter",,,,Crystal Dynamics,"SQUARE ENIX, Eidos Interactive",0.0,steamspy,,True
208809,Tomb Raider: Mountaineer Skin,"Action, Adventure",,,,"Crystal Dynamics, Eidos-Montréal, Feral Interactive (Mac), Feral Interactive (Linux)","Crystal Dynamics, Feral Interactive (Mac), Feral Interactive (Linux)",0.0,steamspy,,True
208818,Tomb Raider: Sure-Shot Skin,"Action, Adventure",,,,"Crystal Dynamics, Eidos-Montréal, Feral Interactive (Mac), Feral Interactive (Linux)","Crystal Dynamics, Feral Interactive (Mac), Feral Interactive (Linux)",0.0,steamspy,,True
5134,Tomb Raider: Underworld - Beneath the Sea Gameplay Trailer,"Action, Adventure, Platformer, Puzzle, Shooter",,,,Crystal Dynamics Inc.,"SQUARE ENIX, Eidos Interactive",0.0,steamspy,,True
5135,Tomb Raider: Underworld - Mexico Gameplay Trailer,"Action, Adventure, Platformer, Puzzle, Shooter",,,,Crystal Dynamics Inc.,"SQUARE ENIX, Eidos Interactive",0.0,steamspy,,True
8150,Tomb Raider: Underworld Demo,"Action, Adventure, Platformer, Puzzle, Shooter",,,,Crystal Dynamics,Square Enix,0.0,steamspy,,True
890100,Tomb Reader: TrapLand Demo,"Adventure, Indie",,,,Tandem,Versus Studio,0.0,steamspy,,True
942100,Tomboys Need Love Too! Soundtrack,"Casual, Indie, Simulation",,,,Zetsubou,,0.0,steamspy,,True
518710,Tomoyo After - Original Soundtrack,"Adventure, Casual, RPG, Strategy",,,,VisualArts/Key,VisualArts,0.0,steamspy,,True
1052540,Toolboy,"Action, Adventure, Casual, Indie, Platformer, Puzzle",,,,Majestic Twelve,Art Games Studio S.A.,0.0,steamspy,,True
1769150,Toolnich Village,"Action, Adventure, Casual, Indie, RPG, Visual Novel",,,,Bionutul,Bionutul,0.0,steamspy,,True
698760,Tooth and Tail - Official Soundtrack,"Action, Casual, Indie, Strategy",,,,"Pocketwatch Games, Austin Wintory",Pocketwatch Games,0.0,steamspy,,True
5461,Torchlight Alchemist Trailer,"Action, Adventure, Indie, RPG",,,,,,0.0,steamspy,,True
41510,Torchlight Demo,"Action, Adventure, Indie, RPG",,,,Runic Games,Runic Games,0.0,steamspy,,True
5463,Torchlight Destroyer Trailer,"Action, Adventure, Indie, RPG",,,,Runic Games,Runic Games,0.0,steamspy,,True
219850,Torchlight II Demo,"Action, Adventure, Indie, RPG",,,,Runic Games,,0.0,steamspy,,True
81609,Torchlight II Trailer,"Action, Adventure, Indie, RPG",,,,,,0.0,steamspy,,True
82019,Torchlight II Trailer,"Action, Adventure, Indie, RPG",,,,Runic Games,,0.0,steamspy,,True
5462,Torchlight Vanquisher Trailer,"Action, Adventure, Indie, RPG",,,,Runic Games,Runic Games,0.0,steamspy,,True
367640,Toren - Soundtrack,"Adventure, Indie",,,,Swordtales,,0.0,steamspy,,True
645950,Toricky Demo,"Action, Adventure, Casual, Indie, Platformer, Puzzle, Strategy",,,,Atelier Melon-Kissa,"Atelier Melon-Kissa, OtakuMaker.com",0.0,steamspy,1.0,True
645890,Tormentor❌Punisher OST,"Action, Indie",,,,E-Studio,Raw Fury,0.0,steamspy,,True
347680,Tormentum - Dark Sorrow Demo,"Adventure, Indie",,,,OhNoo Studio,OhNoo Studio,0.0,steamspy,,True
246640,TorqueL prototype,"Action, Casual, Indie",,,,FullPowerSideAttack.com,,0.0,steamspy,,True
897870,Total 15: Soundtrack,"Casual, Indie",,,,Softwaves Mini,HandMade Games,0.0,steamspy,,True
81602,Total War - SHOGUN 2 Fall of the Samurai Acclaim Trailer,"Action, Strategy",,,,The Creative Assembly,,0.0,steamspy,,True
81612,Total War - SHOGUN 2 Fall of the Samurai Interview Trailer,"Action, Adventure, Strategy",,,,The Creative Assembly,,0.0,steamspy,,True
81603,Total War - SHOGUN 2 Fall of the Samurai Multiplayer Trailer,"Action, Adventure, Strategy",,,,The Creative Assembly,,0.0,steamspy,,True
82067,Total War Rome II Carthage Gameplay Trailer ESRB,"Action, Simulation, Strategy",,,,Creative Assembly,,0.0,steamspy,,True
81636,Total War SHOGUN 2 Dragon War Battle Pack Trailer,"Action, Strategy",,,,,,0.0,steamspy,,True
81877,Total War SHOGUN 2 Saints and Heroes COB Trailer,Strategy,,,,,,0.0,steamspy,,True
81876,Total War SHOGUN 2 Saints and Heroes ESRB Trailer,Strategy,,,,The Creative Assembly,,0.0,steamspy,,True
81878,Total War SHOGUN 2 Saints and Heroes PEGI Trailer,Strategy,,,,,,0.0,steamspy,,True
81879,Total War SHOGUN 2 Saints and Heroes USKTrailer,Strategy,,,,,,0.0,steamspy,,True
81449,Total War Shogun 2 Fall of the Samurai Trailer AUS,"Action, Adventure, Strategy",,,,,,0.0,steamspy,,True
81464,Total War Shogun 2 Fall of the Samurai Trailer DE,"Action, Adventure, Strategy",,,,,,0.0,steamspy,,True
81450,Total War Shogun 2 Fall of the Samurai Trailer ENG,"Action, Adventure, Strategy",,,,The Creative Assembly,,0.0,steamspy,,True
81453,Total War Shogun 2 Fall of the Samurai Trailer FR,"Action, Adventure, Strategy",,,,,,0.0,steamspy,,True
81451,Total War Shogun 2 Fall of the Samurai Trailer INT PEGI,"Action, Adventure, Strategy",,,,,,0.0,steamspy,,True
81458,Total War Shogun 2 Fall of the Samurai Trailer ITA,"Action, Adventure, Strategy",,,,,,0.0,steamspy,,True
81457,Total War Shogun 2 Fall of the Samurai Trailer POL,"Action, Adventure, Strategy",,,,,,0.0,steamspy,,True
81455,Total War Shogun 2 Fall of the Samurai Trailer SPA,"Action, Adventure, Strategy",,,,,,0.0,steamspy,,True
81454,Total War Shogun 2 Fall of the Samurai Trailer UK PEGI,"Action, Adventure, Strategy",,,,,,0.0,steamspy,,True
81498,Total War: SHOGUN 2 - Fall of the Samurai Announcement ESRB Trailer,"Action, Adventure, Strategy",,,,The Creative Assembly,,0.0,steamspy,,True
81497,Total War: SHOGUN 2 - Fall of the Samurai Story ESRB Trailer,"Action, Adventure, Strategy",,,,The Creative Assembly,,0.0,steamspy,,True
223180,Total War: SHOGUN 2 – Otomo Clan Pack DLC,Strategy,,,,"The Creative Assembly, Feral Interactive (Mac), Feral Interactive (Linux)","SEGA, Feral Interactive (Mac), Feral Interactive (Linux)",0.0,steamspy,,True
201272,Total War: Shogun 2 - Blood Pack DLC,Strategy,,,,"The Creative Assembly, Feral Interactive (Mac), Feral Interactive (Linux)","SEGA, Feral Interactive (Mac), Feral Interactive (Linux)",0.0,steamspy,,True
1037220,Totem Force Demo,"Adventure, Indie, RPG",,,,Hosted Games,Hosted Games,0.0,steamspy,,True
752490,Touhou Tenkuushou ~ Hidden Star in Four Seasons. Demo,"Action, Casual, Indie, Shooter",,,,上海アリス幻樂団,"Mediascape Co., Ltd.",0.0,steamspy,,True
1001510,Tower Behind the Moon Demo,"Adventure, Indie, RPG",,,,Choice of Games,Choice of Games,0.0,steamspy,,True
961630,Tower Hunter: Erza's Trial - OST,"Action, Adventure, Casual, Indie, RPG",,,,IceSitruuna,IceSitruuna,0.0,steamspy,,True
461740,Tower Unite - Original Soundtrack,"Action, Adventure, Casual, Indie, Massively Multiplayer",,,,William Reid,PixelTail Games,0.0,steamspy,,True
81910,Tower Wars Trailer,"Action, Indie, Strategy, Tower Defense",,,,SuperVillain Studios,,0.0,steamspy,,True
285370,Tower of Guns Soundtrack,"Action, Indie",,,,Terrible Posture Games,,0.0,steamspy,,True
2449630,Tower of Pandemonium,"Action, Indie, Metroidvania, Platformer, RPG",,,,"Freddy Guerra, Kevin Fagundez",Freddy Guerra,0.0,steamspy,,True
713280,Tower of Time Soundtrack,"RPG, Strategy",,,,Event Horizon,,0.0,steamspy,,True
632310,Tower!2011:SE - Frankfurt [EDDF] Airport DLC,"Indie, Simulation",,,,FeelThere,FeelThere,0.0,steamspy,,True
428140,TowerClimb - Extended Original Soundtrack,"Action, Adventure, Indie, RPG",,,,Davioware and Quazi,,0.0,steamspy,,True
337840,TowerFall Dark World Expansion,"Action, Adventure, Fighting, Indie, Platformer",,,,"Maddy Makes Games Inc., Extremely OK Games, Ltd.",Maddy Makes Games Inc.,0.0,steamspy,,True
648420,Town of Salem - Original Sound Track,"Indie, RPG, Strategy",,,,BlankMediaGames,,0.0,steamspy,,True
466930,Townopolis Demo,"Casual, Indie, Simulation, Strategy",,,,Lonely Troops,Lonely Troops,0.0,steamspy,,True
221030,Towns Demo,"Adventure, Casual, City Builder, Indie, RPG, Simulation, Strategy, Survival",,,,"Xavi Canal, Ben Palgi",,0.0,steamspy,,True
81595,Toy Soldier Trailer,"Action, Casual, Simulation, Strategy, Tower Defense",,,,Signal Studios,Microsoft Games Studios,0.0,steamspy,,True
81618,Toy Soldiers Trailer,"Action, Casual, Simulation, Strategy, Tower Defense",,,,Signal Studios,,0.0,steamspy,,True
1586830,Toy Tinker Simulator: BETA,"Casual, Indie, Simulation",,,,Turquoise Revival Games,"GrabTheGames, WhisperGames",0.0,steamspy,,True
1510570,Toy Tinker Simulator: Prologue,"Casual, Indie, Simulation",,,,Turquoise Revival Games,GrabTheGames,0.0,steamspy,,True
618110,Toymaker Demo,"Indie, RPG",,,,Red Skald,Red Skald,0.0,steamspy,,True
953,TrackMania United Trailer,Racing,,,,,,0.0,steamspy,,True
264660,TrackMania² Valley Demo,"Racing, Sports",,,,Nadeo,Ubisoft,0.0,steamspy,,True
468890,Trackday Manager Demo,"Racing, Simulation, Sports, Strategy",,,,Arctic Hazard Game Studio a/s,Arctic Hazard Game Studio a/s,0.0,steamspy,,True
5031,Trackmania Nations Forever Trailer,"Action, Adventure, Casual, Indie, Massively Multiplayer, Racing, Simulation, Sports",,,,,,0.0,steamspy,,True
456400,Trackmania Turbo Demo,"Action, Massively Multiplayer, Racing",,,,Nadeo,Ubisoft,0.0,steamspy,33.0,True
5047,Trackmania United Forever Trailer,Racing,,,,,,0.0,steamspy,,True
600730,Trackmania² Lagoon Demo,"Racing, Sports",,,,Nadeo,Ubisoft,0.0,steamspy,63.0,True
735400,Tractorball Demo,"Action, Indie, Racing, Sports",,,,Ninja Whale Studios,Ninja Whale Studios,0.0,steamspy,,True
3252940,Tradiecraft Tool Trials,"Action, Adventure, Indie, Platformer, Puzzle, Roguelike, Simulation, Strategy",,,,"Eureka Learning Network Pty Ltd, ELN Game Studio","Eureka Learning Network Pty Ltd, ELN Game Studio",0.0,steamspy,,True
1248140,Trailer Trashers,"Action, Indie, Shooter",,,,Sakari Games,Sakari Games,0.0,steamspy,,True
840460,Trailmakers Demo,"Action, Adventure, Indie, Racing, Simulation, Survival",,,,Flashbulb,Flashbulb,0.0,steamspy,,True
376972,Train Simulator: Clear Creek Log & Lumber Expansion Pack Add-On,Simulation,,,,Romantic Railroads,Dovetail Games - Trains,0.0,steamspy,,True
562380,Train Simulator: Corris Railway Expansion Pack Loco Add-On,Simulation,,,,Skyhook Games,Dovetail Games - Trains,0.0,steamspy,,True
492480,Train Valley - Original Soundtrack,"Casual, Indie, Simulation, Strategy",,,,"Alexander Ahura, Alexey Davydov, Sergey Dvoynikov, Timofey Shargorodskiy",,0.0,steamspy,,True
380930,Train Valley Demo,"Indie, Simulation, Strategy",,,,"Alexey Davydov, Sergey Dvoynikov, Timofey Shargorodskiy",Flazm,0.0,steamspy,,True
937680,Trainz 2019 DLC - Trainz Route: Rostovsky Uzel,Simulation,,,,N3V Games,,0.0,steamspy,,True
650370,Trainz 2019 DLC: Andrushivka - Vinnitsa UZ,Simulation,,,,N3V Games,,0.0,steamspy,,True
620490,Trainz 2019 DLC: Avmz Intercity 71,Simulation,,,,N3V Games,,0.0,steamspy,,True
664280,Trainz 2019 DLC: BNSF GP38-2 Pumpkins (2 Pack),Simulation,,,,N3V Games,,0.0,steamspy,,True
598900,Trainz 2019 DLC: Chicago & North Western GE C40-8,Simulation,,,,N3V Games,,0.0,steamspy,,True
1016620,Trainz 2019 DLC: Kickstarter County (TANE),Simulation,,,,N3V Games,N3V Games,0.0,steamspy,,True
663280,Trainz 2019 DLC: Legacy of the Burlington Northern II,Simulation,,,,N3V Games,,0.0,steamspy,,True
599690,Trainz 2019 DLC: Nickel Plate High Speed Freight,Simulation,,,,N3V Games,,0.0,steamspy,,True
664330,Trainz 2019 DLC: Shmmns Coil Transporter,Simulation,,,,N3V Games,,0.0,steamspy,,True
80895,Trainz Simulator 12 - Gameplay Trailer,Simulation,,,,,,0.0,steamspy,,True
24673,Trainz Simulator DLC: Aerotrain,Simulation,,,,N3V Games,N3V Games,0.0,steamspy,,True
24678,Trainz Simulator DLC: BR Class 14,Simulation,,,,N3V Games,N3V Games,0.0,steamspy,,True
318050,Trainz Simulator DLC: CONTZ Pack - Basic Edition,Simulation,,,,N3V Games,N3V Games,0.0,steamspy,,True
317690,Trainz Simulator DLC: CONTZ Pack - Standard Edition,Simulation,,,,N3V Games,,0.0,steamspy,,True
24677,Trainz Simulator DLC: Coronation Scot,Simulation,,,,N3V Games,N3V Games,0.0,steamspy,,True
238991,Trainz Simulator DLC: Nickel Plate High Speed Freight Set,Simulation,,,,N3V Games,,0.0,steamspy,,True
24676,Trainz Simulator DLC: PRR T1,Simulation,,,,N3V Games,N3V Games,0.0,steamspy,,True
318960,Trainz Simulator DLC: SNCF - AGC Languedoc,Simulation,,,,N3V Games,N3V Games,0.0,steamspy,,True
24679,Trainz Simulator DLC: SS4 China Coal Heavy Haul Pack,Simulation,,,,N3V Games,N3V Games,0.0,steamspy,,True
383320,Transcendence - Eternity Port Expansion,"Action, Indie, RPG",,,,Kronosaur Productions,Kronosaur Productions,0.0,steamspy,,True
217160,Transcripted Demo,"Action, Casual, Indie, Puzzle, Shooter",,,,Alkemi,Topware Interactive,0.0,steamspy,,True
81813,Transformers Fall of Cybertron Our World Trailer,"Action, Adventure, Shooter",,,,Mercenary Technologies,Activision,0.0,steamspy,,True
5775,Transformers Reveal Trailer,"Action, Adventure, Shooter",,,,High Moon Studios,Activision,0.0,steamspy,,True
727770,Trap Labs Demo,"Action, Adventure, Casual, Indie, Platformer, Puzzle, Racing",,,,Packet1337 Inc.,Packet1337 Inc.,0.0,steamspy,,True
1050360,Trap Shrine Original Soundtrack,"Adventure, Casual",,,,No Strike,Eroge Japan,0.0,steamspy,,True
80925,Trapped Dead Trailer,"Action, Adventure, Strategy",,,,,,0.0,steamspy,,True
341848,Trapper Blood Eagle Skin Pack,Action,,,,Turtle Rock Studios,2K,0.0,steamspy,,True
875371,Trash Story Soundtrack,Casual,,,,KuKo,KuKo,0.0,steamspy,,True
1355050,Traurig Secrets: Prologue,"Adventure, Casual, Horror, Visual Novel",,,,Nebereal's,Nebereal's,0.0,steamspy,,True
745170,Treadnauts Demo,"Action, Casual, Fighting, Indie, Platformer",,,,Topstitch Games,Topstitch Games,0.0,steamspy,,True
785080,Treasure Adventure World - Official Soundtrack & Instruction Booklet,"Adventure, Indie",,,,Robit Games,,0.0,steamspy,,True
508640,Treasure of a blizzard Demo,"Adventure, Casual, Indie, Visual Novel",,,,Flaming Firefly,Flaming Firefly,0.0,steamspy,,True
810240,Tren0 OriginalSoundtrack,"Adventure, Casual, Indie, RPG",,,,Bubble,Bubble,0.0,steamspy,,True
1019140,Trenchfoot Demo,"Action, Indie",,,,Cocompadres,Cocompadres,0.0,steamspy,,True
841170,Trendpoker 3D Community Edition Demo,"Card & Board, Casual, Indie, Massively Multiplayer, Simulation, Sports, Strategy",,,,BufoProject,BufoProject,0.0,steamspy,,True
455920,Trial by Viking Demo,"Action, Adventure, Indie, Platformer, Puzzle",,,,Last Life Games,Last Life Games,0.0,steamspy,,True
711330,Trial of the Demon Hunter,"Adventure, Indie, RPG",,,,Hosted Games,Hosted Games,0.0,steamspy,,True
711340,Trial of the Demon Hunter Demo,"Adventure, Indie, RPG",,,,Hosted Games,Hosted Games,0.0,steamspy,,True
5044,Trials 2 - Bumps 'n Bruises Trailer,"Indie, Racing, Sports",,,,Redlynx,RedLynx Ltd.,0.0,steamspy,,True
5045,Trials 2 - Rollin' and Tumblin' Trailer,"Indie, Racing, Sports",,,,Redlynx,RedLynx Ltd.,0.0,steamspy,,True
5046,Trials 2 - Throttle to the Max Trailer,"Indie, Racing, Sports",,,,Redlynx,RedLynx Ltd.,0.0,steamspy,,True
5043,Trials 2 Official Trailer,"Indie, Racing, Sports",,,,Redlynx,RedLynx Ltd.,0.0,steamspy,,True
16610,Trials 2: Second Edition Demo,"Indie, Racing, Sports",,,,Redlynx,RedLynx Ltd.,0.0,steamspy,,True
228860,Trials Evolution Gold Edition - Demo,"Action, Platformer, Racing, Simulation, Sports",,,,"Redlynx Ltd, Ubisoft  Shanghaï",Ubisoft,0.0,steamspy,,True
294260,Trials Fusion Demo,Racing,,,,"RedLynx, in collaboration with  Ubisoft Shanghai, Ubisoft Kiev",Ubisoft,0.0,steamspy,,True
287330,Trials Fusion Season Pass,Racing,,,,"RedLynx, in collaboration with  Ubisoft Shanghai",Ubisoft,0.0,steamspy,,True
924181,Trials Rising - Expansion Pass,Racing,,,,"RedLynx, Ubisoft Kiev",Ubisoft,0.0,steamspy,,True
810390,Trials of the Gauntlet - Soundtrack,Indie,,,,Nathan Andre,,0.0,steamspy,,True
688010,Trials of the Thief-Taker Demo,"Adventure, Indie, RPG",,,,Choice of Games,Choice of Games,0.0,steamspy,,True
775700,Trianga's Project: Battle Splash 2.0 Demo,"Action, Casual, Indie, Shooter",,,,Dranya Studio,Dranya Studio,0.0,steamspy,,True
703160,Tribal Pass - OST & Art,"Action, Adventure, Indie",,,,"Tribe Tea, Stas Shostak, Evgeniy Yudin, Alexzander Protasenya, Ruslan Viter",,0.0,steamspy,,True
1106880,Tribes of Midgard - Open Beta,"Action, Adventure, Indie, RPG, Survival, Tower Defense",,,,Norsfell,Gearbox Publishing,0.0,steamspy,,True
81794,Tribes: Ascend Announcement Trailer,"Action, Adventure, Massively Multiplayer, RPG, Shooter",,,,,,0.0,steamspy,,True
81795,Tribes: Ascend Focus Trailer,"Action, Adventure, Massively Multiplayer, RPG, Shooter",,,,,,0.0,steamspy,,True
1043820,Tricky Cat - Soundtrack,Casual,,,,NanningsGames,NanningsGames,0.0,steamspy,,True
506920,Tricky Towers - Original Soundtrack,Indie,,,,WeirdBeard,,0.0,steamspy,,True
734400,Tricolour Lovestory OST,"Adventure, Casual, Indie",,,,HL-Galgame,SakuraGame,0.0,steamspy,,True
1009250,Trikumax Demo,"Action, Adventure, Indie",,,,"Gestmorph Games, Doryan Nelson Studios","Gestmorph Games, Doryan Nelson Studios",0.0,steamspy,,True
5676,Trine - Path To New Dawn Trailer,"Action, Adventure, Casual, Indie, Platformer, Puzzle",,,,Frozenbyte,Frozenbyte,0.0,steamspy,,True
81243,Trine 2 Co-op Trailer,"Action, Adventure, Casual, Indie, Platformer, Puzzle, RPG",,,,,,0.0,steamspy,,True
204260,Trine 2 Demo,"Action, Adventure, Casual, Indie, Platformer, Puzzle, RPG",,,,Frozenbyte,Frozenbyte,0.0,steamspy,,True
82001,Trine 2 Goblin Menace Trailer,"Action, Adventure, Casual, Indie, Platformer, Puzzle, RPG",,,,,,0.0,steamspy,,True
35710,Trine Demo,"Action, Adventure, Casual, Indie, Platformer, Puzzle",,,,Frozenbyte,Frozenbyte,0.0,steamspy,,True
5300,Trine Teaser Trailer,"Action, Adventure, Casual, Indie, Platformer, Puzzle",,,,,,0.0,steamspy,,True
5301,Trine Trailer,"Action, Adventure, Casual, Indie, Platformer, Puzzle",,,,,,0.0,steamspy,,True
5341,Trine Trailer 4,"Action, Adventure, Casual, Indie, Platformer, Puzzle",,,,,,0.0,steamspy,,True
2140810,Trinity Building Editor,"Casual, City Builder, Indie, Simulation",,,,Octopus Entertainment LTD,Octopus Entertainment LTD,0.0,steamspy,,True
897130,Trinity Demo,"Action, Adventure, Indie, Puzzle",,,,Maelstrom Rabbit,Maelstrom Rabbit,0.0,steamspy,,True
845970,Trivia Vault: Movie Trivia,"Action, Casual, Indie, Simulation, Strategy",,,,Ripknot Systems,Ripknot Systems,0.0,steamspy,,True
358142,Tropical Paradise Costume & Movie Set,Action,,,,"Team NINJA, KOEI TECMO GAMES CO., LTD.","KOEI TECMO GAMES CO., LTD.",0.0,steamspy,,True
57696,Tropico 4: Junta Military DLC,"Simulation, Strategy",,,,Haemimont Games,Kalypso Media Digital,0.0,steamspy,,True
205633,Tropico 4: Megalopolis DLC,"Simulation, Strategy",,,,Haemimont Games,Kalypso Media Digital,0.0,steamspy,,True
205632,Tropico 4: Pirate Heaven DLC,"Simulation, Strategy",,,,Haemimont Games,Kalypso Media Digital,0.0,steamspy,,True
57695,Tropico 4: Plantador DLC,"Simulation, Strategy",,,,Haemimont Games,Kalypso Media Digital,0.0,steamspy,,True
57697,Tropico 4: Quick-dry Cement DLC,"Simulation, Strategy",,,,Haemimont Games,Kalypso Media Digital,0.0,steamspy,,True
205634,Tropico 4: Vigilante DLC,"Simulation, Strategy",,,,Haemimont Games,Kalypso Media Digital,0.0,steamspy,,True
205638,Tropico 4: Voodoo DLC,"Simulation, Strategy",,,,Haemimont Games,Kalypso Media Digital,0.0,steamspy,,True
566260,Trouble Witches Origin Soundtrack,"Action, Indie",,,,Studio SiestA,"Rocket-Engine Co., Ltd.",0.0,steamspy,,True
462050,Trove - Soundtrack Vol. 1,"Action, Adventure, Casual, Massively Multiplayer, RPG",,,,Trion Worlds,Trion Worlds,0.0,steamspy,,True
1049050,Truberbrook - Travel Guide,"Adventure, Indie",,,,btf,Headup,0.0,steamspy,,True
501750,True Love ～Confide to the Maple～ - Original Soundtrack,"Adventure, Casual, Indie",,,,SP-time,SP-time,0.0,steamspy,,True
420250,True Lover's Knot Soundtrack,"Casual, Simulation",,,,Sapphire Dragon Productions,,0.0,steamspy,,True
521850,True or False - Expansion Pack,Casual,,,,Vladimir Maslov,,0.0,steamspy,,True
820370,Truth Of Falchion: Soundtrack,"Action, Adventure, Casual, Indie, RPG",,,,Modii Games,Modii Games Int.,0.0,steamspy,,True
783750,Truth: Disorder - Soundtrack,Indie,,,,JustE A,JustE Publishing,0.0,steamspy,,True
1106720,Try 'n Cry - Prologue,"Action, Adventure, Horror, Indie, Puzzle",,,,Crystalia Games,Crystalia Games,0.0,steamspy,,True
823870,Try To Fall Asleep Demo,"Action, Adventure, Horror, Indie, Simulation",,,,Amberdrop,Amberdrop,0.0,steamspy,,True
221770,Tryst Demo,"Action, Indie, Strategy",,,,Bluegiant Interactive,BlueGiant Interactive,0.0,steamspy,,True
82026,Tryst Gameplay Trailer,"Action, Indie, Strategy",,,,BlueGiant Interactive,BlueGiant Interactive,0.0,steamspy,,True
81926,Tryst Trailer,"Action, Indie, Strategy",,,,BlueGiant Interactive Private Limited,BlueGiant Interactive Private Limited,0.0,steamspy,,True
795170,Tsundere Idol: My Personal M-Pet Demo,"Adventure, Casual, Visual Novel",,,,Norn / Miel,Cherry Kiss Games,0.0,steamspy,,True
1419860,Tukoni: Prologue,"Adventure, Casual, Indie, Platformer, Puzzle",,,,"Dream Operator, Oksana Bula",Dream Operator,0.0,steamspy,,True
630290,TumbleSeed - Original Soundtrack,"Action, Adventure, Indie",,,,"Benedict Fritz, Greg Wohlwend, Joel Corelitz, David Laskey, Jenna Blazevich",,0.0,steamspy,,True
488560,Tumbleweed Express Soundtrack,"Action, Adventure, Indie",,,,"The Dirigiballers, LLC",,0.0,steamspy,,True
58410,Turba Demo,"Casual, Indie",,,,Binary Takeover,Binary Takeover,0.0,steamspy,,True
533810,Turbo Pug Soundtrack,"Casual, Indie",,,,"SnowFlame, Back To Basics Gaming",Back To Basics Gaming,0.0,steamspy,,True
539310,Turmoil Original Soundtrack,"Indie, Simulation, Strategy",,,,Gamious,,0.0,steamspy,,True
503890,Turner - Soundtrack,Indie,,,,Bean Boy Games,Bean Boy Games,0.0,steamspy,,True
938540,Twenty One: Soundtrack,"Adventure, Casual, Indie, Strategy",,,,Softwaves Mini,HandMade Games,0.0,steamspy,,True
27910,Twin Sector Demo,"Action, Adventure, Puzzle",,,,DnS Development,Headup Games,0.0,steamspy,,True
384560,Two Digits - Soundtrack,"Casual, Indie",,,,Cleverweek,Cleverweek,0.0,steamspy,,True
80507,Two Worlds 2 Trailer,"Action, Adventure, RPG",,,,,,0.0,steamspy,,True
633980,Two Worlds II - CoT Soundtrack,RPG,,,,Reality Pump Studios,TopWare Interactive,0.0,steamspy,,True
302030,Two Worlds II - Pirates of the Flying Fortress Strategy Guide,RPG,,,,Reality Pump Studios,TopWare Interactive,0.0,steamspy,,True
633961,Two Worlds II - PotFF Soundtrack,RPG,,,,Reality Pump Studios,TopWare Interactive,0.0,steamspy,,True
633960,Two Worlds II - Soundtrack,RPG,,,,Reality Pump Studios,,0.0,steamspy,,True
302020,Two Worlds II Strategy Guide,RPG,,,,Reality Pump Studios,TopWare Interactive,0.0,steamspy,,True
80505,Two Worlds II Trailer,"Action, Adventure, RPG",,,,,,0.0,steamspy,,True
80506,Two Worlds II Trailer PEGI,"Action, Adventure, RPG",,,,,,0.0,steamspy,,True
637030,Two Worlds Soundtrack by Harold Faltermayer,RPG,,,,Reality Pump Studios,TopWare Interactive,0.0,steamspy,,True
703830,Tyd wag vir Niemand Demo,"Adventure, Indie, Platformer",,,,Skobbejak Games,Skobbejak Games,0.0,steamspy,,True
541280,Typoman Soundtrack by SonicPicnic,Indie,,,,Brainseed Factory,Brainseed Factory,0.0,steamspy,,True
854420,Tyr: Chains of Valhalla Demo,"Action, Adventure, Indie, Platformer",,,,Ennui Studio,Ennui Studio,0.0,steamspy,,True
707480,Tyranny - Official Soundtrack Deluxe Edition,"Adventure, RPG",,,,Obsidian Entertainment,,0.0,steamspy,,True
594520,UAYEB Demo,"Action, Adventure, Indie, Platformer, Puzzle, Survival",,,,ICA GAMES,ICA GAMES,0.0,steamspy,,True
366420,UBERMOSH: Original Soundtrack,"Action, Indie",,,,Walter Machado,,0.0,steamspy,,True
1386940,UEBERNATURAL: The Video Game - Prologue,"Action, Adventure, Horror, Indie, Platformer",,,,ILIKESCIFI Games,ILIKESCIFI Games,0.0,steamspy,,True
373450,UFHO2 - Game Soundtrack,"Indie, Strategy",,,,"Tiny Colossus, Ciro Continisio, Francesco D'Andrea",,0.0,steamspy,,True
1771880,UNDEMON,"Action, Adventure, Horror, Indie, Platformer, Puzzle",,,,WEST SUN,WEST SUN,0.0,steamspy,,True
905680,UNDER NIGHT IN-BIRTH ExeLate[st] - ORIGINAL SOUNDTRACK 「Force of Fragment」,Action,,,,FRENCH-BREAD,Arc System Works,0.0,steamspy,,True
391570,UNDERTALE Soundtrack,"Indie, RPG",,,,tobyfox,,0.0,steamspy,,True
471610,UNO Demo,"Action, Card & Board, Casual, Simulation, Strategy, Survival",,,,Ubisoft Entertainment,Ubisoft Entertainment,0.0,steamspy,,True
673080,UNTITLED Demo,"Casual, Indie, Puzzle",,,,Bean Boy Games,Bean Boy Games,0.0,steamspy,,True
895880,URO Original Soundtrack,"Adventure, Casual, Indie",,,,AECRNIA,AnelaGamesStudio,0.0,steamspy,,True
306610,USFIV: 2014 Challengers Costume Pack,Action,,,,Capcom,Capcom,0.0,steamspy,,True
894280,Ultimate Arena Demo,"Action, Indie, Shooter",,,,"Kenneth Caselli, Gianmarco Rocco",AceGamer Network,0.0,steamspy,,True
493070,Ultimate Chicken Horse Soundtrack,"Action, Adventure, Casual, Indie",,,,Clever Endeavour Games,Clever Endeavour Games,0.0,steamspy,,True
1601190,Ultimate Demolition,"Casual, Indie, Platformer, Puzzle",,,,Yang Sun,Yang Sun,0.0,steamspy,,True
1055290,Ultimate Fishing Simulator - Greenland DLC,"Adventure, Casual, Indie, Simulation, Sports",,,,"Bit Golem, Ultimate Games S.A.",Ultimate Games S.A.,0.0,steamspy,,True
994210,Ultimate Fishing Simulator - Kariba Dam DLC,"Casual, Indie, Simulation, Sports",,,,"Bit Golem, Ultimate Games S.A.",Ultimate Games S.A.,0.0,steamspy,,True
970640,Ultimate Fishing Simulator - Moraine Lake DLC,"Adventure, Casual, Indie, Massively Multiplayer, Simulation, Sports",,,,"Bit Golem, Ultimate Games S.A.",Ultimate Games S.A.,0.0,steamspy,,True
1974400,Ultimate Obstacle Course - Prologue,"Action, Adventure, Platformer, Racing, Sports",,,,Dark Slope,Dark Slope,0.0,steamspy,,True
325570,Ultratron Soundtrack,"Action, Indie",,,,Puppygames,,0.0,steamspy,,True
426650,Umbra: Shadow of Death Demo,"Action, Indie",,,,Colludium Ltd,Colludium Ltd,0.0,steamspy,,True
892870,UnHolY DisAsTeR Original Sound Track,"Action, Indie",,,,UnholY CreatioN,,0.0,steamspy,,True
531210,Unbox Demo,"Action, Adventure, Indie, Platformer",,,,Prospect Games,Prospect Games,0.0,steamspy,,True
525960,Unbox OST,"Action, Adventure, Indie",,,,Prospect Games,Prospect Games,0.0,steamspy,,True
360140,Uncanny Valley - Soundtrack,Indie,,,,Tiny Mold,Tiny Mold,0.0,steamspy,,True
364920,Uncanny Valley Demo,"Adventure, Indie",,,,Cowardly Creations,Cowardly Creations,0.0,steamspy,,True
749640,Undead Demo,"Action, Adventure, Indie, Massively Multiplayer, Strategy",,,,KNP,KNP,0.0,steamspy,,True
451810,UnderEarth Demo,"Adventure, Indie, Puzzle, Survival",,,,CrackerJack Games llc,CrackerJack Games llc,0.0,steamspy,,True
786300,Undercover Agent Demo,"Adventure, Indie, RPG",,,,Choice of Games,Choice of Games,0.0,steamspy,,True
939770,Underground Keeper Demo,"Casual, Indie, Puzzle",,,,Render System,Render System,0.0,steamspy,,True
726670,Underhero Demo,"Adventure, Indie, Platformer, Puzzle, RPG",,,,Paper Castle Games,Paper Castle Games,0.0,steamspy,,True
379200,Undone: Project Nightmare Demo,"Action, Adventure, Horror, Indie",,,,"Seth O'Dale, Zeph McKinnon",ZS Productions,0.0,steamspy,,True
542040,Unepic - OST,"Action, Indie, RPG",,,,@unepic_fran,Unepic Games,0.0,steamspy,,True
1492000,Unfolded : Camellia Tales - Prologue,Adventure,,,,COSDOTS,COSDOTS,0.0,steamspy,,True
795650,Unforgiving - A Northern Hymn: Soundtrack and Art Book,"Action, Adventure, Indie",,,,Angry Demon Studio,,0.0,steamspy,,True
374100,Unhack - Digital Artbook,"Indie, Platformer, Puzzle, Visual Novel",,,,InvertMouse,InvertMouse,0.0,steamspy,,True
343720,Unhack - Original Soundtrack,"Indie, Platformer, Puzzle, Visual Novel",,,,InvertMouse,InvertMouse,0.0,steamspy,,True
444611,Unhack 2 - Digital artbook,Indie,,,,InvertMouse,InvertMouse,0.0,steamspy,,True
444610,Unhack 2 - Digital soundtrack,Indie,,,,InvertMouse,InvertMouse,0.0,steamspy,,True
444600,Unhack 2 Demo,"Indie, Visual Novel",,,,InvertMouse,InvertMouse,0.0,steamspy,,True
340890,Unhack Demo,"Indie, Puzzle, Visual Novel",,,,InvertMouse,InvertMouse,0.0,steamspy,,True
254150,Unholy Heights Demo,"Casual, Indie, Simulation, Strategy, Tower Defense",,,,Petit Depotto,PLAYISM,0.0,steamspy,,True
857830,Unicorn Dungeon Demo,"Adventure, Indie",,,,Stand Off Software,Stand Off Software,0.0,steamspy,,True
258420,Unity of Command - Black Turn DLC,"Indie, Strategy",,,,2x2 Games,,0.0,steamspy,,True
218100,Unity of Command - Red Turn DLC,"Indie, Strategy",,,,2x2 Games,"2x2 Games, Dvaput",0.0,steamspy,,True
223920,Unity of Command: Stalingrad Campaign Demo,"Indie, Puzzle, Strategy",,,,2x2 Games,"Dvaput, 2x2 Games",0.0,steamspy,,True
80776,Universe Sandbox Trailer,"Casual, Indie, Simulation",,,,,,0.0,steamspy,,True
218350,Unmechanical Demo,"Adventure, Casual, Indie",,,,Talawa Games,Teotl Studios,0.0,steamspy,,True
81923,Unmechanical Trailer,"Adventure, Casual, Indie, Platformer, Puzzle",,,,Talawa Games,,0.0,steamspy,,True
886170,Unnatural Demo,"Adventure, Indie, RPG",,,,Hosted Games,Hosted Games,0.0,steamspy,,True
585400,Unreal Heroes Demo,"Action, Indie, Massively Multiplayer",,,,OxPrime Studio,OxPrime Studio,0.0,steamspy,2.0,True
304520,Unrest Demo,"Adventure, Indie, RPG",,,,Pyrodactyl,KISS ltd,0.0,steamspy,,True
206290,Unstoppable Gorg Demo,"Action, Casual, Indie, Strategy, Tower Defense",,,,Futuremark Games Studio,,0.0,steamspy,,True
81371,Unstoppable Gorg Gameplay Trailer,"Action, Casual, Indie, Strategy, Tower Defense",,,,Futuremark Games Studio,,0.0,steamspy,,True
81372,Unstoppable Gorg Launch Trailer,"Action, Casual, Indie, Strategy, Tower Defense",,,,Futuremark Games Studio,,0.0,steamspy,,True
959080,Unsung Warriors - Prologue,"Action, Adventure, Indie, Platformer, RPG",,,,Osarion,Osarion,0.0,steamspy,,True
507540,Until I Have You Demo,"Indie, Platformer",,,,Wormwood Studios,Digital Tribe,0.0,steamspy,,True
473660,Until I Have You OST,Indie,,,,Wormwood Studios,,0.0,steamspy,,True
806440,Unveloped Demo,"Adventure, Casual, Indie",,,,Lazy Gaming,Lazy Gaming,0.0,steamspy,,True
929,Uplink Trailer,"Indie, Puzzle, Simulation, Strategy",,,,,,0.0,steamspy,,True
457000,"Upwards, Lonely Robot Demo","Adventure, Casual, Indie, Platformer",,,,Random Layers,Kasedo Games,0.0,steamspy,,True
254240,Urban Trials Freestyle Demo,"Action, Racing, Simulation, Sports",,,,Tate Multimedia,,0.0,steamspy,,True
3047680,Utility for the Soul,"Adventure, Casual, Puzzle, Visual Novel",,,,Weekend Warriors,Lithuanian National Museum of Art,0.0,steamspy,,True
683420,V: Soundtrack,Indie,,,,Creability,Creability,0.0,steamspy,,True
556760,VALKYRIE DRIVE Complete DLC Pack,Action,,,,"Meteorise, HONEY∞PARADE GAMES",Marvelous,0.0,steamspy,,True
1173330,VELVETIST: Prototype,"Action, Adventure, Indie",,,,SiCzech Arts,SiCzech Arts,0.0,steamspy,,True
568620,VERSUS: The Elite Trials Demo,"Adventure, Indie, RPG",,,,Choice of Games,Choice of Games,0.0,steamspy,,True
700370,VR Battleship YAMATO Demo,"Adventure, Casual",,,,Kanda Technologies,Kanda Technologies Inc.,0.0,steamspy,,True
826480,VR Benchmark Kanojo,Horror,,,,ILLUSION,ILLUSION,0.0,steamspy,,True
744080,VR Demo,"Casual, Simulation",,,,"CRAVA, Inc.","CRAVA, Inc.",0.0,steamspy,,True
704470,VR Furballs - Demolition,"Casual, Indie, Puzzle, Simulation",,,,Gamily Studios,Gamily Studios,0.0,steamspy,,True
843070,VR Furballs - Demolition Demo,"Casual, Indie, Puzzle",,,,Gamily Studios,Gamily Studios,0.0,steamspy,,True
970980,VR INTERACTIVE TRAILER: Runes,"Action, Adventure, Indie",,,,StormBorn Studio,StormBorn Studio,0.0,steamspy,,True
561820,VR Photo Viewer Demo,Indie,,,,SprocketVR,SprocketVR,0.0,steamspy,,True
503670,VR Shooter Guns Demo,"Action, Indie",,,,Cykyria,Cykyria,0.0,steamspy,,True
720260,VR Triber Demo,"Action, Adventure, Casual, Indie, Massively Multiplayer, Racing, Simulation, Sports",,,,VR Triber,VR Triber,0.0,steamspy,,True
549920,VRchaeology: Prologue,"Adventure, Casual",,,,Play Nicely,Play Nicely,0.0,steamspy,,True
700550,VRobot Demo,"Action, Indie, Simulation",,,,Luden.io,Nival,0.0,steamspy,,True
616100,VRog Demo,"Action, Indie",,,,ByteRockers' Games,ByteRockers' Games,0.0,steamspy,,True
503170,VRporize - VR FPS Demo,"Action, Indie",,,,Mercury Aerospace Industries,Mercury Aerospace Industries,0.0,steamspy,,True
70310,VVVVVV Demo,"Action, Adventure, Indie, Metroidvania, Platformer, Puzzle",,,,Terry Cavanagh,Terry Cavanagh,0.0,steamspy,,True
1304660,Vagrus - The Riven Realms: Demo (Prologue),"Adventure, RPG, Strategy",,,,Lost Pilgrims Studio,Lost Pilgrims Studios,0.0,steamspy,,True
488220,Valcarta: Rise of the Demon,"Indie, RPG",,,,Blacksword Games,Blacksword Games,0.0,steamspy,,True
860720,ValeGuard Soundtrack,"Casual, Indie, RPG, Simulation, Strategy",,,,Lost Tower Games,,0.0,steamspy,,True
3066490,Valet Simulator: Prologue,"Casual, Horror, Indie, Platformer, Simulation",,,,ToD Game Studio,ToD Game Studio,0.0,steamspy,,True
1100810,Valguero - ARK Expansion Map,"Action, Adventure, Indie, Massively Multiplayer, RPG, Survival",,,,"Studio Wildcard, Instinct Games, Efecto Studios, Virtual Basement LLC","Snail Games USA, Studio Wildcard",0.0,steamspy,,True
456730,Valhalla Hills: Fire Mountains DLC,"Indie, Simulation, Strategy",,,,Funatics Software,Daedalic Entertainment,0.0,steamspy,,True
437430,Valhalla Hills: Sand of the Damned DLC,"Indie, Simulation, Strategy",,,,Funatics Software,Daedalic Entertainment,0.0,steamspy,,True
292050,"Valkyrie Hat (or ""Buy Us Coffee"") DLC for Secrets of Grindea","Action, Indie, RPG",,,,Pixel Ferrets,Pixel Ferrets,0.0,steamspy,,True
494420,Valley - Soundtrack,"Action, Adventure, Indie",,,,Blue Isle Studios,Blue Isle Studios,0.0,steamspy,,True
328780,Vampires: Guide Them to Safety!,"Indie, Puzzle",,,,CBE software,CBE software,0.0,steamspy,,True
329180,Vampires: Guide Them to Safety! - Soundtrack,Indie,,,,CBE software s.r.o.,CBE software s.r.o.,0.0,steamspy,,True
728850,Vampyr - The Hunters Heirlooms DLC,"Action, RPG",,,,DONTNOD Entertainment,Focus Entertainment,0.0,steamspy,,True
241210,Van Helsing I. Complete Pack Demo,"Action, Adventure, Indie, RPG",,,,NeocoreGames,,0.0,steamspy,,True
215533,Van Helsing: Veteran Multiplayer Skin,"Action, Adventure, Indie, RPG",,,,NeocoreGames,NeocoreGames,0.0,steamspy,,True
511170,Vanguard Princess Artwork and Soundtrack,"Action, Casual, Indie",,,,Tomoaki Sugeno,,0.0,steamspy,,True
378380,Vapour Demo,"Action, Adventure, Horror, Indie, Platformer, Puzzle, Shooter",,,,Skobbejak Games,Skobbejak Games,0.0,steamspy,,True
378061,Vapour: Part 1 (Soundtrack),"Action, Adventure, Horror, Indie, Platformer, Puzzle, Shooter",,,,"Skobbejak Games, Skermunkel","Skermunkel, Skobbejak Games",0.0,steamspy,,True
888701,Varenje - Full Game DLC,"Adventure, Casual, Indie",,,,Play Cute,JoyBits Ltd.,0.0,steamspy,,True
948250,Varenje - Strategy Guide DLC,"Adventure, Casual, Indie",,,,Play Cute,JoyBits Ltd.,0.0,steamspy,,True
358143,Variety Costume Set,Action,,,,"Team NINJA, KOEI TECMO GAMES CO., LTD.","KOEI TECMO GAMES CO., LTD.",0.0,steamspy,,True
241700,Vector Demo,"Action, Adventure, Indie, Platformer",,,,,,0.0,steamspy,,True
633070,VectorWave Demo,"Action, Casual, Indie, Strategy",,,,Fizzure Entertainment,Fizzure Entertainment,0.0,steamspy,1.0,True
712920,Vectorium Original Soundtrack,"Action, Casual, Indie",,,,IndigoBlue Game Studio,IndigoBlue Game Studio,0.0,steamspy,,True
494950,VeeR Pong Demo,"Casual, Simulation, Sports",,,,Ian Slattery,Ian Slattery,0.0,steamspy,,True
968490,Velocispider Skeleton Skin,"Action, Fighting, Indie, Platformer",,,,Lowe Bros. Studios LLC,,0.0,steamspy,,True
5079,Velvet Assassin Trailer,"Action, Adventure, Horror, Shooter",,,,,,0.0,steamspy,,True
822820,Velvet Guard Demo,"Action, Casual, Fighting, Indie, Platformer, Shooter",,,,Pengu2,Pengu2,0.0,steamspy,,True
908580,Vengeful Rites Demo,"Action, Adventure, Indie, RPG",,,,Deep Dive Interactive,Deep Dive Interactive,0.0,steamspy,,True
3492,Venice Deluxe Free Demo,Casual,,,,"Retro64, Inc.","PopCap Games, Inc.",0.0,steamspy,,True
609980,Verdict Guilty - 유죄 평결 Demo,"Action, Casual, Fighting, Indie",,,,Retro Army Limited,Retro Army Limited,0.0,steamspy,,True
667650,Version 3.0 Beta - Including Controller Support,"Adventure, Casual, Indie, RPG, Simulation",,,,Stolen Couch Games,,0.0,steamspy,,True
542130,Versus Squad - OST,"Action, Indie",,,,DiezelPower,,0.0,steamspy,,True
489540,Versus: Battle of the Gladiator Demo,"Action, Fighting, Indie, Sports, Survival",,,,Netker Inc.,Netker Inc.,0.0,steamspy,,True
102410,Vertex Dispenser Demo,"Action, Indie, Strategy",,,,Smestorp Limited,Smestorp Limited,0.0,steamspy,,True
80833,Vertex Dispenser Trailer,"Action, Indie, Strategy",,,,Smestorp Limited,Smestorp Limited,0.0,steamspy,,True
526860,Vertigo - Original Soundtrack,"Action, Adventure, Indie",,,,Zach Tsiakalis-Brown,,0.0,steamspy,,True
465470,Vertigo Demo,"Action, Adventure, Indie",,,,"Zach Tsiakalis-Brown, George Eracleous, Errol Bucy",Zach Tsiakalis-Brown,0.0,steamspy,,True
81429,Vessel Invention Report Trailer,"Action, Adventure, Indie, Platformer, Puzzle, Strategy",,,,Strange Loop Games,,0.0,steamspy,,True
81428,Vessel Trailer,"Action, Adventure, Indie, Platformer, Puzzle, Strategy",,,,Strange Loop Games,,0.0,steamspy,,True
492840,Veterans Online - Open Beta,"Action, Casual, Indie, Shooter",,,,Nuked Cockroach,Nuked Cockroach,0.0,steamspy,,True
852830,ViSP Demo,"Action, Casual, Indie, Puzzle, Strategy",,,,Visper Games,Visper Games,0.0,steamspy,,True
394750,Victor Vran: Original Soundtrack and Artbook,"Action, Adventure, Indie, RPG",,,,Haemimont Games,,0.0,steamspy,,True
630580,Vidar Demo,"Adventure, Indie, Puzzle, RPG",,,,Razbury Games,Razbury Games,0.0,steamspy,,True
1310050,Video Editor Tycoon,"Casual, Indie, Simulation",,,,"Bruno Ferreira Lopes da Silva Teixeira de Queiroz, Victor Pusanosky Okada, Claudio Correa Dias",Rocha Village Games,0.0,steamspy,,True
508430,Video NEWS - free DLC for The Cold War Era,"Indie, Simulation, Strategy",,,,Alina Digital,Alina Digital,0.0,steamspy,,True
82132,Viking Battle for Asgard ESRB Trailer,"Action, Adventure, RPG, Strategy",,,,"Creative Assembly, PC Port - Hardlight",,0.0,steamspy,,True
82129,Viking Battle for Asgard USK Launch Trailer,"Action, Adventure, RPG, Strategy",,,,,,0.0,steamspy,,True
612420,Vikings - Wolves of Midgard Demo,"Action, Adventure, RPG",,,,Games Farm,Kalypso Media Digital,0.0,steamspy,,True
307650,Viktor OST,"Action, Adventure, Indie",,,,Shorebound Studios,Shorebound Studios,0.0,steamspy,,True
81775,Vindictus Episode 10 Trailer,"Action, Adventure, Massively Multiplayer, RPG",,,,Nexon,,0.0,steamspy,,True
307810,Violett Demo,"Adventure, Indie, Puzzle",,,,Forever Entertainment S. A.,Forever Entertainment S. A.,0.0,steamspy,,True
498020,Virginia - Original Soundtrack,"Adventure, Casual, Indie",,,,"Lyndon Holland, Variable State",Variable State,0.0,steamspy,,True
518070,Virginia Demo,"Adventure, Casual, Horror, Indie",,,,Variable State,505 GAMES,0.0,steamspy,,True
378710,Viridi OST,"Casual, Indie, Simulation",,,,Ice Water Games,,0.0,steamspy,,True
973430,Virtual Army: Revolution Demo,"Action, Casual, Indie, Shooter, Simulation",,,,Haptic Pulse,Haptic Pulse,0.0,steamspy,,True
16210,Virtual Families Demo,"Casual, Simulation",,,,Last Day of Work,Last Day of Work,0.0,steamspy,,True
16190,Virtual Villagers - The Secret City Demo,"Casual, Simulation",,,,Last Day of Work,Last Day of Work,0.0,steamspy,3.0,True
16150,Virtual Villagers: The Lost Children Demo,"Casual, Simulation",,,,Last Day of Work,Last Day of Work,0.0,steamspy,3.0,True
938721,Visage — Original Digital Soundtrack,Casual,,,,SadSquare Studio,SadSquare Studio,0.0,steamspy,,True
386860,Viscera Cleanup Detail - Soundtrack,"Indie, Simulation",,,,RuneStorm,,0.0,steamspy,,True
498400,Vision of Aurora Borealis - Fanbook and OST,"Adventure, Indie",,,,Purin Productions,,0.0,steamspy,,True
444910,Void 21 Demo,"Action, Indie, Racing",,,,Taranasus Studio,Taranasus Studio,0.0,steamspy,,True
1079360,Void Bastards OST,"Action, Strategy",,,,Blue Manchu,,0.0,steamspy,,True
344490,Void Destroyer - Soundtrack,"Action, Adventure, Indie, Simulation, Strategy",,,,Iteration 11,,0.0,steamspy,,True
416900,Void Invaders - Soundtrack,"Action, Indie",,,,VoidDev,,0.0,steamspy,,True
993660,Voltage Demo,"Action, Adventure, Casual, Horror, Indie, Shooter, Survival",,,,F-Games,F-Games,0.0,steamspy,,True
395441,Volume - Original Soundtrack,"Action, Indie",,,,Bithell Games,,0.0,steamspy,,True
432530,Volvox Demo,"Indie, Puzzle",,,,Neotenia,Neotenia,0.0,steamspy,,True
5737,Voodoo Dice Multiplayer Trailer,"Casual, Puzzle",,,,Exkee,Ubisoft,0.0,steamspy,,True
5736,Voodoo Dice Singleplayer Trailer,"Casual, Puzzle",,,,Exkee,Ubisoft,0.0,steamspy,,True
639510,Vulture Strike Demo,"Action, Indie, Shooter",,,,Vulture Strike,Vulture Strike,0.0,steamspy,,True
598750,WAGAMAMA HIGH SPEC Demo,"Adventure, Casual, Visual Novel",,,,madosoft,Sekai Project,0.0,steamspy,,True
1148790,WAR GHOST Demo,"Action, Adventure, Indie, RPG, Strategy",,,,Luiz Felipe da Silva Marian,MushRoom Angels Games,0.0,steamspy,,True
1932950,WAR OPERATION : Full Contact Alpha,"Action, Adventure, Shooter, Strategy",,,,Longmire Studio,Longmire Studio,0.0,steamspy,,True
658271,WARRIORS ALL-STARS: Exclusive Costume Set,Action,,,,"KOEI TECMO GAMES CO., LTD.","KOEI TECMO GAMES CO., LTD.",0.0,steamspy,,True
658294,WARRIORS ALL-STARS: Honoka-themed costume for Arnice,Action,,,,"KOEI TECMO GAMES CO., LTD.","KOEI TECMO GAMES CO., LTD.",0.0,steamspy,,True
658291,WARRIORS ALL-STARS: Lu Bu-themed costume for William,Action,,,,"KOEI TECMO GAMES CO., LTD.","KOEI TECMO GAMES CO., LTD.",0.0,steamspy,,True
658275,WARRIORS ALL-STARS: Marie Rose-themed costume for Plachta,Action,,,,"KOEI TECMO GAMES CO., LTD.","KOEI TECMO GAMES CO., LTD.",0.0,steamspy,,True
658277,WARRIORS ALL-STARS: Wang Yuanji-themed costume for Christophorus,Action,,,,"KOEI TECMO GAMES CO., LTD.","KOEI TECMO GAMES CO., LTD.",0.0,steamspy,,True
933573,WARRIORS OROCHI 4 - BGM Pack 2,Action,,,,"KOEI TECMO GAMES CO., LTD.",,0.0,steamspy,,True
933522,WARRIORS OROCHI 4/無双OROCHI３ - Legendary Costumes Jin Pack,Action,,,,"KOEI TECMO GAMES CO., LTD.","KOEI TECMO GAMES CO., LTD.",0.0,steamspy,,True
933530,WARRIORS OROCHI 4/無双OROCHI３ - Legendary Costumes Orochi Pack 1,Action,,,,"KOEI TECMO GAMES CO., LTD.","KOEI TECMO GAMES CO., LTD.",0.0,steamspy,,True
933531,WARRIORS OROCHI 4/無双OROCHI３ - Legendary Costumes Orochi Pack 2,Action,,,,"KOEI TECMO GAMES CO., LTD.","KOEI TECMO GAMES CO., LTD.",0.0,steamspy,,True
933532,WARRIORS OROCHI 4/無双OROCHI３ - Legendary Costumes Orochi Pack 3,Action,,,,"KOEI TECMO GAMES CO., LTD.","KOEI TECMO GAMES CO., LTD.",0.0,steamspy,,True
933523,WARRIORS OROCHI 4/無双OROCHI３ - Legendary Costumes Others Pack,Action,,,,"KOEI TECMO GAMES CO., LTD.","KOEI TECMO GAMES CO., LTD.",0.0,steamspy,,True
933524,WARRIORS OROCHI 4/無双OROCHI３ - Legendary Costumes Pack,Action,,,,"KOEI TECMO GAMES CO., LTD.","KOEI TECMO GAMES CO., LTD.",0.0,steamspy,,True
933525,WARRIORS OROCHI 4/無双OROCHI３ - Legendary Costumes Samurai Warriors Pack 1,Action,,,,"KOEI TECMO GAMES CO., LTD.","KOEI TECMO GAMES CO., LTD.",0.0,steamspy,,True
933526,WARRIORS OROCHI 4/無双OROCHI３ - Legendary Costumes Samurai Warriors Pack 2,Action,,,,"KOEI TECMO GAMES CO., LTD.","KOEI TECMO GAMES CO., LTD.",0.0,steamspy,,True
933527,WARRIORS OROCHI 4/無双OROCHI３ - Legendary Costumes Samurai Warriors Pack 3,Action,,,,"KOEI TECMO GAMES CO., LTD.","KOEI TECMO GAMES CO., LTD.",0.0,steamspy,,True
933528,WARRIORS OROCHI 4/無双OROCHI３ - Legendary Costumes Samurai Warriors Pack 4,Action,,,,"KOEI TECMO GAMES CO., LTD.","KOEI TECMO GAMES CO., LTD.",0.0,steamspy,,True
933529,WARRIORS OROCHI 4/無双OROCHI３ - Legendary Costumes Samurai Warriors Pack 5,Action,,,,"KOEI TECMO GAMES CO., LTD.","KOEI TECMO GAMES CO., LTD.",0.0,steamspy,,True
933511,WARRIORS OROCHI 4/無双OROCHI３ - Legendary Costumes Shu Pack 1,Action,,,,"KOEI TECMO GAMES CO., LTD.","KOEI TECMO GAMES CO., LTD.",0.0,steamspy,,True
933512,WARRIORS OROCHI 4/無双OROCHI３ - Legendary Costumes Shu Pack 2,Action,,,,"KOEI TECMO GAMES CO., LTD.","KOEI TECMO GAMES CO., LTD.",0.0,steamspy,,True
933509,WARRIORS OROCHI 4/無双OROCHI３ - Legendary Costumes Wei Pack 1,Action,,,,"KOEI TECMO GAMES CO., LTD.","KOEI TECMO GAMES CO., LTD.",0.0,steamspy,,True
933510,WARRIORS OROCHI 4/無双OROCHI３ - Legendary Costumes Wei Pack 2,Action,,,,"KOEI TECMO GAMES CO., LTD.","KOEI TECMO GAMES CO., LTD.",0.0,steamspy,,True
933520,WARRIORS OROCHI 4/無双OROCHI３ - Legendary Costumes Wu Pack 1,Action,,,,"KOEI TECMO GAMES CO., LTD.","KOEI TECMO GAMES CO., LTD.",0.0,steamspy,,True
933521,WARRIORS OROCHI 4/無双OROCHI３ - Legendary Costumes Wu Pack 2,Action,,,,"KOEI TECMO GAMES CO., LTD.","KOEI TECMO GAMES CO., LTD.",0.0,steamspy,,True
933504,WARRIORS OROCHI 4/無双OROCHI３ - Season Pass,Action,,,,"KOEI TECMO GAMES CO., LTD.","KOEI TECMO GAMES CO., LTD.",0.0,steamspy,,True
933570,WARRIORS OROCHI 4/無双OROCHI３ - ω-Force 20th Anniversary Concert BGM Pack,Action,,,,"KOEI TECMO GAMES CO., LTD.","KOEI TECMO GAMES CO., LTD.",0.0,steamspy,,True
933490,WARRIORS OROCHI 4/無双OROCHI３- Bonus Costume for Wang Yuanji,Action,,,,"KOEI TECMO GAMES CO., LTD.","KOEI TECMO GAMES CO., LTD.",0.0,steamspy,,True
978162,WARRIORS OROCHI 4/無双OROCHI３- Bonus Costumes for Da Ji,Action,,,,"KOEI TECMO GAMES CO., LTD.","KOEI TECMO GAMES CO., LTD.",0.0,steamspy,,True
978161,WARRIORS OROCHI 4/無双OROCHI３- Bonus Costumes for Mitsunari Ishida,Action,,,,"KOEI TECMO GAMES CO., LTD.","KOEI TECMO GAMES CO., LTD.",0.0,steamspy,,True
978160,WARRIORS OROCHI 4/無双OROCHI３- Bonus Costumes for Xu Shu,Action,,,,"KOEI TECMO GAMES CO., LTD.","KOEI TECMO GAMES CO., LTD.",0.0,steamspy,,True
635580,WAVESHAPER: Original Soundtrack,Indie,,,,GAMES FOR HUMANS,GAMES FOR HUMANS,0.0,steamspy,,True
639620,WILL: A Wonderful World - Soundtrack,"Adventure, Casual, Indie",,,,WMY Studio,WMY Studio,0.0,steamspy,,True
746150,WILOO Demo,"Adventure, Casual, Indie, Platformer",,,,lightUP,lightUP,0.0,steamspy,,True
645610,WORLD END ECONOMiCA Complete Soundtrack,"Casual, Indie",,,,Spicy Tails,Sekai Project,0.0,steamspy,,True
398471,WRC 5 - Season Pass,Racing,,,,KT Racing,"Nacon, Plug In Digital",0.0,steamspy,,True
80840,WTCC 2010 Expansion Trailer,"Racing, Simulation",,,,SimBin,SimBin,0.0,steamspy,,True
44670,WTCC 2010 – Expansion Pack for RACE 07,"Racing, Simulation",,,,SimBin,SimBin,0.0,steamspy,,True
993620,WWII英雄列伝 最強の虎　クルト・クニスペル Demo,"Indie, RPG, Simulation, Strategy",,,,Flying Panjandrum,Flying Panjandrum,0.0,steamspy,,True
585530,Wacky Wings Demo,"Action, Casual, Indie, Racing",,,,Pocket Money Games,Pocket Money Games,0.0,steamspy,,True
1340470,Wait! Life is Beautiful! Prologue,"Adventure, Casual, Horror, Indie, Puzzle, Strategy, Survival",,,,[DRAMATIC MUSIC PLAYS],GameNet,0.0,steamspy,,True
231801,Waking Mars - Soundtrack,"Action, Adventure, Indie",,,,Tiger Style,Array,0.0,steamspy,,True
399280,Walkerman Demo,"Adventure, Indie, Visual Novel",,,,ScalemaiL,Sekai Project,0.0,steamspy,,True
714160,Walking Heavy Demo,"Action, Indie, RPG, Strategy",,,,GO Studio,GO Studio,0.0,steamspy,,True
574400,Wand Wars - Soundtrack,"Action, Indie, Sports",,,,Moonradish Inc.,,0.0,steamspy,,True
538380,Wand Wars Demo,"Action, Fighting, Indie, Sports",,,,Moonradish Inc.,Moonradish Inc.,0.0,steamspy,,True
765760,Wand Wars VR Demo,"Action, Adventure, Indie, RPG",,,,Colossus Interactive,Colossus Interactive,0.0,steamspy,,True
81861,Wanderlust: Rebirth Trailer,"Action, Adventure, Indie, RPG",,,,Yeti Trunk,,0.0,steamspy,,True
949642,Wandersong & Friends (Soundtrack Remix Album),"Adventure, Indie",,,,"Greg Lobanov, Wishes Ultd.",,0.0,steamspy,,True
949640,Wandersong - Soundtrack Vol. 1,"Adventure, Indie",,,,"Greg Lobanov, Wishes Ultd.",,0.0,steamspy,,True
949641,Wandersong - Soundtrack Vol. 2,"Adventure, Indie",,,,"Greg Lobanov, Wishes Ultd.",,0.0,steamspy,,True
892394,Wang Yi (Dudou Costume)/王異「肚兜風コスチューム」,Action,,,,"KOEI TECMO GAMES CO., LTD.","KOEI TECMO GAMES CO., LTD.",0.0,steamspy,,True
1094650,Wanna Survive Demo,"Indie, Strategy, Survival",,,,PINIX,PINIX,0.0,steamspy,,True
492690,War for the Overworld - Crucible Expansion,"Indie, Simulation, Strategy",,,,Brightrock Games,Brightrock Games,0.0,steamspy,,True
363990,War for the Overworld - Heart of Gold Expansion,"Indie, Simulation, Strategy",,,,Brightrock Games,"Mythwright, Brightrock Games",0.0,steamspy,,True
793270,War for the Overworld - Map Editor,"Indie, Simulation, Strategy",,,,Brightrock Games,,0.0,steamspy,,True
542160,War for the Overworld - My Pet Dungeon Expansion,"Indie, Simulation, Strategy",,,,Brightrock Games,"Mythwright, Brightrock Games",0.0,steamspy,,True
687910,War for the Overworld - Seasonal Worker Skins,"Indie, Simulation, Strategy",,,,Brightrock Games,"Mythwright, Brightrock Games",0.0,steamspy,,True
385120,War for the Overworld - The Cynical Imp (Charity DLC),"Indie, Simulation, Strategy",,,,Brightrock Games,"Brightrock Games, GamesAid",0.0,steamspy,,True
594630,War for the Overworld - The Under Games Expansion,"Indie, Simulation, Strategy",,,,Brightrock Games,"Mythwright, Brightrock Games",0.0,steamspy,,True
326800,War on Folvos Demo,"Indie, Strategy",,,,Lonely Troops,Lonely Troops,0.0,steamspy,,True
474770,WarFire Demo,"Action, Indie",,,,D&K Games Studio,D&K Games Studio,0.0,steamspy,,True
883570,Wardens of the Amber Cage Demo,"Action, Adventure, Indie",,,,Gembasher Studio,Gembasher Studio,0.0,steamspy,,True
282550,Warehouse and Logistics Simulator DLC: Hell's Warehouse,Simulation,,,,app2fun,United Independent Entertainment,0.0,steamspy,,True
81436,Wargame Launch Trailer,"Action, Simulation, Strategy",,,,Eugen Systems,Focus Home Interactive,0.0,steamspy,,True
318290,Wargame Red Dragon - Second Korean War DLC,Strategy,,,,Eugen Systems,Eugen Systems,0.0,steamspy,,True
245660,Wargame: AirLand Battle - Vox Populi (Free DLC),Strategy,,,,Eugen Systems,Eugen Systems,0.0,steamspy,,True
58646,"Wargame: European Escalation - ""Conquest"" (Free DLC)",Strategy,,,,Eugen Systems,Focus Home Interactive,0.0,steamspy,,True
81423,Wargame: European Escalation Beta Trailer,"Action, Simulation, Strategy",,,,Eugen Systems,,0.0,steamspy,,True
81424,Wargame: European Escalation Beta Trailer,"Action, Simulation, Strategy",,,,,,0.0,steamspy,,True
81421,Wargame: European Escalation Steam Trailer,"Action, Simulation, Strategy",,,,,,0.0,steamspy,,True
1017620,Wargroove - Soundtrack,"Indie, Strategy",,,,Chucklefish,Boss Battle Records,0.0,steamspy,,True
9440,"Warhammer 40,000: Dawn of War - Soulstorm Demo","Action, Adventure, Strategy",,,,Relic Entertainment,THQ,0.0,steamspy,8.0,True
56484,"Warhammer 40,000: Dawn of War II - Retribution - Chaos Sorcerer Wargear DLC",Strategy,,,,"Relic Entertainment, Feral Interactive (Mac/Linux)","SEGA, Feral Interactive (Mac/Linux)",0.0,steamspy,,True
56489,"Warhammer 40,000: Dawn of War II - Retribution - Death Korps of Krieg Skin Pack",Strategy,,,,"Relic Entertainment, Feral Interactive (Mac/Linux)","SEGA, Feral Interactive (Mac/Linux)",0.0,steamspy,,True
56481,"Warhammer 40,000: Dawn of War II - Retribution - Farseer Wargear DLC",Strategy,,,,"Relic Entertainment, Feral Interactive (Mac/Linux)","SEGA, Feral Interactive (Mac/Linux)",0.0,steamspy,,True
56485,"Warhammer 40,000: Dawn of War II - Retribution - Hive Tyrant Wargear DLC",Strategy,,,,"Relic Entertainment, Feral Interactive (Mac/Linux)","SEGA, Feral Interactive (Mac/Linux)",0.0,steamspy,,True
56483,"Warhammer 40,000: Dawn of War II - Retribution - Lord General Wargear DLC",Strategy,,,,"Relic Entertainment, Feral Interactive (Mac/Linux)","SEGA, Feral Interactive (Mac/Linux)",0.0,steamspy,,True
56482,"Warhammer 40,000: Dawn of War II - Retribution - Mekboy Wargear DLC",Strategy,,,,"Relic Entertainment, Feral Interactive (Mac/Linux)","SEGA, Feral Interactive (Mac/Linux)",0.0,steamspy,,True
15680,"Warhammer 40,000: Dawn of War II Single-player Demo","Action, RPG, Strategy",,,,Relic Entertainment,THQ,0.0,steamspy,,True
56480,"Warhammer 40,000: Dawn of War II: Retribution - Captain Wargear DLC",Strategy,,,,"Relic Entertainment, Feral Interactive (Mac/Linux)","SEGA, Feral Interactive (Mac/Linux)",0.0,steamspy,,True
56538,"Warhammer 40,000: Dawn of War II: Retribution - Ulthwe Wargear DLC",Strategy,,,,"Relic Entertainment, Feral Interactive (Mac/Linux)","SEGA, Feral Interactive (Mac/Linux)",0.0,steamspy,,True
56488,"Warhammer 40,000: Dawn of War II: Retribution - Word Bearers Skin Pack",Strategy,,,,"Relic Entertainment, Feral Interactive (Mac/Linux)","SEGA, Feral Interactive (Mac/Linux)",0.0,steamspy,,True
55471,"Warhammer 40,000: Space Marine - Alpha Legion Champion Armour Set",Action,,,,Relic Entertainment,SEGA,0.0,steamspy,,True
55476,"Warhammer 40,000: Space Marine - Death Guard Champion Chapter Pack DLC",Action,,,,Relic Entertainment,SEGA,0.0,steamspy,,True
55348,"Warhammer 40,000: Space Marine - Dreadnought DLC",Action,,,,Relic Entertainment,SEGA,0.0,steamspy,,True
55475,"Warhammer 40,000: Space Marine - Iron Hands Chapter Pack DLC",Action,,,,Relic Entertainment,SEGA,0.0,steamspy,,True
55410,"Warhammer 40,000: Space Marine Demo","Action, Adventure, Shooter",,,,Relic Entertainment,THQ,0.0,steamspy,,True
463799,Warhammer Vermintide - Bardin 'Studded Leather' Skin,"Action, Indie",,,,Fatshark,,0.0,steamspy,,True
463798,Warhammer Vermintide - Kerillian 'Tirsyth Garment' Skin,"Action, Indie",,,,Fatshark,,0.0,steamspy,,True
463797,Warhammer Vermintide - Kruber 'Carroburg Livery' Skin,"Action, Indie",,,,Fatshark,,0.0,steamspy,,True
463790,Warhammer Vermintide - Saltzpyre ' Estalian Leather Coat' Skin,"Action, Indie",,,,Fatshark,,0.0,steamspy,,True
463796,Warhammer Vermintide - Sienna 'Wyrmscales' Skin,"Action, Indie",,,,Fatshark,,0.0,steamspy,,True
210840,Warlock - Master of the Arcane Demo,"4X, RPG, Strategy",,,,Ino-Co Plus,Paradox Interactive,0.0,steamspy,,True
1193760,WarriOrb: Prologue,"Action, Adventure, Indie, Metroidvania, Platformer, RPG",,,,Not Yet,"Not Yet, Maple Whispering Limited",0.0,steamspy,,True
768240,"Warstone OST, Artbook and Comics","Indie, Strategy, Tower Defense",,,,Battlecruiser Games,Battlecruiser Games,0.0,steamspy,,True
651530,Wartile Original Soundtrack,"RPG, Strategy",,,,Playwood Project,,0.0,steamspy,,True
395690,Waste Walkers Role Playing Game DLC,"Action, Adventure, Indie, RPG, Simulation, Strategy",,,,Corrosive Studios LLC,Corrosive Studios LLC,0.0,steamspy,,True
200400,Wasteland Angel Demo,"Action, Indie, Racing, Shooter",,,,"Octane Games, Meridian4",Meridian4,0.0,steamspy,,True
81120,Wasteland Angel Release Trailer 3,"Action, Indie, Racing, Shooter",,,,"Octane Games, Meridian4",Meridian4,0.0,steamspy,,True
701520,Watch Me Jump Demo,"Adventure, Indie, Sports",,,,Jeremy Gable,Jeremy Gable,0.0,steamspy,,True
293054,Watch_Dogs - Season Pass,"Action, Adventure",,,,Ubisoft Montreal,Ubisoft,0.0,steamspy,,True
21020,Watchmen: The End is Nigh Demo,"Action, Fighting",,,,Deadline Games,Warner Bros. Interactive Entertainment,0.0,steamspy,,True
701690,Water Planet - Original Soundtrack,"Adventure, Indie",,,,The Revera Corporation,,0.0,steamspy,,True
208070,Waveform Demo,"Action, Adventure, Casual, Indie, Puzzle, Strategy",,,,Eden Industries,,0.0,steamspy,,True
204185,Waveform Soundtrack,"Action, Indie",,,,Eden Industries,Eden Industries,0.0,steamspy,,True
81492,Waveform Trailer,"Action, Adventure, Casual, Indie, Puzzle, Strategy",,,,Eden Industries,,0.0,steamspy,,True
107610,Waves Demo,"Action, Casual, Indie, Shooter",,,,Squid In A Box Ltd,,0.0,steamspy,,True
232990,Waves Soundtrack,"Action, Casual, Indie",,,,Squid In A Box Ltd,Squid In A Box Ltd,0.0,steamspy,,True
81232,Waves Trailer,"Action, Casual, Indie, Shooter",,,,,,0.0,steamspy,,True
800610,Wayhaven Chronicles: Book One Demo,"Adventure, Indie, RPG",,,,Hosted Games,Hosted Games,0.0,steamspy,,True
908420,We Happy Few - Soundtrack and Digital Goods Bundle,"Action, Adventure, Indie",,,,Compulsion Games,Gearbox Publishing,0.0,steamspy,,True
721410,We Were Here: Original Soundtrack,"Action, Adventure, Indie",,,,Total Mayhem Games,Total Mayhem Games,0.0,steamspy,,True
907490,Weaverse Demo,"Action, Adventure, Indie, RPG",,,,Yellow Cat-Rabbit,Odd Branch Publishing,0.0,steamspy,,True
1405810,Wedding Designer Prologue,"Adventure, Casual, Simulation, Strategy",,,,Forestlight Games,"Forestlight Games, PlayWay S.A.",0.0,steamspy,,True
933020,Welcome Back To 2007 2 Soundtrack,"Adventure, Casual, Indie",,,,Anacom,Siberian Mouse,0.0,steamspy,,True
867070,Welcome Back To 2007 Soundtrack,"Adventure, Casual, Indie",,,,Anacom,Siberian Mouse,0.0,steamspy,,True
877460,Welcome To... Chichester 0 : Preview,"Adventure, Casual, Indie, Visual Novel",,,,Triority,Triority,0.0,steamspy,,True
907350,Welcome To... Chichester 2 - Part I : The Spy Of Chichester And The Eager Tourist Guide HD Edition,"Adventure, Casual, Indie, Simulation, Visual Novel",,,,Triority Interactive Novels,Triority Interactive Novels,0.0,steamspy,,True
907360,Welcome To... Chichester 2 : The Spy Of Chichester And The Eager Tourist Guide Demo,"Adventure, Casual, Indie, Visual Novel",,,,Triority,Triority,0.0,steamspy,,True
1078160,Welcome To... Chichester OVN : The Beach Demo,"Adventure, Casual, Indie",,,,Triority,Triority,0.0,steamspy,,True
1019800,Welcome To... Chichester Redux : The Spy Of America And The Long Vacation Demo,"Adventure, Casual, Indie, Visual Novel",,,,Triority,Triority,0.0,steamspy,,True
771210,Welcome to Hanwell Demo,"Action, Adventure, Casual, Horror, Indie, Survival",,,,Nathan Seedhouse,Nathan Seedhouse,0.0,steamspy,,True
626000,Welcome to Moreytown Demo,"Adventure, Indie, RPG",,,,Choice of Games,Choice of Games,0.0,steamspy,4.0,True
978150,Welcome to Princeland - Soundtracks,"Action, Adventure, Casual",,,,Eren Aydin,Eren Aydin,0.0,steamspy,,True
533310,Wells - Soundtrack,"Action, Indie",,,,Tower Up Studios,Tower Up Studios,0.0,steamspy,,True
571090,Wells Demo,"Action, Adventure, Indie, Platformer",,,,Tower Up Studios,Tower Up Studios,0.0,steamspy,,True
983271,WenJia - Soundtrack,Indie,,,,Luoriver studio-洛神游戏工作室,WhiteLakeStudio,0.0,steamspy,,True
885130,Werewolves: Haven Rising Demo,"Adventure, Indie, RPG",,,,Choice of Games,Choice of Games,0.0,steamspy,,True
696230,West of Loathing OST,"Adventure, Indie, RPG",,,,Ryan Ike,Materia Collective,0.0,steamspy,,True
580120,Westboro Soundtrack,"Action, RPG",,,,Carbomb Software,,0.0,steamspy,,True
5597,Westward IV Trailer,"Casual, Strategy",,,,Sandlot Games,Sandlot Games,0.0,steamspy,,True
892140,Wetwork Demo,"Action, Adventure, Indie",,,,Jānis Circenis,Jānis Circenis,0.0,steamspy,,True
961350,Weyrwood Demo,"Adventure, Indie, RPG",,,,Choice of Games,Choice of Games,0.0,steamspy,,True
629930,What Remains of Edith Finch - Original Soundtrack,"Adventure, Indie",,,,Giant Sparrow,Annapurna Interactive,0.0,steamspy,,True
1299990,Whateverland: Prologue,"Adventure, Indie, Puzzle",,,,Caligari Games,"Caligari Games, WhisperGames",0.0,steamspy,,True
846290,Wheelchair Simulator VR Demo,"Adventure, Indie, Simulation",,,,ViRa Games,ViRa Games,0.0,steamspy,,True
532000,Wheels of Aurelia Original Soundtrack,"Adventure, Indie, Racing",,,,Santa Ragione,,0.0,steamspy,,True
522910,When It Hits the Fan Demo,"Action, Indie, Shooter",,,,Heartfelt Games LLC,Heartfelt Games LLC,0.0,steamspy,,True
729230,When Ski Lifts Go Wrong OST - Lounging Away by Juhani Junkala,"Casual, Indie, Simulation",,,,Huge Calf Studios,Curve Games,0.0,steamspy,,True
1170640,When The Past Was Around - Prologue,"Adventure, Casual, Indie, Puzzle",,,,Mojiken,Toge Productions,0.0,steamspy,,True
798430,Where The Water Tastes Like Wine - Original Soundtrack,"Adventure, Indie, RPG",,,,"Dim Bulb Games, Serenity Forge",Good Shepherd Entertainment,0.0,steamspy,,True
1081640,Where is my family Demo,"Adventure, Indie",,,,Joël Keutgen,Wimfgame,0.0,steamspy,5.0,True
306601,"Whispering Willows - Art Book, Soundtrack, and Wallpaper","Adventure, Indie",,,,Night Light Interactive,Akupara Games,0.0,steamspy,,True
687010,White Day - Beachwear Costume - Bong-Goo Lee,"Action, Adventure, Indie",,,,SONNORI Corp,"PQube, SONNORI Corp",0.0,steamspy,,True
687020,White Day - Beachwear Costume - Dal-Su Son,"Action, Adventure, Indie",,,,SONNORI Corp,"PQube, SONNORI Corp",0.0,steamspy,,True
687000,White Day - Beachwear Costume - Hee-Min Lee,"Action, Adventure, Indie",,,,SONNORI Corp,"PQube, SONNORI Corp",0.0,steamspy,,True
686990,White Day - Beachwear Costume - Ji-Hyeon Seol,"Action, Adventure, Indie",,,,SONNORI Corp,"PQube, SONNORI Corp",0.0,steamspy,,True
687030,White Day - Beachwear Costume - Ji-Min Yoo,"Action, Adventure, Indie",,,,SONNORI Corp,"PQube, SONNORI Corp",0.0,steamspy,,True
686970,White Day - Beachwear Costume - So-Young Han,"Action, Adventure, Indie",,,,SONNORI Corp,"PQube, SONNORI Corp",0.0,steamspy,,True
686980,White Day - Beachwear Costume - Sung-A Kim,"Action, Adventure, Indie",,,,SONNORI Corp,"PQube, SONNORI Corp",0.0,steamspy,,True
687210,White Day - BlazBlue Collaboration Costume - Bong-Goo Lee,"Action, Adventure, Indie",,,,SONNORI Corp,"PQube, SONNORI Corp",0.0,steamspy,,True
687220,White Day - BlazBlue Collaboration Costume - Dal-Su Son,"Action, Adventure, Indie",,,,SONNORI Corp,"PQube, SONNORI Corp",0.0,steamspy,,True
687200,White Day - BlazBlue Collaboration Costume - Hee-Min Lee,"Action, Adventure, Indie",,,,SONNORI Corp,"PQube, SONNORI Corp",0.0,steamspy,,True
687190,White Day - BlazBlue Collaboration Costume - Ji-Hyeon Seol,"Action, Adventure, Indie",,,,SONNORI Corp,"PQube, SONNORI Corp",0.0,steamspy,,True
687230,White Day - BlazBlue Collaboration Costume - Ji-Min Yoo,"Action, Adventure, Indie",,,,SONNORI Corp,"PQube, SONNORI Corp",0.0,steamspy,,True
687170,White Day - BlazBlue Collaboration Costume - So-Young Han,"Action, Adventure, Indie",,,,SONNORI Corp,"PQube, SONNORI Corp",0.0,steamspy,,True
687180,White Day - BlazBlue Collaboration Costume - Sung-A Kim,"Action, Adventure, Indie",,,,SONNORI Corp,"PQube, SONNORI Corp",0.0,steamspy,,True
762330,White Day - Christmas Costume - Bong-Goo Lee,"Action, Adventure, Indie",,,,SONNORI Corp,"PQube, SONNORI Corp",0.0,steamspy,,True
762340,White Day - Christmas Costume - Dal-Su Son,"Action, Adventure, Indie",,,,SONNORI Corp,"PQube, SONNORI Corp",0.0,steamspy,,True
762320,White Day - Christmas Costume - Hee-Min Lee,"Action, Adventure, Indie",,,,SONNORI Corp,"PQube, SONNORI Corp",0.0,steamspy,,True
762310,White Day - Christmas Costume - Ji-Hyeon Seol,"Action, Adventure, Indie",,,,SONNORI Corp,"PQube, SONNORI Corp",0.0,steamspy,,True
762350,White Day - Christmas Costume - Ji-Min Yoo,"Action, Adventure, Indie",,,,SONNORI Corp,"PQube, SONNORI Corp",0.0,steamspy,,True
762290,White Day - Christmas Costume - So-Young Han,"Action, Adventure, Indie",,,,SONNORI Corp,"PQube, SONNORI Corp",0.0,steamspy,,True
762300,White Day - Christmas Costume - Sung-A Kim,"Action, Adventure, Indie",,,,SONNORI Corp,"PQube, SONNORI Corp",0.0,steamspy,,True
687130,White Day - Horror Costume - Bong-Goo Lee,"Action, Adventure, Indie",,,,SONNORI Corp,"PQube, SONNORI Corp",0.0,steamspy,,True
687150,White Day - Horror Costume - Dal-Su Son,"Action, Adventure, Indie",,,,SONNORI Corp,"PQube, SONNORI Corp",0.0,steamspy,,True
687120,White Day - Horror Costume - Hee-Min Lee,"Action, Adventure, Indie",,,,SONNORI Corp,"PQube, SONNORI Corp",0.0,steamspy,,True
687110,White Day - Horror Costume - Ji-Hyeon Seol,"Action, Adventure, Indie",,,,SONNORI Corp,"PQube, SONNORI Corp",0.0,steamspy,,True
687160,White Day - Horror Costume - Ji-Min Yoo,"Action, Adventure, Indie",,,,SONNORI Corp,"PQube, SONNORI Corp",0.0,steamspy,,True
687100,White Day - Horror Costume - Sung-A Kim,"Action, Adventure, Indie",,,,SONNORI Corp,"PQube, SONNORI Corp",0.0,steamspy,,True
80564,Who's That Flying Trailer,"Action, Casual, Indie",,,,Mediatronic,Kalypso Media Digital,0.0,steamspy,,True
548300,Wild Animals - Animated Jigsaws Demo,"Casual, Puzzle, Simulation",,,,BottleCube inc.,BottleCube inc.,0.0,steamspy,,True
552810,Wild Arena Demo,"Action, Indie",,,,971 Games,971 Games,0.0,steamspy,,True
1543590,Wildshape - Map Editor + VTT,"Adventure, Card & Board, Indie, RPG, Simulation",,,,DLDev,Self Published,0.0,steamspy,,True
761530,Willowisp VR Demo,"Action, Indie",,,,Will Petillo,Will Petillo,0.0,steamspy,,True
639940,Willy-Nilly Knight - Collector's Expansion Pack,"Adventure, Indie, RPG",,,,Double Dice Games,Double Dice Games,0.0,steamspy,,True
633090,Winds Of Trade Demo,"Indie, Simulation, Strategy",,,,Hermes Interactive,Hermes Interactive,0.0,steamspy,,True
687570,Winds of Change - Original Soundtrack,"Adventure, Indie, RPG",,,,Klace,Klace,0.0,steamspy,,True
470300,Winged Sakura: Demon Civil War,"Indie, JRPG, RPG",,,,WINGED SAKURA GAMES,WINGED SAKURA GAMES,0.0,steamspy,,True
734130,Winged Sakura: Endless Dream Demo,"Action, Indie, RPG, Strategy, Survival, Tower Defense",,,,WINGED SAKURA GAMES,WINGED SAKURA GAMES,0.0,steamspy,,True
333270,Winged Sakura: Mindy's Arc Demo,"Indie, RPG, Strategy, Survival, Tower Defense",,,,WINGED SAKURA GAMES,WINGED SAKURA GAMES,0.0,steamspy,,True
5663,Wings of Luftwaffe Trailer,Simulation,,,,Gaijin Entertainment,Gaijin Entertainment,0.0,steamspy,,True
45310,Wings of Prey Demo,"Action, Simulation",,,,Gaijin Entertainment Corporation,Gaijin Entertainment Corporation,0.0,steamspy,,True
348320,Wings of Vi Demo,"Action, Adventure, Indie",,,,Grynsoft,Grynsoft,0.0,steamspy,,True
789230,Winner Winner Chicken Dinner! - Ost,"Casual, Indie",,,,CSM,W.T.B.,0.0,steamspy,,True
487130,Winter Novel - Soundtrack,"Casual, Simulation",,,,Sergey Eybog,DeXP,0.0,steamspy,,True
517390,Winter Novel Demo,"Casual, Indie, Simulation, Visual Novel",,,,DeXP,DeXP,0.0,steamspy,,True
255060,Winter Voices Demo,"Adventure, Indie, RPG, Strategy",,,,inner seas,,0.0,steamspy,,True
881030,Wisgr Demo,"Action, Adventure, Indie, RPG",,,,GukLabs,GukLabs,0.0,steamspy,2.0,True
647520,Wishmere Demo,"Action, Fighting, Indie",,,,Crayder Studios,Crayder Studios,0.0,steamspy,,True
573010,Witanlore: Dreamtime - Official Soundtrack,"Adventure, Indie, RPG",,,,Druid Gameworks Studio LLC,,0.0,steamspy,,True
1754170,Witches Vs. Demons,"Action, Adventure, RPG, Strategy",,,,Egalitaria Studios,Egalitaria Studios,0.0,steamspy,,True
682320,Witchkin: Hide-n-Sneak Horror Demo,"Action, Horror, Indie, Survival",,,,Coven Games,Coven Games,0.0,steamspy,,True
743870,Without Escape Demo,"Adventure, Horror, Indie, Puzzle",,,,Bumpy Trail Games,Bumpy Trail Games,0.0,steamspy,,True
399021,Without Within 2 - Digital artbook,"Indie, Visual Novel",,,,InvertMouse,InvertMouse,0.0,steamspy,,True
399020,Without Within 2 - Original soundtrack,"Indie, Visual Novel",,,,InvertMouse,InvertMouse,0.0,steamspy,,True
399010,Without Within 2 Demo,"Indie, Visual Novel",,,,InvertMouse,InvertMouse,0.0,steamspy,,True
676140,Without Within 3 Demo,"Indie, Visual Novel",,,,InvertMouse,InvertMouse,0.0,steamspy,2.0,True
813840,Wizard of Legend - Soundtrack,"Action, Adventure, Indie",,,,Contingent99,Contingent99,0.0,steamspy,,True
741530,WizardCraft Demo,"Indie, RPG, Strategy",,,,David Mccue,David Mccue,0.0,steamspy,,True
81442,Wizorb Trailer,"Action, Adventure, Casual, Indie, Puzzle",,,,,,0.0,steamspy,,True
457090,WolfQuest Soundtrack,"RPG, Simulation",,,,eduweb,eduweb,0.0,steamspy,,True
650410,Wolfenstein II: The Freedom Chronicles - Season Pass,Action,,,,Machine Games,Bethesda-Soft,0.0,steamspy,,True
650524,Wolfenstein II: The Freedom Chronicles German Edition - Season Pass,Action,,,,,,0.0,steamspy,,True
754730,Wolfenstein II: The New Colossus Demo,"Action, Shooter",,,,Machine Games,Bethesda Softworks,0.0,steamspy,,True
754740,Wolfenstein II: The New Colossus German Edition Demo,"Action, Shooter",,,,Machine Games,Bethesda Softworks,0.0,steamspy,,True
1069070,Wolfgate Demo,"Action, Adventure, Indie, RPG",,,,Giancarlo Alberto Gutierrez,Giancarlo Alberto Gutierrez,0.0,steamspy,,True
649330,Wonder Boy: The Dragon's Trap - Original Soundtrack,"Action, Adventure, Indie",,,,Lizardcube,Dotemu,0.0,steamspy,,True
598650,Wonder Wickets Demo,"Action, Casual, Indie, Sports",,,,"Rightstick Studios, LLC","ANIM•ACE, inc.",0.0,steamspy,,True
1557060,Wonhon: Prologue,"Action, Horror, RPG, Shooter",,,,BUSAN SANAI GAMES,SuperGG.com,0.0,steamspy,,True
553190,Woodle Tree 2: Worlds - Soundtrack,"Action, Adventure, Massively Multiplayer",,,,Fabio Ferrara,,0.0,steamspy,,True
450130,Woodle Tree Adventures - Soundtrack,"Action, Adventure, Indie",,,,Fabio Ferrara,,0.0,steamspy,,True
328580,Woodle Tree Adventures Demo,"Action, Adventure, Indie",,,,Fabio Ferrara,Fabio Ferrara,0.0,steamspy,,True
80437,Woody Two-Legs - Trailer,Casual,,,,Nitro Games,Paradox Interactive,0.0,steamspy,,True
1026990,Worbital Demo,"Action, Indie, Strategy",,,,Team Jolly Roger,"Team Jolly Roger, Advanced Interactive Gaming",0.0,steamspy,,True
615140,Wordlase - Soundtrack,"Casual, Indie",,,,DeXP,,0.0,steamspy,,True
704330,Wordlase Demo,"Casual, Indie, Puzzle",,,,DeXP,DeXP,0.0,steamspy,,True
1049900,Workers & Resources: Soviet Republic - Soundtrack,"Indie, Simulation, Strategy",,,,3Division,Hooded Horse,0.0,steamspy,,True
986300,World War III: Black Gold - Soundtrack,Strategy,,,,Reality Pump,TopWare Interactive,0.0,steamspy,,True
344160,World of Cinema - Movie Tycoon,"Casual, Indie, Simulation, Strategy",,,,Pepi Games,Pepi Games,0.0,steamspy,,True
912880,World of Virtual Reality VR Demo,"Action, Adventure, Casual, Horror, Shooter, Sports",,,,"Tamer Gölgesiz, Shadowless Gaming",Shadowless Gaming,0.0,steamspy,,True
5374,World of Zoo Trailer,Simulation,,,,,,0.0,steamspy,,True
20560,World of Zoo: Animal Creator Demo,Simulation,,,,Blue Fang,Nordic Games,0.0,steamspy,,True
444660,Worlds of Chaos : Corruption Demo,"Action, Indie, RPG, Strategy",,,,Tactichaos,Tactichaos,0.0,steamspy,,True
81199,Worms Crazy Golf Britanna Trailer,"Casual, Puzzle, Sports, Strategy",,,,Team17 Software Ltd.,Team17 Software Ltd.,0.0,steamspy,,True
81224,Worms Crazy Golf Pirate Cave Trailer,"Casual, Puzzle, Sports, Strategy",,,,Team17 Software Ltd.,Team17 Software Ltd.,0.0,steamspy,,True
81198,Worms Crazy Golf Trailer,"Casual, Puzzle, Sports, Strategy",,,,Team17 Software Ltd.,Team17 Software Ltd.,0.0,steamspy,,True
5839,Worms Reloaded Trailer,"Action, Strategy",,,,,,0.0,steamspy,,True
82008,Worms Revolution Trailer,"Action, Strategy",,,,Team17 Digital Ltd.,,0.0,steamspy,,True
82013,Worms Revolution Trailer 2,"Action, Strategy",,,,Team17 Digital Ltd.,,0.0,steamspy,,True
200189,Worms Revolution: Funfair DLC,Strategy,,,,Team17 Digital Ltd,Team17 Digital Ltd,0.0,steamspy,,True
200185,Worms Revolution: Medieval Tales DLC,Strategy,,,,Team17 Digital Ltd,Team17 Digital Ltd,0.0,steamspy,,True
70617,Worms Ultimate Mayhem - Customization Pack DLC,Strategy,,,,Team17 Digital Ltd,Team17 Digital Ltd,0.0,steamspy,,True
70616,Worms Ultimate Mayhem - Multiplayer Pack DLC,Strategy,,,,Team17 Digital Ltd,Team17 Digital Ltd,0.0,steamspy,,True
70615,Worms Ultimate Mayhem - Single Player Pack DLC,Strategy,,,,Team17 Digital Ltd,Team17 Digital Ltd,0.0,steamspy,,True
339080,Wrack - Soundtrack,"Action, Indie",,,,Final Boss Entertainment,,0.0,steamspy,,True
541630,Wrath of Anna Soundtrack,"Action, Indie",,,,"Lorenzo Games, Michael L. Fiorentino Gutierrez",,0.0,steamspy,,True
527020,Wuppo - Original Soundtrack,"Action, Adventure, Indie, RPG",,,,Knuist & Perzik,SOEDESCO Publishing,0.0,steamspy,,True
527022,Wuppo - Shop DLC,"Action, Adventure, Indie, RPG",,,,Knuist & Perzik,SOEDESCO Publishing,0.0,steamspy,,True
429630,Wuppo Demo,"Action, Adventure, Indie, Metroidvania, Platformer, Puzzle, RPG",,,,Knuist & Perzik,SOEDESCO Publishing,0.0,steamspy,,True
775510,X Caeli: The Iron Hand of Love Demo,"Action, Adventure, Casual, Indie, Puzzle, RPG, Visual Novel",,,,Nerd Commando Game Studios,Nerd Commando Game Studios,0.0,steamspy,,True
433860,X Rebirth Demo,"4X, Action, Adventure, Simulation, Strategy",,,,Egosoft,Egosoft,0.0,steamspy,,True
5968,X Superbox Trailer,"Action, Simulation, Strategy",,,,Egosoft,Egosoft,0.0,steamspy,,True
604290,X-Blades - Soundtrack,"Action, Adventure, RPG",,,,TopWare Interactive,TopWare Interactive,0.0,steamspy,,True
706870,X-Morph: Defense - Soundtrack,"Action, Indie, Strategy",,,,"EXOR Studios, EXOR Studios","EXOR Studios, EXOR Studios",0.0,steamspy,,True
81852,X3 Albion Prelude V2.5 Trailer ,"4X, Action, Adventure, Simulation, Strategy",,,,,,0.0,steamspy,,True
5785,X3 Terran Conflict Trailer 2.6,"4X, Action, Simulation, Strategy",,,,Egosoft,Egosoft,0.0,steamspy,,True
81324,X3: Albion Prelude Trailer,"4X, Action, Adventure, Simulation, Strategy",,,,,,0.0,steamspy,,True
945,X3: Reunion 2.0 Trailer,"4X, Action, Simulation, Strategy",,,,,,0.0,steamspy,,True
5140,X3: Terran Conflict - Build Trailer,"4X, Action, Simulation, Strategy",,,,,,0.0,steamspy,,True
5127,X3: Terran Conflict - Intro Trailer,"4X, Action, Simulation, Strategy",,,,,,0.0,steamspy,,True
5128,X3: Terran Conflict - Think Trailer,"4X, Action, Simulation, Strategy",,,,,,0.0,steamspy,,True
5129,X3: Terran Conflict - Think Trailer (German),"4X, Action, Simulation, Strategy",,,,,,0.0,steamspy,,True
5130,X3: Terran Conflict - Trade Trailer,"4X, Action, Simulation, Strategy",,,,,,0.0,steamspy,,True
5131,X3: Terran Conflict - Trade Trailer (German),"4X, Action, Simulation, Strategy",,,,,,0.0,steamspy,,True
702330,XAOC 月圓奏鼓祭 Luna Fiesta - Original Soundtrack -,"Massively Multiplayer, RPG",,,,WindThunder Studio,Shanghai Wishing Entertainment Limited,0.0,steamspy,,True
82000,XCOM EU Last Stand Trailer,"Action, RPG, Strategy",,,,Firaxis Games,2K Games,0.0,steamspy,,True
81999,XCOM EU The Base Trailer,"Action, RPG, Strategy",,,,Firaxis Games,2k Games,0.0,steamspy,,True
82073,XCOM EU The Story Trailer,"Action, RPG, Strategy",,,,Firaxis Games,2K Games,0.0,steamspy,,True
216690,XCOM: Enemy Unknown Demo,"Action, RPG, Strategy",,,,Firaxis Games,2K,0.0,steamspy,,True
467070,XCavalypse Demo,"Casual, Indie, Simulation",,,,davevillz,davevillz,0.0,steamspy,,True
495880,XO-Planets Demo,"Action, Indie, Platformer, RPG, Tower Defense",,,,Bohfam,Bohfam,0.0,steamspy,,True
635740,XOXO Droplets Demo,"Casual, Indie, Simulation, Visual Novel",,,,GB Patch Games,GB Patch Games,0.0,steamspy,,True
884790,XXX Puzzle: Season Pass,"Casual, Indie",,,,L. Stotch,,0.0,steamspy,,True
791420,XXZ: Season Pass,"Casual, Indie, RPG",,,,L. Stotch,L. Stotch,0.0,steamspy,,True
302230,XenoRaptor Demo,"Action, Indie, Shooter",,,,Peter Cleary,-,0.0,steamspy,,True
429872,XenoShyft - The Hive Expansion,"Casual, Indie, Strategy",,,,Cool Mini or Not,Twin Sails Interactive,0.0,steamspy,,True
708460,Xenocite Clad Demo,"Action, Adventure, Indie, Metroidvania",,,,White Clover Inc.,White Clover Inc.,0.0,steamspy,3.0,True
801070,Xenoform Demo,"Action, Simulation",,,,Panic Ensues Software,Panic Ensues Software,0.0,steamspy,,True
1080620,Xenon Racer Demo,"Action, Adventure, Casual, Indie, Racing, Simulation, Sports",,,,3DClouds,SOEDESCO Publishing,0.0,steamspy,,True
892398,Xin Xianying (Dudou Costume)/辛憲英「肚兜風コスチューム」,Action,,,,"KOEI TECMO GAMES CO., LTD.","KOEI TECMO GAMES CO., LTD.",0.0,steamspy,,True
892397,Xin Xianying (Special Costume)/辛憲英「特製コスチューム」,Action,,,,"KOEI TECMO GAMES CO., LTD.","KOEI TECMO GAMES CO., LTD.",0.0,steamspy,,True
92620,Xotic DLC: Pipe Works Expansion Pack,"Action, Indie",,,,"WXP Games, LLC","WXP Games, LLC",0.0,steamspy,,True
92621,Xotic DLC: Temple Crypt Expansion Pack,"Action, Indie",,,,"WXP Games, LLC","WXP Games, LLC",0.0,steamspy,,True
92622,Xotic DLC: Warp Field Expansion Pack,"Action, Indie",,,,"WXP Games, LLC","WXP Games, LLC",0.0,steamspy,,True
201120,Xotic Demo,"Action, Indie",,,,"WXP Games, LLC","WXP Games, LLC",0.0,steamspy,,True
81124,Xotic Overview Trailer,"Action, Indie",,,,"WXP Games, LLC",,0.0,steamspy,,True
81126,Xotic Points and Leadboards Trailer,"Action, Indie",,,,"WXP Games, LLC",,0.0,steamspy,,True
81125,Xotic Weapons Trailer,"Action, Indie",,,,"WXP Games, LLC",,0.0,steamspy,,True
1929770,Xpraize Beta,"Action, Indie, Platformer, RPG, Simulation",,,,RedefineArts.Inc,RedefineArts.Inc,0.0,steamspy,,True
1914950,Xpraize Beta for GameMaster,"Indie, RPG","31 May, 2022",True,,RedefineArts.Inc,RedefineArts.Inc,0.0,appdetails,,True
745310,YAPP: Yet Another Puzzle Platformer Demo,"Indie, Platformer, Puzzle",,,,Yet Another Game Studio,Yet Another Game Studio,0.0,steamspy,,True
787380,YBit Soundtrack,"Adventure, Indie",,,,"Iván Piccione, Martín Díaz",,0.0,steamspy,,True
260000,YOU DON'T KNOW JACK MOVIES,"Casual, Indie, Strategy",,,,"Jackbox Games, Inc.","Jackbox Games, Inc.",0.0,steamspy,,True
769120,"Yago, the Coquerrestrial Demo","Adventure, Indie",,,,Ludos Multimedia,Ludos Multimedia,0.0,steamspy,,True
1964480,Yami RPG Editor,"Action, Indie, RPG",,,,Yami Sama,Yami Sama,0.0,steamspy,,True
383610,Yargis - Soundtrack / Artwork,"Action, Adventure, Casual, Indie, Simulation, Strategy",,,,PlazSoft,PlazSoft,0.0,steamspy,,True
2169950,Yasha: Legends of the Demon Blade,"Action, Adventure, JRPG, RPG, Roguelike",,,,7QUARK,7QUARK,0.0,steamspy,,True
382500,Yatagarasu Attack on Cataclysm Demo,"Action, Fighting, Indie",,,,Yatagarasu Dev Team,Nyu Media,0.0,steamspy,,True
385650,Yatagarasu Attack on Cataclysm Original Soundtrack,"Action, Indie",,,,Yatagarasu Dev Team,Nyu Media,0.0,steamspy,,True
797580,Ye Fenny - Revenge of the Evil Good Shepherd Demo,"Action, Adventure, Casual, Indie, Strategy",,,,DPAD-FTW,DPAD-FTW,0.0,steamspy,,True
510690,Yesterday Origins Demo,"Adventure, Puzzle",,,,Pendulo Studios,Microids,0.0,steamspy,,True
81499,Yesterday Trailer,"Adventure, Puzzle",,,,,,0.0,steamspy,,True
772330,Yeti's Parole Officer Demo,"Adventure, Indie, RPG",,,,Choice of Games,Choice of Games,0.0,steamspy,,True
742280,Yi and the Thousand Moons OST,"Adventure, Indie",,,,David Su,,0.0,steamspy,,True
1336070,Ynglet: Prologue,"Action, Adventure, Casual, Indie, Platformer, Puzzle",,,,Nifflas,Triple Topping,0.0,steamspy,,True
877090,Yoku's Island Express Demo,"Adventure, Indie, Metroidvania, Platformer, Puzzle",,,,Villa Gorilla,Team17 Digital Ltd,0.0,steamspy,,True
828940,Yoltrund Demo,"Adventure, Indie, RPG",,,,Michael Cox,Templarius Studios,0.0,steamspy,,True
711860,Yomawari: Midnight Shadows - Digital Soundtrack,"Adventure, Strategy",,,,"Nippon Ichi Software, Inc.",,0.0,steamspy,,True
564251,Yooka-Laylee Digital Artbook,"Action, Adventure",,,,Playtonic Games,Playtonic Friends,0.0,steamspy,,True
564250,Yooka-Laylee Soundtrack,"Action, Adventure",,,,Playtonic Games,Playtonic Friends,0.0,steamspy,,True
23320,Yosumin! Demo,"Casual, Puzzle",,,,SQUARE ENIX,"SQUARE ENIX, Eidos Interactive",0.0,steamspy,,True
982810,You Have 10 Seconds 3 Demo,Indie,,,,tamationgames,tamationgames,0.0,steamspy,,True
667280,YouTubers Galaxy Demo,"Adventure, Indie, RPG",,,,Undermax Games,Undermax Games,0.0,steamspy,,True
416100,Your Quest Demo,"Casual, Indie, RPG, Strategy",,,,Oblivionburn Productions,Oblivionburn Productions,0.0,steamspy,,True
667250,Your Smile Beyond Twilight - Original Soundtrack,"Adventure, Indie",,,,lingtanstudio,,0.0,steamspy,,True
219030,Ys Origin Demo,"Action, Adventure, JRPG, RPG",,,,Nihon Falcom,XSEED Games,0.0,steamspy,,True
81705,Ys Origin Trailer,"Action, Adventure, JRPG, RPG",,,,Nihon Falcom,XSEED,0.0,steamspy,,True
677690,Ys VIII: Lacrimosa of DANA - Adols Adventure Essentials DLC / ,"Action, RPG",,,,Nihon Falcom,"NIS America, Inc.",0.0,steamspy,,True
677692,Ys VIII: Lacrimosa of DANA - Digital Soundtrack Sampler / ,"Action, RPG",,,,Nihon Falcom,"NIS America, Inc.",0.0,steamspy,,True
707185,Ys VIII: Lacrimosa of DANA - Laxia's “Eternian Scholar” Costume,"Action, RPG",,,,Nihon Falcom,"NIS America, Inc.",0.0,steamspy,,True
81489,Ys: The Oath in Felghana Trailer,"Action, Adventure, JRPG, RPG",,,,Nihon Falcom,XSEED,0.0,steamspy,,True
816110,YumeCore - Original Soundtrack,Action,,,,takayakata,,0.0,steamspy,,True
2253970,Yusha Prototype,"Action, Indie","23 May, 2024",False,"₩ 4,690",索莉提亞聯盟 -Solitaire Union-,"Mango Party, Mango Party News",0.0,appdetails,,True
966130,Yuzi Lims: Hentai - Soundtrack,"Casual, Indie",,,,Snkl Studio,Snkl Studio,0.0,steamspy,,True
837150,Yuzi Lims: anime runner - Soundtrack,"Adventure, Casual, Indie, Sports",,,,Snkl Studio,Snkl Studio,0.0,steamspy,,True
444540,ZHEROS (Original Soundtrack),"Action, Indie",,,,Rimlight Studios,Rimlight Studios,0.0,steamspy,,True
881340,ZONE OF THE ENDERS: The 2nd Runner MARS / ANUBIS ZONE OF THE ENDERS: MARS Demo,Action,,,,"Konami Digital Entertainment, Cygames, Inc.",Konami Digital Entertainment,0.0,steamspy,,True
859500,Zaccaria Pinball - Artwork Editor,"Action, Casual, Indie, Simulation, Sports",,,,Magic Pixel Kft.,,0.0,steamspy,,True
606170,Zarya and the Cursed Skull Demo,"Action, Adventure, Indie",,,,Rodz,Rodz,0.0,steamspy,,True
458010,ZeGame Demo,"Adventure, Casual, Indie, Puzzle",,,,"Jesper The End, Selle Sellink, New Hansen",Jesper The End,0.0,steamspy,,True
33400,Zeit Demo,"Action, Indie",,,,Brightside Games,Ubisoft,0.0,steamspy,,True
80607,Zeit² Trailer,"Action, Indie",,,,Brightside Games,Ubisoft,0.0,steamspy,,True
1010940,Zeliria Sanctuary - OST + ARTBOOK,"Adventure, Indie",,,,Salangan Games,Phoenix_co,0.0,steamspy,,True
991650,Zeliria Sanctuary Demo,"Adventure, Horror, Indie, Visual Novel",,,,Salangan Games,Salangan Games,0.0,steamspy,,True
80445,Zen Bound 2 Trailer,"Casual, Indie, Puzzle",,,,,,0.0,steamspy,,True
1619390,Zen Landscape Editor,"Card & Board, Casual, City Builder",,,,Cartboard Games,Cartboard Games,0.0,steamspy,,True
4910,Zen of Sudoku Demo,"Casual, Indie, Puzzle",,,,Unknown Worlds,,0.0,steamspy,,True
22220,Zeno Clash Demo,"Action, Adventure, Fighting, Indie",,,,ACE Team,ACE Team,0.0,steamspy,,True
476690,Zenodyne R Demo,"Action, Indie",,,,Team Grybanser Fox,Team Grybanser Fox,0.0,steamspy,,True
918710,Zero Caliber VR Demo,"Action, Casual, Indie, Simulation",,,,XREAL Games,XREAL Games,0.0,steamspy,,True
18800,Zero Gear Demo,"Action, Casual, Indie, Racing, Sports",,,,Nimblebit,Nimblebit,0.0,steamspy,,True
5541,Zero Gear Trailer,"Action, Casual, Indie, Racing, Sports",,,,Nimblebit,Nimblebit,0.0,steamspy,,True
427020,Zero Reflex Soundtrack,"Action, Indie",,,,Exordium Games,Exordium Games,0.0,steamspy,,True
830740,Zhmyshenko Valery Albertovich - OST,"Adventure, Casual, Indie",,,,"Nikita ""Ghost_RUS""",Ghost_RUS Games,0.0,steamspy,,True
2901370,Zhuzi Subdues Demons,"Indie, Platformer, RPG",,,,李小鹏的个人开发,李小鹏的发行商,0.0,steamspy,,True
315510,Zigfrak Demo,"Action, Casual, Indie, RPG",,,,Entheogen Studios LLC,Entheogen Studios LLC,0.0,steamspy,,True
5729,Ziro Trailer,"Casual, Indie, Puzzle",,,,Kokakiki,Kalypso Media Digital,0.0,steamspy,,True
5874,Ziro Trailer,"Casual, Indie, Puzzle",,,,Kokakiki,Kalypso Media Digital,0.0,steamspy,,True
2583330,Zlime: Return Of Demon Lord,"Action, Casual, Indie, Platformer, Roguelike",,,,DUO AB Indie Developer,DUO AB Indie Developer,0.0,steamspy,,True
760190,ZomDay Demo,"Action, Horror, Indie, RPG, Shooter",,,,INTO GAMES,INTO GAMES,0.0,steamspy,,True
455620,Zombasite Demo,"Action, Indie, RPG",,,,Soldak Entertainment,Soldak Entertainment,0.0,steamspy,,True
32162,Zombie Bowl-o-Rama Demo,"Casual, Sports",,,,MumboJumbo,MumboJumbo,0.0,steamspy,,True
5472,Zombie Bowl-o-Rama Trailer,"Casual, Sports",,,,MumboJumbo,MumboJumbo,0.0,steamspy,,True
301900,Zombie Driver HD Brutal Car Skins,"Action, Indie, Racing",,,,Exor Studios,Exor Studios,0.0,steamspy,,True
220840,Zombie Driver HD Demo,"Action, Adventure, Horror, Indie, Racing, Shooter, Survival",,,,Exor Studios,,0.0,steamspy,,True
82143,Zombie Driver HD Release Trailer,"Action, Adventure, Horror, Indie, Racing, Shooter, Survival",,,,,,0.0,steamspy,,True
220822,Zombie Driver HD Soundtrack,"Action, Indie, Racing",,,,EXOR Studios,EXOR Studios,0.0,steamspy,,True
411580,Zombie Exodus Demo,"Indie, RPG",,,,Hosted Games,Hosted Games,0.0,steamspy,,True
543990,Zombie Exodus: Safe Haven Demo,"Adventure, Indie, RPG",,,,Hosted Games,Hosted Games,0.0,steamspy,,True
359540,Zombie Kill of the Week - Reborn Soundtrack,"Action, Indie",,,,Still Running,"Merge Games, Tagstar Games",0.0,steamspy,,True
498770,Zombie Night Terror - Soundtrack/Special Edition Upgrade,"Action, Indie, Strategy",,,,NoClip,Good Shepherd Entertainment,0.0,steamspy,,True
633910,Zombie Panic! Source Official Soundtrack,"Action, Indie",,,,Zombie Panic Team,Zombie Panic Team,0.0,steamspy,,True
33190,Zombie Shooter 2 Demo,"Action, Indie, RPG, Shooter",,,,Sigma Team Inc.,Sigma Team Inc.,0.0,steamspy,,True
33170,Zombie Shooter Demo ,"Action, Horror, Indie, RPG, Shooter",,,,Sigma Team Inc.,Sigma Team Inc.,0.0,steamspy,,True
412960,Zombie Vikings - Soundtrack,"Action, Adventure",,,,Zoink Games,,0.0,steamspy,,True
569650,ZombieFight VR Demo,"Action, Adventure, RPG",,,,"Beijing Elysium Interactive Technology Co., Ltd.","Beijing Elysium Interactive Technology Co., Ltd.",0.0,steamspy,,True
404760,ZombieZoid - Zenith Demo,"Action, Adventure",,,,Adhoc Games,Adhoc Games,0.0,steamspy,,True
451560,Zombies on a Plane - Digital Art Book + OST,"Action, Indie",,,,Shangri-La Game Studios Ltd,Fulqrum Publishing,0.0,steamspy,,True
1216470,Zoria: Age of Shattering Prologue,"Action, Adventure, Indie, RPG, Strategy",,,,Tiny Trinket Games,Anshar Publishing,0.0,steamspy,,True
648970,Zulu Response Demo,"Action, Indie, Simulation, Strategy",,,,WisKids,WisKids,0.0,steamspy,,True
3622,Zuma's Revenge! Demo,"Action, Casual, Puzzle",,,,"PopCap Games, Inc.","PopCap Games, Inc.",0.0,steamspy,,True
542330,Zup! - DLC,"Casual, Indie, Puzzle",,,,Quiet River,Quiet River,0.0,steamspy,,True
569410,Zup! 2 - DLC,"Casual, Indie, Puzzle",,,,Quiet River,Quiet River,0.0,steamspy,,True
610820,Zup! 4 - DLC,"Casual, Indie, Puzzle",,,,Quiet River,Quiet River,0.0,steamspy,,True
683060,Zup! 5 - DLC,"Casual, Indie, Puzzle",,,,Quiet River,Quiet River,0.0,steamspy,,True
723000,Zup! 6 - OST,"Casual, Indie",,,,Quiet River,Quiet River,0.0,steamspy,,True
631320,Zup! Zero - DLC,"Casual, Indie, Puzzle",,,,Quiet River,Quiet River,0.0,steamspy,,True
938440,Zup! Zero 2 - OST,"Casual, Indie",,,,Quiet River,Quiet River,0.0,steamspy,,True
596120,[City of God I:Prison Empire]-Original Sound Track,"Indie, RPG, Simulation, Strategy",,,,Pixel Gangsta Studio,Pixel Gangsta Studio,0.0,steamspy,,True
438380,[STO] Special Tactics Online Demo,"Action, Indie, Shooter, Strategy",,,,Beast Mode Games,Beast Mode Games,0.0,steamspy,,True
81774,"[Vindictus] Aidan Trailer - Season 3, Chapter 3: Episode 1","Action, Adventure, Horror, Massively Multiplayer, RPG",,,,,,0.0,steamspy,,True
1013850,blocks Demo,"Casual, Indie, Platformer, Strategy",,,,BlueRichter,BlueRichter,0.0,steamspy,,True
335970,dUpLicity ~Beyond the Lies~ Demo,"Adventure, Casual, Indie, Simulation",,,,ROSEVERTE,ROSEVERTE,0.0,steamspy,,True
939010,eSports Legend / 电竞传奇 Demo,"Casual, Indie, Simulation, Sports, Strategy",,,,90Games,Coconut Island Games,0.0,steamspy,,True
1043650,eXplosive Dinosaurs Demo,"Action, Casual, Indie, Strategy",,,,RAWR Lab,RAWR Lab,0.0,steamspy,,True
348610,eden* Demo,"Adventure, Visual Novel",,,,minori,MangaGamer,0.0,steamspy,,True
5730,eversion Trailer,"Horror, Indie, Platformer, Puzzle",,,,Zaratustra Productions,Zaratustra Productions,0.0,steamspy,,True
408360,fault Series ORIGINAL SOUNDTRACK vol 1,Indie,,,,ALICE IN DISSONANCE,ALICE IN DISSONANCE,0.0,steamspy,,True
313680,fault milestone one Demo,"Adventure, Casual, Indie, Visual Novel",,,,ALICE IN DISSONANCE,ALICE IN DISSONANCE,0.0,steamspy,,True
362710,fault milestone two Demo,"Indie, Visual Novel",,,,ALICE IN DISSONANCE,ALICE IN DISSONANCE,0.0,steamspy,,True
564300,hack_me - Wallpapers,"Indie, Simulation",,,,Egor Magurin,Indovers Studio,0.0,steamspy,,True
571220,hackmud OST,"Indie, Massively Multiplayer, RPG, Simulation",,,,Drizzly Bear,,0.0,steamspy,,True
535971,htoL#NiQ: The Firefly Diary - Digital Soundtrack,"Adventure, Strategy",,,,"Nippon Ichi Software, Inc.","NIS America, Inc.",0.0,steamspy,,True
81467,iBomber Defense Pacific Trailer,"Casual, Indie, Strategy, Tower Defense",,,,Cobra Mobile,Chillingo,0.0,steamspy,,True
489350,iGrow Game Demo,"Casual, RPG, Simulation",,,,iDev Games,iDev Games,0.0,steamspy,,True
1485380,iGuide Knossos VR,Indie,,,,Stelios C. A. Thomopoulos,CLARET,0.0,steamspy,,True
613340,johns.game Demo,"Action, Adventure, Casual, Indie, RPG, Simulation, Strategy",,,,GCRH,Obscure Studios,0.0,steamspy,,True
909851,killer7: 2018 Remastered Original Soundtrack,"Action, Adventure",,,,GRASSHOPPER MANUFACTURE INC.,"NIS America, Inc.",0.0,steamspy,,True
748790,kuso - Soundtrack Vol 1 + Collector's Content,"Action, Indie",,,,Fred Wood,,0.0,steamspy,,True
578940,kuso Demo,"Action, Indie, Platformer",,,,Fred Wood,Fred Wood,0.0,steamspy,,True
530540,mr.President Prologue Episode,"Action, Indie, Simulation",,,,Sergey Domashenkin,Sergey Domashenkin,0.0,steamspy,,True
80448,nail'd Trailer,"Action, Racing",,,,,,0.0,steamspy,,True
687820,qop - DLC,"Casual, Indie, Puzzle",,,,Quiet River,Quiet River,0.0,steamspy,,True
400330,rFactor 2 Demo,"Racing, Simulation, Sports",,,,Studio 397,Studio 397,0.0,steamspy,,True
353320,rFactor Demo,"Racing, Simulation, Sports",,,,Image Space Incorporated,Image Space Incorporated,0.0,steamspy,,True
969440,sweet pool Demo,"Adventure, Horror, Visual Novel",,,,Nitroplus,JAST USA,0.0,steamspy,,True
1044510,vApe Escape - Original Soundtrack,"Adventure, Indie",,,,Gamechuck,Gamechuck,0.0,steamspy,,True
556170,vRhythm Demo,Indie,,,,Pixelpointer Studios,Pixelpointer Studios,0.0,steamspy,,True
5911,vvvvvv Trailer,"Action, Adventure, Indie, Metroidvania, Platformer, Puzzle",,,,Terry Cavanagh,Terry Cavanagh,0.0,steamspy,,True
1377550,~Be a maid in the Demon World~ The Secret Café of the Demon Angel Hero.,"JRPG, RPG, Simulation, Visual Novel",,,,Kokutou Umeboshi,Kokutou Umeboshi,0.0,steamspy,93.0,True
1045570,∀kashicforce Demo,"Action, Indie, Puzzle",,,,Endless Shirafu,Fruitbat Factory,0.0,steamspy,,True
1084940,《叙事曲2：星空下的诺言》原声音轨 / Ballade2: the Celestial Promise - Original Soundtrack,"Adventure, Indie, RPG",,,,286studio,286studio,0.0,steamspy,,True
836940,【SCP】器関ノ彷徨 -The will of a single Tale-【DEMOver.】,"Adventure, Horror, Simulation, Visual Novel",,,,Stoner Tomohito,GESTALT-§,0.0,steamspy,,True
843330,【SCP】器関ノ彷徨 -The will of a single Tale-【DEMOver.】 Demo,"Adventure, Horror, Simulation, Visual Novel",,,,Stoner Tomohito,GESTALT-§,0.0,steamspy,,True
992470,きりたんvsカニたん~ずんだもちを防衛せよ！~onSteam Demo,"Simulation, Strategy, Tower Defense",,,,Akamurasaki Games,Akamurasaki Games,0.0,steamspy,,True
883820,不可思议之梦蝶（试玩版) Demo,"Action, Adventure, Indie, Platformer, Puzzle",,,,Dotoyou Games,Dotoyou Games,0.0,steamspy,,True
928080,不落城-Unconquered Castle Demo,"Casual, Indie, Strategy, Visual Novel",,,,灰烬天国,灰烬天国,0.0,steamspy,,True
948910,不落城原声音乐碟 - Unconquered Castle Original Soundtrack,"Casual, Indie",,,,灰烬天国,,0.0,steamspy,,True
1000420,东方大战争 ~ Touhou Big Big Battle - Skin Pack 1,"Action, Casual, Indie, Massively Multiplayer, Strategy",,,,MyACG Studio,,0.0,steamspy,,True
1021910,东方大战争 ~ Touhou Big Big Battle - Skin Pack 2（2019 Chinese New Year）,"Action, Casual, Indie, Massively Multiplayer, Strategy",,,,MyACG Studio,,0.0,steamspy,,True
1024550,东方大战争 ~ Touhou Big Big Battle - Skin Pack 3,"Action, Casual, Indie, Massively Multiplayer, Strategy",,,,MyACG Studio,,0.0,steamspy,,True
1024551,东方大战争 ~ Touhou Big Big Battle - Skin Pack 4,"Action, Casual, Indie, Massively Multiplayer, Strategy",,,,MyACG Studio,,0.0,steamspy,,True
942420,东方蝶梦志 Demo,"Action, Casual, Indie",,,,弦语蝶梦,弦语蝶梦,0.0,steamspy,,True
871830,中国式家长 Demo,"Casual, Horror, Indie, RPG, Simulation",,,,墨鱼玩游戏,Coconut Island Games,0.0,steamspy,,True
1012740,九劫曲:诅咒之地 NINE TRIALS Demo,"Action, Adventure, Massively Multiplayer, RPG",,,,深圳市爱玩游戏科技游戏公司,深圳市爱玩游戏科技游戏公司,0.0,steamspy,,True
1107050,人工智能 阿尔法猫-AI Alpha Cat,"Adventure, Casual, Indie, RPG, Simulation, Strategy",,,,Mescaline's Wings,Mescaline's Wings,0.0,steamspy,,True
859240,全副武装 Demo,"Action, Massively Multiplayer",,,,重庆第五维科技有限公司,重庆第五维科技有限公司,0.0,steamspy,,True
985700,军团战棋 Legion War Demo,"4X, Adventure, Indie, Strategy",,,,Bear & Cat Studio,Bear & Cat Studio,0.0,steamspy,,True
682670,初颜 - The Prototype,"Adventure, Indie, Puzzle, RPG, Visual Novel",,,,发胶事务所 Hairgel Agency,发胶事务所 Hairgel Agency,0.0,steamspy,,True
985740,同居指南 | Cohabitation Guide,"Adventure, Casual, Indie, RPG, Simulation, Visual Novel",,,,CCYY,CCYY,0.0,steamspy,,True
2888730,后室：彼阳的晚意(序章)-Backrooms:Beyond one year(Prologue),"Action, Adventure, Casual, Horror, Puzzle, RPG, Survival",,,,Kwing works,Kwing works,0.0,steamspy,,True
1096040,嗜血印 Bloody Spell DLC  清凉肚兜,"Action, Adventure, Indie, RPG",,,,艺龙游戏,,0.0,steamspy,,True
1096030,嗜血印 Bloody Spell DLC 女装大佬,"Action, Adventure, Indie, RPG",,,,艺龙游戏,,0.0,steamspy,,True
964280,夜之归途 Demo,"Indie, RPG, Strategy, Tower Defense",,,,"凌晨两点, 凌晨两点",凌晨两点,0.0,steamspy,,True
1007920,女巫与六便士原声集 the sibyl and sixpence OST,"Casual, Indie",,,,吃了就睡工作室,,0.0,steamspy,,True
830550,妄想症 Deliver Me Demo,"Adventure, Casual, Indie, Simulation, Visual Novel",,,,属音制作组,属音制作组,0.0,steamspy,,True
992620,妖怪俱乐部 Demon Club,"Action, Indie, RPG",,,,chenjd,chenjd,0.0,steamspy,,True
1069550,寄甡-OST,"Adventure, Casual, Indie, Simulation",,,,白露社,PeriScope Game,0.0,steamspy,,True
1127800,异化之恶〇Abnormal Treatment - OST,"Adventure, Indie, RPG",,,,Eternal Dream,"Eternal Dream, 迷糊的安安",0.0,steamspy,,True
621040,弗拉梅尔的奇迹 OST,"Adventure, Indie",,,,Weixi Studio,,0.0,steamspy,,True
931900,怪奇幻想夢物語 怪獣綺譚 朧十夜 Demo,"Adventure, Casual, Indie, Visual Novel",,,,ときてっと,ときてっと,0.0,steamspy,,True
940250,怪奇幻想夢物語 怪獣綺譚 桜蛇伝 Demo,"Adventure, Casual, Indie, Visual Novel",,,,ときてっと,ときてっと,0.0,steamspy,,True
1025080,怪獣綺譚 朧十夜 空狐万華鏡 Demo,"Adventure, Casual, Indie, Visual Novel",,,,ときてっと,ときてっと,0.0,steamspy,,True
2479620,恶魔契约者 Demon Contract Warrior,"Adventure, Casual, JRPG, RPG, Simulation, Strategy",,,,16air,16air,0.0,steamspy,,True
3434330,恶魔的房间 The Demon's Room,"Adventure, Casual, Horror, Indie, RPG, Simulation",,,,"Shanghai Yunyong Culture Media Co., Ltd","Shanghai Yunyong Culture Media Co., Ltd",0.0,steamspy,,True
554640,拯救大魔王2 Rescue the Great Demon 2,"Adventure, Indie, RPG",,,,吃了就睡工作室,indienova,0.0,steamspy,,True
1049150,拯救大魔王:重生 Falsemen: Rebirth Demo,"Adventure, Indie, RPG",,,,吃了就睡工作室,吃了就睡工作室,0.0,steamspy,,True
859280,拯救大魔王重生 Falsemen: Demon Rebirth,"Adventure, Indie, RPG",,,,吃了就睡工作室,吃了就睡工作室,0.0,steamspy,,True
771290,旧手表 - 原声音乐集 (original soundtrack),"Casual, Indie",,,,灰烬天国,,0.0,steamspy,,True
783800,春风 | Spring Breeze -- Artbook DLC,"Adventure, Indie",,,,HongbinGame,,0.0,steamspy,,True
929350,東方幕華祭 ~ Fantastic Danmaku Festival Soundtrack,"Action, Adventure, Casual, Indie",,,,東方幕華祭制作组,"東方幕華祭制作组, Starship Studio",0.0,steamspy,,True
1002570,枕边少女 MOE Hypnotist - OST,"Adventure, Casual, Indie",,,,橘子班,PeriScope Game,0.0,steamspy,,True
749530,樱之社†净梦者 第一部 Demo,"Adventure, Horror, Visual Novel",,,,"MOONSTONE, HIKARI FIELD",HIKARI FIELD,0.0,steamspy,9.0,True
1006170,消灭魔王军 Destroy the Demon Army,"Casual, Indie, RPG, Simulation, Strategy",,,,Blueprint Core,Blueprint Core,0.0,steamspy,,True
1191770,混世萌王喵霸霸 Cute Chaos Demon Nyanbaba,"Casual, Horror, Indie, Puzzle",,,,冷笑黑妖,冷笑黑妖,0.0,steamspy,,True
2377990,渡灵师-Demon Subduing Master,"Adventure, Casual, Indie, RPG, Strategy","30 Apr, 2023",False,"₩ 15,000",橙光游戏,橙光游戏,0.0,appdetails,1.0,True
882650,爱上火车 Maitetsu Demo,"Adventure, Visual Novel",,,,Lose,HIKARI FIELD,0.0,steamspy,,True
2296610,百鬼幻想記 ~100 Demon Fantasia~,"Action, Adventure, Indie, Survival",,,,hypnosisSoft,PGN Games,0.0,steamspy,,True
1018180,祈風 Inorikaze Demo,"Adventure, Casual, Indie, Visual Novel",,,,"Twilight -日月之境-, 觀象草圖 Astrolabe Draft",觀象草圖 Astrolabe Draft,0.0,steamspy,,True
779660,神舞幻想 Faith of Danschant - Original Soundtrack,RPG,,,,北京九鳳信息科技有限公司,北京网元圣唐娱乐科技有限公司,0.0,steamspy,,True
890070,秋色的記憶(體驗版) / Fall...in Love (Demo),"Adventure, Visual Novel",,,,藍茶高校 Blue Tea College,藍茶高校 Blue Tea College,0.0,steamspy,,True
602780,端木斐异闻录：坠殒癖 - 原声集(OST),"Adventure, Indie",,,,"Rostrum Studio, YUKIri",致意,0.0,steamspy,,True
742430,端木斐异闻录：非人之恋 - 原声集（OST）,"Adventure, Indie",,,,"Rostrum Studio, 柳知萧",致意,0.0,steamspy,,True
832400,茂伸奇谈-HAPPY END- Demo,"Adventure, Visual Novel",,,,Lose,HIKARI FIELD,0.0,steamspy,,True
758110,茂伸奇谈-Monobeno- Demo,"Adventure, Visual Novel",,,,Lose,HIKARI FIELD,0.0,steamspy,,True
981460,覇県を握れ ～47都道府県大戦～ Demo,"Indie, Simulation, Strategy",,,,Flying Panjandrum,Flying Panjandrum,0.0,steamspy,24.0,True
749790,谜题姐妹 Puzzle Sisters OST,"Casual, Indie",,,,冷笑黑妖,冷笑黑妖,0.0,steamspy,,True
3345960,贝如塔医院 Beta Hospital,"Adventure, Horror, Puzzle, RPG",,,,逃跑灵羊工作室,逃跑灵羊工作室,0.0,steamspy,,True
1021730,赫炎的印加诺克 Fullvoice ReBORN Demo,"Adventure, Visual Novel",,,,"Liar-soft, Nekoday",Nekoday,0.0,steamspy,,True
935600,阿比斯的宝藏 Demo,"Adventure, Indie, RPG",,,,HAN XU,HAN XU,0.0,steamspy,,True
889010,雨上がりのハナビィ Demo,"Action, Adventure, Casual, Indie",,,,Enigmatic Network,Enigmatic Network,0.0,steamspy,,True
645560,風水演武　前編 Demo,"Adventure, Indie, RPG, Strategy, Visual Novel",,,,REAL co.ltd,REAL co.ltd,0.0,steamspy,,True
945840,魔装術師アカネ / Magic MechSuit Akane Demo,"Action, Indie, Shooter",,,,WaterMagus,WaterMagus,0.0,steamspy,,True
942810,Ashes of Creation Apocalypse Open Beta,"Action, Massively Multiplayer, RPG",,,,"Intrepid Studios, Inc.","Intrepid Studios, Inc.",,steamspy,,True
786860,Big Bang Billiards Demo,"Casual, Indie, Simulation, Sports",,,,"Octopus Interactive VR, LLC","Octopus Interactive VR, LLC",,steamspy,,True
910760,Blood Ancestors - Open Alpha,"Action, Indie, Massively Multiplayer, RPG, Sports",,,,Snowpeak Studio,Snowpeak Studio,,steamspy,,True
556560,Bounce Demo,Casual,,,,Steel Wool Studios,Steel Wool Studios,,steamspy,,True
696790,Call of Duty: WWII - PC Open Beta,"Action, Casual, Shooter",,,,"Sledgehammer Games, Raven Software",Activision,,steamspy,,True
1180310,Comanche Open Multiplayer Beta,"Action, Massively Multiplayer, Simulation",,,,NUKKLEAR,THQ Nordic,,steamspy,,True
2742510,DEMONICA,"Action, Adventure",Coming soon,False,,Bheismarque,Bheismarque,,appdetails,,True
533200,Deformers Open Beta,Action,,,,Ready At Dawn,"GameTrust Games, Ready At Dawn",,steamspy,,True
606220,Dogolrax Demo,"Action, Adventure, Horror, Indie, Metroidvania, Platformer",,,,Studio TeamShuriken,Studio TeamShuriken,,steamspy,,True
1350050,Dreamshard: Prologue,"Indie, RPG, Strategy",Coming soon,True,,Mad Robot Games,Mad Robot Games,,appdetails,,True
1916410,Drive Beyond Horizons: Prologue,"Action, Adventure, Casual, Indie, Racing, Simulation",Coming soon,True,,"Tacty Studio, Santor Games",Tacty Studio,,appdetails,,True
1017710,Falling Bullets Demo,"Action, Casual, Indie, Massively Multiplayer, Strategy",,,,Jan Pabisiak,Jan Pabisiak,,steamspy,,True
917110,Football Nation VR 2018 Demo,"Casual, Indie, Sports",,,,Cherry Pop Games,Cherry Pop Games,,steamspy,,True
600540,Fumiko! Demo,"Adventure, Indie, Platformer",,,,Fumiko Game Studio,Fumiko Game Studio,,steamspy,,True
759380,Going Nowhere: The Dream Demo,"Adventure, Indie",,,,Nowhere Town,Nowhere Town,,steamspy,,True
1034680,It's Not A Moon Demo,"Action, City Builder, Indie, Simulation, Strategy, Survival",,,,Hyeson,Hyeson,,steamspy,,True
1031430,Knights of Tartarus Demo,"Indie, JRPG, RPG, Strategy",,,,Stello Hexis,Stello Hexis,,steamspy,,True
730590,Laser League Beta,"Indie, Sports",,,,Roll7,505 Games,,steamspy,,True
713300,Mass O' Kyzt Demo,"Action, Indie",,,,AlexHoratio,AlexHoratio,,steamspy,,True
1107150,Microcosmum: survival of cells Demo,"Action, Adventure, Casual, Indie, Puzzle, RPG, Simulation, Strategy, Survival",,,,Satur Entertainment,Satur Entertainment,,steamspy,,True
531800,Mirage: Arcane Warfare OPEN BETA,"Action, Indie",,,,Torn Banner Studios,Torn Banner Studios,,steamspy,,True
2473820,Movierooms - Cinema Management,"Casual, Indie, Simulation, Strategy",2025,False,,Mad Pumpkins,Mad Pumpkins,,appdetails,,True
894130,Night of the Blood Moon Demo,"Action, Adventure, Casual, Indie, RPG",,,,Tyler McDermott,Tyler McDermott,,steamspy,,True
625640,One Of The Last Demo,"Action, Adventure, Casual, Indie, Strategy",,,,Deep Voodoo Gaming,Deep Voodoo Gaming,,steamspy,,True
3482,Peggle Deluxe Free Demo,"Casual, Puzzle",,,,"PopCap Games, Inc.","PopCap Games, Inc.",,steamspy,,True
892620,Project 59 Demo,"Action, Adventure, Indie",,,,Red Oak Studio,Red Oak Studio,,steamspy,,True
845710,Royal Adventure Demo,"Adventure, Indie, RPG, Strategy",,,,Qumaron,Qumaron,,steamspy,,True
693200,Run Crabby Run Demo,"Adventure, Casual, Indie",,,,Crabby Team,Crabby Team,,steamspy,,True
713990,Sakura Sakura Demo,"Casual, Indie, Visual Novel",,,,Hiqosoft,Sol Press,,steamspy,,True
3545590,Salary-Mon | Hiro Versus His Demons,"RPG, Strategy",2025,False,,"Rivertune Games, 22",22,,appdetails,,True
2378400,Shuvani (Old Prototype),"Action, Indie",Coming soon,True,,Raging Games,"Raging Games, Voxel School, Padaone Games",,appdetails,,True
542390,Slingshot people Demo,"Action, Casual, Horror, Indie, Simulation",,,,ALEXANDR KOLOBAEV,ALEXANDR KOLOBAEV,,steamspy,,True
579800,Sniper Ghost Warrior 3 Open Beta,"Action, RPG, Shooter",,,,CI Games,CI Games,,steamspy,,True
550040,Steep Open Beta,"Action, Sports",,,,"Ubisoft Annecy, Ubisoft Montpellier, Ubisoft Kiev",Ubisoft,,steamspy,,True
1448250,Swing Dunk (Open Beta),"Action, Casual, Indie, Racing, Shooter, Sports",,,,BucketPlay.inc,BucketPlay.inc,,steamspy,,True
760760,THE CREW 2 - Open Beta,"Action, Massively Multiplayer, Racing",,,,Ivory Tower,Ubisoft,,steamspy,,True
584210,Tom Clancy's Ghost Recon® Wildlands Open Beta,"Action, Adventure, Shooter",,,,"Ubisoft Paris, Ubisoft Annecy, Ubisoft Bucharest, Ubisoft Montpellier, Ubisoft Milan, Reflections",Ubisoft,,steamspy,,True
571490,Tomato Jones Demo,"Action, Adventure, Casual, Indie, Platformer, Puzzle",,,,HA Studio Ltd.,HA Studio Ltd.,,steamspy,,True
544450,Typing with Jester Demo,Indie,,,,Michael Jendryssek,Michael Jendryssek,,steamspy,,True
835780,Umfend Demo,"Adventure, Horror, Indie",,,,AIHASTO,AIHASTO,,steamspy,,True
782550,Wangan Warrior X Demo,"Casual, Indie, Racing, Simulation, Sports",,,,CloudWeight Studios,CloudWeight Studios,,steamspy,,True
994330,守护神石 StoneDefence Demo,"Indie, Strategy",,,,人宅(RenZhai),RenZhai,,steamspy,,True
855680,荒野寻踪 Demo,"Adventure, Casual, Indie, Strategy",,,,Wu Zhang,Wu Zhang,,steamspy,,True
673790,ＩＫＡＲＯＳ Demo,"Adventure, Indie, Puzzle",,,,Studio Mori,Studio Mori,,steamspy,,True
