appid,name,publisher_main,Selected_Genre,game_revenue,publisher_revenue,peak_players,adjusted_rating,owners_midpoint,total_score
1363080,Manor Lords,Hooded Horse,4X,$86m ($56.9m - $115m),$205m,172605.0,85.45,3500000.0,9.24649749346647
232050,Eador. Masters of the Broken World,Snowbird Games,4X,$973.6k ($549.9k - $1.3m),$2m,115993.0,67.48,1500000.0,7.333201612738421
289070,Sid Meier’s Civilization VI,2K,4X,$380.3m ($259.2m - $501.3m),$1.7b,162314.0,85.92,15000000.0,9.354890223493626
1158310,Crusader Kings III,Paradox Interactive,4X,$153m ($93.4m - $212.5m),$1.1b,98474.0,90.76,3500000.0,9.775682616894434
204880,Sins of a Solar Empire: Rebellion,Stardock Entertainment,4X,$10.5m ($5.9m - $15.1m),$62.5m,91159.0,93.66,3500000.0,10.012051956256753
8930,Sid Meier's Civilization V,2K,4X,$166.9m ($103.7m - $230.1m),$1.7b,91020.0,95.43,15000000.0,10.27599324295165
289130,ENDLESS Legend,AMPLITUDE Studios,4X,$28.3m ($16m - $40.6m),$86.3m,88785.0,83.95,3500000.0,9.056033491438773
281990,Stellaris,Paradox Interactive,4X,$110.9m ($79.9m - $141.9m),$1.1b,68517.0,86.75,3500000.0,9.358765794502617
1295660,Sid Meier's Civilization VII,2K,4X,$74.2m ($49.8m - $98.7m),$1.7b,84558.0,47.69,1500000.0,5.436311750893609
1124300,HUMANKIND,AMPLITUDE Studios,4X,$25m ($16.2m - $33.8m),$86.3m,55232.0,67.93,1500000.0,7.4185321043420025
236850,Europa Universalis IV,Paradox Interactive,4X,$75.5m ($49.6m - $101.4m),$1.1b,47844.0,87.34,7500000.0,9.418131686872504
392110,ENDLESS Space 2,AMPLITUDE Studios,4X,$20m ($13.9m - $26m),$86.3m,53435.0,84.13,1500000.0,9.03426263479528
1669000,Age of Wonders 4,Paradox Interactive,4X,$42m ($24.6m - $59.5m),$1.1b,42826.0,82.12,750000.0,8.83255859487078
208140,ENDLESS Space - Definitive Edition,AMPLITUDE Studios,4X,$3.4m ($1.6m - $5.2m),$86.3m,41009.0,79.65,1500000.0,8.552296797467422
466560,Northgard,Shiro Games,4X,$42.5m ($30.4m - $54.6m),$90.7m,20083.0,85.98,3500000.0,9.219110413534745
226840,Age of Wonders III,Paradox Interactive,4X,$9.9m ($5.7m - $14m),$1.1b,18477.0,81.7,1500000.0,8.75903874355925
885970,Total War: ROME REMASTERED,SEGA,4X,$13m ($8m - $18.1m),$1.6b,18407.0,76.99,750000.0,8.277950179890626
1575940,Sins of a Solar Empire II,Stardock Entertainment,4X,$11.9m ($8.8m - $14.9m),$62.5m,13330.0,84.2,350000.0,8.956695321712553
48240,Anno 2070,Ubisoft,4X,$13.3m ($10.2m - $16.4m),$2.4b,11140.0,59.5,750000.0,6.51546073469125
1176470,Terra Invicta,Hooded Horse,4X,$9.6m ($6.8m - $12.5m),$205m,9826.0,79.86,350000.0,8.51521159130939
4700,Total War: MEDIEVAL II – Definitive Edition,SEGA,4X,$4.8m ($2.6m - $7.1m),$1.6b,8419.0,95.55,1500000.0,10.110766043613616
1605220,Dune: Spice Wars,Funcom,4X,$11.4m ($7.8m - $15m),$198.2m,7986.0,79.3,1500000.0,8.487763137797641
2328480,Ascension,Element Game 微元游戏,4X,$1.1m ($752.9k - $1.6m),$1.1m,7867.0,61.59,350000.0,6.6274307797979715
375910,Anno 2205,Ubisoft,4X,$7.8m ($5.4m - $10.2m),$2.4b,7401.0,69.99,1500000.0,7.559570024667663
226860,Galactic Civilizations III,Stardock Entertainment,4X,$14.7m ($9.5m - $19.9m),$62.5m,6225.0,77.01,1500000.0,8.24979975453707
463530,Empires of the Undergrowth,Hooded Horse,4X,$9.3m ($6.4m - $12.2m),$205m,6356.0,94.54,750000.0,9.986338210966462
736820,Knights of Honor II: Sovereign,THQ Nordic,4X,$9.2m ($5.8m - $12.6m),$387.4m,6034.0,77.39,150000.0,8.236220876212792
32470,STAR WARS Empire at War - Gold Pack,LucasArts,4X,$12.9m ($7.9m - $17.8m),$124.9m,5686.0,97.72,1500000.0,10.319060291847414
1531540,Distant Worlds 2,Slitherine Ltd.,4X,$5.2m ($3.5m - $6.9m),$97.4m,4974.0,71.9,150000.0,7.66702713205976
1268590,Millennia,Paradox Interactive,4X,$3.1m ($2.1m - $4.1m),$1.1b,5907.0,67.43,150000.0,7.228214146061603
1937780,Total War: PHARAOH,SEGA,4X,$6.2m ($4m - $8.4m),$1.6b,4858.0,63.77,350000.0,6.886833885383448
1622900,Star Trek: Infinite,Paradox Interactive,4X,$2.1m ($1.3m - $2.9m),$1.1b,4752.0,42.01,350000.0,4.6928035641214825
1099410,A Total War Saga: TROY,SEGA,4X,$11.3m ($6m - $16.5m),$1.6b,4638.0,71.94,350000.0,7.711126577739774
3910,Sid Meier's Civilization III Complete,2K,4X,$529.5k ($288.7k - $770.4k),$1.7b,4571.0,91.04,1500000.0,9.609051685277084
4760,Rome: Total War - Collection,SEGA,4X,0,$1.6b,4399.0,94.61,1500000.0,9.911631559490583
867210,Songs of Conquest,Coffee Stain Publishing,4X,$10.2m ($7.1m - $13.3m),$592.7m,4167.0,85.86,1500000.0,9.126687340028274
202200,Galactic Civilizations II: Ultimate Edition,Stardock Entertainment,4X,$742.5k ($148.5k - $1.3m),$62.5m,3986.0,80.25,750000.0,8.501041241013466
252450,StarDrive 2,Iceberg Interactive,4X,$1.1m ($734.1k - $1.4m),$34.2m,3571.0,55.13,75000.0,5.9371562510062565
597180,Old World,Hooded Horse,4X,$8.7m ($4.4m - $13.1m),$205m,3565.0,82.32,350000.0,8.72837387268292
538030,Xenonauts 2,Hooded Horse,4X,$3.8m ($2.6m - $5m),$205m,3464.0,79.96,150000.0,8.460446985077875
2021880,Ara History Untold: Anniversary Edition ,Xbox Game Studios,4X,$2.3m ($1.4m - $3.1m),$1.8b,3449.0,70.16,35000.0,7.449696829136918
203630,Warlock - Master of the Arcane,Paradox Interactive,4X,$971.5k ($485.7k - $1.4m),$1.1b,3403.0,86.48,750000.0,9.135335494643936
282210,Sid Meier's Starships,2K,4X,$1.8m ($1.1m - $2.4m),$1.7b,3387.0,49.54,150000.0,5.4159457883134206
1422440,Cataclismo,Hooded Horse,4X,$5m ($3.3m - $6.7m),$205m,3129.0,90.05,350000.0,9.489279458777336
8800,Civilization IV: Beyond the Sword,2K,4X,$360.9k ($192.5k - $529.3k),$1.7b,2744.0,96.59,750000.0,10.127134587052375
2233790,Legendary Creatures 2,Thermite Games,4X,$285.9k ($193.2k - $378.6k),$5.1m,2346.0,70.82,350000.0,7.499929856555777
427940,Industries of Titan,Brace Yourself Games,4X,$1.8m ($1.1m - $2.5m),$17m,2209.0,62.57,150000.0,6.685984630781466
544610,Battlestar Galactica Deadlock,Slitherine Ltd.,4X,$3.9m ($2.6m - $5.3m),$97.4m,2125.0,86.85,350000.0,9.150495622210242
702320,March of Empires,Gameloft,4X,$20.9m ($12.6m - $29.3m),$64.8m,2031.0,0.0,350000.0,0.4867599674279207
2511500,Dominions 6 - Rise of the Pantokrator,Illwinter Game Design,4X,$1.6m ($1.2m - $2.1m),$6.5m,1881.0,90.6,35000.0,9.445556773050582
887570,NEBULOUS: Fleet Command,Hooded Horse,4X,$2.4m ($1.4m - $3.3m),$205m,1814.0,82.41,350000.0,8.697723230241872
1822550,Microcivilization,Ondrej Homola,4X,$1.3m ($877.5k - $1.7m),$1.3m,1728.0,82.71,75000.0,8.661100303716896
378720,Thea: The Awakening,MuHa Games,4X,$2.8m ($1.9m - $3.7m),$3.9m,1696.0,88.11,350000.0,9.25091246278906
245370,Etherium,Focus Entertainment,4X,$1.3m ($273.8k - $2.4m),$728.4m,1672.0,35.847,150000.0,4.016422151368685
1025440,Fantasy General II,Slitherine Ltd.,4X,$2.5m ($1.4m - $3.7m),$97.4m,1556.0,82.38,150000.0,8.668386944734241
1119700,As Far As The Eye,Goblinz Publishing,4X,$1.6m ($1m - $2.2m),$29.1m,1499.0,73.21,75000.0,7.723030939501985
1357210,Galactic Civilizations IV,Stardock Entertainment,4X,$3.9m ($2.5m - $5.4m),$62.5m,1422.0,73.02,350000.0,7.753156838452492
2195410,Songs of Silence,Chimera Entertainment,4X,$1.8m ($1.3m - $2.3m),$1.8m,1406.0,79.19,150000.0,8.324377919816934
3900,Sid Meier's Civilization IV,2K,4X,$505.8k ($270.1k - $741.6k),$1.7b,1389.0,92.19,1500000.0,9.686496978759754
606230,Thea 2: The Shattering,MuHa Games,4X,$1.1m ($738.3k - $1.4m),$3.9m,1334.0,79.9,350000.0,8.408893207424102
342560,Airships: Conquer the Skies,David Stark,4X,$2.2m ($1.6m - $2.8m),$2.3m,1313.0,95.93,350000.0,10.019219211028807
25800,Europa Universalis III Complete,Paradox Interactive,4X,$749.5k ($388.6k - $1.1m),$1.1b,1299.0,84.96,350000.0,8.9326566230972
419480,Starpoint Gemini Warlords,Little Green Men Games,4X,$3m ($2.1m - $3.8m),$11m,1246.0,72.53,350000.0,7.688810563609742
261470,Distant Worlds: Universe,Slitherine Ltd.,4X,$3.5m ($2.5m - $4.5m),$97.4m,1239.0,72.03,150000.0,7.6312264667195535
718560,Scythe: Digital Edition,The Knights of Unity,4X,$3.3m ($2.1m - $4.6m),$3.7m,1201.0,90.15,350000.0,9.446391111029463
1606340,Conquest of Elysium 5,Illwinter Game Design,4X,$1.4m ($941.7k - $2m),$6.5m,1171.0,89.94,350000.0,9.414553309139734
722060,Dominions 5 - Warriors of the Faith,Illwinter Game Design,4X,$2m ($1.3m - $2.8m),$6.5m,1065.0,94.3,350000.0,9.852802614721389
1075190,A Game of Thrones: The Board Game - Digital Edition,Twin Sails Interactive,4X,$1.3m ($839.3k - $1.9m),$35.3m,1062.0,70.9,350000.0,7.513698577557062
2820,X3: Terran Conflict,Egosoft,4X,$1.4m ($723.6k - $2m),$37.8m,1019.0,84.66,750000.0,8.906873320714055
1481170,ZEPHON,Proxy Studios,4X,$1.5m ($1m - $1.9m),$1.5m,1016.0,85.33,75000.0,8.909352202350204
1768280,Ozymandias: Bronze Age Empire Sim,Goblinz Publishing,4X,$795.5k ($436.9k - $1.1m),$29.1m,1012.0,89.61,350000.0,9.375236914402809
1264280,Slipways,Beetlewing,4X,$659.2k ($465.1k - $853.3k),$659.3k,1012.0,93.06,350000.0,9.701282855579583
2118810,Breachway,Hooded Horse,4X,$809.2k ($571.7k - $1m),$205m,969.0,74.07,75000.0,7.793973995694169
205990,Warlock 2: The Exiled,Paradox Interactive,4X,$809.8k ($588.6k - $1m),$1.1b,978.0,68.83,350000.0,7.311995634972627
2001070,Heart of the Machine,Hooded Horse,4X,$754.9k ($525.6k - $984.3k),$205m,949.0,93.04,35000.0,9.672235388710455
1681060,Exogate Initiative,Xeno Bits,4X,$654.3k ($448.7k - $859.9k),$654.4k,949.0,75.57,75000.0,7.915624074967233
42990,Sword of the Stars II: Enhanced Edition,Paradox Interactive,4X,$385k ($221.7k - $548.3k),$1.1b,932.0,44.49,350000.0,4.865692803692514
357310,Oriental Empires,Iceberg Interactive,4X,$2.7m ($1.9m - $3.5m),$34.2m,866.0,80.14,75000.0,8.407347222231728
265970,Worlds of Magic,Conglomerate 5,4X,$668.6k ($442.8k - $894.4k),$2.5m,805.0,41.472,350000.0,4.541315301220722
577230,Three Kingdoms The Last Warlord,LongYou Tech Ltd,4X,$1.2m ($812.7k - $1.6m),$1.2m,785.0,69.9,350000.0,7.38869802203693
2420880,WitchHand,HopFrog,4X,$236.9k ($170.5k - $303.4k),$299.8k,747.0,91.59,35000.0,9.475018607369593
659540,Warsim: The Realm of Aslona,Huw Millward,4X,$256.1k ($160.1k - $352.1k),$256k,741.0,96.3,150000.0,9.978845709803164
201290,Sins of a Solar Empire: Trinity,Stardock Entertainment,4X,$548.2k ($170.9k - $925.5k),$62.5m,733.0,78.64,150000.0,8.247123500447948
1623070,Master of Magic,Slitherine Ltd.,4X,$1.4m ($772.6k - $2.1m),$97.4m,732.0,71.05,75000.0,7.488077994743497
1395760,Reshaping Mars,Yooreka Studio,4X,$220.1k ($158.4k - $281.8k),$3m,640.0,84.55,150000.0,8.807651016568984
1356810,Hexarchy,Yogscast Games,4X,$1.2m ($772k - $1.7m),$37.9m,630.0,84.26,75000.0,8.798151493069689
241000,Jon Shafer's At the Gates,Conifer Games,4X,$290k ($202.5k - $377.5k),$290k,628.0,35.496,35000.0,3.863048703435224
1683320,Power & Revolution 2021 Edition,Eversim,4X,$567.1k ($311.6k - $822.6k),$6.7m,603.0,57.12,35000.0,6.047392682097783
1154840,Shadow Empire,Matrix Games,4X,$991k ($580.1k - $1.4m),$17.2m,594.0,85.98,35000.0,8.945082009761132
1901910,Ultimate General: American Revolution,Game-Labs,4X,$1.1m ($724.4k - $1.4m),$21m,559.0,53.05,35000.0,5.652576029052052
1116880,The Heroic Legend of Eagarlnia,Pixmain,4X,$450.2k ($323k - $577.5k),$2m,558.0,85.13,75000.0,8.854542312494262
2340500,Three Kingdoms: Innovatory,Moment HK,4X,$222.7k ($149k - $296.3k),$222.7k,555.0,60.06,35000.0,6.310656111140938
499660,Medieval Kingdom Wars,indie.io,4X,$2.2m ($1.5m - $2.9m),$36.8m,544.0,77.09,75000.0,8.085299577231064
418250,Polaris Sector,Slitherine Ltd.,4X,$516.6k ($303.8k - $729.5k),$97.4m,542.0,63.108,150000.0,6.685622376445443
718650,Driftland: The Magic Revival,Star Drifters,4X,$1m ($660.4k - $1.4m),$2.6m,541.0,73.8,350000.0,7.767842708688852
874390,The Battle of Polytopia,Midjiwan AB,4X,$3.3m ($1.7m - $5m),$3.4m,535.0,94.75,750000.0,9.898090892380534
16810,Sid Meier's Civilization IV: Colonization,2K,4X,$1.8m ($1m - $2.6m),$1.7b,522.0,87.53,750000.0,9.193133825107587
464880,Stars in Shadow,Iceberg Interactive,4X,$366.7k ($237.3k - $496.1k),$34.2m,464.0,77.82,35000.0,8.109931859937404
1011390,Field of Glory: Empires,Slitherine Ltd.,4X,$830.5k ($544k - $1.1m),$97.4m,466.0,81.58,75000.0,8.519517475311742
1597310,Airship: Kingdoms Adrift,indie.io,4X,$727.4k ($513.5k - $941.4k),$36.8m,417.0,75.52,75000.0,7.903986955843652
1085660,Destiny 2,Bungie,Action,$912.3m ($522.3m - $1.3b),$912.4m,316651.0,75.59,35000000.0,8.37164482913978
304390,FOR HONOR,Ubisoft,Action,$171.8m ($107.4m - $236.2m),$2.4b,216499.0,69.77,7500000.0,7.723200083871926
1174180,Red Dead Redemption 2,Rockstar Games,Action,$439.2m ($323.3m - $555.1m),$770.8m,99759.0,92.08,15000000.0,9.954515094387803
601150,Devil May Cry 5,"CAPCOM Co., Ltd.",Action,$132.4m ($83.4m - $181.5m),$1.8b,88735.0,96.25,7500000.0,10.338546194022692
1254120,Bless Unleashed,VALOFE,Action,$9.8m ($6.6m - $12.9m),$27.3m,76273.0,56.997,3500000.0,6.335677556306638
2993780,FANTASY LIFE i: The Girl Who Steals Time,LEVEL5 Inc.,Action,$24.8m ($16.9m - $32.7m),$37.7m,65347.0,92.24,350000.0,9.818458036116954
2384580,DYNASTY WARRIORS: ORIGINS,"KOEI TECMO GAMES CO., LTD.",Action,$49.2m ($32.1m - $66.3m),$424.5m,69318.0,92.78,750000.0,9.911700690083032
1172620,Sea of Thieves: 2025 Edition,Xbox Game Studios,Action,$273.9m ($193.4m - $354.4m),$1.8b,66632.0,89.34,7500000.0,9.649241143627032
848450,Subnautica: Below Zero,Unknown Worlds Entertainment,Action,$48.7m ($38m - $59.5m),$185.6m,42057.0,90.36,3500000.0,9.685057074644464
678960,CODE VEIN,Bandai Namco Entertainment,Action,$71.8m ($50.2m - $93.3m),$1.7b,33804.0,83.84,3500000.0,9.041420167914872
1942280,Brotato,Blobfish,Action,$21.3m ($13.5m - $29m),$21.4m,38761.0,96.64,3500000.0,10.289251514209067
48000,LIMBO,Playdead,Action,$6.1m ($3.8m - $8.5m),$21.1m,27454.0,91.75,3500000.0,9.771323345195546
1693980,Dead Space,Electronic Arts,Action,$50.6m ($39.2m - $62.1m),$4.5b,28842.0,91.08,750000.0,9.725053793299297
221380,Age of Empires II (Retired),Xbox Game Studios,Action,$63.8m ($34.6m - $92.9m),$1.8b,27618.0,95.8,7500000.0,10.24676903559882
240760,Wasteland 2: Director's Cut,inXile Entertainment,Action,$9.8m ($7.3m - $12.3m),$49m,18576.0,82.38,750000.0,8.798194155317985
2849080,Kingdom Rush 5: Alliance TD,Ironhide Game Studio,Action,$6.6m ($4.6m - $8.5m),$28.7m,15843.0,88.05,750000.0,9.35222456342609
555160,Pavlov,Vankrupt Games,Action,$24.5m ($16.8m - $32.2m),$24.4m,17629.0,89.33,1500000.0,9.51744743067677
274940,Depth,Digital Confectioners,Action,$11.7m ($7.9m - $15.4m),$11.7m,10775.0,89.64,1500000.0,9.519300554576967
1645820,SurrounDead,PlaySurrounDead,Action,$6.6m ($4.5m - $8.8m),$6.6m,10713.0,92.33,750000.0,9.76180778281201
292120,FINAL FANTASY XIII,Square Enix,Action,$8.3m ($6.3m - $10.4m),$1b,8320.0,74.84,750000.0,8.02981278198033
1498570,THE KING OF FIGHTERS XV,SNK CORPORATION,Action,$10.3m ($6.5m - $14m),$35.7m,8205.0,83.98,350000.0,8.915163748424332
826630,Iron Harvest,Prime Matter,Action,$27.6m ($16.8m - $38.5m),$76.6m,8145.0,74.23,1500000.0,7.990159145542161
265300,Lords Of The Fallen 2014,CI Games,Action,$17.2m ($10.4m - $23.9m),$116.9m,8014.0,58.45,750000.0,6.3910539638320145
699130,World War Z,Saber Interactive Inc,Action,$35.3m ($22.7m - $47.9m),$35.3m,7943.0,83.43,1500000.0,8.90964108819734
1485590,ENDLESS Dungeon - Definitive Edition,AMPLITUDE Studios,Action,$4.5m ($3.2m - $5.8m),$86.3m,7935.0,64.42,350000.0,6.949866925975809
1798010,Mega Man Battle Network Legacy Collection Vol. 1,"CAPCOM Co., Ltd.",Action,$4.6m ($2.6m - $6.6m),$1.8b,7747.0,87.66,150000.0,9.26746218050629
487120,Citadel: Forged with Fire,Blue Isle Publishing,Action,$3.9m ($2.7m - $5.2m),$7.5m,7720.0,67.9,350000.0,7.284472035172406
669330,Mechabellum,Dreamhaven,Action,$7.8m ($5.8m - $9.9m),$15m,7740.0,84.4,1500000.0,8.980220284811535
1256670,Library Of Ruina,ProjectMoon,Action,$13m ($9.5m - $16.4m),$108.8m,7211.0,94.48,1500000.0,10.001941745641156
385400,Weapons Genius,Conglomerate 5,Action,$391.6k ($78.3k - $705k),$2.5m,5985.0,47.7,350000.0,5.21845897788992
640380,UBERMOSH Vol.5,Walter Machado,Action,$15.4k ($11.5k - $19.3k),$297.2k,5932.0,93.36,350000.0,9.728010568418886
412880,Drift Streets Japan,SA Industry,Action,$1.9m ($1m - $2.8m),$4m,5559.0,64.56,1500000.0,6.9597704878765185
285160,LEGO The Hobbit,Warner Bros. Interactive Entertainment,Action,$2.8m ($1.3m - $4.2m),$446.3m,5549.0,79.19,1500000.0,8.448546373578981
2000890,MechWarrior 5: Clans,Piranha Games Inc.,Action,$3.7m ($2.3m - $5.1m),$24.6m,5548.0,74.6,150000.0,7.929567716503672
2294660,The Quinfall,Vawraek Technology Inc.,Action,$1.3m ($896.8k - $1.8m),$1.3m,5184.0,47.79,350000.0,5.23765476068187
617830,SUPERHOT VR,SUPERHOT Team,Action,$7.8m ($4.7m - $10.9m),$43.2m,4734.0,82.63,1500000.0,8.792521566335093
450860,Andarilho,SC Jogos,Action,$22.6k ($13.5k - $31.6k),$762.8k,3904.0,66.35,150000.0,7.004673867320733
1150530,Wizard with a Gun,Devolver Digital,Action,$5.2m ($3.2m - $7.2m),$501.4m,3844.0,80.63,150000.0,8.539062600864556
911400,Assassin's Creed III Remastered,Ubisoft Entertainment,Action,$9.5m ($6.2m - $12.8m),$55.9m,3473.0,62.81,1500000.0,6.804897992470183
239250,Castlevania: Lords of Shadow 2,KONAMI,Action,$5.8m ($4m - $7.5m),$639.8m,3784.0,84.5,750000.0,8.964282757242504
268130,Heat Signature,Suspicious Developments,Action,$3.3m ($2.4m - $4.2m),$12.4m,3825.0,94.58,750000.0,9.947526469645736
404410,Endless Sky,Michael Zahniser,Action,0,$0 ,2950.0,83.754,1500000.0,8.716695822721679
312990,The Expendabros,Devolver Digital,Action,0,$501.4m,2927.0,85.32,3500000.0,8.99197029493219
1016950,Blood Bowl 3,Nacon,Action,$2.2m ($1.5m - $3m),$157.6m,3076.0,50.82,350000.0,5.55268634348722
339340,Resident Evil 0,"CAPCOM Co., Ltd.",Action,$4.6m ($3m - $6.2m),$1.8b,2924.0,82.24,1500000.0,8.74689371081967
3328720,Flash Doll,Game Star,Action,$531.4k ($329.9k - $732.8k),$816.4k,2876.0,79.8,75000.0,8.370875730361037
462780,Darksiders Warmastered Edition,THQ Nordic,Action,$2.3m ($1.4m - $3.2m),$387.4m,2890.0,88.02,1500000.0,9.30787339417978
513610,Madrobot X,Sometimes You,Action,$1.2k ($617 - $1.8k),$605.9k,2604.0,77.841,150000.0,8.097570028958728
1740720,Have a Nice Death,Arc Games,Action,$9.2m ($6.5m - $11.9m),$330.6m,2481.0,86.2,350000.0,9.108005961021389
420560,Firefighting Simulator - The Squad,astragon Entertainment,Action,$6.2m ($4.1m - $8.2m),$103.7m,2582.0,82.1,750000.0,8.705620749481437
1815570,Aces & Adventures,Yogscast Games,Action,$994.7k ($592.7k - $1.3m),$37.9m,2431.0,90.19,350000.0,9.46475213427616
533780,Zombie Defense,Home Net Games,Action,$2k ($1.2k - $2.8k),$440.6k,2356.0,70.587,750000.0,7.41120459938539
345180,Victor Vran ARPG,Haemimont Games,Action,$3.1m ($1.9m - $4.2m),$3.2m,2410.0,84.99,750000.0,8.96750890110155
58610,Wargame: European Escalation,Eugen Systems,Action,$906.1k ($482.8k - $1.3m),$60.1m,2197.0,76.33,750000.0,8.093319385075183
2695490,Age of Water,Gaijin Network Ltd,Action,$1.6m ($928.6k - $2.2m),$516.7m,2188.0,73.04,350000.0,7.7645916759712446
1699480,KLETKA,Callback,Action,$2.7m ($1.6m - $3.8m),$2.6m,1701.0,91.77,150000.0,9.595745998447894
272470,The Incredible Adventures of Van Helsing II,NeocoreGames,Action,$1.5m ($879.9k - $2.2m),$38.8m,1688.0,70.34,750000.0,7.491613745626635
326120,Horizon Shift,Funbox Media Ltd,Action,$22.4k ($4.4k - $40.3k),$509.5k,1577.0,79.61399999999999,150000.0,8.301143185020065
2510710,Kunitsu-Gami: Path of the Goddess,"CAPCOM Co., Ltd.",Action,$2m ($1.5m - $2.5m),$1.8b,1567.0,92.21,150000.0,9.660852749666352
314710,Mighty No. 9,Deep Silver,Action,$1.6m ($1m - $2.1m),$567.3m,1556.0,57.36,350000.0,6.186436687167491
418030,Subsistence,ColdGames,Action,$5.1m ($3.5m - $6.8m),$5.1m,1527.0,72.37,750000.0,7.70061377175988
312780,Way of the Samurai 4,"Spike Chunsoft Co., Ltd.",Action,$1.5m ($1.1m - $1.9m),$94.5m,1534.0,77.66,350000.0,8.207380915539275
366090,Colony Survival,Pipliz,Action,$6.5m ($5m - $8.1m),$6.5m,1488.0,92.09,350000.0,9.659295281166774
1934570,South of Midnight,Xbox Game Studios,Action,$2.6m ($1.7m - $3.4m),$1.8b,1438.0,94.34,75000.0,9.859471047445796
375850,Island Defense,Stereo7 Games,Action,$23.8k ($4.7k - $42.9k),$32.4k,1373.0,49.095,150000.0,5.234034957096382
1634860,Minishoot' Adventures,SoulGame Studio,Action,$1.5m ($1.1m - $2m),$1.5m,1340.0,97.85,350000.0,10.204449578952417
485440,Call Of The Mighty Warriors,SC Jogos,Action,$5k ($2.6k - $7.3k),$762.8k,1274.0,52.704,150000.0,5.583462303088018
598700,The Vagrant,SakuraGame,Action,$760.6k ($501.3k - $1m),$3.9m,1249.0,89.74,350000.0,9.385489990512909
1627570,The Plucky Squire,Devolver Digital,Action,$2.7m ($1.7m - $3.7m),$501.4m,1231.0,84.6,150000.0,8.891270497790003
35700,Trine Enchanted Edition,Frozenbyte,Action,$3.1m ($1.6m - $4.6m),$30.2m,1186.0,95.67,3500000.0,10.057697820271185
367270,Angels Fall First,Strangely Interactive Ltd,Action,$1.6m ($1m - $2.1m),$1.6m,1100.0,81.9,150000.0,8.585562681318205
458710,Kingdom Rush Frontiers - Tower Defense,Ironhide Game Studio,Action,$3m ($2m - $3.9m),$28.7m,1002.0,96.79,750000.0,10.129255186894405
598330,SimAirport,LVGameDev LLC,Action,$3.2m ($2.2m - $4.3m),$4m,1062.0,79.42,350000.0,8.369470120437825
965200,Walking Zombie 2,Alda Games,Action,$128.7k ($100.4k - $157.1k),$975.3k,962.0,83.331,750000.0,8.72182202426638
1975580,Wild Woods,Daedalic Entertainment,Action,$1.2m ($752.8k - $1.6m),$159.9m,920.0,81.26,75000.0,8.516033383479227
384490,NECROPOLIS: BRUTAL EDITION,Paradox Interactive,Action,$4.1m ($2.7m - $5.4m),$1.1b,872.0,63.72,350000.0,6.821029845348116
1375900,Swarm Grinder,Null State Protocol,Action,$446.2k ($305k - $587.5k),$460.3k,839.0,78.46,350000.0,8.228267228797957
1920480,River City Girls 2,WayForward,Action,$1.6m ($1.2m - $2m),$11.9m,826.0,85.91,75000.0,8.970753768237438
3084280,Threefold Recital,indienova,Action,$578.9k ($357.2k - $800.6k),$41.5m,664.0,98.65,75000.0,10.228566603641948
2616140,Sunset Motel,RockGame S.A.,Action,$555k ($360.2k - $749.8k),$5m,801.0,79.47,35000.0,8.289610075304251
1832220,Blind Fate: Edo no Yami — Dojo,101XP,Action,0,$3.9m,653.0,0.0,150000.0,0.24594972686408473
1051310,Paper Dolls: Original / 纸人,"Beijing Litchi Culture Media Co., Ltd.",Action,$2.9m ($1.8m - $4m),$4.5m,635.0,85.86,350000.0,8.99662912444476
1227780,Taur,Echo Entertainment,Action,$1.3m ($855k - $1.7m),$1.3m,629.0,79.69,150000.0,8.343358154642376
2658450,LOLLIPOP CHAINSAW RePOP,"DRAGAMI GAMES, LTD.",Action,$2.3m ($1.7m - $2.9m),$2.7m,625.0,87.94,75000.0,9.164050641685549
1961600,Darfall,Paradox Arc,Action,$464.2k ($339.5k - $589k),$14.6m,611.0,69.867,10000.0,7.294845889312895
298030,Total Annihilation,Wargaming.net,Action,$333.2k ($213.5k - $452.8k),$343.6k,608.0,96.51,350000.0,10.017805223876708
396480,Battlevoid: Harbinger,Bugbyte Ltd.,Action,$214.1k ($145.5k - $282.7k),$9.5m,563.0,80.13,350000.0,8.385213315552235
246580,The Typing of The Dead: Overkill,SEGA,Action,$3.2m ($2m - $4.5m),$1.6b,559.0,87.67,350000.0,9.200274858425328
2021210,DRAGON QUEST TREASURES,Square Enix,Action,$555.8k ($350.5k - $761k),$1b,562.0,69.048,10000.0,7.231082294807743
410710,System Shock: Enhanced Edition,Nightdive Studios,Action,$137.4k ($76k - $198.9k),$20.5m,548.0,91.35,750000.0,9.520306270685442
1055430,Swords and Sandals Classic Collection,eGames.com,Action,$1.6m ($1m - $2.2m),$2.4m,536.0,92.7,350000.0,9.664047007059011
2085370,Classified: France '44,Team17,Action,$829.5k ($509.2k - $1.1m),$491.6m,537.0,72.82,75000.0,7.654818387588738
2602030,Entropy Survivors,First Break Labs,Action,$288.8k ($179.5k - $398.1k),$631.1k,500.0,73.00800000000001,10000.0,7.582390388786215
1952250,SAMURAI MAIDEN,D3PUBLISHER,Action,$1.1m ($648.2k - $1.6m),$55.3m,526.0,60.94,35000.0,6.443841337033785
1573100,Subterrain: Mines of Titan,indie.io,Action,$305k ($203.1k - $407k),$36.8m,493.0,75.87,35000.0,7.914441158467449
581630,Sword With Sauce,Diatomic Studios,Action,$1m ($606k - $1.5m),$1m,454.0,86.26,350000.0,9.004329312967878
503620,Fictorum,Scraping Bottom Games,Action,$886.1k ($547.5k - $1.2m),$886.1k,452.0,78.63,150000.0,8.219924360963123
2236070,Peaks of Yore,TraipseWare,Action,$1m ($748.5k - $1.3m),$1m,467.0,97.64,150000.0,10.124209931117495
640890,Will Glow the Wisp,PartTimeIndie,Action,$3.4k ($1.7k - $5.1k),$8.8k,405.0,76.365,75000.0,7.87385310421486
311770,LEGO Pirates of the Caribbean: The Video Game,Disney,Action,$3.2m ($1.9m - $4.5m),$129.5m,450.0,90.51,350000.0,9.466800278566874
1623730,Palworld,Pocketpair,Adventure,$414.2m ($260.2m - $568.3m),$438m,2101535.0,94.14,75000000.0,10.287740880620202
346110,ARK: Survival Evolved,Studio Wildcard,Adventure,$456.5m ($309.6m - $603.4m),$538.1m,247292.0,83.87,35000000.0,9.179655707387449
1468810,鬼谷八荒 Tale of Immortal,鬼谷工作室,Adventure,$75m ($50m - $100m),$75m,183985.0,55.34,3500000.0,6.2311789101646164
1222670,The Sims 4,Electronic Arts,Adventure,$159.5m ($85.2m - $233.9m),$4.5b,96185.0,86.02,15000000.0,9.340213134176002
2215430,Ghost of Tsushima DIRECTOR'S CUT,PlayStation Publishing LLC,Adventure,$103.4m ($74.1m - $132.8m),$1.3b,77154.0,93.7,3500000.0,10.057141285584642
1364780,Street Fighter 6,"CAPCOM Co., Ltd.",Adventure,$126.8m ($84.5m - $169.1m),$1.8b,70540.0,83.73,3500000.0,9.061724815219796
834910,ATLAS,Grapeshot Games,Adventure,$24m ($16.3m - $31.7m),$24m,58788.0,46.68,1500000.0,5.2893903011224594
1113560,NieR Replicant ver.1.22474487139...,Square Enix,Adventure,$25.8m ($17.6m - $33.9m),$1b,28509.0,87.99,750000.0,9.39945759243143
2072450,Like a Dragon: Infinite Wealth,SEGA,Adventure,$26.4m ($19.6m - $33.1m),$1.6b,46029.0,91.02,750000.0,9.719646583389775
346900,AdVenture Capitalist,Hyper Hippo Games,Adventure,$9.9m ($6.8m - $13m),$10m,22927.0,86.71,7500000.0,9.282667395834395
1084600,My Time at Sandrock,Pathea Games,Adventure,$24m ($17.2m - $30.7m),$29.2m,21620.0,88.06,750000.0,9.381702154719676
383180,Dead Island: Riptide Definitive Edition,Deep Silver,Adventure,$3.5m ($1.8m - $5.2m),$567.3m,20450.0,76.14,1500000.0,8.188226587893567
298110,Far Cry® 4,Ubisoft,Adventure,$54.9m ($43.8m - $66m),$2.4b,16946.0,84.4,3500000.0,9.0736010194566
2375550,Like a Dragon Gaiden: The Man Who Erased His Name,SEGA,Adventure,$9.6m ($7.2m - $12.1m),$1.6b,13737.0,95.98,350000.0,10.146392177359402
700330,SCP: Secret Laboratory,Northwood Studios,Adventure,0,$0 ,13662.0,0.0,7500000.0,0.4756508003662687
751780,Forager,Humble Games,Adventure,$23.1m ($15.3m - $30.9m),$202.5m,13403.0,90.27,1500000.0,9.611164775751664
324800,Shadow Warrior 2,Devolver Digital,Adventure,$34.4m ($19.2m - $49.5m),$501.4m,12484.0,87.33,1500000.0,9.324638061047436
365360,Battle Brothers,Overhype Studios,Adventure,$11.1m ($7.3m - $14.9m),$11.1m,8055.0,87.93,1500000.0,9.338296740817189
527230,For The King,Curve Games,Adventure,$25.2m ($15.3m - $35.1m),$196.4m,9840.0,87.67,3500000.0,9.361717881095021
1041720,Kingdoms of Amalur: Re-Reckoning,THQ Nordic,Adventure,$13.2m ($8.8m - $17.6m),$387.4m,6219.0,77.72,1500000.0,8.327018338817213
414340,Hellblade: Senua's Sacrifice,Ninja Theory,Adventure,$25.3m ($16.2m - $34.4m),$26m,5619.0,90.26,3500000.0,9.594757911204027
32370,STAR WARS Knights of the Old Republic,LucasArts,Adventure,$14.7m ($9.5m - $20m),$124.9m,5593.0,91.07,3500000.0,9.67444103631554
614570,Dishonored: Death of the Outsider,Bethesda Softworks,Adventure,$5.7m ($3.6m - $7.7m),$2.1b,6036.0,86.78,1500000.0,9.227121742859298
20500,Red Faction Guerrilla Steam Edition,Deep Silver,Adventure,0,$567.3m,5570.0,90.25,1500000.0,9.482156910330353
822240,Animal Jam,"WildWorks, Inc.",Adventure,$1.9m ($994.4k - $2.9m),$1.9m,5448.0,0.0,750000.0,0.4844202925782162
1239020,TOGETHER BnB,AURORA Games,Adventure,$5m ($3.2m - $6.8m),$5.1m,4910.0,59.59,150000.0,6.422422502219228
2776450,Multiverse Loot Hunter,游戏养家工作室,Adventure,$588.8k ($380.9k - $796.8k),$919.8k,4139.0,82.3,75000.0,8.634153865409726
636480,Ravenfield,SteelRaven7,Adventure,$14.5m ($9.5m - $19.5m),$14.5m,3927.0,96.94,1500000.0,10.222072460152738
50620,Darksiders,THQ Nordic,Adventure,0,$387.4m,3888.0,89.17,3500000.0,9.389056129190923
1796470,Haste,Landfall,Adventure,$6.6m ($4.6m - $8.7m),$200.8m,3831.0,92.02,150000.0,9.67750499693802
365420,Apollo4x,Volens Nolens Games,Adventure,$4.7k ($2.3k - $7.1k),$658.4k,3766.0,53.334,75000.0,5.66295958783937
397060,Faeria,Versus Evil,Adventure,$4.8m ($1.1m - $8.5m),$33.5m,3638.0,83.66,750000.0,8.863678984845631
247000,Talisman: Digital Edition,Nomad Games,Adventure,$5.1m ($3.2m - $7m),$6m,3590.0,80.72,750000.0,8.562783231145954
33230,Assassin's Creed 2,Ubisoft,Adventure,$27.1m ($20.1m - $34.1m),$2.4b,3582.0,89.24,3500000.0,9.499192519762264
269770,Secrets of Grindea,Pixel Ferrets,Adventure,$4.7m ($3.5m - $5.9m),$4.7m,3397.0,89.2,350000.0,9.389754677851435
1816300,HARVESTELLA,Square Enix,Adventure,$4.7m ($3.1m - $6.4m),$1b,3354.0,77.65,75000.0,8.222789011033052
407130,Tank Mechanic Simulator,PlayWay S.A.,Adventure,$3.9m ($2.4m - $5.4m),$275.8m,2934.0,88.32,750000.0,9.329027703306037
239350,Spelunky,Mossmouth,Adventure,$6.9m ($4.8m - $9m),$23.4m,2854.0,92.19,1500000.0,9.728438675658957
1726400,The Death | Thần Trùng,DUT Studio,Adventure,$165.8k ($99.5k - $232.1k),$165.8k,2882.0,91.79,350000.0,9.580705418978456
937170,Otaku's Adventure,Spacelight Studio,Adventure,$1.2m ($789.1k - $1.7m),$1.2m,2787.0,94.9,350000.0,9.927925287357363
1466640,Road 96 ,THQ Nordic,Adventure,$7.3m ($5.2m - $9.4m),$387.4m,2260.0,91.94,750000.0,9.693515386243119
581600,The Albatross,FlagmanJeremy,Adventure,$2.8k ($1.1k - $4.5k),$28.6k,2515.0,54.144,35000.0,5.693409364909696
291170,Royal Defense,8Floor,Adventure,$22.1k ($12k - $32.1k),$3.8m,2375.0,64.872,150000.0,6.848032918102472
203350,King's Bounty: Warriors of the North,Fulqrum Publishing,Adventure,$375.5k ($230.2k - $520.8k),$51.6m,2198.0,77.57,350000.0,8.186788041007825
1140440,OMON Simulator,United Nations,Adventure,$53.3k ($31.1k - $75.5k),$53.3k,2049.0,74.22,750000.0,7.808862149431616
1120810,Eastern Exorcist,Wildfire Game（无锡野火数字科技有限公司）,Adventure,$1.3m ($860.9k - $1.7m),$1.3m,2037.0,84.7,750000.0,8.91680696980761
1530160,Digimon World: Next Order,Bandai Namco Entertainment,Adventure,$4.5m ($2.9m - $6.1m),$1.7b,1669.0,80.16,75000.0,8.453815348859163
2369900,Castlevania Dominus Collection,KONAMI,Adventure,$2.3m ($1.5m - $3.1m),$639.8m,1781.0,94.43,75000.0,9.868881607652495
547680,Guild Quest,Hyper Hippo Games,Adventure,$3.4k ($2.4k - $4.4k),$10m,1691.0,70.00200000000001,350000.0,7.346436569990431
275670,Space Run,Focus Entertainment,Adventure,$1.5m ($1.1m - $1.9m),$728.4m,1466.0,86.03,350000.0,9.051724113703589
593280,Cat Quest,Kepler Interactive,Adventure,$2.5m ($1.5m - $3.4m),$249.7m,1509.0,95.12,350000.0,9.964461673306081
538680,The Legend of Heroes: Trails of Cold Steel,XSEED Games,Adventure,$5.1m ($3.4m - $6.8m),$125.7m,1601.0,94.61,350000.0,9.922721266256147
2827230,Wild Assault,Combat Cat Studio,Adventure,$838.5k ($527.9k - $1.1m),$833.5k,1441.0,73.58,75000.0,7.734196667978326
356040,Sheltered,Team17 Digital Ltd,Adventure,$3.2m ($2m - $4.4m),$25.9m,1385.0,81.92,350000.0,8.635691013089575
1282150,SpongeBob SquarePants: The Cosmic Shake,THQ Nordic,Adventure,$5.5m ($3.4m - $7.7m),$387.4m,1334.0,92.43,350000.0,9.704991301616655
3069120,Love Curse: Find Your Soulmate,Xso,Adventure,$444.2k ($282k - $606.4k),$442.8k,1264.0,95.24,75000.0,9.884191806117904
221540,DG2: Defense Grid 2,Hidden Path Entertainment,Adventure,$1.3m ($853.6k - $1.8m),$3.1m,1315.0,86.01,350000.0,9.020894932022067
1069160,SKALD: Against the Black Priory,Raw Fury,Adventure,$1.2m ($823.9k - $1.6m),$99.5m,1321.0,93.94,750000.0,9.844812181348756
1574260,My Friendly Neighborhood,DreadXP,Adventure,$2.1m ($1.6m - $2.7m),$18.5m,1009.0,96.08,75000.0,9.999791104897916
714020,Idle Adventure,zha7,Adventure,$2.4k ($1.6k - $3.3k),$2.5k,1045.0,0.0,150000.0,0.2717589903831934
2514960,Refind Self: The Personality Test Game,PLAYISM,Adventure,$1.2m ($843.8k - $1.7m),$86.3m,1239.0,87.22,150000.0,9.1341430750412
948740,AI: The Somnium Files,"Spike Chunsoft Co., Ltd.",Adventure,$5m ($3.3m - $6.8m),$94.5m,983.0,91.44,350000.0,9.589111206420363
1324530,"Warhammer 40,000: Shootas, Blood & Teef",Rogueside,Adventure,$1.6m ($1m - $2.2m),$5.9m,929.0,87.49,150000.0,9.144922349005054
24880,The Saboteur,Electronic Arts,Adventure,$690.5k ($451.5k - $929.4k),$4.5b,864.0,91.92,350000.0,9.62087637417469
864700,Dinosaur Fossil Hunter,▲ Pyramid Games,Adventure,$741.1k ($448.2k - $1m),$2.4m,855.0,77.31,75000.0,8.093773160947661
235360,Prime World: Defenders,Nival,Adventure,$349.8k ($221.8k - $477.8k),$2.5m,808.0,78.53,350000.0,8.237810484083179
735280,EMERGENCY 20,Sixteen Tons Entertainment,Adventure,$3.3m ($2.3m - $4.3m),$5.3m,754.0,84.88,350000.0,8.906522847575902
202750,Alan Wake's American Nightmare,Remedy Entertainment,Adventure,$2.3m ($1.6m - $2.9m),$66m,738.0,73.4,1500000.0,7.7960317041877145
111800,Blocks That Matter,Swing Swing Submarine,Adventure,$119.7k ($54.1k - $185.2k),$250k,700.0,72.95400000000001,150000.0,7.631323627983334
388880,Oxenfree,Night School Studio,Adventure,$3m ($2.2m - $3.9m),$3.3m,709.0,91.62,750000.0,9.592287185813857
813540,Scheming Through The Zombie Apocalypse: The Beginning,GrabTheGames,Adventure,$73k ($30.1k - $115.9k),$13.7m,688.0,75.717,75000.0,7.901508969409104
295250,Stranded,Curve Games,Adventure,$44.7k ($8.9k - $80.5k),$196.4m,675.0,37.926,75000.0,4.1260915215548675
1296360,Archvale,Humble Games,Adventure,$783.1k ($472.5k - $1m),$202.5m,648.0,89.03,350000.0,9.311523090670596
951240,Obenseuer,Loiste Interactive,Adventure,$400.1k ($282.7k - $517.5k),$1.1m,665.0,94.24,75000.0,9.766692493084609
1859280,7 Days to End with You,PLAYISM,Adventure,$1.2m ($717.3k - $1.7m),$86.3m,617.0,88.8,350000.0,9.28955992923837
2138090,Atelier Marie Remake: The Alchemist of Salburg,"KOEI TECMO GAMES CO., LTD.",Adventure,$627.6k ($392.2k - $862.9k),$424.5m,588.0,80.523,10000.0,8.378077779873028
205610,Port Royale 3,Kalypso Media Digital,Adventure,$740.3k ($483.2k - $997.4k),$47.6m,582.0,72.71,350000.0,7.669181685603442
286100,You Have to Win the Game,Minor Key Games,Adventure,0,$1.4m,578.0,88.128,350000.0,9.081937379276951
2071200,The Bad Kids,LightOn Game,Adventure,$107.1k ($70.5k - $143.7k),$149.9k,563.0,74.86,75000.0,7.795841593130884
2100,Dark Messiah of Might & Magic,Ubisoft,Adventure,$4.5m ($2.9m - $6.1m),$2.4b,546.0,89.96,1500000.0,9.467861497372231
612570,Fort Triumph,CookieByte Entertainment,Adventure,$276.7k ($155.5k - $397.8k),$276.7k,539.0,78.47,350000.0,8.206450359663236
1008710,Wet Girl,Shoot Girl,Adventure,$80.5k ($46.9k - $114.1k),$436.4k,534.0,80.0,350000.0,8.343160438820728
2512930,Guardians of the Sanctree,HuCang Studio,Adventure,$306.1k ($189.2k - $423.1k),$309.3k,526.0,66.348,35000.0,6.943828615340958
1342890,Who Needs a Hero?,Baby Stone Studios,Adventure,$48.2k ($26.6k - $69.9k),$48.2k,498.0,91.74,10000.0,9.418416733233618
1082430,Before Your Eyes,Skybound Games,Adventure,$2m ($1.3m - $2.6m),$81.1m,491.0,98.0,350000.0,10.209657364035621
618470,Qbik,Forever Entertainment S. A.,Adventure,$6.1k ($1.2k - $11.1k),$4.5m,473.0,82.566,35000.0,8.516878319257637
635200,Distrust: Polar Survival,Alawar,Adventure,$547.5k ($353.8k - $741.1k),$13.3m,459.0,73.42,350000.0,7.722992083709011
421120,Samorost 3,Amanita Design,Adventure,$1.8m ($1.2m - $2.4m),$11.1m,455.0,93.96,750000.0,9.810336695988632
1276800,CONVERGENCE: A League of Legends Story,Riot Forge,Adventure,$1m ($712.8k - $1.3m),$15.8m,442.0,88.76,35000.0,9.213710355370292
1363350,Monster Harvest,Silver Lining Interactive,Adventure,$78.6k ($48.5k - $108.7k),$7.8m,442.0,47.349,35000.0,5.032604139546635
260130,Agarest: Generations of War Zero,Ghostlight LTD,Adventure,$474.6k ($283.2k - $665.9k),$3.5m,435.0,65.061,150000.0,6.858644149806022
638650,Sword Art Online Re: Hollow Fragment,BANDAI NAMCO Entertainment,Adventure,$1m ($627.6k - $1.3m),$478.1m,411.0,78.69,150000.0,8.251686952299771
809890,Shining Resonance Refrain,SEGA,Adventure,$1.4m ($917.7k - $2m),$1.6b,416.0,72.96,75000.0,7.673590119825364
1013870,Leanna's Slice of Life,Kagura Games,Adventure,$342.7k ($225.6k - $459.8k),$63.4m,401.0,82.35,150000.0,8.592700621669508
998400,Trans-Siberian Railway Simulator,PlayWay S.A.,Adventure,$817.7k ($567k - $1m),$275.8m,391.0,91.13,35000.0,9.456242542468122
2470300,Hookah Haze,Aniplex Inc.,Adventure,$361.8k ($241.5k - $482.1k),$14.6m,393.0,92.93,75000.0,9.62904028297849
2764750,The Other Side,DeevoTe,Adventure,$334.7k ($204.2k - $465.3k),$333.4k,352.0,83.78999999999999,10000.0,8.649154031932117
1604380,Hamidashi Creative,TamaMako gaming,Adventure,$623.7k ($380.2k - $867.2k),$649.1k,373.0,96.48,35000.0,9.959927897337426
33320,Prince of Persia: The Forgotten Sands,Ubisoft,Adventure,$733.2k ($517.6k - $948.9k),$2.4b,348.0,69.96,350000.0,7.394935289159187
322290,Gurumin: A Monstrous Adventure,Mastiff,Adventure,$324.5k ($188.3k - $460.7k),$730.3k,346.0,91.94,150000.0,9.527230356291016
3097560,Liar's Bar,Curve Animation,Card & Board,$39.7m ($23.2m - $56.1m),$39.5m,109419.0,90.09,3500000.0,9.678082296711379
2427700,Backpack Battles,IndieArk,Card & Board,$13.1m ($8.4m - $17.7m),$96m,36348.0,91.44,750000.0,9.732091376134733
2622000,Astral Party ,Neverland Entertainment,Card & Board,$7.1m ($4.8m - $9.4m),$11.2m,34336.0,0.0,1500000.0,0.5837557331497046
1676840,For The King II,Curve Games,Card & Board,$16.6m ($10.9m - $22.3m),$196.4m,28528.0,70.27,750000.0,7.6140950381964325
1189490,觅长生,Chalcedony Network,Card & Board,$13.7m ($8.8m - $18.6m),$13.7m,26379.0,93.28,1500000.0,9.914008983385955
880940,Pummel Party,Rebuilt Games,Card & Board,$14.6m ($6.7m - $22.5m),$14.6m,20334.0,89.11,3500000.0,9.509135416465277
2742830,Monster Train 2,Big Fan Games,Card & Board,$7.9m ($5.2m - $10.6m),$8.6m,18467.0,95.72,350000.0,10.104341850787605
434170,The Jackbox Party Pack 3,"Jackbox Games, Inc.",Card & Board,$13.9m ($8.6m - $19.3m),$65.9m,10894.0,96.56,350000.0,10.188929294830931
544810,KARDS - The WWII Card Game,1939 Games,Card & Board,$12.9m ($7.4m - $18.4m),$12.9m,8913.0,60.003,3500000.0,6.570553476281932
3400930,Guilty as Sock!,Demon Max,Card & Board,$2.2m ($1.2m - $3.2m),$2.1m,8137.0,89.93,75000.0,9.440795639736427
2103130,Matchmaking Inc.,Lightning Games,Card & Board,$2.3m ($1.5m - $3.2m),$85.3m,7357.0,86.45,150000.0,9.12172253970106
1526490,Fear Surrounds,Yooreka Studio,Card & Board,$45.8k ($34.2k - $57.5k),$3m,7355.0,86.82,350000.0,9.106421242679147
780290,Gloomhaven,Twin Sails Interactive,Card & Board,$14.2m ($9.3m - $19.2m),$35.3m,6900.0,83.18,750000.0,8.851501853819517
1005300,The Jackbox Party Pack 6,"Jackbox Games, Inc.",Card & Board,$8.5m ($4.7m - $12.3m),$65.9m,6387.0,95.19,350000.0,10.028236900270418
2088160,天外武林 (Traveler of Wuxia),香港商河洛互動娛樂股份有限公司,Card & Board,$1.3m ($892.6k - $1.8m),$8.8m,5839.0,85.7,150000.0,9.021539072409329
1785150,Friends vs Friends,Raw Fury,Card & Board,$4.2m ($2.7m - $5.6m),$99.5m,5531.0,84.06,350000.0,8.902293072099292
1811990,Wildfrost,Chucklefish,Card & Board,$4.3m ($3m - $5.6m),$84m,5064.0,82.75,750000.0,8.78526085888311
1874490,Potionomics,XSEED Games,Card & Board,$5.2m ($3.8m - $6.5m),$125.7m,4570.0,90.75,750000.0,9.586571212968703
331670,The Jackbox Party Pack,"Jackbox Games, Inc.",Card & Board,$1.1m ($637k - $1.6m),$65.9m,3896.0,90.9,350000.0,9.554192507801973
39150,FINAL FANTASY VIII,Square Enix,Card & Board,$3.2m ($2.2m - $4.2m),$1b,4457.0,87.86,750000.0,9.298618362741124
610180,The Jackbox Party Pack 4,"Jackbox Games, Inc.",Card & Board,$6.7m ($4.1m - $9.4m),$65.9m,3829.0,94.87,350000.0,9.976927631731021
2525310,Drop Duchy,The Arcade Crew,Card & Board,$2.2m ($1.4m - $3m),$18.5m,3684.0,89.6,75000.0,9.392568423710022
1232580,Knock on the Coffin Lid,RedBoon,Card & Board,$1.1m ($618.3k - $1.7m),$1.1m,3663.0,83.44,150000.0,8.769760510052667
663390,Rento Fortune: Online Dice Board Game (大富翁),LAN - GAMES LTD,Card & Board,$581.7k ($328.6k - $834.8k),$601.8k,3440.0,50.12,350000.0,5.442959804249647
362400,Regimental Chess,Regimental Chess Inc.,Card & Board,$788 ($394 - $1.1k),$788 ,3271.0,55.71,150000.0,5.856968523732321
1533420,Neon White,Annapurna Interactive,Card & Board,$9.3m ($6.5m - $12.1m),$188.4m,3238.0,98.09,350000.0,10.303002090179362
978520,Legend of Keepers: Career of a Dungeon Manager,Goblinz Publishing,Card & Board,$4.7m ($2.9m - $6.6m),$29.1m,3116.0,79.21,75000.0,8.361360152664664
329110,Gems of War - Puzzle RPG,505 Games,Card & Board,$14.5m ($8.6m - $20.4m),$293.6m,2965.0,73.73700000000001,1500000.0,7.905952726821489
456670,Hand of Fate 2,Defiant Development,Card & Board,$8.5m ($5.5m - $11.5m),$17.1m,2868.0,84.23,350000.0,8.901658896537095
351510,Quiplash,"Jackbox Games, Inc.",Card & Board,$1.1m ($238.3k - $2.1m),$65.9m,2831.0,93.49,150000.0,9.784310075783946
2667120,Ballionaire,Raw Fury,Card & Board,$3.1m ($1.9m - $4.4m),$99.5m,2661.0,85.96,150000.0,9.046222487954491
276810,Mordheim: City of the Damned,Nacon,Card & Board,$6.2m ($4.2m - $8.2m),$157.6m,2715.0,72.34,750000.0,7.732969023382208
1076200,Roguebook,Nacon,Card & Board,$2m ($1.1m - $2.8m),$157.6m,2517.0,84.44,350000.0,8.907088824980075
1360810,Office Life,2P Games,Card & Board,$1m ($623.4k - $1.4m),$43.1m,2354.0,88.55,75000.0,9.265854297774403
1028310,BOOK OF HOURS,Weather Factory,Card & Board,$3.4m ($2.5m - $4.4m),$8.2m,2335.0,90.63,350000.0,9.518819860639121
1850960,The Jackbox Party Pack 9,"Jackbox Games, Inc.",Card & Board,$2.3m ($1m - $3.7m),$65.9m,2301.0,84.27,150000.0,8.866615750429933
769560,月圆之夜 (Night of Full Moon),Giant Games,Card & Board,$1.8m ($1.3m - $2.2m),$1.8m,2283.0,72.792,750000.0,7.73566340189323
1711610,Dungeon 100,可布和常常诶,Card & Board,$531.6k ($360.4k - $702.8k),$531.8k,2196.0,82.26,350000.0,8.641219814518937
1954420,Riichi City,"Formirai Co., Ltd.",Card & Board,$6m ($3.6m - $8.3m),$6m,1921.0,0.0,350000.0,0.45669712641506477
1550180,9th Dawn Remake,Valorware,Card & Board,$250k ($165.3k - $334.6k),$498.4k,1867.0,77.715,150000.0,8.151453695487925
2084000,Shogun Showdown,Goblinz Publishing,Card & Board,$2.9m ($1.9m - $3.9m),$29.1m,1844.0,95.49,350000.0,10.000621245146569
1244800,Terraformers,Goblinz Publishing,Card & Board,$2.8m ($1.5m - $4.1m),$29.1m,1837.0,88.46,1500000.0,9.32961356898207
1138660,Black Book,HypeTrain Digital,Card & Board,$2.3m ($1.5m - $3.1m),$66.7m,1817.0,93.39,350000.0,9.790346531739191
317820,Guild of Dungeoneering Ultimate Edition,Gambrinous,Card & Board,$1.5m ($991.6k - $2m),$1.5m,1793.0,76.5,350000.0,8.078466393208519
431640,Doodle Kingdom,JoyBits Ltd.,Card & Board,$14.8k ($6.1k - $23.5k),$343.2k,1768.0,41.949,75000.0,4.514928086762945
369990,"Gremlins, Inc.",The Merchant Guild of Rund (Limited),Card & Board,$2.3m ($1.4m - $3.1m),$2.3m,1709.0,85.35,750000.0,8.98711023698368
502520,Ultimate General: Civil War,Game-Labs,Card & Board,$6.2m ($4m - $8.3m),$21m,1678.0,88.85,350000.0,9.343351746623563
444280,Alice's Patchwork,8Floor,Card & Board,$6.3k ($3.8k - $8.9k),$3.8m,1690.0,78.057,75000.0,8.122211545874539
3116890,Out of the Park Baseball 26,Out of the Park Developments,Card & Board,$1.3m ($840.4k - $1.7m),$3.5m,1676.0,81.39,10000.0,8.487233816633108
800270,Terraforming Mars,Twin Sails Interactive,Card & Board,$4.9m ($2.9m - $6.9m),$35.3m,1645.0,72.22,750000.0,7.69562291371208
480650,Yu-Gi-Oh! Legacy of the Duelist,KONAMI,Card & Board,$5.3m ($3.8m - $6.8m),$639.8m,1610.0,83.88,350000.0,8.857423769560564
1668690,Alina of the Arena,PINIX,Card & Board,$1.4m ($1m - $1.8m),$1.4m,1609.0,91.3,350000.0,9.55381498370829
2531940,Stray Path,Yogscast Games,Card & Board,$537.6k ($373.4k - $701.9k),$37.9m,1562.0,74.05,35000.0,7.77649522498066
1330000,Stolen Realm,Burst2Flame Entertainment,Card & Board,$2.9m ($1.7m - $4.1m),$2.9m,1506.0,84.53,350000.0,8.888474946752886
1054490,Wingspan,Monster Couch,Card & Board,$8.6m ($5m - $12.2m),$9.2m,1452.0,94.81,150000.0,9.917103632062235
1213300,Rebellion GODSOUL: Awakening,U-Secret Studio,Card & Board,$1.3m ($802.3k - $1.8m),$1.3m,1426.0,84.64,75000.0,8.84815268737266
720620,TaleSpire,Bouncyrock Entertainment,Card & Board,$6.8m ($4.3m - $9.3m),$6.8m,1403.0,90.72,350000.0,9.521323508379366
2230280,Tiny Civilization,喜人一个,Card & Board,$120k ($72.9k - $167.1k),$132.3k,1397.0,94.09,150000.0,9.763621063968218
3077020,DOKAPON! Sword of Fury,Sting,Card & Board,$438.9k ($262.4k - $615.5k),$734k,1367.0,78.192,10000.0,8.13864478282562
1652250,Tales & Tactics,Yogscast Games,Card & Board,$1.4m ($962.4k - $1.8m),$37.9m,1346.0,80.23,150000.0,8.436424494381892
1619520,Cross Blitz,The Arcade Crew,Card & Board,$479.3k ($305.4k - $653.3k),$18.5m,1356.0,74.13,150000.0,7.807995577715076
898920,Axis & Allies 1942 Online,Beamdog,Card & Board,$1.7m ($969.8k - $2.4m),$39.1m,1190.0,78.33,350000.0,8.264559885554556
1839810,Out Of Hands,Game River,Card & Board,$452.5k ($306.3k - $598.8k),$452.5k,1189.0,94.21,35000.0,9.762577114424557
2315400,Knights in Tight Spaces,Raw Fury,Card & Board,$626.9k ($439k - $814.7k),$99.5m,1150.0,70.78,75000.0,7.463467060297911
1893810,Solium Infernum,League of Geeks,Card & Board,$1.3m ($962.7k - $1.7m),$11.5m,1108.0,88.11,150000.0,9.212215341248873
638510,dotAGE,Michele Pirovano,Card & Board,$1.4m ($966.3k - $1.8m),$1.4m,1040.0,95.19,150000.0,9.910312947461927
440650,Niche - a genetics survival game,Stray Fawn Publishing,Card & Board,$2.8m ($1.7m - $3.9m),$20.1m,1026.0,88.74,350000.0,9.30537566004778
598810,Carcassonne - Tiles & Tactics,Twin Sails Interactive,Card & Board,$1m ($592.7k - $1.4m),$35.3m,1038.0,85.25,350000.0,8.944176050597305
1478220,Puzzle Together,IronZog,Card & Board,$49.9k ($26.1k - $73.6k),$49.9k,991.0,0.0,350000.0,0.3460488757936143
2305500,FAIRY TAIL: DUNGEONS,Kodansha,Card & Board,$246.1k ($165.9k - $326.4k),$2.8m,1016.0,92.59,35000.0,9.594660027072864
358130,Curious Expedition,Maschinen-Mensch,Card & Board,$2.9m ($2m - $3.8m),$5.1m,1003.0,91.34,350000.0,9.559310082997303
3023190,Deduce Together,PushForward,Card & Board,$131.8k ($73.2k - $190.4k),$172.9k,954.0,64.611,10000.0,6.7457251980128685
253510,WARMACHINE: Tactics,Privateer Press Interactive,Card & Board,0,$0 ,871.0,44.118,150000.0,4.606117845343107
1131620,Dominion,Temple Gates Games,Card & Board,$1.7m ($746.2k - $2.8m),$2.3m,845.0,90.0,350000.0,9.408828323193656
1883000,HEART of CROWN Online,illuCalab,Card & Board,$213.2k ($139.4k - $286.9k),$213.3k,795.0,74.55600000000001,35000.0,7.770554864358856
979920,Supremacy 1914: World War 1,Bytro Labs GmbH,Card & Board,$1.2m ($877.7k - $1.6m),$2.9m,838.0,90.0,350000.0,9.40449903221579
58520,Blood Bowl - Legendary Edition,Cyanide Studios,Card & Board,$659.5k ($172.7k - $1.1m),$2.8m,834.0,80.03,150000.0,8.379504404236476
2154230,AI: Art Impostor,Pocketpair,Card & Board,$252.7k ($118.9k - $386.4k),$438m,772.0,58.446,75000.0,6.210868957776607
2688680,Girls of The Tower,OKJOY,Card & Board,$112.9k ($82.9k - $143k),$1.7m,740.0,84.97,75000.0,8.826465900926964
758370,Through the Ages,CGE Digital,Card & Board,$833.3k ($556k - $1.1m),$871.7k,730.0,91.04,350000.0,9.493778668832498
429680,Spellweaver,Dream Reactor,Card & Board,$8k ($5.1k - $10.9k),$8k,694.0,50.868,150000.0,5.368376178788432
2693930,Dice & Fold,Rogue Duck Interactive,Card & Board,$1m ($700.3k - $1.3m),$5.2m,721.0,84.41,150000.0,8.821703730196266
3188550,Trainee Death Simulator,Bone Nail,Card & Board,$513.6k ($317k - $710.2k),$4.5m,696.0,93.07,75000.0,9.660767136956567
1031140,The Horus Heresy: Legions,Everguild Ltd.,Card & Board,$4.2m ($2.2m - $6.1m),$5.9m,639.0,78.75,750000.0,8.3094525070649
3085950,Banana-Shaped,SeluGames,Card & Board,0,$70 ,594.0,0.0,35000.0,0.1377268102175475
1148760,I Was a Teenage Exocolonist,Finji,Card & Board,$2.3m ($1.6m - $3m),$24.5m,682.0,96.36,350000.0,10.052725450875155
1455630,THE GAME OF LIFE 2,Marmalade Game Studio Ltd,Card & Board,$3.7m ($2.1m - $5.3m),$8m,523.0,80.08,350000.0,8.418634444526573
238930,7 Grand Steps: What Ancients Begat,Mousechief,Card & Board,$218k ($109k - $327k),$317.3k,496.0,54.486,75000.0,5.768069803229556
1042380,Hundred Days - Winemaking Simulator,Broken Arms Games,Card & Board,$912.8k ($516.5k - $1.3m),$951.4k,478.0,77.83,150000.0,8.142389648230832
2198070,Cardboard Town,Rogue Duck Interactive,Card & Board,$1.2m ($832.8k - $1.7m),$5.2m,474.0,81.51,150000.0,8.521382280816768
1049280,Pilgrims,Amanita Design,Card & Board,$334.6k ($241.3k - $427.8k),$11.1m,473.0,96.52,350000.0,10.025986198596
681730,Nowhere Prophet,No More Robots,Card & Board,$518.6k ($311.1k - $726.1k),$24.5m,469.0,77.84,75000.0,8.132957404146463
3013550,Yu-Gi-Oh! EARLY DAYS COLLECTION,KONAMI,Card & Board,$921.1k ($631.1k - $1.2m),$639.8m,460.0,69.345,10000.0,7.260022188746221
2092850,Krzyżacy - The Knights of the Cross,Olive Panda Studio,Card & Board,$180.1k ($116.9k - $243.4k),$179.8k,451.0,75.17,150000.0,7.843856351746914
2125540,Kādomon: Hyper Auto Battlers,Fireshine Games,Card & Board,$275.2k ($191.8k - $358.7k),$67m,440.0,67.31,75000.0,7.073079445244506
1156060,Railroads & Catacombs,IndieArk,Card & Board,$163k ($117.6k - $208.3k),$96m,425.0,67.69800000000001,35000.0,7.087648883943676
480640,Pathfinder Adventures,Twin Sails Interactive,Card & Board,$597.5k ($400.6k - $794.3k),$35.3m,402.0,68.43,75000.0,7.190815966156452
2114370,Takoyaki Party Survival,KIMIDORI SOFT,Card & Board,$16.3k ($7.6k - $24.9k),$180.2k,401.0,84.933,35000.0,8.74898246677701
1484280,Demeo,Resolution Games,Card & Board,$2.1m ($1.3m - $2.9m),$3.2m,386.0,88.14,10000.0,9.123393081570903
644390,D&D Lords of Waterdeep,"Playdek, Inc.",Card & Board,$565.8k ($358.9k - $772.6k),$1.8m,373.0,93.98,150000.0,9.745499608601875
1046930,Dota Underlords,Valve,Casual,$72.4k ($56.4k - $88.3k),$13.8b,202254.0,0.0,7500000.0,0.6385734554900505
620980,Beat Saber,Beat Games,Casual,$71.6m ($49m - $94.3m),$71.6m,42095.0,95.66,3500000.0,10.216609761091652
1621690,Core Keeper,Fireshine Games,Casual,$42m ($26.6m - $57.4m),$67m,46355.0,92.81,1500000.0,9.907563245687632
1079310,Elemental Girls,IR Studio,Casual,$6.4k ($2.6k - $10.2k),$353.4k,27388.0,72.0,350000.0,7.627376502582231
2296990,We Were Here Expeditions: The FriendShip,Total Mayhem Games,Casual,$3.5m ($1.6m - $5.4m),$34.2m,22179.0,82.62,1500000.0,8.8267114801009
585690,Minimalism,PixelMouse,Casual,$31.6k ($19k - $44.1k),$144.3k,18691.0,70.56,3500000.0,7.542534106086797
2185060,Two Point Museum,SEGA,Casual,$13.8m ($8.5m - $19.2m),$1.6b,17237.0,95.04,350000.0,10.064700569491428
2780980,LOCKDOWN Protocol,Mirage Creative Lab,Casual,$11.4m ($7.3m - $15.5m),$11.4m,9318.0,86.46,1500000.0,9.196310931534914
1341290,We Were Here Forever,Total Mayhem Games,Casual,$14.1m ($8.7m - $19.5m),$34.2m,8369.0,91.13,750000.0,9.652242679093943
644560,Mirror,Paradise Project,Casual,$3m ($1.5m - $4.5m),$3m,8116.0,96.33,3500000.0,10.172894759831642
1201240,BLEACH Brave Souls,KLab Inc.,Casual,$7m ($3.9m - $10.2m),$7m,8084.0,0.0,1500000.0,0.5367295858262959
1649080,Two Point Campus,SEGA,Casual,$8.5m ($4m - $13m),$1.6b,7510.0,88.93,750000.0,9.437999046597072
673950,Farm Together,Milkstone Studios,Casual,$13.9m ($9.7m - $18.2m),$22.7m,6843.0,94.07,1500000.0,9.953580303819832
1245560,Roots of Pacha,Soda Den,Casual,$3.4m ($2.2m - $4.7m),$3.4m,6062.0,93.69,350000.0,9.850598974863296
562360,"Planes, Bullets and Vodka",NukGames,Casual,$61.2k ($37.3k - $85.2k),$298.2k,6758.0,86.1,350000.0,9.026125841212915
1703340,The Stanley Parable: Ultra Deluxe,Crows Crows Crows,Casual,$18.3m ($13.5m - $23.2m),$19.3m,6477.0,94.24,1500000.0,9.972181462819176
564710,Soda Dungeon,Armor Games Studios,Casual,$27.5k ($20.2k - $34.9k),$20.7m,5669.0,93.51,750000.0,9.785294847695248
1278540,Esports Godfather,Asteroid Game Studio,Casual,$2.2m ($1.5m - $2.9m),$2.5m,5141.0,91.07,350000.0,9.575847392457089
389570,Mitos.is: The Game,Freakinware Studios,Casual,$359.6k ($244.3k - $475k),$366.2k,5229.0,75.16799999999999,3500000.0,8.003221900749471
450390,The Lab,Valve,Casual,0,$13.8b,4467.0,81.945,1500000.0,8.65507279322098
1594940,Little Witch in the Woods,SUNNY SIDE UP,Casual,$4.9m ($3.4m - $6.4m),$4.9m,4748.0,88.91,750000.0,9.388993726664124
397460,The Jackbox Party Pack 2,"Jackbox Games, Inc.",Casual,$3.5m ($2.1m - $4.8m),$65.9m,4929.0,95.72,350000.0,10.060307791913228
1009560,The Tenants,Frozen District,Casual,$6.4m ($3.9m - $8.8m),$99.1m,4258.0,79.73,750000.0,8.484381734652148
533540,MONMUSU,NEKO WORKs,Casual,0,$552.9k,4239.0,0.0,750000.0,0.3875832572914369
1651560,Fabledom,Dear Villagers,Casual,$4.9m ($3.2m - $6.5m),$33.7m,4228.0,86.37,350000.0,9.122576173729346
1147860,UFO 50,Mossmouth,Casual,$5.7m ($4.1m - $7.3m),$23.4m,4034.0,95.4,150000.0,10.005765840342466
621060,PC Building Simulator,The Irregular Corporation,Casual,$34.9m ($19m - $50.8m),$35.4m,3883.0,93.71,1500000.0,9.915318144218741
493540,Figment,Bedtime Digital Games,Casual,$955.3k ($338k - $1.5m),$1.6m,4205.0,88.18,750000.0,9.283664272946305
1988550,To The Core,SomethingExtra,Casual,$2.3m ($1.4m - $3.1m),$2.3m,3465.0,93.03,150000.0,9.740923812439455
1296610,Peglin,Red Nexus Games Inc.,Casual,$13.7m ($9.8m - $17.5m),$13.7m,3748.0,83.33,750000.0,8.843022155912685
341800,Keep Talking and Nobody Explodes,Steel Crate Games,Casual,$3.6m ($2m - $5.1m),$3.6m,3359.0,97.45,1500000.0,10.24200760875505
428430,Endorlight,Old Games,Casual,$159.5k ($31.9k - $287.1k),$248.6k,3101.0,49.923,350000.0,5.397445403909105
1629520,A Little to the Left,Secret Mode,Casual,$14.9m ($8.8m - $21m),$74.5m,3128.0,91.9,350000.0,9.685811755935827
745740,Reflex,Game for people,Casual,$9k ($3.6k - $14.4k),$73.9k,2611.0,87.61,1500000.0,9.146442219099036
97000,Solar 2,Murudai,Casual,$614.2k ($316.7k - $911.8k),$614.3k,2687.0,91.6,150000.0,9.565194695476544
1536090,Echoes of the Plum Grove,indie.io,Casual,$1.6m ($1m - $2.2m),$36.8m,2581.0,88.06,150000.0,9.241399637454057
602520,NEKOPARA Vol. 3,Sekai Project,Casual,$2.6m ($1.5m - $3.7m),$39.2m,2542.0,97.08,350000.0,10.169250579785317
1214470,Hotel Renovator,Focus Entertainment,Casual,$2.7m ($1.8m - $3.5m),$728.4m,2472.0,77.83,150000.0,8.23745815882091
683320,GRIS,Devolver Digital,Casual,$11.9m ($8.5m - $15.4m),$501.4m,2467.0,96.19,3500000.0,10.163969055427856
221810,The Cave,Double Fine Productions,Casual,$1.8m ($1.1m - $2.6m),$21.4m,2279.0,87.66,350000.0,9.215928781969705
98800,Dungeons of Dredmor,"Gaslamp Games, Inc.",Casual,$1.6m ($912.9k - $2.3m),$1.6m,1845.0,94.11,350000.0,9.84156652613363
485870,Super Duper Party Pooper,K Bros Games,Casual,$11.4k ($6.3k - $16.4k),$376.9k,1843.0,73.98899999999999,150000.0,7.732357458844938
237630,DuckTales: Remastered,Capcom,Casual,$2.6m ($1.9m - $3.4m),$248m,1974.0,87.95,350000.0,9.256320158156832
1901370,Ib,PLAYISM,Casual,$1.6m ($1m - $2.1m),$86.3m,1822.0,99.04,350000.0,10.351258074648765
1316680,VLADiK BRUTAL,BRUTAL SOFTWARE,Casual,$1.3m ($861.2k - $1.9m),$1.4m,1511.0,89.95,750000.0,9.432875087483087
2594540,Motel Manager Simulator,Denzone Games,Casual,$936.7k ($629.6k - $1.2m),$935.8k,1461.0,85.25,75000.0,8.903729643981901
3066570,Aotenjo: Infinite Hands,XD,Casual,$611.6k ($386.3k - $837k),$84.3m,1430.0,87.07,35000.0,9.081060788323647
491530,Notruf 112 | Emergency Call 112,Aerosoft GmbH,Casual,$3.3m ($1.9m - $4.8m),$56.5m,1263.0,77.13,750000.0,8.174707906942007
231740,Knights of Pen and Paper +1 Edition,Paradox Interactive,Casual,$796.4k ($414.2k - $1.1m),$1.1b,1328.0,83.01,350000.0,8.739222729846176
1205520,Pentiment,Xbox Game Studios,Casual,$3.9m ($2.6m - $5.1m),$1.8b,1250.0,95.12,350000.0,9.973558188230822
1866180,Hooked on You: A Dead by Daylight Dating Sim,Behaviour Interactive Inc.,Casual,$1.2m ($807.1k - $1.6m),$205.6m,1188.0,90.72,350000.0,9.505552153175874
1084520,雀姬/姫麻雀,Smile Tech,Casual,$942.2k ($549k - $1.3m),$942.6k,1175.0,0.0,350000.0,0.40663036686023
2955840,Kitchen Wars,Perfect Gen,Casual,$144.7k ($58.9k - $230.6k),$145.3k,1130.0,74.997,10000.0,7.790178620913535
855740,Bum Simulator,Ragged Games,Casual,$1.5m ($937.2k - $2.2m),$1.5m,1115.0,88.48,350000.0,9.261759242692614
2830150,Super Mining Mechs,Delayed Victory,Casual,$171.3k ($107.8k - $234.7k),$376.3k,1050.0,88.5,75000.0,9.189897537455973
481870,Mini Thief,GrabTheGames,Casual,$30k ($21.4k - $38.7k),$13.7m,1011.0,62.181,150000.0,6.5624262811486975
834740,Circle Empires,Iceberg Interactive,Casual,$1.7m ($1.1m - $2.4m),$34.2m,1003.0,89.08,350000.0,9.333694603184526
1364210,City Bus Manager,Aerosoft GmbH,Casual,$2m ($1.3m - $2.7m),$56.5m,973.0,90.98,150000.0,9.508275865461501
2950340,LEGO® Harry Potter™ Collection,Warner Bros. Games,Casual,$1.9m ($1.1m - $2.6m),$882.3m,926.0,80.86,35000.0,8.47314882110533
994220,NEOVERSE,Tinogames Inc.,Casual,$1m ($712.6k - $1.4m),$1m,896.0,84.35,350000.0,8.83435873741432
3313310,Fishing The Abyss,umaaaaaa studio,Casual,$46.8k ($30.4k - $63.3k),$46.6k,878.0,85.905,10000.0,8.851885012444143
359260,Green Moon,Absolutist Ltd.,Casual,$7.5k ($1.5k - $13.5k),$141.4k,874.0,57.276,35000.0,5.995054529295963
348360,Doodle God,JoyBits Ltd.,Casual,$149.8k ($91.7k - $207.9k),$343.2k,812.0,77.84,150000.0,8.129134671115823
40700,Machinarium,Amanita Design,Casual,$4.3m ($3m - $5.6m),$11.1m,766.0,95.26,1500000.0,9.984646806844237
283230,Spoiler Alert,tinyBuild,Casual,$69.5k ($39.9k - $99.2k),$179.6m,719.0,69.30900000000001,75000.0,7.272379758046668
1352330,Zoo 2: Animal Park,upjers,Casual,$2.1m ($463.8k - $3.7m),$4.6m,714.0,0.0,75000.0,0.3751283813941462
1277930,Riddle Joker,NekoNyan Ltd.,Casual,$1.9m ($1.1m - $2.7m),$29.6m,703.0,98.25,150000.0,10.221703338488716
1636710,The Brew Barons,Lifetap Studios,Casual,$320k ($204.3k - $435.8k),$319.7k,665.0,77.17,35000.0,8.034068601203082
1407860,Space Travel Idle,Spaceive,Casual,0,$0 ,663.0,0.0,10000.0,0.07543008872502995
2521600,Little-Known Galaxy,Carbon & Kay,Casual,$401.9k ($254.5k - $549.3k),$402k,645.0,89.25,10000.0,9.21733945716266
2653940,Star Trek: Resurgence,Bruner House,Casual,$762.7k ($479.6k - $1m),$762.6k,645.0,89.72,150000.0,9.337096681320876
476240,KNIGHTS,Arzola's,Casual,$17.4k ($9.8k - $24.9k),$22.8k,636.0,94.03,75000.0,9.68212257090278
1252560,Love Breakout,Neko Game,Casual,$10.8k ($5.9k - $15.7k),$187.5k,624.0,87.63,75000.0,9.043623229593889
1251930,My Lovely Wife,Neon Doctrine,Casual,$355k ($207.4k - $502.5k),$16.2m,599.0,74.69,150000.0,7.833777042126339
468700,NVIDIA VR Funhouse,Lightspeed Studios™,Casual,0,$0 ,592.0,75.789,350000.0,7.788534287063907
2162680,Doom Sweeper,Paper Dog,Casual,$98.2k ($70.3k - $126.1k),$98.2k,568.0,74.42,75000.0,7.749041993242882
1714320,Find Love or Die Trying,Sunseeker Games,Casual,$889.7k ($177.9k - $1.6m),$903k,542.0,85.08600000000001,350000.0,8.890270918620292
991560,ONE PUNCH MAN: A HERO NOBODY KNOWS,BANDAI NAMCO Entertainment,Casual,$1.3m ($971.2k - $1.7m),$478.1m,502.0,53.56,75000.0,5.733148164429244
1216200,Coloring Game 2,L. Stotch,Casual,$886 ($628 - $1.1k),$283.1k,493.0,77.139,350000.0,7.987183741931716
2091250,Koishi Navigation Desktop Youkai,地霊研究院,Casual,$767 ($153 - $1.3k),$49.1k,478.0,90.0,150000.0,9.24373798846475
2539350,Myths of Rules,Sugarcane Games,Casual,$276.2k ($160.3k - $392.2k),$283k,464.0,88.64,350000.0,9.218887663193232
1722860,Munchkin Digital,Dire Wolf,Casual,$1.2m ($682.1k - $1.8m),$14.6m,458.0,77.95,150000.0,8.16874233360264
1543280,Espresso Tycoon,PlayWay S.A.,Casual,$922.7k ($588.5k - $1.2m),$275.8m,453.0,86.19,75000.0,8.985631587104663
352520,The Silent Age,Meridian4,Casual,$323.4k ($221.1k - $425.7k),$872.1k,452.0,93.13,350000.0,9.674192017468153
2914480,Welcome to Maison Chichigami,Kagura Games,Casual,$323.7k ($200.7k - $446.6k),$63.4m,441.0,82.926,10000.0,8.591711026673437
2292650,Escape From Mystwood Mansion,Lost Sock Studio,Casual,$622.3k ($392.9k - $851.6k),$621.6k,386.0,93.23,75000.0,9.65285153707306
2401680,Pet Shop Simulator,Games Incubator,Casual,$127.7k ($85.8k - $169.5k),$11.9m,384.0,61.01100000000001,35000.0,6.40332253168913
3376990,Kabuto Park,Doot Tiny Games,Casual,$187.3k ($123.1k - $251.5k),$1m,376.0,99.78,35000.0,10.274534396695875
604500,Tank Force,XDEVS LTD,Casual,$5.5m ($2.8m - $8.2m),$7.7m,374.0,0.0,350000.0,0.4058693924870297
772430,Hero of the Kingdom III,Lonely Troops,Casual,$265.7k ($145.4k - $386k),$1.2m,370.0,79.09,350000.0,8.26251461228587
1070710,Kind Words (lo fi chill beats to write to),Popcannibal,Casual,$1m ($670.1k - $1.5m),$1.4m,360.0,98.3,350000.0,10.202600551641838
259810,Home Sheep Home: Farmageddon Party Edition,Greenlight Games,Casual,$211.3k ($126.1k - $296.4k),$212.5k,358.0,95.79,75000.0,9.886221304422376
1291500,Kill It With Fire: Ignition,tinyBuild,Casual,0,$179.6m,347.0,0.0,10000.0,0.1268090283360152
397090,Wind Child,Valkyria Games,Casual,$6.3k ($2.9k - $9.7k),$15.1k,354.0,63.801,75000.0,6.624573064972051
2449040,Cursorblade,RealPeach,Casual,$271k ($182k - $360.1k),$271.1k,346.0,85.92,75000.0,8.902829431982635
393200,Bad Rats Show,Strategy First,Casual,$48.2k ($31.4k - $65.1k),$11.8m,345.0,81.2,35000.0,8.404709990725923
266390,Farm for your Life,Hammer Labs,Casual,$250.5k ($190.8k - $310.2k),$267.2k,337.0,72.729,75000.0,7.581709411965945
582330,Warriors: Rise to Glory,Gavra Games,Casual,$270.6k ($178.3k - $362.9k),$270.6k,332.0,78.48,35000.0,8.140441028631958
2213300,Might & Magic: Clash of Heroes - Definitive Edition,Dotemu,Casual,$263.5k ($177.9k - $349.2k),$30.5m,306.0,70.749,35000.0,7.384672358955358
829420,Fun Hospital,OrangesGame Technology Limited,Casual,$60.3k ($34.6k - $86.1k),$60.4k,302.0,0.0,150000.0,0.29388272805741317
1466860,Age of Empires IV: Anniversary Edition,Xbox Game Studios,City Builder,$90.1m ($63.6m - $116.7m),$1.8b,73629.0,86.14,3500000.0,9.299084175754373
916440,Anno 1800,Ubisoft,City Builder,$41.6m ($25.7m - $57.5m),$2.4b,25214.0,81.78,1500000.0,8.800885650879298
255710,Cities: Skylines,Paradox Interactive,City Builder,$162.5m ($109.5m - $215.6m),$1.1b,57421.0,92.96,15000000.0,10.012467932815422
703080,Planet Zoo,Frontier Developments,City Builder,$118.6m ($73.4m - $163.7m),$430.9m,38457.0,91.05,3500000.0,9.767834737385678
242920,Banished,Shining Rock Software LLC,City Builder,$19.1m ($14.7m - $23.5m),$19.1m,24568.0,90.08,3500000.0,9.61705281089489
1244460,Jurassic World Evolution 2,Frontier Developments,City Builder,$49.1m ($30.7m - $67.5m),$430.9m,20921.0,90.52,1500000.0,9.664158022990248
493340,Planet Coaster,Frontier Developments,City Builder,$91.7m ($57.9m - $125.6m),$430.9m,21828.0,91.08,3500000.0,9.749548261950991
933110,Age of Empires III: Definitive Edition,Xbox Game Studios,City Builder,$19.7m ($7.8m - $31.6m),$1.8b,18142.0,84.21,1500000.0,9.021586535046529
233450,Prison Architect,Paradox Interactive,City Builder,$34.9m ($23.9m - $45.9m),$1.1b,16211.0,89.64,7500000.0,9.603381882535107
1465460,Infection Free Zone,Games Operators,City Builder,$14m ($10.2m - $17.8m),$28.2m,19378.0,79.91,750000.0,8.555323641194782
492720,Tropico 6,Kalypso Media,City Builder,$42.5m ($26.1m - $59m),$91.9m,15170.0,87.81,1500000.0,9.374482779118747
1601580,Frostpunk 2,11 bit studios,City Builder,$27.6m ($19.9m - $35.4m),$176.2m,14925.0,74.83,750000.0,8.05695218738414
2688950,Planet Coaster 2,Frontier Developments,City Builder,$15.2m ($10.7m - $19.7m),$430.9m,13648.0,70.73,350000.0,7.6222539777326945
1937500,Let's School,Pathea Games,City Builder,$5.2m ($3.4m - $7.1m),$29.2m,7240.0,92.76,350000.0,9.77848838879858
1455840,Dorfromantik,Toukana Interactive,City Builder,$14.7m ($9.1m - $20.4m),$16.4m,7063.0,96.64,1500000.0,10.210981897053166
1062090,Timberborn,Mechanistry,City Builder,$32.1m ($20.7m - $43.5m),$32m,13017.0,95.92,1500000.0,10.172141548296029
333420,Cossacks 3,GSC Game World,City Builder,$10.4m ($7.3m - $13.5m),$20.3m,5533.0,81.69,1500000.0,8.70430111399034
1509510,Settlement Survival,Team17,City Builder,$6.8m ($4.3m - $9.2m),$491.6m,5597.0,86.23,350000.0,9.13350905189125
933820,Endzone - A World Apart,Assemble Entertainment,City Builder,$7.3m ($4.3m - $10.4m),$24.3m,6374.0,76.15,750000.0,8.134771169097686
1525700,Tavern Master,Untitled Studio,City Builder,$4.6m ($3m - $6.2m),$4.6m,5171.0,92.18,350000.0,9.700364611781858
503940,Railway Empire,Kalypso Media,City Builder,$16m ($10.2m - $21.8m),$91.9m,5404.0,82.63,750000.0,8.794765098732261
3028310,Nordhold,HypeTrain Digital,City Builder,$3m ($1.9m - $4.1m),$66.7m,5383.0,88.33,350000.0,9.321847288337597
1465470,The Crust,Crytivo,City Builder,$3m ($1.9m - $4m),$23.4m,5101.0,76.27,150000.0,8.090701955804393
620590,Ancestors Legacy,Destructive Creations,City Builder,$4m ($2.4m - $5.6m),$11.9m,4962.0,80.0,750000.0,8.500208718144194
2194530,Yog-Sothoth’s Yard,Bone Nail,City Builder,$3.9m ($2.4m - $5.5m),$4.5m,4971.0,93.86,350000.0,9.86464821644786
1112790,Automation Empire,DOG HOGGLER,City Builder,$2.3m ($1.3m - $3.3m),$2.7m,4669.0,65.61,150000.0,7.008848149920414
1593030,Terra Nil,Devolver Digital,City Builder,$6.9m ($4.7m - $9.1m),$501.4m,4540.0,87.36,350000.0,9.240322473552737
907650,Stronghold: Warlords,Firefly Studios,City Builder,$2.7m ($1.6m - $3.8m),$45.4m,4122.0,65.26,350000.0,7.0033999863758485
2198510,New Cycle,Daedalic Entertainment,City Builder,$2.4m ($1.6m - $3.2m),$159.9m,3758.0,78.75,150000.0,8.334224011415351
1963040,The Lost Village,FunYoo Games,City Builder,$1.4m ($969k - $1.8m),$1.4m,3703.0,71.75,750000.0,7.641712107943431
1956800,Thriving City: Song,IndieArk,City Builder,$2.5m ($1.7m - $3.3m),$96m,3758.0,80.99,350000.0,8.57562457070182
2292800,Blacksmith Master,Hooded Horse,City Builder,$2m ($1.3m - $2.7m),$205m,3699.0,83.54,150000.0,8.811146921278205
2680550,Hollywood Animal,Weappy Studio,City Builder,$1m ($652k - $1.4m),$1m,3521.0,73.41,75000.0,7.748204973789886
979120,Autonauts,Curve Games,City Builder,$2.4m ($1.5m - $3.3m),$196.4m,3598.0,90.1,350000.0,9.487749170645243
1457320,Techtonica,Fire Hose Games,City Builder,$4.4m ($3.1m - $5.6m),$4.5m,3442.0,65.03,150000.0,6.953024771902905
304730,Train Fever,Good Shepherd Entertainment,City Builder,$2.8m ($1.9m - $3.7m),$91m,3319.0,61.33,350000.0,6.607195753667713
758690,Occupy Mars: The Game,▲ Pyramid Games,City Builder,$1.6m ($1.1m - $2.1m),$2.4m,3318.0,72.47,150000.0,7.678486436169931
979110,Space Haven,Bugbyte Ltd.,City Builder,$9.2m ($6m - $12.4m),$9.5m,3186.0,86.02,350000.0,9.082548852596895
1043260,Gladiator Guild Manager,GrabTheGames,City Builder,$1.5m ($980.5k - $2.1m),$13.7m,3309.0,81.24,350000.0,8.580916771277852
1643310,Dungeons 4,Kalypso Media,City Builder,$3.9m ($2.7m - $5.2m),$91.9m,3122.0,87.44,350000.0,9.221160927751983
40970,Stronghold Crusader HD (2012),Firefly Studios,City Builder,$2.1m ($1.2m - $3.1m),$45.4m,2930.0,97.68,1500000.0,10.263793724652576
1644320,Railway Empire 2,Kalypso Media,City Builder,$3.6m ($2.2m - $5m),$91.9m,3095.0,72.69,150000.0,7.725735836596441
809140,Cliff Empire,Lion's Shade,City Builder,$1.8m ($1.2m - $2.4m),$1.8m,3083.0,87.05,750000.0,9.170767328264745
1700870,Clanfolk,Hooded Horse,City Builder,$3.4m ($1.9m - $5m),$205m,2770.0,91.33,350000.0,9.60789718835078
1450900,Desynced,Forklift Interactive,City Builder,$2.2m ($1.5m - $2.9m),$7.4m,2714.0,82.56,150000.0,8.690716334848945
673610,Airport CEO,Apog Labs,City Builder,$4.8m ($3.6m - $5.9m),$4.8m,2719.0,83.49,750000.0,8.829339147456464
271240,Offworld Trading Company,Stardock Entertainment,City Builder,$8.4m ($5.3m - $11.5m),$62.5m,2698.0,76.97,150000.0,8.160153364493322
860890,Factory Town,Erik Asmussen,City Builder,$5.1m ($3.1m - $7.2m),$6.2m,2629.0,90.96,350000.0,9.560190956171605
1017900,Age of Empires: Definitive Edition,Xbox Game Studios,City Builder,$7m ($4.1m - $9.8m),$1.8b,2705.0,84.12,750000.0,8.923050685666853
1073910,Before We Leave,Team17,City Builder,$1.4m ($849.7k - $2m),$491.6m,2290.0,78.29,150000.0,8.269855592678564
1817800,Oddsparks: An Automation Adventure,HandyGames,City Builder,$2.2m ($1.4m - $2.9m),$16.6m,1979.0,83.82,150000.0,8.810395768515654
2195120,Go-Go Town!,CULT Games,City Builder,$1.5m ($1.1m - $2m),$2.2m,2234.0,94.3,150000.0,9.847924267144851
534370,Pure Farming 2018,Techland Publishing,City Builder,$1.1m ($699k - $1.6m),$12.7m,1861.0,72.48,350000.0,7.682258257158702
1360000,The Infected,DigX Studios,City Builder,$2.2m ($1.4m - $3.1m),$2.2m,1930.0,85.17,350000.0,8.954955791900336
496460,Life is Feudal: Forest Village,Bitbox Ltd.,City Builder,$5.5m ($3.5m - $7.6m),$21.3m,1935.0,65.89,350000.0,7.0500831421778845
728730,Holyday City: Reloaded,Holyday Studios,City Builder,$22.7k ($16.4k - $29k),$19.3m,1823.0,0.0,350000.0,0.3789836908919593
2262080,Omega Crafter,Preferred Networks,City Builder,$737.1k ($472.1k - $1m),$737.1k,1797.0,70.686,35000.0,7.432148983982213
253250,Stonehearth,(none),City Builder,$8.8m ($5.5m - $12.1m),$8.8m,1821.0,76.62,750000.0,8.141334523968405
225420,Cities in Motion 2,Paradox Interactive,City Builder,$2.5m ($508.3k - $4.5m),$1.1b,1736.0,61.06,750000.0,6.586235037932785
2228280,MEMORIAPOLIS,5PM Studio,City Builder,$2m ($1.4m - $2.6m),$2.1m,1657.0,76.97,75000.0,8.094119172945073
2020710,Havendock,Pretty Soon,City Builder,$1.2m ($817.4k - $1.7m),$10.1m,1675.0,83.66,75000.0,8.762752787974607
894940,Littlewood,SmashGames,City Builder,$2.5m ($1.8m - $3.1m),$12.4m,1644.0,93.22,350000.0,9.764254618555404
1547890,Let's Build a Zoo,No More Robots,City Builder,$3.9m ($1.9m - $6m),$24.5m,1619.0,89.09,350000.0,9.360162919974728
231140,Cities XL Platinum,Focus Entertainment,City Builder,$1.1m ($237.8k - $2m),$728.4m,1638.0,58.06,350000.0,6.253649086141536
2290000,TerraScape,Stray Fawn Publishing,City Builder,$1.7m ($1m - $2.3m),$20.1m,1587.0,89.55,350000.0,9.392622964611233
2013240,Immortal Family,方块游戏(CubeGame),City Builder,$322k ($205.6k - $438.4k),$15.5m,1587.0,54.19,75000.0,5.796787346859895
1538570,Patron,Overseer Games,City Builder,$2.9m ($1.4m - $4.3m),$4.5m,1593.0,73.25,150000.0,7.745103487255687
39680,The Guild II Renaissance,THQ Nordic,City Builder,$912.5k ($531k - $1.2m),$387.4m,1244.0,81.73,750000.0,8.623792280764768
2834600,My Little Life,9FingerGames,City Builder,$317.5k ($204.6k - $430.4k),$377.3k,1521.0,89.87,35000.0,9.330270568596825
2400770,Dungeon Tycoon,Goblinz Publishing,City Builder,$896.9k ($622.1k - $1.1m),$29.1m,1518.0,78.71,150000.0,8.280541257686096
1875060,Reus 2,Firesquid,City Builder,$2.1m ($1.3m - $2.8m),$2.9m,1215.0,95.14,75000.0,9.903605191528081
1291340,Townscaper,Raw Fury,City Builder,$5.6m ($3.3m - $8m),$99.5m,1162.0,95.8,1500000.0,10.064778406869662
1252780,Bloons Monkey City,Ninja Kiwi,City Builder,$216.7k ($136.7k - $296.6k),$64.7m,1166.0,90.0,350000.0,9.403134013132345
1281630,Anno 1404 - History Edition,Ubisoft,City Builder,$3.5m ($1.7m - $5.3m),$2.4b,1152.0,81.97,750000.0,8.67277282451602
1882500,Cattails: Wildwood Story,Falcon Development,City Builder,$473.3k ($307k - $639.6k),$1.2m,1142.0,97.53,75000.0,10.115242409057199
1024650,Port Royale 4,Kalypso Media,City Builder,$4.8m ($2.4m - $7.2m),$91.9m,1107.0,57.72,35000.0,6.168463189342981
1254320,Surviving the Abyss,Paradox Arc,City Builder,$1m ($703k - $1.3m),$14.6m,1069.0,65.44,150000.0,6.9413134222148445
1157220,Nebuchadnezzar,Astra Logical,City Builder,$1.1m ($743.3k - $1.5m),$2.5m,908.0,79.8,150000.0,8.366088684672684
521150,Another Brick in The Mall,The Quadsphere,City Builder,$1.5m ($1.1m - $2m),$1.5m,896.0,83.03,350000.0,8.70999117413484
2750080,The Settlers: New Allies,Ubisoft,City Builder,$641.8k ($395.9k - $887.7k),$2.4b,888.0,47.2,35000.0,5.094356337006278
1104330,Founders' Fortune,Dionic Software,City Builder,$1.4m ($936.8k - $2m),$3.7m,834.0,82.14,75000.0,8.587106907631203
1134710,NIMBY Rails,Weird and Wry,City Builder,$1.2m ($868.6k - $1.6m),$1.8m,824.0,89.48,150000.0,9.330942826405431
1743830,One Military Camp,Abylight Studios,City Builder,$1m ($691.1k - $1.4m),$2.3m,804.0,75.65,75000.0,7.930044430695474
2144640,Endzone 2,Assemble Entertainment,City Builder,$872k ($571.7k - $1.1m),$24.3m,803.0,68.03,35000.0,7.1590287552049645
1336180,Floodland,Ravenscourt,City Builder,$618.6k ($372.2k - $864.9k),$6.1m,789.0,55.22,75000.0,5.883655332797315
351860,Cultures - Northland,Daedalic Entertainment,City Builder,$16.6k ($8.9k - $24.2k),$159.9m,788.0,82.74,150000.0,8.612533511322546
2807150,Worshippers of Cthulhu,Crytivo,City Builder,$1.6m ($1m - $2.2m),$23.4m,773.0,82.41,150000.0,8.637134718624205
1074070,Dust to the End,2P Games,City Builder,$201.2k ($120.5k - $281.8k),$43.1m,752.0,79.4,150000.0,8.307748648273401
840390,Spacebase Startopia,Kalypso Media,City Builder,$289k ($204.3k - $373.7k),$91.9m,647.0,51.642,35000.0,5.5031846488336145
1489970,Highrise City,Deck13,City Builder,$1.1m ($703.3k - $1.6m),$19.7m,646.0,78.12,150000.0,8.196396361930828
789660,Buggos,Intrepid Marmot,City Builder,$430.2k ($260.8k - $599.7k),$684.9k,688.0,87.75,75000.0,9.117769851353216
1304430,Viking Frontiers,GameHunters,City Builder,$193.2k ($122.6k - $263.8k),$193.2k,625.0,49.113,35000.0,5.216955184153464
591370,Production Line : Car factory simulation,Positech Games,City Builder,$2m ($1.4m - $2.7m),$16.9m,631.0,81.29,350000.0,8.5396982565386
2012190,KAISERPUNK,Overseer Games,City Builder,$700.1k ($474.3k - $925.9k),$4.5m,632.0,71.64,35000.0,7.502204432142441
2103470,Republic of Pirates,PQube,City Builder,$522.2k ($332.6k - $711.7k),$20.1m,608.0,64.43100000000001,35000.0,6.782254092154952
2678990,Minami Lane,Doot Tiny Games,City Builder,$847.7k ($545.8k - $1.1m),$1m,587.0,97.59,350000.0,10.142871495938083
1864880,Roman Triumph: Survival City Builder,Forklift Interactive,City Builder,$572.4k ($377.8k - $766.9k),$7.4m,572.0,86.59,35000.0,8.993321157887703
1847240,Game Dev Story,"Kairosoft Co., Ltd",City Builder,$512.7k ($270.2k - $755.3k),$5.6m,571.0,90.84,150000.0,9.448091578992836
1730250,Pan'orama,Awaken Realms,City Builder,$656.2k ($424.4k - $887.9k),$26.9m,567.0,89.5,150000.0,9.324184097009057
2206350,Farm Manager World,Sim Farm S.A.,City Builder,$560.3k ($378.5k - $742.2k),$4.6m,563.0,64.107,10000.0,6.71410453220461
1515950,Capcom Arcade Stadium,"CAPCOM Co., Ltd.",Fighting,$2.3m ($1.2m - $3.4m),$1.8b,481088.0,73.863,1500000.0,8.05720936183201
1755910,Capcom Arcade 2nd Stadium,"CAPCOM Co., Ltd.",Fighting,$1.8m ($1m - $2.7m),$1.8b,458580.0,59.49,1500000.0,6.614860543335051
629760,MORDHAU,Triternion,Fighting,$73.2m ($51.1m - $95.2m),$73.2m,60204.0,80.57,3500000.0,8.719111287646367
1790600,DRAGON BALL: Sparking! ZERO,Bandai Namco Entertainment,Fighting,$89.5m ($64.3m - $114.7m),$1.7b,120000.0,88.76,3500000.0,9.575875383834854
1203220,NARAKA: BLADEPOINT,NetEase Games Global,Fighting,$379.2m ($262.3m - $496.1m),$379.2m,385770.0,72.68,15000000.0,8.051243622725995
678950,DRAGON BALL FighterZ,Bandai Namco Entertainment,Fighting,$54.6m ($39.2m - $69.9m),$1.7b,44234.0,90.91,3500000.0,9.752769484826898
1384160,GUILTY GEAR -STRIVE-,Arc System Works,Fighting,$46m ($30.3m - $61.7m),$87.6m,30939.0,88.8,1500000.0,9.496508159843003
1778820,TEKKEN 8,Bandai Namco Entertainment,Fighting,$64.3m ($45.5m - $83m),$1.7b,46139.0,55.7,1500000.0,6.216461370629362
208650,Batman: Arkham Knight,WB Games,Fighting,$46.3m ($32.8m - $59.9m),$198.6m,25623.0,92.28,3500000.0,9.861259875526368
1971870,Mortal Kombat 1,Warner Bros. Games,Fighting,$39m ($28.3m - $49.7m),$882.3m,26576.0,72.67,750000.0,7.8707541445981635
851850,DRAGON BALL Z: KAKAROT,Bandai Namco Entertainment Inc.,Fighting,$50m ($34.4m - $65.7m),$237.6m,25715.0,93.01,1500000.0,9.917264508748069
544750,SOULCALIBUR VI,BANDAI NAMCO Entertainment,Fighting,$12.5m ($6.9m - $18.1m),$478.1m,14486.0,82.76,1500000.0,8.857321899855803
473690,Absolver,Devolver Digital,Fighting,$9.8m ($5.3m - $14.3m),$501.4m,18921.0,73.93,750000.0,7.963724814021413
323470,DRAGON BALL XENOVERSE,BANDAI NAMCO Entertainment,Fighting,$23m ($17.5m - $28.6m),$478.1m,22782.0,89.77,1500000.0,9.581216019887096
775500,SCARLET NEXUS,BANDAI NAMCO Entertainment,Fighting,$22.1m ($14.5m - $29.7m),$478.1m,14479.0,81.52,1500000.0,8.741593034476521
454650,DRAGON BALL XENOVERSE 2,Bandai Namco Entertainment,Fighting,$30.9m ($23m - $38.9m),$1.7b,13570.0,90.23,1500000.0,9.62089145375174
1216060,DNF Duel,NEXON,Fighting,$3.9m ($2.5m - $5.4m),$184.6m,12324.0,64.07,350000.0,6.9296817599720155
844870,KurtzPel,KOG,Fighting,$3.5m ($2.5m - $4.4m),$41.9m,11878.0,48.951,7500000.0,5.477411022271035
1742020,Idol Showdown,holo Indie,Fighting,0,$1.3m,10655.0,0.0,10000.0,0.26471719418174494
242700,Injustice: Gods Among Us Ultimate Edition,Warner Bros. Interactive Entertainment,Fighting,$8.3m ($3.9m - $12.8m),$446.3m,10262.0,86.78,1500000.0,9.242393240144052
629730,Blade and Sorcery,WarpFrog,Fighting,$36.8m ($26.9m - $46.6m),$36.8m,10235.0,96.71,1500000.0,10.24627824292745
349040,NARUTO SHIPPUDEN: Ultimate Ninja STORM 4,BANDAI NAMCO Entertainment,Fighting,$53.1m ($34.7m - $71.5m),$478.1m,8372.0,90.86,3500000.0,9.690361133443659
1206610,Rubber Bandits,Flashbulb,Fighting,$1.9m ($1.1m - $2.8m),$14.6m,8346.0,84.86,750000.0,8.992367093376348
1089090,ONE PIECE: PIRATE WARRIORS 4,BANDAI NAMCO Entertainment,Fighting,$20.1m ($12.3m - $27.8m),$478.1m,7222.0,91.84,1500000.0,9.75066566528032
1451190,Undisputed,Deep Silver,Fighting,$13.3m ($8.7m - $17.9m),$567.3m,6858.0,62.44,750000.0,6.788254619054139
200260,Batman: Arkham City - Game of the Year Edition,WB Games,Fighting,$10.5m ($6.6m - $14.3m),$198.6m,6822.0,95.88,3500000.0,10.158688022642561
35140,Batman: Arkham Asylum Game of the Year Edition,WB Games,Fighting,$10m ($6.1m - $13.8m),$198.6m,6739.0,96.13,3500000.0,10.182599369111555
1689620,BLEACH Rebirth of Souls,Bandai Namco Entertainment Inc.,Fighting,$5.7m ($3.6m - $7.7m),$237.6m,6611.0,67.38,150000.0,7.2289947630616
1602010,Persona 4 Arena Ultimax,SEGA,Fighting,$3.8m ($2.1m - $5.4m),$1.6b,5628.0,87.04,350000.0,9.211272875855279
578620,GORN,Devolver Digital,Fighting,$8.3m ($4.8m - $11.8m),$501.4m,5261.0,94.38,350000.0,9.949574328414005
1372110,JoJo's Bizarre Adventure: All-Star Battle R,Bandai Namco Entertainment,Fighting,$11.6m ($8.1m - $15.2m),$1.7b,5023.0,90.15,350000.0,9.535237376673376
234670,NARUTO SHIPPUDEN: Ultimate Ninja STORM 3 Full Burst HD,BANDAI NAMCO Entertainment,Fighting,$10.8m ($6.9m - $14.7m),$478.1m,4677.0,89.16,750000.0,9.444637649112048
2492040,FATAL FURY: City of the Wolves,SNK CORPORATION,Fighting,$4.4m ($3.3m - $5.5m),$35.7m,4592.0,82.31,75000.0,8.683287202376603
394310,Punch Club,tinyBuild,Fighting,$4.8m ($3.4m - $6.3m),$179.6m,4277.0,82.07,1500000.0,8.73242014085586
331600,One Piece Pirate Warriors 3,BANDAI NAMCO Entertainment,Fighting,$9m ($6.8m - $11.2m),$478.1m,4242.0,80.08,750000.0,8.53096266722203
245170,Skullgirls 2nd Encore,Autumn Games,Fighting,$10.2m ($6.8m - $13.7m),$10.2m,3916.0,88.96,3500000.0,9.43635631065672
2918150,ONE PIECE Bounty Rush,Bandai Namco Entertainment Inc.,Fighting,$4m ($1.8m - $6.2m),$237.6m,3891.0,0.0,350000.0,0.48841755345257726
278080,DYNASTY WARRIORS 8: Xtreme Legends Complete Edition,"KOEI TECMO GAMES CO., LTD.",Fighting,$19.3m ($13m - $25.7m),$424.5m,3851.0,83.93,1500000.0,8.93908798567473
1163550,Captain Tsubasa: Rise of New Champions,BANDAI NAMCO Entertainment,Fighting,$5.1m ($3.1m - $7m),$478.1m,3630.0,72.36,350000.0,7.728794406010911
493840,Marvel vs. Capcom: Infinite,Capcom,Fighting,$2.4m ($1.5m - $3.4m),$248m,3592.0,67.32,350000.0,7.210696602490229
495910,Dungeon Fighter Online,Neople,Fighting,$13.6m ($9.1m - $18.1m),$13.6m,3441.0,64.287,750000.0,6.935937242934024
1335200,Action Taimanin,Infini-Brain inc.,Fighting,$25.1m ($16.3m - $33.8m),$25.1m,3400.0,0.0,1500000.0,0.533938184196197
1090630,Granblue Fantasy: Versus,XSEED Games,Fighting,$14.7m ($8.4m - $21.1m),$125.7m,3367.0,83.14,350000.0,8.814136169115347
418340,RWBY: Grimm Eclipse,FarBridge,Fighting,$4.9m ($3m - $6.7m),$4.9m,3224.0,81.34,750000.0,8.620003583658093
1343240,Thymesia,Team17,Fighting,$4.2m ($3m - $5.4m),$491.6m,3194.0,83.71,750000.0,8.874210604160243
1123770,Curse of the Dead Gods,Focus Entertainment,Fighting,$6.5m ($4.1m - $8.8m),$728.4m,2971.0,84.72,750000.0,8.981003267013357
285900,Gang Beasts,Boneloaf,Fighting,$48.1m ($34m - $62.2m),$48.1m,2946.0,85.65,3500000.0,9.125734601457259
3027930,Karate Survivor,Alawar,Fighting,$581.5k ($397.3k - $765.7k),$13.3m,2923.0,85.35,350000.0,8.974169134722782
383980,Rivals of Aether,Aether Studios,Fighting,$12.5m ($9.3m - $15.7m),$18.8m,2828.0,96.4,1500000.0,10.156858065624004
702890,BlazBlue: Cross Tag Battle,Arc System Works,Fighting,$4.6m ($2.8m - $6.5m),$87.6m,2746.0,81.26,350000.0,8.601381549642062
248570,Toribash,"Nicalis, Inc.",Fighting,0,$84.8m,2648.0,76.43700000000001,3500000.0,8.091405164426472
348550,GUILTY GEAR XX ACCENT CORE PLUS R,Arc System Works,Fighting,$2.1m ($1.3m - $2.8m),$87.6m,2330.0,96.76,350000.0,10.134892119476998
6020,STAR WARS Jedi Knight - Jedi Academy,LucasArts,Fighting,$2.4m ($1.2m - $3.7m),$124.9m,2306.0,96.12,750000.0,10.091115876136
1557740,ROUNDS,Landfall,Fighting,$7.6m ($4.8m - $10.3m),$200.8m,2208.0,95.34,3500000.0,10.065094744285167
2076010,UNDER NIGHT IN-BIRTH II Sys:Celes,Arc System Works,Fighting,$3.7m ($2.5m - $4.9m),$87.6m,2165.0,85.78,150000.0,9.023861267219925
627270,Injustice 2,WB Games,Fighting,$11.2m ($6.7m - $15.6m),$198.6m,2093.0,86.01,1500000.0,9.117037333285966
576480,Drunken Fight Simulator,Volens Nolens Games,Fighting,$8.3k ($1.6k - $15k),$658.4k,2019.0,65.45700000000001,35000.0,6.847136919474513
2634890,MARVEL vs. CAPCOM Fighting Collection: Arcade Classics,"CAPCOM Co., Ltd.",Fighting,$4.1m ($2.6m - $5.6m),$1.8b,2019.0,93.74,75000.0,9.816601645388038
411370,Melty Blood Actress Again Current Code,Arc System Works,Fighting,$2.7m ($1.8m - $3.5m),$87.6m,2015.0,93.92,350000.0,9.85004839559217
921590,DISSIDIA FINAL FANTASY NT Free Edition,Square Enix,Fighting,$1.2m ($658.9k - $1.8m),$1b,1981.0,55.85,750000.0,6.058242270748651
597170,Clone Drone in the Danger Zone,Doborog Games,Fighting,$9.5m ($7.1m - $12m),$10m,1921.0,96.88,1500000.0,10.18618736996297
798510,SUPER DRAGON BALL HEROES WORLD MISSION,BANDAI NAMCO Entertainment,Fighting,$2.5m ($1.6m - $3.4m),$478.1m,1895.0,82.59,75000.0,8.68676745690675
264200,One Finger Death Punch,Silver Dollar Games,Fighting,$2.3m ($1.5m - $3m),$2.6m,1857.0,98.03,750000.0,10.258207093876294
1259790,Puyo Puyo Tetris 2,SEGA,Fighting,$5.2m ($2.4m - $8m),$1.6b,1826.0,81.93,350000.0,8.669970819874099
746580,HARDCORE MECHA,RocketPunch Games,Fighting,$927.5k ($596.3k - $1.2m),$1.2m,1754.0,82.97,350000.0,8.716839508410196
357190,ULTIMATE MARVEL VS. CAPCOM 3,"CAPCOM U.S.A., INC.",Fighting,$7.1m ($4.4m - $9.8m),$7.1m,1706.0,91.77,750000.0,9.650273882361997
586200,Street Fighter 30th Anniversary Collection,"Capcom U.S.A, Inc.",Fighting,$4.1m ($1.9m - $6.2m),$4.1m,1737.0,71.01,350000.0,7.547411718893287
564230,Fire Pro Wrestling World,"Spike Chunsoft Co., Ltd.",Fighting,$1.6m ($981.2k - $2.3m),$94.5m,1675.0,91.16,350000.0,9.56104206553792
1020790,NARUTO X BORUTO Ultimate Ninja STORM CONNECTIONS,Bandai Namco Entertainment,Fighting,$4.6m ($3.2m - $5.9m),$1.7b,1663.0,59.64,150000.0,6.41756023893086
214770,Guacamelee! Gold Edition,Drinkbox Studios,Fighting,$4m ($2m - $6m),$12.7m,1643.0,93.45,750000.0,9.81125584221662
716710,東方憑依華　～ Antinomy of Common Flowers.,"SUNFISH Co., Ltd.",Fighting,$1.1m ($734.6k - $1.6m),$1.4m,1442.0,91.53,150000.0,9.55092324235452
3112260, Virtua Fighter 5 R.E.V.O. World Stage,SEGA,Fighting,$1.1m ($766.5k - $1.4m),$1.6b,1395.0,75.24,75000.0,7.935518577500142
337320,Paint the Town Red,South East Games,Fighting,$11.7m ($8.5m - $14.9m),$11.8m,1365.0,96.13,1500000.0,10.104345312269071
3920,Sid Meier's Pirates!,2K,Fighting,$1.5m ($905.6k - $2.2m),$1.7b,1333.0,94.7,350000.0,9.91940965556631
424280,Iron Snout,SnoutUp,Fighting,0,$29k,1332.0,88.35300000000001,3500000.0,9.216907927606119
209120,Street Fighter X Tekken,"Capcom U.S.A., Inc.",Fighting,$15.4k ($8.4k - $22.3k),$15.4k,1287.0,56.46,150000.0,5.959017292213334
758330,Shenmue I & II,SEGA,Fighting,$1.6m ($847.1k - $2.3m),$1.6b,1280.0,90.19,150000.0,9.448840220861605
748360,MY HERO ONE'S JUSTICE,BANDAI NAMCO Entertainment,Fighting,$1.4m ($808.1k - $2m),$478.1m,1243.0,75.8,150000.0,8.001816855463625
314030,Guilty Gear X2 #Reload,Arc System Works,Fighting,$124.4k ($24.8k - $223.9k),$87.6m,1230.0,88.42,150000.0,9.221023521674065
755500,ONE PIECE World Seeker,BANDAI NAMCO Entertainment,Fighting,$4.2m ($2.7m - $5.6m),$478.1m,1213.0,77.82,150000.0,8.21903532945148
571260,THE KING OF FIGHTERS XIV STEAM EDITION,SNK CORPORATION,Fighting,$7.4m ($4.6m - $10.1m),$35.7m,1173.0,82.29,350000.0,8.681112314403371
1215390,Animal Revolt Battle Simulator,VDimension,Fighting,$2.7m ($1.4m - $3.9m),$2.7m,1034.0,95.8,350000.0,10.002489195880187
411830,SENRAN KAGURA SHINOVI VERSUS,XSEED Games,Fighting,$3m ($2.2m - $3.8m),$125.7m,1017.0,94.56,350000.0,9.895957736607084
801630,UNDER NIGHT IN-BIRTH Exe:Late[cl-r],Arc System Works,Fighting,$4.3m ($2.4m - $6.3m),$87.6m,959.0,93.96,350000.0,9.83782834245238
425220,One Piece Burning Blood,BANDAI NAMCO Entertainment,Fighting,$3.4m ($2.2m - $4.6m),$478.1m,850.0,81.4,350000.0,8.581948033481838
577940,Killer Instinct,Xbox Game Studios,Fighting,$2.4m ($1.8m - $3m),$1.8b,823.0,91.81,350000.0,9.622562544454219
1390410,Midnight Fight Express,Humble Games,Fighting,$1m ($752.6k - $1.2m),$202.5m,765.0,91.05,150000.0,9.503221362908729
601220,Zup! F,Quiet River,Fighting,$285.5k ($166.3k - $404.7k),$2.4m,751.0,96.9,350000.0,10.06941847415535
1835240,Spiritfall,Gentle Giant,Fighting,$828.4k ($613.1k - $1m),$828.5k,738.0,92.59,75000.0,9.61428344884816
804490,Creed: Rise to Glory,Survios,Fighting,$1.2m ($746.5k - $1.7m),$9.1m,719.0,74.74,350000.0,7.87865793303011
1116960,UNDEFEATED,Vantan Game Academy,Fighting,0,$0 ,687.0,0.0,750000.0,0.24643592352731392
1021770, Wanba Warriors,Wanba Studio,Fighting,$844.6k ($477.9k - $1.2m),$1.4m,665.0,91.01,75000.0,9.455589581789399
25000,Overgrowth,Wolfire Games,Fighting,$6.9m ($4.5m - $9.4m),$8.9m,601.0,85.86,750000.0,9.027535445966466
222440,THE KING OF FIGHTERS 2002 UNLIMITED MATCH,SNK CORPORATION,Fighting,$1.6m ($1m - $2.1m),$35.7m,589.0,94.95,350000.0,9.90352601688126
1420350,Fraymakers,Team Fray,Fighting,$976.5k ($636.9k - $1.3m),$974.7k,561.0,79.16,150000.0,8.28142516723893
495140,NARUTO: Ultimate Ninja STORM,BANDAI NAMCO Entertainment,Fighting,$2.5m ($1.7m - $3.3m),$478.1m,550.0,75.93,350000.0,8.017009678721102
1669170,Northend Tower Defense,Northend Games,Fighting,$432.7k ($259.4k - $606k),$432.7k,545.0,77.44,75000.0,8.077680072295886
2536260,Mayhemers,Anigtas,Fighting,$69.6k ($37.6k - $101.7k),$69.6k,489.0,77.355,10000.0,7.986268728255456
1685750,Capcom Fighting Collection,"CAPCOM Co., Ltd.",Fighting,$1.9m ($961k - $2.8m),$1.8b,537.0,90.88,150000.0,9.493965322327966
1000360,Hellish Quart,Kubold,Fighting,$4.7m ($3m - $6.3m),$4.7m,484.0,90.12,750000.0,9.438522158650498
232770,POSTAL,Running With Scissors,Horror,0,$19.5m,408008.0,85.89,3500000.0,9.264500539579219
1966720,Lethal Company,Zeekerss,Horror,$144.1m ($101.4m - $186.8m),$144.5m,239369.0,97.14,15000000.0,10.46425655443054
395170,DISTRAINT: Deluxe Edition,Jesse Makkonen,Horror,$230.7k ($141.5k - $319.9k),$554.6k,162795.0,93.44,3500000.0,9.932264803727373
391720,Layers of Fear (2016),Bloober Team SA,Horror,$9.1m ($5.4m - $12.8m),$23.7m,143872.0,90.01,3500000.0,9.65495555322084
782330,DOOM Eternal,Bethesda Softworks,Horror,$169.8m ($121.6m - $217.9m),$2.1b,84865.0,91.51,7500000.0,9.867442544693636
976310,Mortal Kombat 11,Warner Bros. Games,Horror,$86.6m ($53.8m - $119.3m),$882.3m,27301.0,88.47,3500000.0,9.497717012197466
2531310,The Last of Us Part II Remastered,PlayStation Publishing LLC,Horror,$33.5m ($22.8m - $44.1m),$1.3b,18345.0,90.8,750000.0,9.67172067158536
418460,Rising Storm 2: Vietnam,Tripwire Interactive,Horror,$21.8m ($15.7m - $27.9m),$237.9m,24518.0,87.92,3500000.0,9.41371482101448
418370,Resident Evil 7 Biohazard,"CAPCOM Co., Ltd.",Horror,$69m ($44.4m - $93.6m),$1.8b,18211.0,95.37,3500000.0,10.1749232190084
1987080,Inside the Backrooms,MrFatcat,Horror,$17.5m ($10.9m - $24.1m),$17.5m,14807.0,81.97,1500000.0,8.769726861130952
2625420,Drive Beyond Horizons,Tacty Studio,Horror,$19.7m ($13.5m - $25.9m),$19.7m,14797.0,78.04,150000.0,8.327322486659208
307780,Mortal Kombat X,Warner Bros. Games,Horror,$51m ($33.7m - $68.3m),$882.3m,13649.0,88.05,3500000.0,9.42654049959213
1562430,DREDGE,Team17,Horror,$34.4m ($23.5m - $45.4m),$491.6m,12686.0,95.73,1500000.0,10.165050780869288
934700,Dead Island 2,Deep Silver,Horror,$18.3m ($13.1m - $23.4m),$567.3m,12054.0,77.41,750000.0,8.307366565225534
2095300,Breakout 13,ALT Lab,Horror,$2.2m ($1.5m - $2.9m),$2.3m,11925.0,87.91,750000.0,9.302638335292576
3014080,The Hundred Line -Last Defense Academy-,Aniplex Inc.,Horror,$6.5m ($4.3m - $8.7m),$14.6m,9977.0,88.53,350000.0,9.365697934638902
221040,Resident Evil 6,Capcom,Horror,$38.6m ($27.7m - $49.4m),$248m,11836.0,79.03,3500000.0,8.5106389324436
2644470,PICO PARK 2,TECOPARK,Horror,$3.8m ($2.1m - $5.4m),$17.3m,9579.0,88.83,350000.0,9.387358006192034
963330,Nya Nya Nya Girls (ʻʻʻ)_(=^･ω･^=)_(ʻʻʻ),Zloy Krot Studio,Horror,$6.6k ($3.5k - $9.6k),$18.3k,8543.0,70.695,750000.0,7.465635200797061
813230,ANIMAL WELL,Bigmode,Horror,$13m ($9.1m - $16.8m),$13.8m,8107.0,95.76,350000.0,10.09210576747818
568220,Lobotomy Corporation | Monster Management Simulation,ProjectMoon,Horror,$21.7m ($15.2m - $28.1m),$108.8m,7920.0,94.18,1500000.0,9.982297191929183
1063660,Bendy and the Dark Revival,Joey Drew Studios,Horror,$4.4m ($3.2m - $5.7m),$16.6m,5686.0,93.63,750000.0,9.870239203023363
393530,Insanity Clicker,PlayFlock,Horror,$51.8k ($37.5k - $66.1k),$53k,6795.0,55.638,750000.0,5.987354879776515
1552350,The Jackbox Party Pack 8,"Jackbox Games, Inc.",Horror,$4.2m ($2.3m - $6m),$65.9m,4635.0,90.48,350000.0,9.537053904294757
282800,100% Orange Juice,Fruitbat Factory,Horror,$1.5m ($945k - $2.2m),$3.3m,5432.0,93.33,1500000.0,9.83179335800161
1963370,No One Survived,Cat Play Studio,Horror,$3.5m ($2.6m - $4.5m),$3.6m,4599.0,66.48,350000.0,7.121709607093913
404590,Vikings - Wolves of Midgard,Kalypso Media Digital,Horror,$2.6m ($1.6m - $3.5m),$47.6m,4043.0,58.78,350000.0,6.354454479936315
1766740,Choo-Choo Charles,Two Star Games,Horror,$7.2m ($5.2m - $9.2m),$7.4m,4033.0,91.47,750000.0,9.647299844623541
282140,SOMA,Frictional Games,Horror,$11m ($7.9m - $14.1m),$30.8m,4015.0,95.95,3500000.0,10.14196087921464
752590,A Plague Tale: Innocence,Focus Entertainment,Horror,$25.4m ($18.7m - $32.1m),$728.4m,4030.0,93.37,1500000.0,9.890801401016175
1419170,My Singing Monsters,Big Blue Bubble,Horror,$8.7m ($5.7m - $11.7m),$9.4m,3909.0,90.0,1500000.0,9.518645868009026
1608450,Hellslave,Dear Villagers,Horror,$301.2k ($141.2k - $461.3k),$33.7m,3763.0,81.43,75000.0,8.549880648505301
320240,We Happy Few,Gearbox Publishing,Horror,$14.8m ($10.2m - $19.4m),$259.9m,3498.0,76.5,750000.0,8.171611572990768
227100,Sniper Elite: Nazi Zombie Army,Rebellion,Horror,$3.8m ($2.2m - $5.4m),$225m,3168.0,88.69,350000.0,9.350071268983886
2021910,FPS Chess,DigiPen Institute of Technology,Horror,0,$0 ,2997.0,0.0,1500000.0,0.34203016126162683
21690,Resident Evil 5,Capcom,Horror,$27.8m ($19.4m - $36.2m),$248m,2568.0,87.73,1500000.0,9.309542209963983
1839950,Terminator: Dark Fate - Defiance,Slitherine Ltd.,Horror,$3.1m ($2.1m - $4.1m),$97.4m,2382.0,82.76,150000.0,8.722700853171135
321270,UNLOVED,Paul Schneider,Horror,$335.5k ($169.5k - $501.6k),$512.2k,2323.0,80.38,350000.0,8.448107376015663
429570,The Walking Dead: Michonne - A Telltale Miniseries,Skybound Games,Horror,$1.8m ($1.2m - $2.3m),$81.1m,2203.0,80.1,750000.0,8.481668097878522
338170,Ratz Instagib,Rarebyte,Horror,$795.2k ($525.1k - $1m),$855.4k,2037.0,90.63,350000.0,9.483783682899343
543460,Dead Rising 4,Capcom,Horror,$5.5m ($3.2m - $7.7m),$248m,2178.0,59.32,350000.0,6.407260197131128
1049800,BLOCKADE,Novalink,Horror,$79.2k ($51.4k - $106.9k),$135.9k,2026.0,0.0,1500000.0,0.41181700645217234
637100,Sonic Forces,SEGA,Horror,$4.8m ($3.1m - $6.5m),$1.6b,2020.0,61.51,750000.0,6.647016971216339
520720,Dear Esther: Landmark Edition,Secret Mode,Horror,$566.5k ($313.4k - $819.7k),$74.5m,2004.0,79.14,350000.0,8.348479099439942
604010,Chimpology,Junkhive,Horror,$2.6k ($1.3k - $3.9k),$2.6k,1971.0,78.48899999999999,150000.0,8.141635364264545
2322440,METAL SLUG ATTACK RELOADED,SNK CORPORATION,Horror,$282.5k ($180.5k - $384.5k),$35.7m,1894.0,71.67,150000.0,7.567470436083183
628670,Hellpoint,tinyBuild,Horror,$3.2m ($2.1m - $4.3m),$179.6m,1862.0,76.87,350000.0,8.148148547156666
332800,Five Nights at Freddy's 2,Scott Cawthon,Horror,$6.8m ($4m - $9.5m),$27.7m,1686.0,93.89,1500000.0,9.882648576464542
588160,Pizza Connection 3,Assemble Entertainment,Horror,$1.7m ($1m - $2.5m),$24.3m,1652.0,48.09,150000.0,5.229686416665122
388090,Five Nights at Freddy's 4,Scott Cawthon,Horror,$5.2m ($3.5m - $7m),$27.7m,1637.0,93.23,750000.0,9.796297609941485
2497920,A Difficult Game About Climbing,Pontypants,Horror,$1.7m ($1.3m - $2.1m),$1.9m,1578.0,87.93,350000.0,9.220343772132985
612470,Bio Inc. Redemption,DryGin Studios,Horror,$1.5m ($1m - $2m),$1.5m,1469.0,88.5,150000.0,9.253303016670312
521890,Hello Neighbor,tinyBuild,Horror,$8.8m ($5.9m - $11.7m),$179.6m,1399.0,86.54,750000.0,9.138089422935062
2475490,Mouthwashing,CRITICAL REFLEX,Horror,$6.6m ($4.6m - $8.6m),$34.9m,1241.0,95.58,750000.0,10.027179516229184
998740,Ring of Pain,Humble Games,Horror,$1.5m ($966.2k - $2.1m),$202.5m,1233.0,92.03,350000.0,9.64088272117626
779290,Stygian: Reign of the Old Ones,Fulqrum Publishing,Horror,$1.4m ($992.8k - $1.8m),$51.6m,1207.0,66.08,350000.0,7.038363901759347
492630,Bear With Me - Episode One,Miyagi Games,Horror,$2.5k ($1.8k - $3.2k),$10.8k,1201.0,79.272,150000.0,8.210125134677195
504210,SHENZHEN I/O,Zachtronics,Horror,$1.8m ($1.1m - $2.6m),$14.4m,1160.0,95.52,350000.0,9.979322316155868
726360,BOOBS SAGA: Prepare To Hentai Edition,Boobs Dev,Horror,$62k ($18.5k - $105.5k),$62k,1153.0,72.2,35000.0,7.5232102008279504
1426490,LOST EPIC,One or Eight,Horror,$583.8k ($357.9k - $809.7k),$740.2k,1149.0,71.92,35000.0,7.538330192806542
1059990,Trombone Champ,Holy Wow Studios LLC,Horror,$5.6m ($3.7m - $7.6m),$5.6m,1086.0,98.02,350000.0,10.239740274071943
1067850,Kindergarten 2,SmashGames,Horror,$1.9m ($1.3m - $2.5m),$12.4m,1051.0,98.04,350000.0,10.22841356100352
1245430,Golden Light,Mr. Pink,Horror,$638.5k ($365.8k - $911.1k),$753.9k,984.0,91.8,10000.0,9.494833481019658
751630,After the Fall,Vertigo Games,Horror,$3.8m ($2m - $5.5m),$35.5m,872.0,77.36,150000.0,8.150226827924435
220820,Zombie Driver HD,Exor Studios,Horror,$532.1k ($320.8k - $743.4k),$532.2k,925.0,84.54,350000.0,8.842468901540487
980610,Quaver,Swan,Horror,$7.3k ($1.6k - $13k),$7.3k,833.0,0.0,350000.0,0.3044936496691669
420530,OneShot,KOMODO,Horror,$5.5m ($3.8m - $7.2m),$17.2m,815.0,98.31,1500000.0,10.297020266285461
365300,Transmissions: Element 120,Self Published,Horror,0,$2.5k,779.0,84.024,750000.0,8.688180926310027
2232840,Garten of Banban,Euphoric Brothers,Horror,0,$3.1m,757.0,0.0,350000.0,0.28506110592992406
1359980,POSTAL: Brain Damaged,Running With Scissors,Horror,$2.2m ($1.4m - $3m),$19.5m,735.0,95.64,350000.0,9.981416905731223
515040,Make America Great Again: The Trump Presidency,Three Guys Game Studio,Horror,$197.9k ($126.7k - $269.2k),$204.1k,712.0,86.08,75000.0,8.935354601533321
390290,Bulb Boy,Bulbware,Horror,$175.7k ($106.3k - $245.1k),$183.7k,697.0,89.49,150000.0,9.289051510717185
594160,The Last Patient,NGV Studio,Horror,$1k ($213 - $1.9k),$1.2k,693.0,38.574,10000.0,4.039885850603425
1398210,Selene ~Apoptosis~,Nupu Neko Dev,Horror,$172.3k ($122.2k - $222.5k),$905k,662.0,85.095,75000.0,8.838966548810408
331480,Pinstripe,Armor Games Studios,Horror,$370.2k ($246.1k - $494.4k),$20.7m,661.0,90.01,350000.0,9.38947538291843
94300,The Dream Machine: Chapter 1 & 2,The Sleeping Machine,Horror,$149k ($40.7k - $257.3k),$161.7k,652.0,90.07,350000.0,9.361035843707912
1515900,Heaven Dust 2,indienova,Horror,$168k ($98.3k - $237.7k),$41.5m,644.0,91.46,75000.0,9.49063108341918
323720,Decay: The Mare,Daedalic Entertainment,Horror,$133.4k ($79.4k - $187.5k),$159.9m,585.0,76.39,350000.0,8.017611848366075
1879380,Paper Bride 2 Zangling Village,HeartBeat Plus,Horror,$290.7k ($191.2k - $390.2k),$1.7m,636.0,90.83,150000.0,9.43706978162037
1010750,Blood Fresh Supply,Atari,Horror,$1.6m ($1.1m - $2.2m),$37.7m,558.0,94.93,750000.0,9.91717068686089
9010,Return to Castle Wolfenstein,Bethesda Softworks,Horror,$1.3m ($787k - $1.8m),$2.1b,549.0,92.67,3500000.0,9.739395686718485
478980,Mansions of Madness,Fantasy Flight Games,Horror,$118.7k ($61k - $176.4k),$166.9k,539.0,72.0,350000.0,7.544978743658035
42670,Singularity,Activision,Horror,$3.6m ($2.8m - $4.4m),$1.5b,526.0,93.04,350000.0,9.736829365276355
986040,The Unliving,Team17 Digital,Horror,$373.6k ($227.4k - $519.8k),$21.5m,525.0,63.05,75000.0,6.652116941284051
720250,Welcome to the Game II,Reflect Studios,Horror,$1.4m ($979.2k - $1.8m),$2.5m,500.0,85.06,150000.0,8.877138092024426
1012560,Snakeybus,"Stovetop, LLC",Horror,$1.1m ($633k - $1.5m),$1.1m,499.0,93.61,150000.0,9.72505319672582
2989950,The Bathhouse | 地獄銭湯 Restored Edition,Chilla's Art,Horror,$248.4k ($151.4k - $345.5k),$4.4m,492.0,90.8,35000.0,9.395296853620613
619540,Darkwater,Playstack,Horror,$385.9k ($256.5k - $515.3k),$116.9m,442.0,80.49,35000.0,8.381436554923223
2167960,买个可乐饼吧！ - Buy a Croquette!,Eternal Dream,Horror,$781 ($368 - $1.1k),$57.2k,437.0,90.0,150000.0,9.241882315832296
407300,The Last NightMary - A Lenda do Cabeça de Cuia,Submersivo Game Studio,Horror,$71.4k ($39.7k - $103.1k),$71.4k,407.0,80.29,150000.0,8.335274447767178
248470,Doorways: Prelude,Saibot Studios,Horror,$113.2k ($57.3k - $169.2k),$756.5k,419.0,53.073,350000.0,5.650275574942874
1119980,In Sound Mind,Maximum Entertainment,Horror,$1.6m ($969k - $2.3m),$32.3m,399.0,95.45,750000.0,9.958139287708072
1373510,BloodRayne: Terminal Cut,Ziggurat,Horror,$558k ($305.6k - $810.4k),$2.9m,385.0,90.71,150000.0,9.421318904294607
844930,Fox Hime Zero,SakuraGame,Horror,$113.9k ($71.9k - $155.8k),$3.9m,383.0,97.36,350000.0,10.083313130209039
530890,Haydee,Haydee Interactive,Horror,$2.1m ($1.4m - $2.7m),$3m,381.0,84.8,350000.0,8.868405056185317
562220,Zup! 2,Quiet River,Horror,$231.5k ($144k - $319k),$2.4m,374.0,95.57,350000.0,9.911812084148211
508900,Zup! X,Quiet River,Horror,$82.1k ($51.2k - $112.9k),$2.4m,373.0,96.53,350000.0,9.992655777374003
1315980,Tin Can,Tin Can Studio,Horror,$540.9k ($371.4k - $710.4k),$540.4k,349.0,85.74,150000.0,8.913636878676616
1394270,SCP: Escape Together,SCP: Escape Together development team,Horror,0,$0 ,348.0,0.0,350000.0,0.1849977524771309
1478160,Nyaruru Fishy Fight,赤瞳大白猫,Horror,$151.4k ($75.6k - $227.3k),$210.1k,346.0,89.49,150000.0,9.265808917564957
899770,Last Epoch,Eleventh Hour Games,Indie,$82.3m ($55.4m - $109.3m),$82.2m,258503.0,78.7,35000000.0,8.63107032561137
526870,Satisfactory,Coffee Stain Publishing,Indie,$170.8m ($113.6m - $228.1m),$592.7m,185957.0,97.31,15000000.0,10.481950728400404
510840,Evolvation,HyperReuts,Indie,$180.7k ($36.1k - $325.3k),$180.7k,100638.0,61.875,1500000.0,6.733516368951861
227300,Euro Truck Simulator 2,SCS Software,Indie,$122.5m ($92.7m - $152.2m),$173.1m,69695.0,97.45,15000000.0,10.45544071746202
1296830,暖雪 Warm Snow,bilibili,Indie,$21.1m ($13.8m - $28.4m),$133.8m,44545.0,93.03,1500000.0,9.921281754971579
569610,Distant Space,PixelMouse,Indie,$110k ($60.4k - $159.6k),$144.3k,26541.0,74.10600000000001,750000.0,7.891605135523327
1190970,House Flipper 2,Frozen District,Indie,$34.3m ($21.9m - $46.7m),$99.1m,21829.0,86.69,350000.0,9.23834292505844
244210,Assetto Corsa,Kunos Simulazioni,Indie,$112.5m ($75.3m - $149.7m),$112.5m,19780.0,92.49,7500000.0,9.901800234757243
274170,Hotline Miami 2: Wrong Number,Devolver Digital,Indie,$12.7m ($9.1m - $16.3m),$501.4m,18882.0,94.15,3500000.0,10.023959373267548
690830,Foundation,Polymorph Games,Indie,$26.5m ($18.2m - $34.7m),$26.5m,18422.0,85.87,750000.0,9.158768297072687
714010,Aim Lab,Statespace,Indie,$24.6m ($13.5m - $35.6m),$24.6m,15141.0,70.272,3500000.0,7.626020568152642
1029780,Going Medieval,Mythwright,Indie,$16.2m ($11m - $21.4m),$41.3m,14600.0,89.52,750000.0,9.511309033215186
590380,Into the Breach,Subset Games,Indie,$12m ($7.9m - $16m),$30.8m,14573.0,94.2,1500000.0,9.989168428684401
2407270,AI LIMIT,CE-Asia,Indie,$14m ($8.7m - $19.4m),$18.2m,14433.0,92.76,350000.0,9.812237229504273
204300,Awesomenauts,Atari,Indie,$4.9m ($2.4m - $7.4m),$37.7m,12050.0,85.07,3500000.0,9.077113172930662
972660,Spiritfarer: Farewell Edition,Thunder Lotus,Indie,$21m ($14.3m - $27.8m),$26.5m,11726.0,95.05,1500000.0,10.074927866075797
385080,Guardians of Victoria,New Reality Games,Indie,$21k ($4.2k - $37.9k),$603.1k,10158.0,29.232,750000.0,3.3564978059965402
1222700,A Way Out,Electronic Arts,Indie,$29.9m ($19.6m - $40.1m),$4.5b,8548.0,87.06,3500000.0,9.312257145323583
326460,ShellShock Live,kChamp Games,Indie,$13.2m ($8.4m - $18.1m),$13.3m,7346.0,93.39,1500000.0,9.884736481411185
704850,Thief Simulator,PlayWay S.A.,Indie,$18.1m ($9.4m - $26.8m),$275.8m,7186.0,88.46,1500000.0,9.40863057683584
738060,Freddy Fazbear's Pizzeria Simulator,Scott Cawthon,Indie,0,$27.7m,6427.0,80.001,3500000.0,8.484210733501053
1492070,Sker Ritual,Wales Interactive,Indie,$4.8m ($3m - $6.6m),$12.7m,5992.0,83.71,350000.0,8.86289777121313
2638370,Five Nights at Freddy's: Into the Pit,Mega Cat Studios,Indie,$3.1m ($2m - $4.2m),$3.1m,5690.0,95.73,350000.0,10.050898393761685
240720,Getting Over It with Bennett Foddy,Bennett Foddy,Indie,$18.1m ($13.3m - $22.9m),$18.1m,4959.0,82.72,3500000.0,8.830466550358954
297130,Titan Souls,Devolver Digital,Indie,$2.1m ($1.3m - $2.8m),$501.4m,4309.0,82.87,750000.0,8.789490719643924
274190,Broforce,Devolver Digital,Indie,$18.8m ($12.7m - $25m),$501.4m,4285.0,97.0,3500000.0,10.26871936142549
1097430,Book of Yog Idle RPG,元气工作室,Indie,$9m ($6.2m - $11.9m),$9m,4163.0,57.276,350000.0,6.2158822059168335
1332720,Thief Simulator 2,PlayWay S.A.,Indie,$5.2m ($3.4m - $6.9m),$275.8m,4144.0,88.78,750000.0,9.389905762901565
2068280,Nordic Ashes: Survivors of Ragnarok,Noxfall Studios,Indie,$1.5m ($965.4k - $2.1m),$1.5m,3900.0,88.57,350000.0,9.30953290043809
351030,Pixel Puzzles Ultimate Jigsaw Puzzles,Pixel Puzzles,Indie,$140.8k ($105.9k - $175.8k),$595.6k,3856.0,83.52,750000.0,8.782906946978995
506610,Five Nights at Freddy's: Sister Location,Scott Cawthon,Indie,$3.5m ($2.5m - $4.5m),$27.7m,3489.0,91.13,750000.0,9.603976665390936
466910,Worm.is: The Game,Freakinware Studios,Indie,$6.8k ($4.9k - $8.6k),$366.2k,3413.0,80.13600000000001,750000.0,8.394580817223101
1127400,Mindustry,AnukenDev,Indie,$5.7m ($3.8m - $7.7m),$5.7m,3348.0,95.9,1500000.0,10.095556210713632
466860,上帝之城 I：监狱帝国 [City of God I - Prison Empire],Pixel Gangsta Studio,Indie,$401.1k ($250.8k - $551.3k),$401.1k,3262.0,70.37,150000.0,7.440178842164276
1123830,Farm Manager 2021,PlayWay S.A.,Indie,$1.3m ($832.9k - $1.9m),$275.8m,3173.0,79.24,350000.0,8.390394952181527
824270,KovaaK's,KovaaK Games,Indie,$16.2m ($10.3m - $22.1m),$16.2m,3114.0,92.95,750000.0,9.802437574403987
223710,Cry of Fear,Team Psykskallar,Indie,0,$0 ,3052.0,70.065,7500000.0,7.412507476741366
581970,Zombie Ballz,My Way Games,Indie,$4.7k ($2k - $7.4k),$729k,3029.0,67.959,75000.0,7.119150533196964
2758000,Vanity Fair: The Pursuit,Wave Games,Indie,$688.7k ($514.8k - $862.5k),$3.9m,2847.0,87.94,350000.0,9.229559068174359
283000,Strategic War in Europe,Conglomerate 5,Indie,$98k ($19.6k - $176.4k),$2.5m,2616.0,45.918000000000006,350000.0,4.994481481282695
683830,Weable,Valkyrie Initiative,Indie,$5.8k ($2.3k - $9.3k),$2.8m,2411.0,66.195,350000.0,6.979033261005952
1347970,Patch Quest,Curve Games,Indie,$1.2m ($671.9k - $1.7m),$196.4m,2333.0,94.57,150000.0,9.892260489659755
618140,Barro,SC Jogos,Indie,$67.8k ($29.8k - $105.8k),$762.8k,2284.0,85.19,750000.0,8.924120719088227
94400,Nidhogg,Messhof,Indie,$5.9m ($3.2m - $8.6m),$7.1m,2136.0,90.68,750000.0,9.545542378357908
1291010,Warpips,Daedalic Entertainment,Indie,$2.4m ($1.5m - $3.3m),$159.9m,2095.0,88.11,150000.0,9.25212662528682
1022450,War Selection,Glyph Worlds,Indie,$1.9m ($1.3m - $2.4m),$1.9m,1984.0,0.0,1500000.0,0.46867101188911325
1111460,小白兔电商~Bunny e-Shop,NVLMaker,Indie,$1.8m ($1.1m - $2.5m),$6.2m,1912.0,93.67,750000.0,9.823268729661812
914010,Train Station Renovation,Live Motion Games,Indie,$1.2m ($776k - $1.6m),$3.2m,1907.0,84.48,350000.0,8.878375627774192
70110,Hacker Evolution: Untold,exosyphen studios,Indie,$44.8k ($22.4k - $67.3k),$647.6k,1826.0,58.869,350000.0,6.261280687358874
3107330,Nodebuster,Goblobin,Indie,$975.3k ($763.2k - $1.1m),$964.8k,1808.0,97.71,350000.0,10.191574778336067
651670,Star Renegades,Raw Fury,Indie,$1.8m ($1.1m - $2.5m),$99.5m,1772.0,82.82,350000.0,8.73071870997964
1394800,Rebirth:Mr Wang,DSGame,Indie,$1m ($225.4k - $1.7m),$15.4m,1722.0,81.35,75000.0,8.531765267522074
690640,Trine 4: The Nightmare Prince,Frozenbyte,Indie,$13.5m ($8m - $18.9m),$30.2m,1713.0,89.01,1500000.0,9.405482267184007
594720,Star Merchant,Conglomerate 5,Indie,$8k ($3.2k - $12.8k),$2.5m,1694.0,57.996,75000.0,6.1178646062472515
313340,Mountain,David OReilly,Indie,$644.5k ($360.8k - $928.3k),$2.4m,1648.0,88.88,750000.0,9.320668365925815
487720,Agony,Playway S.A.,Indie,$2m ($1.4m - $2.7m),$3m,1552.0,48.03,350000.0,5.234148847895145
218640,Lucius,Shiver Games,Indie,$4.3m ($2.8m - $5.8m),$5.2m,1477.0,80.72,750000.0,8.532185120881971
1625080,Have a Nice Dream,榭季生,Indie,0,$0 ,1406.0,0.0,350000.0,0.24978816802375803
1069740,Seen,Seen Games,Indie,$98.2k ($55.3k - $141.2k),$98.2k,1392.0,91.3,350000.0,9.499310408343064
1083600,Grow Defense,SoftCowGames,Indie,$10.6k ($6.8k - $14.4k),$10.6k,1264.0,0.0,350000.0,0.32442078163343735
2442460,Citizen Sleeper 2: Starward Vector,Fellow Traveller,Indie,$945.5k ($697.4k - $1.1m),$16.8m,1226.0,93.29,75000.0,9.714804756689299
427730,Who's Your Daddy?!,Evil Tortilla Games,Indie,$12.1m ($7.9m - $16.3m),$12.2m,1209.0,80.84,3500000.0,8.591212063842026
334120,Armikrog,Versus Evil,Indie,$608.4k ($417k - $799.7k),$33.5m,1195.0,62.42,150000.0,6.639093958599241
1178490,港詭實錄ParanormalHK,Ghostpie Studio,Indie,$8.9m ($5.7m - $12.1m),$8.9m,1186.0,89.78,750000.0,9.44427118049927
1390350,Webbed,Sbug Games,Indie,$2.7m ($1.9m - $3.4m),$2.8m,1118.0,97.65,750000.0,10.207146032308978
322190,SteamWorld Heist,Image & Form Games,Indie,$808.5k ($486k - $1.1m),$3.8m,1083.0,94.01,750000.0,9.825935682734334
1040420,Dreamscaper,indie.io,Indie,$1.3m ($855.3k - $1.8m),$36.8m,1111.0,88.59,350000.0,9.284273030982693
569970,Chosen 2,Senpai Industrial Studios,Indie,$10.8k ($5.8k - $15.9k),$1m,1067.0,57.834,150000.0,6.103329711416639
1517960,Rebirth:Beware of Mr.Wang,DSGame,Indie,$494.8k ($278.2k - $711.4k),$15.4m,1058.0,66.32,350000.0,7.037982948520019
625860,God Awe-full Clicker,Mad Labyrinth Studios LLC,Indie,$8.8k ($5.3k - $12.3k),$16k,996.0,0.0,35000.0,0.2644900824656875
1371630,Incremental Adventures,Gniller,Indie,$12.3k ($7.7k - $16.9k),$209.4k,1034.0,0.0,150000.0,0.3141516720529592
1069640,This Land Is My Land,Game-Labs,Indie,$4.2m ($2.8m - $5.6m),$21m,829.0,68.45,350000.0,7.2758607643350794
2226700,挂姬恶魔 IDLE DEVILS,GOCORE,Indie,$92.7k ($66k - $119.5k),$284k,829.0,80.14,75000.0,8.336449494869063
557600,Gorogoa,Annapurna Interactive,Indie,$4.2m ($2.6m - $5.7m),$188.4m,809.0,97.55,350000.0,10.194502232760225
2555430,TRADESMAN: Deal to Dealer,AZAMATIKA,Indie,$148.1k ($100.6k - $195.6k),$579.7k,793.0,81.66,75000.0,8.496944395055952
265210,Viscera Cleanup Detail: Santa's Rampage,RuneStorm,Indie,$409.9k ($203.6k - $616.1k),$14.5m,686.0,92.0,350000.0,9.589580431380659
698540,Dungeon Warfare 2,Valsar,Indie,$635.5k ($367.3k - $903.8k),$960.9k,670.0,90.15,150000.0,9.37961000912878
649950,Ashen,Annapurna Interactive,Indie,$2.8m ($1.9m - $3.6m),$188.4m,657.0,67.93,35000.0,7.168555315394493
1874170,Shredders,FoamPunch,Indie,$2.9m ($1.8m - $3.9m),$2.8m,677.0,95.62,350000.0,9.972578276970818
1239690,Retrowave,RewindApp,Indie,$769.5k ($471.9k - $1m),$1.8m,638.0,96.29,350000.0,10.01655867560263
2665460,Windward Horizon,Tasharen Entertainment Inc.,Indie,$156.7k ($103.7k - $209.7k),$3.2m,625.0,73.521,10000.0,7.63865447173507
1031480,TouHou Makuka Sai ~ Fantastic Danmaku Festival Part II,东方幕华祭制作组,Indie,$468.3k ($322.4k - $614.1k),$703.8k,619.0,96.75,75000.0,10.015851065710372
1202900,Assemble with Care,ustwo games,Indie,$1.4m ($988.6k - $1.8m),$4.9m,533.0,90.98,350000.0,9.492988858612406
647960,Rusted Warfare - RTS,Corroding Games,Indie,$660.5k ($480.4k - $840.6k),$660.9k,581.0,96.73,350000.0,10.051151521153038
1026820,Coloring Game,L. Stotch,Indie,$33k ($20.7k - $45.4k),$283.1k,586.0,80.001,350000.0,8.331314200714745
2971610,HOLE,NEGAFISH,Indie,$410k ($298.7k - $521.3k),$410k,490.0,94.28,75000.0,9.757376171387532
968440,Artist Idle,YDKR,Indie,$7.1k ($3.1k - $11.2k),$389.7k,516.0,0.0,150000.0,0.28731740296677916
899970,NEKOPARA Extra,Sekai Project,Indie,$379.6k ($167.7k - $591.6k),$39.2m,473.0,97.35,150000.0,10.097232857645668
18040,DeathSpank,Electronic Arts,Indie,$697.1k ($359.1k - $1m),$4.5b,434.0,94.54,150000.0,9.84272587573067
1057750,The Suicide of Rachel Foster,Daedalic Entertainment,Indie,$1m ($690.9k - $1.3m),$159.9m,408.0,69.37,150000.0,7.314769444128656
1946140,Jigsaw Puzzles Infinite,Bartek Karczmarczyk,Indie,$8.3k ($4.5k - $12.1k),$8.3k,435.0,90.0,75000.0,9.252286211626135
1497440,COCOON,Annapurna Interactive,Indie,$3m ($2.2m - $3.8m),$188.4m,392.0,94.72,350000.0,9.884202544988119
1038740,Fluffy Store,SakuraGame,Indie,$64.7k ($38.8k - $90.6k),$3.9m,393.0,96.94,150000.0,10.014893812231065
1198850,How to Build a Magnificent Kingdom,Kagura Games,Indie,$193.1k ($127.6k - $258.7k),$63.4m,395.0,72.68400000000001,10000.0,7.556594295877925
704920,Magic Rampage,Asantee Games,Indie,$473 ($233 - $715),$474 ,301.0,84.933,75000.0,8.68032665237091
1011590,Night is Coming,101XP,Indie,$202.3k ($141k - $263.6k),$3.9m,321.0,58.5,10000.0,6.120518832880279
3098070,Cinema Simulator 2025,HOGO Games,Indie,$276.4k ($195.4k - $357.3k),$463.6k,289.0,71.613,10000.0,7.423992449098091
360870,Ultimate Tic-Tac-Toe,Tigerish Games,Indie,0,$398 ,288.0,65.45700000000001,350000.0,6.747581714311906
765410,Bean Battles,Gupa Games,Indie,$209.9k ($128k - $291.9k),$209.9k,286.0,94.44,350000.0,9.778665843513279
496620,Monster Slayers,Digerati,Indie,$164.9k ($100k - $229.9k),$1.7m,285.0,79.85,350000.0,8.325008151104967
582010,Monster Hunter: World,"CAPCOM Co., Ltd.",JRPG,$427.1m ($281.3m - $572.9m),$1.8b,329333.0,89.15,15000000.0,9.701743557756298
2679460,Metaphor: ReFantazio,SEGA,JRPG,$52.6m ($34.5m - $70.8m),$1.6b,85194.0,90.5,1500000.0,9.71228148702893
1056640,Phantasy Star Online 2,SEGA,JRPG,$61.4m ($40.9m - $82m),$1.6b,59197.0,64.287,3500000.0,7.100943903369471
2701660,DRAGON QUEST III HD-2D Remake,Square Enix,JRPG,$12.4m ($7.5m - $17.3m),$1b,45357.0,73.84,350000.0,7.971106409771916
1325200,Nioh 2 – The Complete Edition,"KOEI TECMO GAMES CO., LTD.",JRPG,$49.1m ($34.1m - $64.1m),$424.5m,41273.0,87.95,1500000.0,9.428144209495471
2909400,FINAL FANTASY VII REBIRTH,Square Enix,JRPG,$27.5m ($18.3m - $36.7m),$1b,36077.0,77.71,750000.0,8.379679554973041
1687950,Persona 5 Royal,SEGA,JRPG,$101.5m ($64.5m - $138.6m),$1.6b,35298.0,96.58,3500000.0,10.321534045273248
1113000,Persona 4 Golden,SEGA,JRPG,$29.8m ($21.7m - $37.8m),$1.6b,29984.0,97.09,1500000.0,10.330666228879632
637650,FINAL FANTASY XV WINDOWS EDITION,Square Enix,JRPG,$56m ($40.4m - $71.5m),$1b,29279.0,83.4,3500000.0,8.987081316150578
453480,Shadowverse CCG,"Cygames, Inc.",JRPG,$52.5m ($29.9m - $75m),$209.9m,23929.0,72.693,3500000.0,7.902505189018823
1971650,OCTOPATH TRAVELER II,Square Enix,JRPG,$21.1m ($14.7m - $27.4m),$1b,16994.0,94.11,350000.0,9.97542179638772
524220,NieR:Automata,Square Enix,JRPG,$121.7m ($87.8m - $155.5m),$1b,23813.0,88.23,3500000.0,9.47496617560633
898750,Super Robot Wars 30,Bandai Namco Entertainment,JRPG,$5.1m ($2.9m - $7.3m),$1.7b,16817.0,86.07,750000.0,9.169805008012673
3123410,Atelier Yumia: The Alchemist of Memories & the Envisioned Land,"KOEI TECMO GAMES CO., LTD.",JRPG,$4.4m ($3m - $5.7m),$424.5m,14020.0,64.39,75000.0,6.936467805227089
2495450,Winter Memories,Kagura Games,JRPG,$9.6m ($5.9m - $13.3m),$63.4m,12400.0,97.41,350000.0,10.27239305625138
977880,Eastward,Chucklefish,JRPG,$7m ($4.5m - $9.6m),$84m,12296.0,83.81,750000.0,8.925827801984694
485510,Nioh: Complete Edition,"KOEI TECMO GAMES CO., LTD.",JRPG,$35m ($23.4m - $46.7m),$424.5m,10588.0,78.62,3500000.0,8.467065512340469
1451090,Tactics Ogre: Reborn,Square Enix,JRPG,$8.4m ($5.4m - $11.5m),$1b,10671.0,73.08,350000.0,7.844613159405841
1235140,Yakuza: Like a Dragon,SEGA,JRPG,$32.2m ($22m - $42.3m),$1.6b,9508.0,94.22,750000.0,9.993673829133034
899440,GOD EATER 3,BANDAI NAMCO Entertainment,JRPG,$16.4m ($9.8m - $23.1m),$478.1m,9455.0,80.17,1500000.0,8.589053444044387
638970,Yakuza 0,SEGA,JRPG,$26.5m ($18.4m - $34.7m),$1.6b,8907.0,95.63,1500000.0,10.145355098897957
2238900,STAR OCEAN THE SECOND STORY R,Square Enix,JRPG,$4.8m ($3.3m - $6.4m),$1b,8019.0,93.32,150000.0,9.832632524078006
429660,Tales of Berseria,BANDAI NAMCO Entertainment,JRPG,$15.2m ($9.8m - $20.7m),$478.1m,8018.0,91.73,1500000.0,9.738841569273667
1999770,Atelier Ryza 3: Alchemist of the End & the Secret Key,"KOEI TECMO GAMES CO., LTD.",JRPG,$3.9m ($2.4m - $5.4m),$424.5m,7118.0,88.74,150000.0,9.36425119173777
1718570,ASTLIBRA Revision,WhisperGames,JRPG,$12.5m ($8.4m - $16.5m),$76m,7787.0,95.45,1500000.0,10.099215386297185
2490990,Visions of Mana,Square Enix,JRPG,$3.4m ($2.2m - $4.6m),$1b,6947.0,77.25,150000.0,8.21617277235489
924980,Trials of Mana,Square Enix,JRPG,$7m ($4.5m - $9.6m),$1b,6794.0,91.68,350000.0,9.687975552160726
39140,FINAL FANTASY VII,Square Enix,JRPG,$9.9m ($7m - $12.7m),$1b,6424.0,92.66,1500000.0,9.821901428495169
2429860,Living With Sister: Monochrome Fantasy,Kagura Games,JRPG,$4.2m ($2.8m - $5.6m),$63.4m,6246.0,96.32,350000.0,10.13012868065708
871980,Digimon Survive,Bandai Namco Entertainment Inc.,JRPG,$2.7m ($1.7m - $3.8m),$237.6m,6179.0,79.14,150000.0,8.392036204202592
307070,Memories of a Vagabond,SA Industry,JRPG,$148.1k ($29.6k - $266.7k),$4m,4990.0,69.345,150000.0,7.346208861756407
1295510,DRAGON QUEST XI S: Echoes of an Elusive Age - Definitive Edition,Square Enix,JRPG,$15.4m ($9.7m - $21.2m),$1b,4752.0,93.03,350000.0,9.82336704218602
1776380,STAR OCEAN THE DIVINE FORCE,Square Enix,JRPG,$2.1m ($1.4m - $2.8m),$1b,4420.0,67.22,150000.0,7.192159746905902
237890,Agarest: Generations of War,Ghostlight LTD,JRPG,$1.4m ($995.4k - $1.9m),$3.5m,3791.0,71.14,150000.0,7.549288495205938
2530980,Tales of Graces f Remastered,Bandai Namco Entertainment,JRPG,$1.5m ($981.1k - $2.1m),$1.7b,3496.0,88.47,75000.0,9.291738934028652
738540,Tales of Vesperia: Definitive Edition,BANDAI NAMCO Entertainment,JRPG,$5.5m ($3.4m - $7.6m),$478.1m,3424.0,80.97,350000.0,8.58908278741054
1042550,Digimon Story Cyber Sleuth: Complete Edition,BANDAI NAMCO Entertainment Inc.,JRPG,$12.1m ($8.1m - $16.1m),$12.4m,3408.0,90.33,350000.0,9.520760412458193
834530,Yakuza Kiwami,SEGA,JRPG,$7.5m ($4.9m - $10.1m),$1.6b,3406.0,93.52,750000.0,9.870686510906578
368340,CrossCode,Deck13,JRPG,$6.5m ($4.6m - $8.4m),$19.7m,3368.0,92.57,750000.0,9.754425094778764
622220,Fate/EXTELLA LINK,XSEED Games,JRPG,$3.5m ($2.1m - $4.8m),$125.7m,3078.0,92.91,150000.0,9.748497050347112
511680,Fate/EXTELLA,XSEED Games,JRPG,$5.3m ($3.6m - $7.1m),$125.7m,2938.0,91.16,350000.0,9.597081106520228
1150690,OMORI,"OMOCAT, LLC",JRPG,$19.6m ($13.3m - $25.9m),$19.6m,3107.0,97.23,1500000.0,10.249491120307619
1702330,Rune Factory 5,XSEED Games,JRPG,$4.5m ($2.5m - $6.6m),$125.7m,2680.0,77.02,150000.0,8.15886298357627
405900,Disgaea PC,"NIS America, Inc.",JRPG,$4m ($2.7m - $5.4m),$48m,2937.0,87.37,750000.0,9.226938720919867
1798020,Mega Man Battle Network Legacy Collection Vol. 2,"CAPCOM Co., Ltd.",JRPG,$720.8k ($427.6k - $1m),$1.8b,2692.0,78.129,35000.0,8.222050153657094
2175540,DRAGON QUEST MONSTERS: The Dark Prince,Square Enix,JRPG,$1.5m ($992.4k - $2m),$1b,2584.0,74.96,10000.0,7.883941736050182
345350,LIGHTNING RETURNS: FINAL FANTASY XIII,Square Enix,JRPG,$4.2m ($2.9m - $5.6m),$1b,2475.0,79.05,350000.0,8.386269850551262
1358700,STRANGER OF PARADISE FINAL FANTASY ORIGIN,Square Enix,JRPG,$4.8m ($3.3m - $6.4m),$1b,2512.0,83.41,150000.0,8.80567889343841
446640,Space Pilgrim Episode IV: Sol,GrabTheGames,JRPG,$11.6k ($6.2k - $16.9k),$13.7m,2376.0,81.98100000000001,150000.0,8.555066434577883
2696050,Yarimono,072 Project,JRPG,$4.1m ($2.7m - $5.6m),$8.5m,2375.0,87.23,150000.0,9.163229828401493
2356560,Monster Hunter Stories,"CAPCOM Co., Ltd.",JRPG,$2.2m ($1.3m - $3.1m),$1.8b,1977.0,90.67,35000.0,9.48281543980234
551730,Toukiden 2,"KOEI TECMO GAMES CO., LTD.",JRPG,$3.1m ($2.2m - $4m),$424.5m,1938.0,79.88,75000.0,8.419080885077289
991270,The Legend of Heroes: Trails of Cold Steel III,"NIS America, Inc.",JRPG,$2.6m ($1.6m - $3.6m),$48m,1922.0,92.47,75000.0,9.665930787622294
70400,Recettear: An Item Shop's Tale,Carpe Fulgur LLC,JRPG,$4m ($2.8m - $5.3m),$4.9m,1935.0,96.03,750000.0,10.070242154304239
1566880,SWORD ART ONLINE Last Recollection,Bandai Namco Entertainment,JRPG,$1.2m ($779.5k - $1.6m),$1.7b,1873.0,52.182,75000.0,5.640366602039118
1388590,Yakuza 6: The Song of Life,SEGA,JRPG,$3.3m ($2.1m - $4.5m),$1.6b,1607.0,92.96,350000.0,9.762402621141016
1786790,Magical Girl Celesphonia,Kagura Games,JRPG,$1.8m ($1m - $2.7m),$63.4m,1583.0,95.91,350000.0,10.034296068712665
2582650,Enishia and the Binding Brand,Kagura Games,JRPG,$545.6k ($350.9k - $740.3k),$63.4m,1505.0,85.12,35000.0,8.884762702231518
1810820,Etrian Odyssey III HD,SEGA,JRPG,$1.3m ($785.1k - $1.8m),$1.6b,1558.0,89.64,35000.0,9.364286063738499
438490,GOD EATER 2 Rage Burst,BANDAI NAMCO Entertainment,JRPG,$6.1m ($4m - $8.1m),$478.1m,1485.0,80.12,350000.0,8.479717810989708
574690,Triangle,Red Triangle Games,JRPG,$629 ($315 - $944),$4.8k,1421.0,72.693,35000.0,7.501291986097323
2310700,Shadow Corridor 2 雨ノ四葩,Space Onigiri Game LLC,JRPG,$359.6k ($236.5k - $482.7k),$679.3k,1414.0,88.01,35000.0,9.146341158986665
2348120,Kagura Survivors: Endless Night,Kagura Games,JRPG,0,$63.4m,1376.0,0.0,350000.0,0.3257311483999076
601050,Attack on Titan 2 - A.O.T.2,"KOEI TECMO GAMES CO., LTD.",JRPG,$10.8m ($8m - $13.6m),$424.5m,1368.0,93.28,350000.0,9.800974342752534
351710,Hyperdimension Neptunia Re;Birth2: Sisters Generation,Idea Factory,JRPG,$1.2m ($815.3k - $1.6m),$2.7m,1283.0,92.45,350000.0,9.66237666153502
1196630,Nexomon: Extinction,PQube,JRPG,$1.4m ($724.1k - $2m),$20.1m,1309.0,91.23,350000.0,9.551837297995863
1399080,The DioField Chronicle,Square Enix,JRPG,$738.4k ($458.4k - $1m),$1b,1253.0,49.77,35000.0,5.360303199238779
1402110,Eternights,Studio Sai,JRPG,$1.1m ($814.3k - $1.5m),$1.1m,1238.0,86.01,75000.0,8.977631231093977
387340,Hyperdimension Neptunia U: Action Unleashed,Idea Factory International,JRPG,$1.6m ($1m - $2.3m),$37.9m,1225.0,91.81,350000.0,9.612442196553673
931500,Touhou Genso Wanderer -Reloaded-,AQUASTYLE,JRPG,$1.6m ($1m - $2.2m),$1.9m,1178.0,93.24,75000.0,9.706882572111583
2731870,Ys X: Nordics,"NIS America, Inc.",JRPG,$1.2m ($806.1k - $1.6m),$48m,1135.0,84.69,10000.0,8.81521743203911
460120,Megadimension Neptunia VII,Idea Factory International,JRPG,$2.3m ($1.5m - $3.1m),$37.9m,1131.0,94.46,350000.0,9.880247685330845
265610,Epic Battle Fantasy 4,Matt Roszak,JRPG,$778k ($562.6k - $993.3k),$2.6m,1111.0,98.11,150000.0,10.198465690853608
402940,Dungeons of Betrayal,SA Industry,JRPG,$3.5k ($701 - $6.3k),$4m,1008.0,70.173,35000.0,7.292405068006083
1105500,Yakuza 4 Remastered,SEGA,JRPG,$2.3m ($1.5m - $3.1m),$1.6b,905.0,91.65,350000.0,9.608378464078148
470310,TROUBLESHOOTER: Abandoned Children,Dandylion,JRPG,$2.5m ($1.5m - $3.6m),$2.5m,993.0,93.9,350000.0,9.809788203229122
495280,Disgaea 2 PC,"NIS America, Inc.",JRPG,$827.6k ($543.4k - $1.1m),$48m,896.0,91.15,150000.0,9.509195540844713
1668520,The Legend of Heroes: Trails to Azure,"NIS America, Inc.",JRPG,$956.6k ($722.5k - $1.1m),$48m,884.0,98.31,35000.0,10.194264677467128
1998340,Labyrinth of Galleria: The Moon Society,"NIS America, Inc.",JRPG,$845k ($551.2k - $1.1m),$48m,859.0,76.365,35000.0,7.997073098718881
1252600,ANOTHER EDEN,"WFS, Inc.",JRPG,$2.4m ($1.1m - $3.6m),$45m,804.0,0.0,750000.0,0.44212359571663645
2997980,Natsu no Sagashimono ~What We Found That Summer~,Kagura Games,JRPG,$533.4k ($351.9k - $715k),$63.4m,829.0,88.76,35000.0,9.229975089839735
1125480,School Years,电钮组,JRPG,$25.1k ($9.9k - $40.4k),$67.3k,795.0,70.047,75000.0,7.300689638985076
1668510,The Legend of Heroes: Trails from Zero,"NIS America, Inc.",JRPG,$2m ($1.1m - $2.8m),$48m,794.0,97.75,35000.0,10.145666120740248
983970,Haven,The Game Bakers,JRPG,$2.9m ($1.8m - $3.9m),$9.2m,702.0,89.28,350000.0,9.344795157965862
1962430,Monochrome Mobius: Rights and Wrongs Forgotten,DMM GAMES,JRPG,$974.1k ($605.5k - $1.3m),$5.3m,702.0,80.27,35000.0,8.373957590124604
312750,Final Fantasy IV (3D Remake),Square Enix,JRPG,$2.1m ($1.4m - $2.8m),$1b,638.0,84.29,350000.0,8.858225649770457
1012030,Detective Girl of the Steam City,Kagura Games,JRPG,$756.6k ($492k - $1m),$63.4m,582.0,91.96,350000.0,9.595726024856745
1284820,Desktop Kanojo,Neko Game,JRPG,$159.7k ($90.5k - $228.9k),$187.5k,574.0,86.0,350000.0,8.951737144026922
3281300,DUNGEON RAZE,KOTARO YOSHIDA,JRPG,$42.7k ($25.9k - $59.5k),$42.4k,573.0,76.76100000000001,35000.0,7.9506233081919175
407330,Sakura Dungeon,Winged Cloud,JRPG,$834.5k ($515.3k - $1.1m),$6.3m,537.0,91.86,350000.0,9.574773086551364
2903950,Master Detective Archives: RAIN CODE Plus,"Spike Chunsoft Co., Ltd.",JRPG,$1.9m ($1.3m - $2.4m),$94.5m,524.0,80.73,150000.0,8.465585635103308
990050,Death end re;Quest,Idea Factory International,JRPG,$1.5m ($1m - $2m),$37.9m,516.0,77.74,35000.0,8.12613949075554
333980,AKIBA'S TRIP: Undead ＆ Undressed,XSEED Games,JRPG,$2.6m ($1.9m - $3.4m),$125.7m,499.0,84.71,350000.0,8.886848985390113
1405470,Scars of Summer,Kagura Games,JRPG,$768.7k ($534.1k - $1m),$63.4m,497.0,74.88,150000.0,7.8640821597333295
566540,Labyrinth of Refrain: Coven of Dusk,"NIS America, Inc.",JRPG,$1.9m ($1.3m - $2.5m),$48m,490.0,79.72,75000.0,8.344073115939421
1441840,FALL IN LABYRINTH,OTAKU Plan,JRPG,$268.6k ($165k - $372.2k),$8.4m,470.0,95.17,150000.0,9.867408765440464
207320,Ys: The Oath in Felghana,XSEED Games,JRPG,$972.9k ($661.6k - $1.2m),$125.7m,438.0,94.0,150000.0,9.778532285684259
1184890,Fleeting Iris,Kagura Games,JRPG,$252.4k ($159.3k - $345.5k),$63.4m,454.0,73.71,75000.0,7.712553636545495
249550,NEStalgia,Silk Games,JRPG,$236.4k ($135.5k - $337.3k),$236.4k,451.0,56.943000000000005,75000.0,6.010747007864773
1731200,TRATRITLE,OTAKU Plan,JRPG,$386.4k ($231.8k - $541k),$8.4m,419.0,93.03,35000.0,9.622525963806527
1599340,Lost Ark,Amazon Games,Massively Multiplayer,$441.1m ($230.5m - $651.6m),$795.5m,1324761.0,69.0,75000000.0,7.762915451731408
552990,World of Warships,Wargaming Group Limited,Massively Multiplayer,$175.2m ($130.3m - $220m),$410.2m,400538.0,73.88,35000000.0,8.180508828676727
230410,Warframe,Digital Extremes,Massively Multiplayer,$905.8m ($589m - $1.2b),$906.3m,181509.0,87.77,35000000.0,9.572270764045001
433850,Z1 Battle Royale,Daybreak Game Company,Massively Multiplayer,$649.2k ($471.7k - $826.7k),$42.3m,150179.0,57.0,15000000.0,6.35199429244663
236390,War Thunder,Gaijin Network Ltd,Massively Multiplayer,$468.1m ($288.8m - $647.3m),$516.7m,121180.0,71.44,35000000.0,7.914747527895379
365590,Tom Clancy’s The Division,Ubisoft,Massively Multiplayer,$100.4m ($65.3m - $135.5m),$2.4b,113877.0,71.9,7500000.0,7.908484266036619
39210,FINAL FANTASY XIV Online,Square Enix,Massively Multiplayer,$96.4m ($47.7m - $145.1m),$1b,95102.0,86.37,3500000.0,9.328478015961606
221100,DayZ,Bohemia Interactive,Massively Multiplayer,$320.5m ($200.6m - $440.4m),$619.3m,78739.0,77.87,15000000.0,8.520665480993975
1151340,Fallout 76,Bethesda Softworks,Massively Multiplayer,$101.3m ($61.6m - $141m),$2.1b,72930.0,75.66,3500000.0,8.253152577669821
304050,Trove,gamigo US Inc.,Massively Multiplayer,$53.2m ($37.1m - $69.4m),$53.8m,58709.0,76.68,15000000.0,8.355993252570183
440900,Conan Exiles,Funcom,Massively Multiplayer,$87.2m ($56.7m - $117.6m),$198.2m,53402.0,78.7,7500000.0,8.552291353003847
444200,World of Tanks Blitz,Wargaming Group Limited,Massively Multiplayer,$175.3m ($106.3m - $244.4m),$410.2m,56489.0,74.73,15000000.0,8.185838572483084
306130,The Elder Scrolls Online,Bethesda Softworks,Massively Multiplayer,$97.5m ($58.7m - $136.4m),$2.1b,49061.0,82.49,7500000.0,8.940397820919204
1677740,Stumble Guys,Scopely,Massively Multiplayer,$17.6m ($9.7m - $25.5m),$17.6m,43705.0,93.16,7500000.0,9.958442391834287
745920,Temtem,Humble Games,Massively Multiplayer,$41.5m ($26.8m - $56.3m),$202.5m,39501.0,82.29,750000.0,8.839632260787491
903950,Last Oasis,Donkey Crew,Massively Multiplayer,$10.5m ($6.8m - $14.3m),$25.5m,33104.0,63.46,1500000.0,6.937837163060156
218230,PlanetSide 2,Daybreak Game Company,Massively Multiplayer,0,$42.3m,29449.0,72.93,7500000.0,7.8795537542022585
466660,Stash,Frogdice,Massively Multiplayer,0,$550.1k,32093.0,71.73899999999999,350000.0,7.6256324010040775
1286830,STAR WARS: The Old Republic,Electronic Arts,Massively Multiplayer,$119.6m ($76.7m - $162.4m),$4.5b,27416.0,79.569,7500000.0,8.636503597502681
761890,Albion Online,Sandbox Interactive GmbH,Massively Multiplayer,$55.1m ($36.4m - $73.7m),$55m,27208.0,72.99,3500000.0,7.93115036114181
2437170,SMITE 2,Hi-Rez Studios,Massively Multiplayer,$17.2m ($12.7m - $21.7m),$199.7m,21244.0,64.81,750000.0,7.0595491684482985
766570,Russian Fishing 4,FishSoft LLC,Massively Multiplayer,$38.3m ($25.3m - $51.4m),$38.3m,26097.0,0.0,7500000.0,0.641103703679085
1476970,Legends of IdleOn - Idle MMO,Lavaflame2,Massively Multiplayer,$34.8m ($21.5m - $48.1m),$36m,20884.0,0.0,1500000.0,0.5964655846102708
486310,Meadow - A Shelter Game,Might and Delight,Massively Multiplayer,$865.1k ($593.4k - $1.1m),$5.7m,14940.0,90.06,750000.0,9.514936472056835
489940,BATTALION 1944,BULKHEAD,Massively Multiplayer,$8.8k ($5.2k - $12.5k),$1.6m,16341.0,60.71,1500000.0,6.526095589918879
1343400,RuneScape ,Jagex Ltd,Massively Multiplayer,$52.5m ($30.9m - $74.1m),$104.9m,12508.0,78.21000000000001,3500000.0,8.431136706728482
2084940,Mysterious School,DuoDuoDog,Massively Multiplayer,$61.7k ($29.2k - $94.1k),$63.1k,14137.0,51.876000000000005,350000.0,5.620057056233011
1238860,Battlefield 4,Electronic Arts,Massively Multiplayer,$22.4m ($15.3m - $29.4m),$4.5b,12342.0,84.78,1500000.0,9.07244449718225
1473480,A.V.A,Valiant,Massively Multiplayer,$10.6m ($7.3m - $13.9m),$10.9m,11883.0,90.0,1500000.0,9.556593786407829
1128810,RISK: Global Domination,SMG Studio,Massively Multiplayer,$7.2m ($3.8m - $10.6m),$7.8m,11604.0,75.528,3500000.0,8.120592707630848
39120,RIFT,gamigo US Inc.,Massively Multiplayer,0,$53.8m,11647.0,75.43,3500000.0,8.057581011385452
1995520,Pax Dei,Mainframe Industries,Massively Multiplayer,$4.7m ($3.1m - $6.3m),$4.7m,11483.0,56.9,350000.0,6.1974837918254035
259080,Just Cause 2: Multiplayer Mod,Square Enix,Massively Multiplayer,0,$1b,10436.0,80.10000000000001,3500000.0,8.531996388255212
8500,EVE Online,CCP,Massively Multiplayer,$38.9m ($24.1m - $53.8m),$38.9m,10229.0,79.78,3500000.0,8.573296991004321
380600,Fishing Planet,Fishing Planet LLC,Massively Multiplayer,$50.2m ($34.1m - $66.4m),$50.9m,9926.0,69.72,7500000.0,7.5883087129394555
438040,Shakes and Fidget,Playa Games GmbH,Massively Multiplayer,$20.5m ($13.1m - $27.8m),$20.6m,9469.0,75.402,1500000.0,8.102075861265424
1881700,Undawn,Level Infinite,Massively Multiplayer,$10.8m ($7.1m - $14.6m),$11.8m,8529.0,0.0,750000.0,0.5313946366558783
1009290,SWORD ART ONLINE Alicization Lycoris,BANDAI NAMCO Entertainment,Massively Multiplayer,$5.9m ($3.5m - $8.3m),$478.1m,8493.0,61.24,350000.0,6.6452434605366015
290080,Life is Feudal: Your Own,Bitbox Ltd.,Massively Multiplayer,$15.7m ($10.8m - $20.6m),$21.3m,7871.0,65.64,350000.0,7.083793614082483
843380,Super Animal Royale,Pixile,Massively Multiplayer,$5.4m ($3.4m - $7.4m),$5.4m,7514.0,94.9,1500000.0,10.01957947685279
9900,Star Trek Online,Arc Games,Massively Multiplayer,$84.5m ($49.3m - $119.6m),$330.6m,7402.0,76.38,3500000.0,8.243721660820034
3107230,Pantheon: Rise of the Fallen,Visionary Realms,Massively Multiplayer,$3.9m ($2.3m - $5.5m),$3.9m,6862.0,74.45,150000.0,7.914029390724968
633230,NARUTO TO BORUTO: SHINOBI STRIKER,Bandai Namco Entertainment,Massively Multiplayer,$24.1m ($15.8m - $32.4m),$1.7b,6303.0,84.5,3500000.0,9.039514032155939
1343370,Old School RuneScape,Jagex Ltd,Massively Multiplayer,$13.5m ($8.9m - $18m),$104.9m,6020.0,63.747,1500000.0,6.92344210917754
113400,APB Reloaded,Little Orbit,Massively Multiplayer,0,$23.1k,5592.0,43.344,7500000.0,4.81157633911821
47410,Stronghold Kingdoms,Firefly Studios,Massively Multiplayer,0,$45.4m,5499.0,55.071,350000.0,5.895758930481932
1556790,Isonzo,BlackMill Games,Massively Multiplayer,$6.4m ($3.9m - $9m),$21.7m,5408.0,85.88,350000.0,9.08319884928845
700030,Life is Feudal: MMO,LTG,Massively Multiplayer,0,$7.6k,5315.0,42.55,350000.0,4.604836657575328
635260,CarX Drift Racing Online,"CarX Technologies, LLC",Massively Multiplayer,$20.4m ($14.6m - $26.3m),$29.4m,5293.0,95.44,3500000.0,10.108302658748597
1520470,封灵档案,（Hong Kong）GKD,Massively Multiplayer,$13.1m ($8.9m - $17.2m),$13.1m,4573.0,0.0,3500000.0,0.5498706784841991
242860,Verdun,BlackMill Games,Massively Multiplayer,$15.3m ($10.9m - $19.6m),$21.7m,4504.0,87.73,1500000.0,9.307826471682738
269950,X-Plane 11,Laminar Research,Massively Multiplayer,$19.2m ($13.5m - $24.9m),$25.4m,4173.0,92.85,1500000.0,9.821438049167547
1611600,WARNO,Eugen Systems,Massively Multiplayer,$14.5m ($8.9m - $20.2m),$60.1m,3929.0,80.92,750000.0,8.610641165420136
1249970,Test Drive Unlimited Solar Crown,Nacon,Massively Multiplayer,$5.2m ($3.3m - $7.1m),$157.6m,3881.0,37.33,150000.0,4.204402369787662
537180,Digimon Masters Online,MOVE ON USA CO.,Massively Multiplayer,$19.5m ($11.6m - $27.4m),$19.5m,3781.0,53.694,1500000.0,5.901875818506002
215280,Secret World Legends,Funcom,Massively Multiplayer,0,$198.2m,3740.0,70.51,1500000.0,7.485146153920902
223750,DCS World Steam Edition,Eagle Dynamics SA,Massively Multiplayer,$70m ($50.8m - $89.2m),$70m,3328.0,85.42,7500000.0,9.130657262572985
607890,Sword Art Online: Hollow Realization Deluxe Edition,BANDAI NAMCO Entertainment,Massively Multiplayer,$12m ($7.7m - $16.4m),$478.1m,3234.0,78.5,350000.0,8.351658750469669
2591210,ASTRAL TALE-星界神話,"X-Legend Entertainment Co., Ltd.",Massively Multiplayer,$148.9k ($78.2k - $219.6k),$832.7k,3043.0,0.0,75000.0,0.3742091233315547
531640,Eternal Card Game,Dire Wolf,Massively Multiplayer,$2m ($1.3m - $2.7m),$14.6m,2855.0,72.567,750000.0,7.7305851570257875
1180380,Stay Out,MOBITECH LLC,Massively Multiplayer,$6.8m ($3.9m - $9.7m),$6.8m,2808.0,0.0,750000.0,0.48789316720118375
240320,Panzar,OVALIS INVESTMENTS LIMITED,Massively Multiplayer,0,$811 ,2762.0,51.921,1500000.0,5.559030811865676
253710,theHunter Classic,Expansive Worlds,Massively Multiplayer,$10.1m ($7.7m - $12.4m),$10.1m,2703.0,47.91,7500000.0,5.336772479460379
211500,RaceRoom Racing Experience,KW Studios,Massively Multiplayer,$13.3m ($8.3m - $18.3m),$13.3m,2600.0,89.06,3500000.0,9.438666691895701
237310,Elsword,KOG Games,Massively Multiplayer,$13.5m ($8.5m - $18.5m),$13.5m,2524.0,66.663,1500000.0,7.1793366223638895
2962300,Royal Quest Online,East Games,Massively Multiplayer,$1.7m ($1m - $2.5m),$1.7m,2410.0,90.0,10000.0,9.360289307525337
1422130,SimRail - The Railway Simulator,PlayWay S.A.,Massively Multiplayer,$3.4m ($2.3m - $4.6m),$275.8m,2274.0,85.03,150000.0,8.954065079128691
424030,War of Rights,Campfire Games,Massively Multiplayer,$7.8m ($5.4m - $10.1m),$7.8m,1835.0,88.68,750000.0,9.345300985563558
394690,Tower Unite,PixelTail Games,Massively Multiplayer,$9.8m ($6.3m - $13.3m),$9.8m,1551.0,89.78,750000.0,9.454391309358332
11020,TrackMania Nations Forever,Ubisoft,Massively Multiplayer,0,$2.4b,1439.0,77.36399999999999,3500000.0,8.170095755077668
212200,Mabinogi,Nexon America Inc.,Massively Multiplayer,$14.3m ($7.1m - $21.4m),$110.9m,1319.0,50.292,750000.0,5.516461263941977
217750,Age of Conan: Unchained,Funcom,Massively Multiplayer,$296.4k ($217.4k - $375.3k),$198.2m,1276.0,64.998,750000.0,6.932157263067258
1333350,Angel Legion,Shanghai SilverMoon Network Technology Co.Ltd,Massively Multiplayer,$9.6m ($2.9m - $16.3m),$9.6m,1302.0,68.004,750000.0,7.270985158907129
1179680,Wurm Online,Code Club AB,Massively Multiplayer,$1.7m ($936.9k - $2.4m),$1.7m,1226.0,0.0,750000.0,0.43613648223032797
1241100,POLYGON: Multiplayer Shooter,Redaster Studio,Massively Multiplayer,$460.3k ($326.3k - $594.4k),$726.8k,1208.0,66.222,1500000.0,7.0507784069558666
6370,Bloodline Champions,Stunlock Studios,Massively Multiplayer,$2.3k ($1.2k - $3.4k),$106.5m,1137.0,90.0,750000.0,9.355481510188882
891040,Pool 2D - Poolians,Poolians.com,Massively Multiplayer,0,$106.9k,1048.0,0.0,750000.0,0.31563460401828713
9880,Champions Online,Arc Games,Massively Multiplayer,$3.5m ($2.3m - $4.8m),$330.6m,984.0,51.561,750000.0,5.618503399610071
215100,Ragnarok Online,Gravity Interactive,Massively Multiplayer,$4.8m ($2.9m - $6.6m),$6.8m,973.0,54.999,1500000.0,5.965449939005748
2996570,Figure Adventure,Figure Fantasy,Massively Multiplayer,$313.4k ($161.6k - $465.2k),$313.4k,971.0,0.0,35000.0,0.3283936341902197
672680,Call of War: World War 2,Bytro Labs GmbH,Massively Multiplayer,$1.6m ($1m - $2.2m),$2.9m,924.0,64.287,750000.0,6.8574889259152645
781030,DK Online,Masangsoft,Massively Multiplayer,$800.2k ($544k - $1m),$2.2m,878.0,60.003,350000.0,6.399166619305125
17570,"Pirates, Vikings, and Knights II",Octoshark Studios,Massively Multiplayer,0,$0 ,878.0,76.554,1500000.0,7.940411350710831
994910,Poker Master,NGIN LIMITED,Massively Multiplayer,$825.1k ($263.2k - $1.3m),$824.7k,858.0,0.0,35000.0,0.34278453935733916
798420,Professional Fishing,Ultimate Games S.A.,Massively Multiplayer,$39.2k ($23.8k - $54.7k),$9.6m,793.0,54.999,750000.0,5.875151661175414
372800,RPG MO,Marxnet,Massively Multiplayer,$517k ($391k - $643k),$517.2k,792.0,72.0,750000.0,7.60020742847997
755800,Hades' Star,Parallel Space Inc,Massively Multiplayer,$542.3k ($271.6k - $812.9k),$542.5k,761.0,0.0,350000.0,0.3827878154738325
609940,KROSMAGA,Ankama Games,Massively Multiplayer,$15.7k ($10.5k - $21k),$2.4m,755.0,0.0,350000.0,0.33740668792847583
439370,Midair,Archetype Studios,Massively Multiplayer,0,$0 ,739.0,67.212,150000.0,6.907889755262199
2515210,SKIBIDI BACKROOMS,Advanced Games B,Massively Multiplayer,$85.5k ($50.3k - $120.8k),$85.6k,711.0,68.85,150000.0,7.211923046752155
326360,Warspear Online,Titulum Enterprises Limited,Massively Multiplayer,$10.1m ($6.9m - $13.3m),$10.1m,702.0,90.0,750000.0,9.452422783490642
719640,War Planet Online: Global Conquest,Gameloft,Massively Multiplayer,$7.2m ($4.1m - $10.3m),$64.8m,644.0,0.0,350000.0,0.43571135424690716
201230,EverQuest II,Daybreak Game Company,Massively Multiplayer,$6.7m ($3.8m - $9.5m),$42.3m,631.0,50.004000000000005,750000.0,5.449690584732756
2073470,Kanjozoku Game レーサー Online Street Racing & Drift,Midnight Games,Massively Multiplayer,$448.8k ($273.5k - $624.1k),$1.5m,622.0,82.54,150000.0,8.613160061653998
619910,Just Cause 3: Multiplayer Mod,nanos GbR,Massively Multiplayer,0,$0 ,614.0,0.0,350000.0,0.21132720990554066
595690,One Hour One Life,Jason Rohrer,Massively Multiplayer,$2.2m ($1.4m - $3.1m),$2.6m,590.0,80.22,350000.0,8.423989078927685
575720,Mighty Party,By Aliens L.L.C-FZ,Massively Multiplayer,$2.3m ($1.4m - $3.2m),$2.3m,568.0,0.0,350000.0,0.40093500943063876
905640,Combat Arms: Reloaded,VALOFE,Massively Multiplayer,$580.2k ($335.2k - $825.2k),$27.3m,536.0,0.0,750000.0,0.4067942035179924
378360,Ymir,Thibaud Michaud,Massively Multiplayer,$594.1k ($334.1k - $854.1k),$593.5k,559.0,73.17,150000.0,7.672964184433801
378760,Pixel Starships,SavySoda,Massively Multiplayer,$2.9m ($1.7m - $4.1m),$2.9m,520.0,0.0,750000.0,0.41965135833726785
1172380,STAR WARS Jedi: Fallen Order,Electronic Arts,Metroidvania,$137.9m ($100.3m - $175.4m),$4.5b,46513.0,88.37,3500000.0,9.517967310493745
1057090,Ori and the Will of the Wisps,Xbox Game Studios,Metroidvania,$77.1m ($53.9m - $100.3m),$1.8b,31224.0,96.56,3500000.0,10.31224089805401
692850,Bloodstained: Ritual of the Night,505 Games,Metroidvania,$29.8m ($20m - $39.7m),$293.6m,26811.0,93.86,1500000.0,9.996938883411023
251410,Dark Matter,Iceberg Interactive,Metroidvania,$56.7k ($35.8k - $77.7k),$34.2m,26596.0,39.033,350000.0,4.381069622506214
588650,Dead Cells,Motion Twin,Metroidvania,$84.3m ($60.8m - $107.7m),$93.9m,14880.0,97.06,7500000.0,10.345011442059894
2725260,ENDER MAGNOLIA: Bloom in the Mist,Binary Haze Interactive,Metroidvania,$4.7m ($3.3m - $6.2m),$18.2m,14134.0,95.6,350000.0,10.079717393217827
261570,Ori and the Blind Forest,Xbox Game Studios,Metroidvania,$22.5m ($15.1m - $29.8m),$1.8b,13048.0,94.18,3500000.0,10.02930032106209
870780,Control Ultimate Edition,Remedy Entertainment,Metroidvania,$36.3m ($25.4m - $47.3m),$66m,9078.0,87.29,1500000.0,9.30286506919514
312520,Rain World,Akupara Games,Metroidvania,$16.8m ($12.2m - $21.4m),$33.7m,10875.0,94.63,1500000.0,10.02837854747765
387290,Ori and the Blind Forest: Definitive Edition,Xbox Game Studios,Metroidvania,$25.2m ($15.1m - $35.2m),$1.8b,9020.0,95.04,3500000.0,10.10551094884774
2114740,Blasphemous 2,Team17,Metroidvania,$8.7m ($6.5m - $11m),$491.6m,9011.0,91.3,750000.0,9.675927437394746
1649240,Returnal,PlayStation Publishing LLC,Metroidvania,$15.1m ($10.4m - $19.7m),$1.3b,6643.0,80.83,750000.0,8.631665225478311
2230650,TEVI,CreSpirit,Metroidvania,$2.3m ($1.5m - $3.1m),$6.5m,5378.0,89.2,150000.0,9.375990139081749
1330470,F.I.S.T.: Forged In Shadow Torch,Astrolabe Games,Metroidvania,$1.8m ($1.2m - $2.5m),$4.2m,4991.0,87.61,750000.0,9.245317640527311
257850,Hyper Light Drifter,Heart Machine,Metroidvania,$10.3m ($7.6m - $12.9m),$10.3m,4929.0,93.46,1500000.0,9.874674010756673
1721060,Mandragora: Whispers of the Witch Tree,Knights Peak,Metroidvania,$1.6m ($1m - $2.2m),$37.1m,4387.0,71.82,150000.0,7.633864554974311
894020,Death's Door,Devolver Digital,Metroidvania,$6.3m ($4.5m - $8.2m),$501.4m,3740.0,93.27,750000.0,9.841078899502007
571310,SteamWorld Dig 2,Image & Form Games,Metroidvania,$1.3m ($813.7k - $1.8m),$3.8m,3728.0,95.6,350000.0,10.013036246618126
753420,Dungreed,TEAM HORAY,Metroidvania,$3.9m ($2.8m - $5.1m),$6.3m,3329.0,93.32,350000.0,9.799670130600049
383270,Hue,Curve Games,Metroidvania,$487.9k ($265.6k - $710.1k),$196.4m,3247.0,92.86,750000.0,9.754488031901701
329380,Stealth Inc 2: A Game of Clones,Curve Games,Metroidvania,$247.3k ($109.1k - $385.4k),$196.4m,3142.0,66.753,350000.0,7.115805873404135
388410,Darksiders II Deathinitive Edition,THQ Nordic,Metroidvania,$9.8m ($6.6m - $13m),$387.4m,2903.0,78.77,3500000.0,8.42308127545303
252410,SteamWorld Dig,Image & Form Games,Metroidvania,$1.7m ($876.8k - $2.5m),$3.8m,2764.0,94.65,750000.0,9.92975369121644
275390,Guacamelee! Super Turbo Championship Edition,Drinkbox Studios,Metroidvania,$1.1m ($599.3k - $1.7m),$12.7m,2687.0,93.44,7500000.0,9.858329299450693
236090,Dust: An Elysian Tail,Xbox Game Studios,Metroidvania,$6.5m ($4.6m - $8.4m),$1.8b,2651.0,95.21,1500000.0,10.04588551355375
356650,Death's Gambit: Afterlife,Serenity Forge,Metroidvania,$3.5m ($2.3m - $4.6m),$41.5m,2538.0,81.24,350000.0,8.589768311718869
553420,TUNIC,Finji,Metroidvania,$12m ($9.2m - $14.8m),$24.5m,2501.0,91.39,1500000.0,9.652593062771176
283640,Salt and Sanctuary,Ska Studios,Metroidvania,$8.3m ($5.9m - $10.7m),$9.5m,2422.0,89.22,1500000.0,9.425180851042294
219890,Antichamber,Demruth,Metroidvania,$8m ($4.1m - $12m),$8m,2352.0,95.3,1500000.0,10.031001249624778
400630,Wuppo: Definitive Edition,snekflat,Metroidvania,$874.8k ($589.2k - $1.1m),$874.7k,2273.0,94.86,750000.0,9.928744639739607
70300,VVVVVV,Terry Cavanagh,Metroidvania,$716.3k ($375.2k - $1m),$9.1m,2174.0,96.74,750000.0,10.122490402743205
1274600,The Last Faith,Playstack,Metroidvania,$1.9m ($1.3m - $2.6m),$116.9m,2056.0,80.89,150000.0,8.524806173792312
973810,Journey To The Savage Planet,505 Games,Metroidvania,$4.6m ($2.9m - $6.3m),$293.6m,2149.0,87.31,350000.0,9.203969686006701
1123050,GRIME,Akupara Games,Metroidvania,$2.4m ($1.7m - $3.1m),$33.7m,1983.0,86.3,350000.0,9.081748490567406
234080,Castlevania: Lords of Shadow – Ultimate Edition,KONAMI,Metroidvania,$9.3m ($7.1m - $11.5m),$639.8m,1585.0,80.5,750000.0,8.544199066322655
1731070,Asterigos: Curse of the Stars,tinyBuild,Metroidvania,$2.7m ($1.8m - $3.6m),$179.6m,1665.0,79.3,150000.0,8.366223239300675
418670,Pankapu,Dear Villagers,Metroidvania,$28.1k ($8k - $48.3k),$33.7m,1550.0,67.14,350000.0,7.093450787656243
2751000,Prince of Persia The Lost Crown,Ubisoft,Metroidvania,$3.5m ($2.6m - $4.4m),$2.4b,1446.0,84.38,350000.0,8.903726253112964
1419160,Souldiers,Dear Villagers,Metroidvania,$657k ($415.8k - $898.3k),$33.7m,1400.0,69.34,350000.0,7.356130611539982
900270,Reventure,Pixelatto,Metroidvania,$1.2m ($690.1k - $1.7m),$1.3m,1303.0,95.13,750000.0,9.944808524029227
851100,Touhou Luna Nights,WSS playground,Metroidvania,$4.4m ($3.1m - $5.7m),$24.7m,1339.0,97.4,750000.0,10.204156113778515
813630,Supraland,Supra Games,Metroidvania,$3.7m ($2.5m - $5m),$5.6m,1397.0,95.94,750000.0,10.050593220316
439930,Control Craft 2,Conglomerate 5,Metroidvania,$4.4k ($1.7k - $7.1k),$2.5m,1246.0,65.115,75000.0,6.811563274882034
835430,La-Mulana 2,PLAYISM,Metroidvania,$615.9k ($369.9k - $862k),$86.3m,1191.0,83.85,150000.0,8.78622128824591
927250,Bladed fury,NEXT Studios,Metroidvania,$447.6k ($252.4k - $642.9k),$18.9m,1166.0,86.2,150000.0,9.009418859044173
1574240,Dread Delusion,DreadXP,Metroidvania,$1.6m ($1m - $2.3m),$18.5m,1121.0,90.81,350000.0,9.50662410225282
1883260,Little Noah: Scion of Paradise,"Cygames, Inc.",Metroidvania,$979.1k ($551.6k - $1.4m),$209.9m,1149.0,92.21,150000.0,9.63165711237929
312200,Chasm,"Bit Kid, Inc.",Metroidvania,$717.9k ($396.5k - $1m),$717.7k,1026.0,75.19,350000.0,7.916312005274628
838310,Bloodstained: Curse of the Moon,"INTI CREATES CO., LTD.",Metroidvania,$1.1m ($826.4k - $1.4m),$8.5m,954.0,94.19,350000.0,9.830851807298412
200900,Cave Story+,"Nicalis, Inc.",Metroidvania,$6.5m ($4m - $8.9m),$84.8m,924.0,92.25,350000.0,9.671546647914282
916730,Gato Roboto,Devolver Digital,Metroidvania,$613.4k ($424.3k - $802.4k),$501.4m,905.0,94.55,150000.0,9.855198544071028
405830,Turok 2: Seeds of Evil,Nightdive Studios,Metroidvania,$1.1m ($763.8k - $1.4m),$20.5m,888.0,92.19,350000.0,9.632403651503989
255070,Abyss Odyssey,SEGA,Metroidvania,$1.4m ($783k - $2m),$1.6b,905.0,67.85,350000.0,7.221159835745701
231160,The Swapper,Facepalm Games,Metroidvania,$2.5m ($1.5m - $3.5m),$2.5m,890.0,93.03,750000.0,9.73648238330261
1637730,Crystal Project,Andrew Willman,Metroidvania,$950.8k ($556.8k - $1.3m),$954.3k,820.0,92.34,350000.0,9.629681841153612
1747760,Momodora: Moonlit Farewell,PLAYISM,Metroidvania,$1m ($809.8k - $1.3m),$86.3m,867.0,91.83,150000.0,9.581441388792824
1191630,Shantae and the Seven Sirens,WayForward,Metroidvania,$1.5m ($1m - $2m),$11.9m,752.0,90.8,150000.0,9.471447878422282
1582650,Caravan SandWitch,Dear Villagers,Metroidvania,$1.3m ($924.4k - $1.7m),$33.7m,748.0,88.66,350000.0,9.278652690005886
248190,Knytt Underground,Ripstone,Metroidvania,$148.2k ($30.3k - $266.2k),$3m,693.0,74.51100000000001,150000.0,7.800461150645492
534550,Guacamelee! 2,Drinkbox Studios,Metroidvania,$1m ($631.4k - $1.5m),$12.7m,739.0,91.45,75000.0,9.514754363510765
535480,Sundered: Eldritch Edition,Thunder Lotus,Metroidvania,$1.2m ($766.1k - $1.7m),$26.5m,692.0,81.93,350000.0,8.601051763822403
764790,The Messenger,Devolver Digital,Metroidvania,$4m ($2.8m - $5.3m),$501.4m,679.0,92.99,750000.0,9.753648510784481
1552550,Castlevania Advance Collection,KONAMI,Metroidvania,$1.9m ($1m - $2.8m),$639.8m,684.0,91.15,350000.0,9.543011254737916
1209490,Exit the Gungeon,Devolver Digital,Metroidvania,$1.3m ($796.1k - $1.9m),$501.4m,674.0,75.07,350000.0,7.927993518344311
347800,Ghost Song,Humble Games,Metroidvania,$374.9k ($231.8k - $518k),$202.5m,670.0,84.31,350000.0,8.829845113624451
428550,Momodora: Reverie Under The Moonlight,PLAYISM,Metroidvania,$2.8m ($2m - $3.5m),$86.3m,672.0,93.67,350000.0,9.791521829085298
400910,Rabi-Ribi,CreSpirit,Metroidvania,$3.7m ($2.5m - $4.9m),$6.5m,670.0,95.48,750000.0,9.982489723862454
860950,Mark of the Ninja: Remastered,Klei Entertainment,Metroidvania,$2.4m ($1.5m - $3.4m),$371.3m,667.0,96.12,350000.0,10.040299024346021
3253630,Gal Guardians: Servants of the Dark,"INTI CREATES CO., LTD.",Metroidvania,$343.6k ($236k - $451.2k),$8.5m,660.0,55.773,10000.0,5.881140825833377
1233070,Isles of Sea and Sky,Cicada Games,Metroidvania,$479.3k ($371.4k - $587.3k),$479.9k,654.0,93.1,75000.0,9.65125003839026
374190,Infernax,The Arcade Crew,Metroidvania,$954.9k ($634.1k - $1.2m),$18.5m,639.0,93.24,150000.0,9.70573321942154
2365810,Pseudoregalia,rittzler,Metroidvania,$1.6m ($1.1m - $2.1m),$1.6m,640.0,97.16,750000.0,10.130878614894165
2671230,BLADECHIMERA,PLAYISM,Metroidvania,$442.2k ($312.7k - $571.7k),$86.3m,634.0,88.1,35000.0,9.154272231567644
1796220,Laika: Aged Through Blood,Thunderful Publishing,Metroidvania,$1.2m ($826.9k - $1.6m),$28.3m,631.0,92.45,150000.0,9.6314863369799
789760,DEAD OR SCHOOL,Studio Nanafushi,Metroidvania,$1.1m ($818.5k - $1.5m),$1.1m,606.0,84.54,150000.0,8.82406128486944
1437400,Salt and Sacrifice,Ska Studios,Metroidvania,$495.9k ($347.3k - $644.4k),$9.5m,569.0,62.48,75000.0,6.598225488192649
1087760,The Gunk,Thunderful Publishing,Metroidvania,$889.4k ($605.2k - $1.1m),$28.3m,514.0,86.75,150000.0,9.050788161402545
1761380,Otherworld Legends 战魂铭人,ChillyRoom,Metroidvania,$77.2k ($32k - $122.4k),$1.3m,549.0,58.44,75000.0,6.157554698153823
323220,Vagante,Nuke Nine,Metroidvania,$2.2m ($1.4m - $2.9m),$2.2m,499.0,90.14,350000.0,9.410093113021363
999020,Mega Man Zero/ZX Legacy Collection,"CAPCOM CO., LTD.",Metroidvania,$2.3m ($1.2m - $3.4m),$6m,498.0,75.98,150000.0,7.979982452904913
1716310,AWAKEN - Astral Blade,ESDigital Games,Metroidvania,$343.5k ($230.7k - $456.3k),$4.1m,498.0,83.99,10000.0,8.691003349390417
1614440,Bō: Path of the Teal Lotus,Humble Games,Metroidvania,$485.2k ($323k - $647.3k),$202.5m,495.0,81.9,35000.0,8.531620529091201
282530,Castlevania: Lords of Shadow – Mirror of Fate HD,KONAMI,Metroidvania,$765k ($504k - $1m),$639.8m,469.0,84.45,150000.0,8.829120197199083
345820,Shantae and the Pirate's Curse,WayForward,Metroidvania,$1.5m ($1m - $2.1m),$11.9m,483.0,94.43,75000.0,9.805217548163926
861250,Cyber Shadow,Yacht Club Games,Metroidvania,$566.1k ($355.9k - $776.3k),$12.9m,435.0,84.0,350000.0,8.779686921607562
2523310,Lingo 2,Brenton Wildes,Metroidvania,$80.5k ($51.9k - $109.1k),$173.6k,441.0,84.645,10000.0,8.718104776952156
3099000,Guns of Fury,Gelato Games Ltd,Metroidvania,$226.2k ($160.6k - $291.8k),$226.2k,419.0,87.76,10000.0,9.044179523096746
205730,Insanely Twisted Shadow Planet,Xbox Game Studios,Metroidvania,$221k ($114.5k - $327.5k),$1.8b,408.0,88.41,350000.0,9.226180055498551
1231880,"Haiku, the Robot",Mister Morris Games,Metroidvania,$713.4k ($516.9k - $909.9k),$4m,407.0,91.0,150000.0,9.45698604183479
1413870,Shadow Man Remastered,Nightdive Studios,Metroidvania,$399.5k ($298.8k - $500.3k),$20.5m,400.0,94.77,350000.0,9.85100988069373
339200,Oceanhorn: Monster of Uncharted Seas,Cornfox & Brothers Ltd.,Metroidvania,$969.6k ($632.6k - $1.3m),$969.1k,387.0,81.58,350000.0,8.530810760789821
368620,Timespinner,Chucklefish,Metroidvania,$1.3m ($838.3k - $1.7m),$84m,381.0,85.75,350000.0,8.970703587003673
537450,ReCore: Definitive Edition,Xbox Game Studios,Metroidvania,$633.4k ($421.1k - $845.8k),$1.8b,380.0,61.9,150000.0,6.569301381678971
311190,Super Panda Adventures,Paul Schneider,Metroidvania,$143.2k ($50.4k - $236k),$512.2k,368.0,94.24,35000.0,9.71310059778054
2394650,Crypt Custodian,Kyle Thompson,Metroidvania,$639.7k ($435.1k - $844.3k),$680.4k,351.0,97.02,75000.0,10.029702737286533
449610,Monster Boy and the Cursed Kingdom,FDG Entertainment,Metroidvania,$807k ($573.3k - $1m),$1.2m,355.0,88.6,150000.0,9.209398004250987
247240,Volgarr the Viking,Crazy Viking Studios,Metroidvania,$1.2m ($770.7k - $1.7m),$1.2m,332.0,84.45,350000.0,8.817090072374928
361230,Super Daryl Deluxe,Dan & Gary Games,Metroidvania,$243k ($96k - $390k),$243k,328.0,81.33300000000001,75000.0,8.440424643085708
277890,Shantae: Risky's Revenge - Director's Cut,WayForward,Metroidvania,$546.7k ($344.7k - $748.6k),$11.9m,326.0,87.77,150000.0,9.12792908210221
1123450,Chicory: A Colorful Tale,Finji,Metroidvania,$1.2m ($927.1k - $1.5m),$24.5m,313.0,97.57,350000.0,10.140189017241527
278360,A Story About My Uncle,Coffee Stain Publishing,Platformer,$2.2m ($1.2m - $3.1m),$592.7m,189049.0,92.72,7500000.0,9.944642233421845
367520,Hollow Knight,Team Cherry,Platformer,$98.6m ($68.7m - $128.4m),$176.7m,95428.0,97.0,7500000.0,10.40157180075299
203160,Tomb Raider,Crystal Dynamics,Platformer,$76.5m ($52.3m - $100.7m),$244.2m,89494.0,95.99,7500000.0,10.296278265773363
424840,Little Nightmares,BANDAI NAMCO Entertainment,Platformer,$22.6m ($13.7m - $31.5m),$478.1m,77529.0,94.8,7500000.0,10.157978954461914
1253920,Rogue Legacy 2,Cellar Door Games,Platformer,$16.3m ($10.7m - $21.9m),$26.4m,22811.0,91.0,1500000.0,9.686842961840256
2285150,The Front,Samar Studio,Platformer,$5.1m ($3.4m - $6.7m),$5.1m,19524.0,68.33,350000.0,7.3584648098152226
1147560,Skul: The Hero Slayer,NEOWIZ,Platformer,$24.2m ($17m - $31.5m),$124.1m,18876.0,93.39,1500000.0,9.932352047139384
1509960,PICO PARK,TECOPARK,Platformer,$13.5m ($7.7m - $19.3m),$17.3m,16394.0,91.5,1500000.0,9.722058368613009
2273430,BlazBlue Entropy Effect,91Act,Platformer,$17.4m ($11.6m - $23.2m),$17.4m,11842.0,94.84,750000.0,10.034159672071736
339610,Freestyle 2: Street Basketball,JOYCITY,Platformer,$27.5m ($18.7m - $36.4m),$27.7m,10305.0,59.787000000000006,350000.0,6.51611644895474
860510,Little Nightmares II,BANDAI NAMCO Entertainment,Platformer,$26.6m ($17.9m - $35.4m),$478.1m,10484.0,93.02,1500000.0,9.884286193712086
1382330,Persona 5 Strikers,SEGA,Platformer,$22.5m ($15m - $29.9m),$1.6b,8654.0,89.41,1500000.0,9.520083105831956
241600,Rogue Legacy,Cellar Door Games,Platformer,$8.9m ($5.8m - $11.9m),$26.4m,8049.0,92.41,350000.0,9.754152213083206
1167630,Teardown,Tuxedo Labs,Platformer,$52.5m ($36.7m - $68.2m),$52.4m,8221.0,95.79,3500000.0,10.173162639856425
463220,Dungeon of Zolthan,New Reality Games,Platformer,$15.1k ($8.1k - $22.2k),$603.1k,6356.0,70.965,150000.0,7.474401945599148
260230,Valiant Hearts: The Great War / Soldats Inconnus : Mémoires de la Grande Guerre,Ubisoft,Platformer,$6m ($3.8m - $8.2m),$2.4b,5683.0,95.45,750000.0,10.07803582794684
969990,SpongeBob SquarePants: Battle for Bikini Bottom - Rehydrated,THQ Nordic,Platformer,$15.2m ($9.6m - $20.7m),$387.4m,5058.0,94.25,1500000.0,9.975668792475883
788100,Neon Abyss,Team17,Platformer,$27.4m ($16.9m - $37.9m),$491.6m,6259.0,86.33,3500000.0,9.218849038451534
3261010,East Trade Tycoon: Inheritance,PandaUpStudio,Platformer,$232k ($46.4k - $417.6k),$242k,4951.0,82.854,150000.0,8.691378076907801
327030,Worms W.M.D,Team17,Platformer,$5.9m ($3.4m - $8.4m),$491.6m,4613.0,86.28,750000.0,9.147538788292993
434530,Flobe,Volens Nolens Games,Platformer,$1.5k ($794 - $2.3k),$658.4k,4016.0,76.158,75000.0,7.930749881384914
2525380,Tomb Raider IV-VI Remastered,Aspyr,Platformer,$1.3m ($886.5k - $1.8m),$18m,3831.0,90.09,35000.0,9.417930026596695
233980,UnEpic,Unepic Games,Platformer,$4.4m ($2.8m - $6.1m),$5m,3042.0,90.73,750000.0,9.555725340583061
953490,CARRION,Devolver Digital,Platformer,$11.1m ($8.2m - $14m),$501.4m,3730.0,94.65,1500000.0,10.002768807518144
224760,FEZ,Trapdoor,Platformer,$4.7m ($2.7m - $6.7m),$4.7m,2526.0,93.24,1500000.0,9.817199525428771
1794960,Sonic Origins,SEGA,Platformer,$4.2m ($2.9m - $5.6m),$1.6b,2648.0,75.03,750000.0,8.005458771111975
1177980,"Little Kitty, Big City",Double Dagger Studio,Platformer,$6.8m ($4.7m - $9m),$6.8m,2936.0,96.48,350000.0,10.120190328736278
1533390,Gorilla Tag,Another Axiom Inc.,Platformer,$26.7m ($16.8m - $36.6m),$26.7m,2491.0,93.36,1500000.0,9.86146645878803
514360,Freedom Fighter,Volens Nolens Games,Platformer,$1.8k ($376 - $3.3k),$658.4k,2329.0,61.30800000000001,35000.0,6.414441302682542
487700,Conan the mighty pig,Mihai Morosanu,Platformer,$12.2k ($6.6k - $17.8k),$41.4k,2415.0,92.31,150000.0,9.564354384215443
619700,Steel Rats,Tate Multimedia,Platformer,$268.1k ($62.5k - $473.6k),$1.7m,2194.0,57.222,350000.0,6.132415310001226
414920,Corgi Warlock,Xander's Corgi Arcade,Platformer,$19.9k ($3.9k - $35.8k),$19.9k,2247.0,72.441,75000.0,7.56366129993007
572890,Pikuniku,Devolver Digital,Platformer,$2.9m ($1.7m - $4.1m),$501.4m,2084.0,96.01,750000.0,10.08568582004217
1701520,Afterimage,Maximum Entertainment,Platformer,$3.1m ($2.1m - $4.1m),$32.3m,2056.0,79.79,350000.0,8.435407753791136
225080,Brothers - A Tale of Two Sons,505 Games,Platformer,$5.5m ($3.4m - $7.6m),$293.6m,2019.0,94.48,1500000.0,9.9542560066561
1522870,Supraland Six Inches Under,Supra Games,Platformer,$1m ($713.2k - $1.4m),$5.6m,1964.0,96.42,750000.0,10.09011678688976
1195290,Moncage,XD,Platformer,$2.6m ($1.7m - $3.6m),$84.3m,1942.0,92.36,150000.0,9.67320028503069
641080,Trials Rising,Ubisoft,Platformer,$2.2m ($1.4m - $3m),$2.4b,1750.0,63.23,750000.0,6.804966385504272
3218600,Game of Fate 2: A Century's Promise,EpicDream Games,Platformer,$393.6k ($245.4k - $541.7k),$957.3k,1668.0,80.0,35000.0,8.353239139330212
421170,Indivisible,505 Games,Platformer,$3.9m ($2.5m - $5.4m),$293.6m,1627.0,72.16,150000.0,7.658960473151028
978300,Saints Row: The Third Remastered,Deep Silver,Platformer,$3.9m ($2.1m - $5.7m),$567.3m,1542.0,71.93,75000.0,7.621583388438264
1592670,Soda Crisis,bilibili,Platformer,$538.4k ($352.5k - $724.3k),$133.8m,1608.0,93.36,350000.0,9.7654301979701
609320,FAR: Lone Sails,Assemble Entertainment,Platformer,$3.1m ($1.9m - $4.2m),$24.3m,1437.0,95.22,750000.0,9.983180768818979
2458530,魔女的夜宴,HIKARI FIELD,Platformer,$5.5m ($3.5m - $7.4m),$46.9m,1362.0,98.62,150000.0,10.29659884747103
1233570,Mirror's Edge Catalyst,Electronic Arts,Platformer,$4m ($2.6m - $5.4m),$4.5b,1427.0,80.0,750000.0,8.487034168203781
1149440,Dragon Marked For Death,"INTI CREATES CO., LTD.",Platformer,$1.2m ($890.8k - $1.6m),$8.5m,1344.0,77.9,150000.0,8.19473432976258
219830,King Arthur's Gold,Transhuman Design,Platformer,0,$83.1k,1294.0,83.63,750000.0,8.68734662115187
1578860,Billionaire Lovers,Ayacat Games,Platformer,$88.1k ($49.9k - $126.3k),$88.1k,1342.0,95.18,350000.0,9.884134884752454
115800,Owlboy,D-Pad Studio,Platformer,$4.9m ($3.4m - $6.5m),$5m,1287.0,86.07,750000.0,9.064653345407391
3263320,Carry The Glass,SlugShot Games,Platformer,$1.3m ($769.9k - $1.8m),$1.2m,1263.0,76.82,150000.0,8.077588748715872
481510,Night in the Woods,Finji,Platformer,$7.6m ($5.5m - $9.7m),$24.5m,1266.0,94.67,1500000.0,9.952869914780571
242550,Rayman Legends,Ubisoft,Platformer,$9.3m ($6.4m - $12.1m),$2.4b,1252.0,89.45,750000.0,9.437559819358082
611860,Aborigenus,Flying Islands Team,Platformer,$9.2k ($4.6k - $13.9k),$30.6k,1220.0,72.639,35000.0,7.538092725228716
435790,10 Second Ninja X,Curve Games,Platformer,$67.1k ($36.5k - $97.8k),$196.4m,1215.0,76.104,750000.0,8.019601013962141
720560,Vigil: The Longest Night,Glass Heart Games,Platformer,$1.4m ($992.6k - $1.8m),$1.4m,1146.0,85.83,350000.0,8.996309407535698
1306630,Lost Ruins,DANGEN Entertainment,Platformer,$2.5m ($1.7m - $3.3m),$26.4m,1139.0,87.12,150000.0,9.127137445466058
95400,ibb & obb,Sparpweed,Platformer,$810.5k ($473.4k - $1.1m),$810.5k,1073.0,89.45,750000.0,9.363066734925463
2500750,Only Climb: Better Together,Exbyte Studios,Platformer,$764.3k ($479.3k - $1m),$764k,1034.0,54.79,150000.0,5.858738688392654
346120,Boring Man - Online Tactical Stickman Combat,Spasman Games,Platformer,$1.6k ($1.1k - $2k),$1.6k,1002.0,76.563,350000.0,7.937947307709409
1333200,Song of Nunu: A League of Legends Story,Riot Forge,Platformer,$1.7m ($1.2m - $2.2m),$15.8m,992.0,94.45,350000.0,9.867045857576297
523670,Adventures Of Fluzz,Volens Nolens Games,Platformer,$923 ($462 - $1.3k),$658.4k,984.0,64.287,35000.0,6.675961822444834
1051200,Trover Saves the Universe,"Squanch Games, Inc.",Platformer,$4.5m ($2.9m - $6.1m),$40.5m,951.0,91.18,75000.0,9.52239687943609
393520,Iconoclasts,Bifrost Entertainment,Platformer,$2m ($1.4m - $2.6m),$2m,924.0,86.83,350000.0,9.096358802243985
2703850,Rooftops & Alleys: The Parkour Game,MLMEDIA,Platformer,$2.6m ($1.9m - $3.3m),$2.6m,916.0,95.36,350000.0,9.954028404612322
1983710,Dungeon Village 2,"Kairosoft Co., Ltd",Platformer,$417.8k ($252.1k - $583.4k),$5.6m,911.0,86.89,75000.0,9.04903165251007
2835110,Sea Fantasy,METASLA,Platformer,$239.4k ($168.3k - $310.5k),$239.4k,903.0,86.31,35000.0,8.952076504365861
1352930,HAAK,OKJOY,Platformer,$670.2k ($361.2k - $979.2k),$1.7m,895.0,90.3,150000.0,9.406785746377603
976890,Hidden Deep,Daedalic Entertainment,Platformer,$2.5m ($1.7m - $3.3m),$159.9m,891.0,77.04,350000.0,8.138243686782168
200010,Quantum Conundrum,Square Enix,Platformer,$675.6k ($443.5k - $907.8k),$1b,842.0,84.07,350000.0,8.828318973226473
457210,SEUM: Speedrunners from Hell,Pine Studio,Platformer,$452.3k ($290.6k - $614.1k),$29m,841.0,95.6,350000.0,9.960283690435693
1203630,Record of Lodoss War-Deedlit in Wonder Labyrinth-,WSS playground,Platformer,$1.3m ($970.5k - $1.8m),$24.7m,833.0,92.88,350000.0,9.702652387233487
217200,Worms Armageddon,Team17 Digital Ltd,Platformer,$4.1m ($2.4m - $5.9m),$25.9m,826.0,94.38,1500000.0,9.901916771836397
611350,Evil Tag,HFM Games,Platformer,$45.7k ($9.1k - $82.4k),$3.2m,820.0,67.21,150000.0,7.0587375488009485
235210,STRIDER / ストライダー飛竜,Capcom,Platformer,$1.5m ($917.4k - $2.1m),$248m,809.0,84.03,750000.0,8.84579130880466
230700,La-Mulana,PLAYISM,Platformer,$1.2m ($790.7k - $1.6m),$86.3m,794.0,79.56,350000.0,8.37336290761655
218060,BIT.TRIP Presents... Runner2: Future Legend of Rhythm Alien,Gaijin Games,Platformer,$436.3k ($213.5k - $659.2k),$1.9m,772.0,93.91,35000.0,9.724825737619735
2761610,Creator of Another World,kuetaro (くえたろう),Platformer,$186.1k ($129.5k - $242.6k),$186k,753.0,77.679,10000.0,8.050532872941256
2273880,Arms Evolution: ZOMBIE DESTROYER,LP Game,Platformer,$63.6k ($40k - $87.1k),$63.6k,742.0,58.21200000000001,75000.0,6.128331655482354
322110,20XX,Batterystaple Games,Platformer,$1.7m ($1.2m - $2.2m),$3m,701.0,91.68,350000.0,9.572185496574727
323320,Grow Home,Atari,Platformer,$2.2m ($1.4m - $3m),$37.7m,693.0,93.15,350000.0,9.733420020609936
264730,Deadly 30,Ignatus Zuk and Gonzalo Villagomez,Platformer,$276.4k ($146.1k - $406.7k),$276.4k,677.0,79.82,150000.0,8.329488632174726
1776970,月に寄りそう乙女の作法,HIKARI FIELD,Platformer,$995.1k ($573.5k - $1.4m),$46.9m,676.0,97.19,75000.0,10.091521599028951
249870,Scribblenauts Unmasked: A DC Comics Adventure,Warner Bros. Interactive Entertainment,Platformer,$2.1m ($1.2m - $3.1m),$446.3m,628.0,80.97,350000.0,8.522281564186796
843200,Alien Hominid Invasion,The Behemoth,Platformer,$1m ($758k - $1.3m),$72.6m,625.0,88.39,350000.0,9.245566919585938
1429500,Frontier Hunter: Erza’s Wheel of Fortune,IceSitruuna,Platformer,$1m ($631.2k - $1.5m),$1.6m,608.0,82.83,150000.0,8.653382130501091
785790,WHAT THE GOLF?,Triband,Platformer,$1.4m ($1m - $1.8m),$1.9m,605.0,93.78,350000.0,9.772849949608634
2717880,The Rogue Prince of Persia,Ubisoft,Platformer,$1m ($717.7k - $1.2m),$2.4b,547.0,89.16,75000.0,9.298898136371713
227600,Castle of Illusion,SEGA,Platformer,$1.4m ($969.9k - $1.9m),$1.6b,579.0,90.23,350000.0,9.445341431009036
71250,Sonic Adventure DX,SEGA,Platformer,$3.5m ($2.4m - $4.5m),$1.6b,586.0,92.8,750000.0,9.73312019700674
242820,140,Carlsen Games,Platformer,$405k ($315.4k - $494.7k),$405k,540.0,94.36,350000.0,9.802678691895766
212800,Super Crate Box,Vlambeer,Platformer,0,$8.5m,523.0,71.595,750000.0,7.461619659610087
230270,N++ (NPLUSPLUS),Metanet Software Inc.,Platformer,$2.3m ($1.5m - $3m),$2.3m,511.0,95.05,350000.0,9.902664659080505
1114940,I Wanna Maker,The Elephant Crew,Platformer,0,$0 ,508.0,0.0,750000.0,0.23243162472209272
1265780,The Lord of the Rings: Gollum,Daedalic Entertainment,Platformer,$648.8k ($471.6k - $826k),$159.9m,502.0,41.47,150000.0,4.524888058423575
1983260,Dungeons of Hinterberg,Curve Games,Platformer,$1.3m ($953.9k - $1.8m),$196.4m,486.0,93.79,150000.0,9.76687297164159
394970,DEADBOLT,Hopoo Games,Platformer,$1.6m ($991.5k - $2.2m),$1.6m,478.0,96.15,350000.0,10.003769200048177
363440,Mega Man Legacy Collection,Capcom,Platformer,$1.7m ($1m - $2.4m),$248m,466.0,87.56,350000.0,9.16646583477798
2286770,Paper Bride 4 Bound Love,HeartBeat Plus,Platformer,$314.1k ($203.8k - $424.3k),$1.7m,447.0,69.615,35000.0,7.273170614517303
331870,AER Memories of Old,Daedalic Entertainment,Platformer,$942.4k ($587.7k - $1.2m),$159.9m,440.0,87.07,350000.0,9.10523285735651
591420,Zup! 4,Quiet River,Platformer,$160.2k ($98.9k - $221.5k),$2.4m,435.0,90.6,350000.0,9.414128304104379
882790,Fate Seeker,JSL Entertainment,Puzzle,$8.5m ($5.2m - $11.7m),$13m,16334.0,90.56,750000.0,9.604456968038035
490220,Prismata,Lunarch Studios,Puzzle,$4.1k ($2.2k - $5.9k),$30.4k,121154.0,81.53999999999999,1500000.0,8.643084410635513
835960,The Talos Principle 2,Devolver Digital,Puzzle,$4.9m ($3.5m - $6.3m),$501.4m,7258.0,95.26,350000.0,10.03987891554786
641990,The Escapists 2,Team17,Puzzle,$12.7m ($7.3m - $18m),$491.6m,11156.0,90.97,3500000.0,9.689572158500988
1127500,Mini Motorways,Dinosaur Polo Club,Puzzle,$10.6m ($6.8m - $14.3m),$18.4m,9914.0,96.24,750000.0,10.16168714117487
1289310,Helltaker,vanripper,Puzzle,$50.4k ($29.5k - $71.2k),$83.4k,6489.0,89.10000000000001,3500000.0,9.368199992012071
1097200,Twelve Minutes,Annapurna Interactive,Puzzle,$4m ($2.9m - $5m),$188.4m,4996.0,72.77,750000.0,7.7892501079441026
1592190,BONELAB,Stress Level Zero,Puzzle,$15m ($9.8m - $20.2m),$49.4m,5616.0,80.38,750000.0,8.567359941504206
623940,HIVESWAP: ACT 1,"What Pumpkin Games, Inc.",Puzzle,$800.8k ($518k - $1m),$1.1m,4718.0,94.3,350000.0,9.877976405734277
257510,The Talos Principle,Devolver Digital,Puzzle,$14.9m ($11m - $18.8m),$501.4m,3977.0,95.24,1500000.0,10.068035926264061
320300,Car Mechanic Simulator 2015,PlayWay S.A.,Puzzle,$6.6m ($4.1m - $9m),$275.8m,4326.0,92.31,750000.0,9.74770382654561
304430,INSIDE,Playdead,Puzzle,$14.9m ($10.6m - $19.2m),$21.1m,3840.0,97.08,3500000.0,10.256373151602588
236450,PAC-MAN Championship Edition DX+,BANDAI NAMCO Entertainment,Puzzle,$2m ($1.1m - $3m),$478.1m,3692.0,96.38,350000.0,10.11770734402147
2291850,Underground Blossom,Rusty Lake,Puzzle,$856.3k ($548.8k - $1.1m),$9.3m,3916.0,98.28,350000.0,10.280322710972326
389270,Through Abandoned: The Underground City,Conglomerate 5,Puzzle,$10.5k ($5.6k - $15.3k),$2.5m,3552.0,80.13,150000.0,8.373685358910112
289690,LARA CROFT AND THE TEMPLE OF OSIRIS,Crystal Dynamics,Puzzle,$1m ($634.1k - $1.5m),$244.2m,3399.0,67.19,750000.0,7.20027320135625
232790,Broken Age,Double Fine Productions,Puzzle,$4.8m ($3.3m - $6.4m),$21.4m,3134.0,83.24,350000.0,8.798057298381575
415960,Energy Cycle,Sometimes You,Puzzle,$17.1k ($7.1k - $27k),$605.9k,2575.0,68.11200000000001,350000.0,7.181935703294395
1109570,Word Game,Team9,Puzzle,$2.9m ($1.7m - $4.2m),$2.9m,2682.0,93.72,350000.0,9.825345929077718
502400,Redactem,Conglomerate 5,Puzzle,$9.6k ($5.4k - $13.9k),$2.5m,2558.0,56.385,75000.0,5.972178033016575
2716400,The Rise of the Golden Idol,Playstack,Puzzle,$1.7m ($1.1m - $2.2m),$116.9m,2392.0,93.81,350000.0,9.83886861355136
437180,Chill the Piro,Sergey Marchenko,Puzzle,$6.2k ($1.2k - $11.2k),$6.2k,2254.0,80.001,35000.0,8.280724714288883
221260,Little Inferno,Tomorrow Corporation,Puzzle,$4.6m ($2.7m - $6.5m),$9.5m,2060.0,96.22,750000.0,10.096048499436726
464340,Syberia 3,Microids,Puzzle,$2.9m ($2m - $3.8m),$27.1m,2119.0,51.51,350000.0,5.606620841052313
3028500,Cakey's Twisted Bakery,TinyMindz,Puzzle,$403.5k ($80.7k - $726.4k),$403k,2036.0,77.139,75000.0,8.08705117359008
1157340,Hentai Killer,PlatSTUDIO,Puzzle,$48.6k ($9.7k - $87.5k),$58.3k,2008.0,78.94,75000.0,8.227665579733664
1062160,Poly Bridge 2,Dry Cactus,Puzzle,$7.5m ($4.4m - $10.5m),$12.7m,1852.0,95.23,350000.0,9.985020711523719
413420,Danganronpa 2: Goodbye Despair,"Spike Chunsoft Co., Ltd.",Puzzle,$10.4m ($7.5m - $13.3m),$94.5m,1848.0,96.23,750000.0,10.115386663037942
653530,Return of the Obra Dinn,3909,Puzzle,$13.1m ($10m - $16.2m),$37.6m,1766.0,96.75,750000.0,10.165390159896049
684410,Bridge Constructor Portal,Headup,Puzzle,$904.9k ($541.3k - $1.2m),$14m,1720.0,91.58,350000.0,9.587396973815268
321150,Melissa K. and the Heart of Gold Collector's Edition,KISS ltd,Puzzle,$114.8k ($22.9k - $206.7k),$1.3m,1586.0,59.211000000000006,350000.0,6.3077846176576875
2495050,Merge Adventure: Magic Dragons,Neverest Games,Puzzle,$63.4k ($45.7k - $81.1k),$63.4k,1577.0,0.0,150000.0,0.3459455073978911
1931770,Chants of Sennaar,Focus Entertainment,Puzzle,$6.8m ($4.8m - $8.8m),$728.4m,1570.0,98.34,350000.0,10.306824097045192
1436700,Trine 5: A Clockwork Conspiracy,THQ Nordic,Puzzle,$4m ($2.4m - $5.6m),$387.4m,1554.0,91.3,350000.0,9.59208685843043
897330,Coloring Pixels,ToastieLabs,Puzzle,$560.7k ($402.9k - $718.5k),$614.1k,1535.0,87.003,750000.0,9.12290558684294
34900,Bad Rats: the Rats' Revenge,Strategy First,Puzzle,$176.3k ($87.5k - $265k),$11.8m,1526.0,77.41,750000.0,8.159259127978764
736260,Baba Is You,Hempuli Oy,Puzzle,$13.5m ($8.9m - $18.2m),$14m,1493.0,97.94,1500000.0,10.290933428278981
1624540,Storyteller,Annapurna Interactive,Puzzle,$6m ($3.9m - $8.2m),$188.4m,1475.0,88.08,350000.0,9.271279675290591
314660,Oddworld: New 'n' Tasty,"Oddworld Inhabitants, Inc.",Puzzle,$3m ($2m - $4m),$3m,1430.0,86.99,350000.0,9.133509858176764
1967430,Ghost Trick: Phantom Detective,"CAPCOM Co., Ltd.",Puzzle,$3.8m ($2.6m - $5m),$1.8b,1459.0,97.65,150000.0,10.211974842484972
546050,Puyo PuyoTetris,SEGA,Puzzle,$3.5m ($2.4m - $4.5m),$1.6b,1355.0,84.17,750000.0,8.896060646067578
744190,Rusty Lake Paradise,Rusty Lake,Puzzle,$481.9k ($291.8k - $671.9k),$9.3m,1336.0,95.75,350000.0,9.985660710154335
948900,macdows 95,Yunus Ayyildiz,Puzzle,$11.2k ($6k - $16.5k),$54.2k,1215.0,92.82,35000.0,9.561374120245825
1361320,The Room 4: Old Sins,Fireproof Games,Puzzle,$2.5m ($1.7m - $3.4m),$9.9m,1165.0,98.56,350000.0,10.286627371949631
1672670,彷徨之街 The Street of Adrift,LoveStoryProject,Puzzle,$191.1k ($108.7k - $273.6k),$856.9k,1096.0,76.12,150000.0,7.973876665586553
502150,Interstellar Logistics Inc,Exalted Guy Interactive,Puzzle,$6.8k ($1.3k - $12.3k),$6.8k,1009.0,74.115,75000.0,7.686061489674337
359310,Evoland 2,Shiro Games,Puzzle,$2m ($1.2m - $2.7m),$90.7m,1004.0,88.56,350000.0,9.288265993537685
437920,Tricky Towers,WeirdBeard,Puzzle,$2.8m ($1.7m - $3.9m),$2.8m,936.0,90.84,1500000.0,9.536712226287689
1791590,Sunset Hills,Cotton Game,Puzzle,$168.8k ($105.6k - $232k),$627.9k,950.0,53.577000000000005,35000.0,5.6793958425016235
469610,Rick and Morty: Virtual Rick-ality,Adult Swim Games,Puzzle,$6.3m ($4.3m - $8.4m),$7.3m,926.0,75.49,350000.0,7.984655321367361
359810,Hare In The Hat,RunServer,Puzzle,$17.6k ($7.6k - $27.7k),$324.6k,870.0,55.224,75000.0,5.822757064359722
585450,Shadows: Awakening,Kalypso Media,Puzzle,$1.6m ($986.3k - $2.2m),$91.9m,902.0,75.74,150000.0,7.980769685268445
532110,Rusty Lake: Roots,Rusty Lake,Puzzle,$510.3k ($316.7k - $703.9k),$9.3m,868.0,97.05,350000.0,10.10314496948033
1444480,Turing Complete,LevelHead,Puzzle,$3.1m ($1.8m - $4.4m),$3.1m,769.0,96.08,350000.0,10.023926241051292
1262350,SIGNALIS,Humble Games,Puzzle,$9.1m ($6m - $12.2m),$202.5m,862.0,96.66,1500000.0,10.15163823344568
1511780,Last Call BBS,Zachtronics,Puzzle,$878.5k ($506.5k - $1.2m),$14.4m,758.0,94.94,75000.0,9.863194257417264
1522160,Disney Epic Mickey: Rebrushed,THQ Nordic,Puzzle,$2.3m ($1.5m - $3.2m),$387.4m,726.0,93.11,75000.0,9.70695526546221
1141580,Taiji,Matthew VanDevander,Puzzle,$523.7k ($368.4k - $679.1k),$524k,733.0,93.28,75000.0,9.674442843681934
1145960,The White Door,Second Maze,Puzzle,$921.1k ($538.6k - $1.3m),$1m,717.0,93.84,350000.0,9.775267460328914
322970,Subject 13,Microids,Puzzle,$166.4k ($33.2k - $299.6k),$27.1m,674.0,49.5,75000.0,5.294075203474019
762830,Telling Lies,Annapurna Interactive,Puzzle,$728.1k ($522.7k - $933.4k),$188.4m,677.0,63.04,350000.0,6.712509451492757
290280,Volt,Quantized Bit,Puzzle,$12.6k ($5.1k - $20.2k),$47.1k,580.0,63.477,150000.0,6.637922639593661
452570,Battle Chef Brigade Deluxe,Trinket Studios,Puzzle,$948.1k ($598.2k - $1.2m),$1m,524.0,95.44,150000.0,9.906995753351188
913550,I wanna be the Creator,HeyBox Games,Puzzle,$684.7k ($420.3k - $949k),$683.7k,503.0,95.17,350000.0,9.891361863702606
850320,PHOGS!,Coatsink,Puzzle,$1.4m ($697.5k - $2.2m),$6.9m,483.0,78.64,35000.0,8.205796904475708
435030,Lost Lands: Mahjong,FIVE-BN GAMES,Puzzle,$52.8k ($29.5k - $76.1k),$714.2k,443.0,86.193,350000.0,8.95266142039703
1608230,Planet of Lana,Thunderful Publishing,Puzzle,$1.5m ($1m - $2m),$28.3m,443.0,93.17,350000.0,9.71478449454494
1138850,Heavenly Bodies,2pt Interactive,Puzzle,$3.3m ($1.7m - $4.9m),$3.3m,442.0,96.07,350000.0,10.006975520428055
878750,Hentai Girl,GirlGames,Puzzle,$207.2k ($60.1k - $354.3k),$1.1m,426.0,92.92,350000.0,9.64588141611344
2264140,How 2 Escape,Maximum Entertainment,Puzzle,$518.5k ($326.8k - $710.2k),$32.3m,423.0,72.77,150000.0,7.639484074228385
848350,Katamari Damacy REROLL,BANDAI NAMCO Entertainment,Puzzle,$6.3m ($3.9m - $8.8m),$478.1m,419.0,93.27,350000.0,9.756038170423471
2232600,Anomaly Exit,ExamlGuy,Puzzle,$303.5k ($193.6k - $413.4k),$303.4k,380.0,89.68,35000.0,9.266771429794114
730820,The Curse of Monkey Island,LucasArts,Puzzle,$611.8k ($358.8k - $864.7k),$124.9m,374.0,97.0,150000.0,10.066877813322352
956030,Creaks,Amanita Design,Puzzle,$1.3m ($829.1k - $1.8m),$11.1m,361.0,95.06,350000.0,9.89136916516213
250460,Bridge Constructor,Headup,Puzzle,$230k ($107.5k - $352.4k),$14m,357.0,77.9,350000.0,8.150833711175242
643270,OLDTV,Creability,Puzzle,0,$0 ,353.0,90.0,750000.0,9.215554798873022
1924360,Lil' Guardsman,Versus Evil,Puzzle,$647.5k ($428.3k - $866.6k),$33.5m,352.0,94.38,35000.0,9.765573106656747
959520,Fantasy Blacksmith,GrabTheGames,Puzzle,$114k ($62.1k - $165.9k),$13.7m,351.0,64.35,150000.0,6.766019196163539
2599370,DeathWatchers,Swain Games,Puzzle,$70.6k ($46.6k - $94.6k),$70.6k,347.0,76.473,35000.0,7.915814263245757
1555400,Gomoku Let's Go,indienova,Puzzle,$80.6k ($54.4k - $106.8k),$41.5m,345.0,88.48,150000.0,9.178192144566257
80330,The Blackwell Legacy,Wadjet Eye Games,Puzzle,$240.7k ($129.6k - $351.8k),$3.4m,342.0,89.5,150000.0,9.28511491849568
2631960,14 Minesweeper Variants 2,Artless Games,Puzzle,$79.9k ($49.4k - $110.5k),$504.3k,335.0,87.20100000000001,10000.0,8.969668202127869
359510,Tangle Tower,SFB Games,Puzzle,$791.4k ($540.9k - $1m),$3.1m,335.0,95.17,350000.0,9.887379907016983
215160,The Book of Unwritten Tales,THQ Nordic,Puzzle,$1m ($643.1k - $1.4m),$387.4m,332.0,90.06,350000.0,9.400182625671466
1812370,Little Goody Two Shoes,Square Enix,Puzzle,$727.6k ($488.5k - $966.7k),$1b,332.0,95.19,150000.0,9.893627986795574
2506480,Clue/Cluedo,Marmalade Game Studio Ltd,Puzzle,$311.4k ($178.1k - $444.8k),$8m,330.0,81.86399999999999,35000.0,8.495201168952928
13600,Prince of Persia: The Sands of Time,Ubisoft,Puzzle,$1.6m ($1m - $2.2m),$2.4b,325.0,85.82,750000.0,9.007253330906813
241240,Contraption Maker,Top Meadow,Puzzle,$137.1k ($68.1k - $206k),$138.4k,325.0,92.8,350000.0,9.61063641661283
384360,Fingered,Edmund McMillen,Puzzle,$157k ($106.3k - $207.6k),$13.1m,317.0,74.71,150000.0,7.803333959172812
1444650,Haydee 2,Haydee Interactive,Puzzle,$706.1k ($473.3k - $938.9k),$3m,312.0,88.43,150000.0,9.190392068143195
757300,Truberbrook / Trüberbrook,Headup,Puzzle,$878.4k ($598.1k - $1.1m),$14m,311.0,73.35,150000.0,7.692065631331847
1432100,The Bookwalker: Thief of Tales,tinyBuild,Puzzle,$941.4k ($577.6k - $1.3m),$179.6m,307.0,92.21,350000.0,9.60859413180065
711660,CHUCHEL,Amanita Design,Puzzle,$718.9k ($504.1k - $933.8k),$11.1m,299.0,84.85,75000.0,8.821405835798085
963690,Hentai Girl Hime,GirlGames,Puzzle,$59.5k ($13k - $106k),$1.1m,298.0,93.28,75000.0,9.618169610702035
99910,Puzzle Pirates,Grey Havens,Puzzle,$3m ($1.9m - $4m),$3m,293.0,45.0,350000.0,4.885479020736499
914020,Gibbous -  A Cthulhu Adventure,Stuck In Attic,Puzzle,$492.1k ($336.7k - $647.4k),$543.6k,293.0,89.05,350000.0,9.256877619154885
308060,Black The Fall,Square Enix,Puzzle,$690.8k ($342.9k - $1m),$1b,290.0,78.73,350000.0,8.261688482169385
1500,Darwinia,Introversion Software,Puzzle,$94.3k ($18.8k - $169.7k),$2m,285.0,78.58,10000.0,8.110886709307445
496890,Replica,Somi,Puzzle,$363k ($237.8k - $488.2k),$1.3m,281.0,85.71,350000.0,8.920896428114451
1949770,Rock Simulator 2,vinoo,Puzzle,$22.8k ($14.9k - $30.7k),$45.5k,276.0,83.04299999999999,10000.0,8.519349121513947
285800,Braveland,Tortuga Team,RPG,$339.5k ($154.7k - $524.3k),$1m,216331.0,80.69,7500000.0,8.691299802796035
424370,Wolcen: Lords of Mayhem,WOLCEN Studio,RPG,$29m ($19.6m - $38.3m),$29m,127542.0,55.85,1500000.0,6.233948247933501
812140,Assassin's Creed Odyssey,Ubisoft,RPG,$134.8m ($100.9m - $168.7m),$2.4b,61984.0,89.14,7500000.0,9.617923984998065
2322010,God of War Ragnarök,PlayStation Publishing LLC,RPG,$46.3m ($31.5m - $61.2m),$1.3b,35565.0,88.32,1500000.0,9.464472544136882
234140,Mad Max,Warner Bros. Games,RPG,$52.7m ($37.6m - $67.8m),$882.3m,33356.0,91.76,3500000.0,9.825700752614463
2680010,The First Berserker: Khazan,NEXON,RPG,$28.3m ($18.9m - $37.8m),$184.6m,32871.0,84.33,1500000.0,9.047513746313395
1307550,Craftopia,Pocketpair,RPG,$22.9m ($15.9m - $30m),$438m,26449.0,77.64,1500000.0,8.372401291977928
386360,SMITE,Hi-Rez Studios,RPG,$131.6m ($90.1m - $173.2m),$199.7m,31169.0,79.63,15000000.0,8.650163942954647
882100,XCOM: Chimera Squad,2K,RPG,$6.5m ($4.2m - $8.8m),$1.7b,20701.0,71.64,1500000.0,7.752306511781483
239160,Thief,Eidos Interactive Corp.,RPG,$19.4m ($12.1m - $26.7m),$111.3m,18247.0,75.41,1500000.0,8.129621161801506
2634950,Tokyo Xtreme Racer,"Genki Co., Ltd.",RPG,$9.5m ($6.6m - $12.3m),$9.5m,15655.0,94.12,350000.0,9.942332098899886
979690,The Ascent,Curve Games,RPG,$13.4m ($9m - $17.8m),$196.4m,13930.0,75.1,1500000.0,8.087309906414008
42910,Magicka,Paradox Interactive,RPG,$16.5m ($8.5m - $24.4m),$1.1b,11717.0,85.39,3500000.0,9.140347869160854
1898300,ASKA,Thunderful Publishing,RPG,$8.5m ($6.2m - $10.9m),$28.3m,10637.0,79.64,750000.0,8.502501226835637
241540,State of Decay,Xbox Game Studios,RPG,0,$1.8b,10035.0,84.46,750000.0,8.90826704265707
1902690,Fate/Samurai Remnant,"KOEI TECMO GAMES CO., LTD.",RPG,$9.3m ($6.6m - $12.1m),$424.5m,9254.0,90.48,150000.0,9.559017394565352
1900,Earth 2160,Topware Interactive,RPG,$126.3k ($51.5k - $201.1k),$5.4m,9947.0,70.03,350000.0,7.454040611754507
2665680,Tower of Babel: Survivors of Chaos,NANOO,RPG,$1.1m ($775.3k - $1.6m),$1.1m,9005.0,66.53,750000.0,7.142699483104649
2933130,The Lord of the Rings: Return to Moria,North Beach Games,RPG,$10.2m ($6.8m - $13.5m),$10.1m,8735.0,82.13,350000.0,8.726553138070711
1244090,Sea of Stars,Sabotage Studio,RPG,$10.7m ($8.2m - $13.3m),$10.7m,8597.0,88.19,750000.0,9.350086258536072
763890,Wildermyth,Worldwalker Games LLC,RPG,$15.4m ($9.8m - $20.9m),$15.4m,8091.0,95.0,1500000.0,10.051598255899028
3035570,Assassin's Creed Mirage,Ubisoft,RPG,$7.9m ($6m - $9.8m),$2.4b,7837.0,75.89,350000.0,8.118908125880292
601840,Griftlands,Klei Entertainment,RPG,$9.4m ($6.1m - $12.6m),$371.3m,7545.0,93.86,750000.0,9.926350093127027
1712840,Tiny Tina's Assault on Dragon Keep: A Wonderlands One-shot Adventure,2K,RPG,$839.5k ($378k - $1.3m),$1.7b,7196.0,61.416,350000.0,6.63478986752912
272510,NARUTO SHIPPUDEN: Ultimate Ninja STORM Revolution,BANDAI NAMCO Entertainment,RPG,$9.1m ($6.8m - $11.4m),$478.1m,6782.0,84.45,750000.0,8.982658603429751
610080,Realm Grinder,Kongregate,RPG,$731.1k ($468k - $994.3k),$9.8m,6247.0,0.0,1500000.0,0.49733555671515306
1179580,KAKU: Ancient Seal,BINGOBELL,RPG,$745.9k ($425.4k - $1m),$792.9k,5001.0,78.89,750000.0,8.353429429121457
1777620,Soul Hackers 2,SEGA,RPG,$2.7m ($1.7m - $3.6m),$1.6b,5685.0,65.59,150000.0,7.042623514357092
1606180,下一站江湖Ⅱ,白玉京工作室,RPG,$3.9m ($2.4m - $5.4m),$3.9m,4637.0,71.41,350000.0,7.6168808421630345
489240,Exile to Death,Manifestors Games Studio,RPG,$12.6k ($5.7k - $19.6k),$12.6k,4343.0,44.433,75000.0,4.774668547926061
1546320,Your Chronicle,Samurai Games,RPG,$453.2k ($233.3k - $673.2k),$456.8k,4107.0,81.0,350000.0,8.53163859758319
1958220,WitchSpring R,KIWIWALKS,RPG,$3.9m ($2.9m - $5m),$4.5m,4059.0,96.31,150000.0,10.084377832462524
1121560,Atelier Ryza: Ever Darkness & the Secret Hideout,"KOEI TECMO GAMES CO., LTD.",RPG,$16.2m ($9.8m - $22.5m),$424.5m,4058.0,85.84,150000.0,9.077551171201293
304650,SUNLESS SEA,Failbetter Games,RPG,$6.1m ($4.4m - $7.9m),$8m,4030.0,84.03,1500000.0,8.916736886718247
1148650,The Legend of Bum-Bo,Edmund McMillen,RPG,$2.6m ($1.7m - $3.5m),$13.1m,3861.0,80.87,1500000.0,8.589122072734513
2619650,Cauldron,Caketown Interactive,RPG,$1m ($647.1k - $1.3m),$1m,3834.0,93.88,35000.0,9.780759710013168
1621310,Atelier Sophie 2: The Alchemist of the Mysterious Dream,"KOEI TECMO GAMES CO., LTD.",RPG,$4.4m ($2.2m - $6.6m),$424.5m,3604.0,94.08,75000.0,9.86338672509989
2400,The Ship: Murder Party,Blazing Griffin,RPG,$529.8k ($264.9k - $794.7k),$3.7m,3571.0,84.55,1500000.0,8.926157524017473
1432050,Nobody Saves the World,Drinkbox Studios,RPG,$6.4m ($4m - $8.8m),$12.7m,3489.0,91.56,350000.0,9.6353291494459
439250,Space Pilgrim Episode III: Delta Pavonis,GrabTheGames,RPG,$12.7k ($6.9k - $18.6k),$13.7m,3180.0,80.379,350000.0,8.424202723251721
1868180,Etrian Odyssey HD,SEGA,RPG,$2.5m ($1.5m - $3.6m),$1.6b,3283.0,89.15,75000.0,9.364960108069083
1584090,Touhou Mystia's Izakaya,二色幽紫蝶,RPG,$3.7m ($2.2m - $5.1m),$4.2m,3170.0,98.56,750000.0,10.336735618559755
553640,ICEY,XD,RPG,$6.1m ($3.8m - $8.5m),$84.3m,3173.0,89.97,1500000.0,9.513417754774176
24200,DC Universe Online,Daybreak Game Company,RPG,$31.2m ($19.3m - $43.1m),$42.3m,3112.0,66.024,1500000.0,7.1389955700368235
431710,Space Pilgrim Episode II: Epsilon Indi,GrabTheGames,RPG,$15.7k ($8.5k - $22.9k),$13.7m,3094.0,80.79299999999999,350000.0,8.467836875409454
1830970,The Last Flame,Hotloop,RPG,$2m ($1.4m - $2.6m),$2m,3059.0,85.72,350000.0,9.022425167423792
263540,Villagers and Heroes,Mad Otter Games,RPG,$162.8k ($106.6k - $218.9k),$216.1k,2898.0,49.095,750000.0,5.329329606571266
341310,Greyfox RPG,Senpai Industrial Studios,RPG,$127.3k ($70k - $184.5k),$1m,2871.0,74.93,750000.0,7.915524669396712
1198090,The Legend of Heroes: Trails of Cold Steel IV,"NIS America, Inc.",RPG,$2.3m ($1.4m - $3.2m),$48m,2736.0,92.13,150000.0,9.656620822063012
601010,Hotel Anatolia,Elven Workshop,RPG,$7.2k ($4.3k - $10k),$7.2k,2810.0,62.622,150000.0,6.585087153177208
677120,Heroes of Hammerwatch,Team17,RPG,$5.7m ($3.6m - $7.8m),$491.6m,2654.0,87.46,750000.0,9.247915004719369
22300,Fallout 3,Bethesda Softworks,RPG,$6.6m ($5m - $8.1m),$2.1b,2653.0,80.62,1500000.0,8.587791105067366
228260,Fallen Enchantress: Legendary Heroes,Stardock Entertainment,RPG,$3.4m ($1.5m - $5.3m),$62.5m,2627.0,78.68,350000.0,8.336168017914131
243930,Bound By Flame,Focus Entertainment,RPG,$2.6m ($1.8m - $3.3m),$728.4m,2599.0,67.46,350000.0,7.220453129914229
405710,Staxel,Humble Games,RPG,$2.9m ($1.9m - $3.8m),$202.5m,2598.0,79.79,350000.0,8.449546308542084
1668540,The Legend of Heroes: Trails into Reverie,"NIS America, Inc.",RPG,$1.3m ($882.9k - $1.7m),$48m,2257.0,94.39,35000.0,9.83574424113881
550470,NosTale - Anime MMORPG,Gameforge 4D GmbH,RPG,$16.3m ($9.8m - $22.8m),$17.2m,2203.0,90.0,750000.0,9.4970651504896
252470,Space Pirates And Zombies 2,MinMax Games Ltd.,RPG,$2m ($1.4m - $2.6m),$3.2m,2245.0,78.76,350000.0,8.318856529712354
449800,Attack on Titan / A.O.T. Wings of Freedom,"KOEI TECMO GAMES CO., LTD.",RPG,$6.2m ($4.2m - $8.2m),$424.5m,2177.0,84.89,75000.0,8.933761061378164
12200,Bully: Scholarship Edition,Rockstar Games,RPG,$16.4m ($11.9m - $21m),$770.8m,1978.0,84.27,3500000.0,8.971633375032853
910320,Three Kingdoms 2019 阿达三国志2019 横版,阿达游戏,RPG,$6.8k ($3.9k - $9.6k),$6.8k,1861.0,0.0,35000.0,0.276430222061938
2400510,Dungeons & Degenerate Gamblers,Yogscast Games,RPG,$3m ($1.9m - $4.1m),$37.9m,1825.0,81.17,150000.0,8.550932947202094
1745510,Lunacid,KIRA LLC,RPG,$2m ($1.3m - $2.8m),$2m,1814.0,90.86,350000.0,9.520242256139802
928960,Godfall Ultimate Edition,Gearbox Publishing,RPG,$1.1m ($862.5k - $1.4m),$259.9m,1762.0,64.35,150000.0,6.861502563340057
1160750,Grim Clicker,EvilCharm Games,RPG,$314.2k ($210.6k - $417.8k),$314.6k,1647.0,0.0,350000.0,0.39641657917485945
474750,Reigns,Devolver Digital,RPG,$1.3m ($929.5k - $1.7m),$501.4m,1607.0,87.54,750000.0,9.218970515143884
1437820,Heroes of the Three Kingdoms,"USERJOY Technology Co., Ltd.",RPG,$91.4k ($40.3k - $142.5k),$10.6m,1557.0,93.17,350000.0,9.708786624478725
1283410,Tails of Iron,United Label,RPG,$3.4m ($2.3m - $4.5m),$6.4m,1537.0,88.17,350000.0,9.258809139984079
1729410,Earthling's Undertaking,MassesGame,RPG,$231.8k ($142.9k - $320.8k),$231.8k,1399.0,65.32,75000.0,6.883103885454936
648410,Colony Ship: A Post-Earth Role Playing Game,Iron Tower Studio,RPG,$2.1m ($1.3m - $3m),$4.4m,1381.0,87.89,350000.0,9.218884384253798
2464530,VOIN,tinyBuild,RPG,$1.3m ($940k - $1.8m),$179.6m,1354.0,94.7,350000.0,9.908186002975041
968970,Lumberjack's Dynasty,Toplitz Productions,RPG,$1.3m ($968.5k - $1.6m),$73.3m,1348.0,72.7,150000.0,7.685217997156671
1716120,Monster Rancher 1 & 2 DX,"KOEI TECMO GAMES CO., LTD.",RPG,$1.4m ($897k - $2m),$424.5m,1293.0,89.72,35000.0,9.361908547507658
2059170,Quasimorph,HypeTrain Digital,RPG,$3.5m ($2.6m - $4.4m),$66.7m,1248.0,83.25,350000.0,8.770821054955007
404680,Hob,Arc Games,RPG,$2.3m ($1.5m - $3.1m),$330.6m,1168.0,88.44,350000.0,9.288521028613026
335670,LISA: The Painful,Serenity Forge,RPG,$2.9m ($2m - $3.7m),$41.5m,1157.0,95.64,750000.0,10.019793901554953
798460,Ni no Kuni Wrath of the White Witch Remastered,BANDAI NAMCO Entertainment,RPG,$5.7m ($3.5m - $7.9m),$478.1m,1155.0,84.12,150000.0,8.851959117624732
3521320,Magicbook AutoBattler: Contract,JXGS,RPG,$95.7k ($66k - $125.4k),$95.7k,1130.0,71.541,10000.0,7.436778321386085
502800,SENRAN KAGURA ESTIVAL VERSUS,XSEED Games,RPG,$5m ($3.4m - $6.7m),$125.7m,1088.0,94.41,350000.0,9.890474409152985
1416260,SpellForce 3: Versus Edition,THQ Nordic,RPG,$19.2k ($10.2k - $28.2k),$387.4m,1027.0,81.08,350000.0,8.479629491153457
593150,Ooblets,Glumberland,RPG,$841.7k ($584.6k - $1m),$841.7k,1014.0,91.03,150000.0,9.483951634865916
461370,Midnight's Blessing 2,Warfare Studios,RPG,$505 ($253 - $758),$65.7k,999.0,45.0,10000.0,4.701023602018286
2414270,Sunderfolk,Dreamhaven,RPG,$2.3m ($1.6m - $3.1m),$15m,873.0,94.91,35000.0,9.861651766905492
2181720,Scarlet Tower,Pyxeralia LLC,RPG,$245.9k ($172k - $319.8k),$245.9k,859.0,82.39,150000.0,8.591654773523363
574050,DRAGON QUEST HEROES II,Square Enix,RPG,$2.2m ($1.5m - $2.9m),$1b,847.0,69.52,75000.0,7.356140325686846
1418020,Tavern of Gods,Element Studio,RPG,$297.2k ($173.2k - $421.2k),$297.2k,790.0,77.84,75000.0,8.12209353485406
239120,Final Fantasy III (3D Remake),Square Enix,RPG,$2.4m ($1.6m - $3.1m),$1b,785.0,82.21,750000.0,8.675665657195509
2055050,Cavalry Girls,OKJOY,RPG,$525.9k ($361.2k - $690.6k),$1.7m,751.0,88.79,150000.0,9.246831888183188
1108590,Eldest Souls,United Label,RPG,$1.3m ($862k - $1.8m),$6.4m,719.0,77.09,350000.0,8.113314297187552
2513240,Hero Tale,Weird Johnny Studio,RPG,$88.5k ($61.8k - $115.2k),$88.5k,684.0,62.541,75000.0,6.5649326440246565
1930640,Lost2,DSGame,RPG,$957.1k ($665.6k - $1.2m),$15.4m,679.0,81.83,75000.0,8.550322632089557
804010,SteamWorld Quest: Hand of Gilgamech,Thunderful Publishing,RPG,$1m ($534.3k - $1.4m),$28.3m,667.0,87.22,350000.0,9.126543775341453
2374000,Insects Awaken,HelloMeow,RPG,$108.3k ($71.7k - $144.9k),$108.3k,675.0,81.33300000000001,10000.0,8.402361138758856
2704110,Aliya: Timelink,Anotherindie,RPG,$259.2k ($162.9k - $355.4k),$1.4m,613.0,97.91,350000.0,10.160423306038119
1233880,Disgaea 4 Complete+,"NIS America, Inc.",RPG,$1.3m ($810k - $1.9m),$48m,592.0,89.32,75000.0,9.304402901124739
1934080,Floating Life2,心流工作室（Heart Stream Studio）,RPG,$220.3k ($136.6k - $304k),$231.3k,555.0,51.36,75000.0,5.457743940882556
1368870,Field of Glory II: Medieval,Slitherine Ltd.,RPG,$456.3k ($247.3k - $665.3k),$97.4m,537.0,77.688,35000.0,8.10891106806112
1155330,Showgunners,Good Shepherd Entertainment,RPG,$687.9k ($503.5k - $872.4k),$91m,530.0,93.84,150000.0,9.762003037937463
266130,Breach & Clear,Gun Interactive,RPG,$875.6k ($571.4k - $1.1m),$13.2m,508.0,82.44,350000.0,8.634923441828805
849740,Love Esquire - RPG/Dating Sim/Visual Novel,Yangyang Mobile,RPG,$572.6k ($358.9k - $786.4k),$1m,528.0,89.99,35000.0,9.32227844119507
271590,Grand Theft Auto V Legacy,Rockstar Games,Racing,$542.4m ($308.2m - $776.5m),$770.8m,360761.0,87.78,75000000.0,9.603485730299639
1551360,Forza Horizon 5,Xbox Game Studios,Racing,$238.5m ($176.5m - $300.5m),$1.8b,80745.0,89.18,7500000.0,9.637180717265197
1782210,Crab Game,Dani,Racing,$7.6k ($3.4k - $11.8k),$7.6k,73889.0,0.0,7500000.0,0.5128749355523893
646910,The Crew 2,Ubisoft,Racing,$29.5m ($19.2m - $39.8m),$2.4b,55125.0,78.77,3500000.0,8.53811378447888
1030840,Mafia: Definitive Edition,2K,Racing,$40.3m ($28.8m - $51.9m),$1.7b,36631.0,86.42,1500000.0,9.274518358851626
1190000,Car Mechanic Simulator 2021,PlayWay S.A.,Racing,$29.4m ($17.4m - $41.4m),$275.8m,22530.0,95.96,1500000.0,10.201084929143025
548570,RAGE 2,Bethesda Softworks,Racing,$15.5m ($11m - $19.9m),$2.1b,13591.0,63.93,750000.0,6.966275465503317
918570,Century: Age of Ashes,Playwing LTD,Racing,$4.2m ($3m - $5.5m),$4.3m,12222.0,79.51,3500000.0,8.510012099408454
1262580,Need for Speed Payback,Electronic Arts,Racing,$9m ($6.2m - $11.8m),$4.5b,12152.0,85.77,1500000.0,9.157704960629541
40990,Mafia,2K,Racing,$3.4m ($1.5m - $5.2m),$1.7b,9066.0,90.15,1500000.0,9.568305077710404
621830,WRC 7 FIA World Rally Championship,Nacon,Racing,$1.8m ($1m - $2.6m),$157.6m,11192.0,80.85,750000.0,8.609860165420123
675010,MudRunner,Focus Entertainment,Racing,$22.1m ($14.8m - $29.4m),$728.4m,8509.0,91.21,1500000.0,9.695928467799662
645630,Car Mechanic Simulator 2018,PlayWay S.A.,Racing,$21.2m ($14.6m - $27.9m),$275.8m,8382.0,91.38,3500000.0,9.726690739689367
2399420,Le Mans Ultimate,Studio 397,Racing,$10.8m ($7.6m - $14.1m),$20.4m,8306.0,79.77,350000.0,8.492835168764188
2290180,Riders Republic,Ubisoft Entertainment,Racing,$14.7m ($9.8m - $19.6m),$55.9m,8043.0,82.3,750000.0,8.77072221519855
539720,Razortron 2000,NukGames,Racing,$43.5k ($26.3k - $60.6k),$298.2k,7064.0,86.74,75000.0,9.052004722278712
311310,Naval Action,Bermuda Computer Club,Racing,$14.8m ($9.6m - $19.9m),$14.7m,5221.0,54.13,350000.0,5.917630736685002
655500,MX Bikes,PiBoSo,Racing,$16.5m ($10.8m - $22.1m),$17.7m,5120.0,94.49,1500000.0,9.988022495177148
690790,DiRT Rally 2.0,Codemasters,Racing,$30.4m ($19.3m - $41.5m),$43.3m,5074.0,89.26,1500000.0,9.477460164083187
1086640,Dude Simulator 3,Kiddy,Racing,$35.6k ($19.7k - $51.5k),$169.2k,5006.0,68.86,350000.0,7.282524790272646
2440510,Forza Motorsport,Xbox Game Studios,Racing,$12.7m ($9.2m - $16.3m),$1.8b,4507.0,49.69,1500000.0,5.520062272966067
585420,Trailmakers,Flashbulb,Racing,$12.7m ($8.8m - $16.5m),$14.6m,4849.0,92.42,1500000.0,9.774707094168836
1017180,The Long Drive,Genesz,Racing,$18.5m ($12.9m - $24.2m),$18.5m,4335.0,89.98,1500000.0,9.533720100877794
228380,Wreckfest,THQ Nordic,Racing,$37.5m ($25.8m - $49.1m),$387.4m,3827.0,87.67,1500000.0,9.32216122217193
1911390,Knightfall: A Daring Journey,Landfall,Racing,$38.8k ($24.5k - $53.1k),$200.8m,3312.0,89.51,750000.0,9.383384154565904
705210,Cube Racer,Simon Blasen,Racing,0,$0 ,3283.0,90.0,750000.0,9.319075003463931
1153410,JDM: Japanese Drift Master,Gaming Factory,Racing,$4m ($2.8m - $5.3m),$6.6m,3230.0,75.37,75000.0,7.969773470549744
417430,Moto Racer  4,Microids,Racing,$616.4k ($259.1k - $973.6k),$27.1m,2988.0,52.38,350000.0,5.681746369560015
1178400,Pro Cycling Manager 2020,Nacon,Racing,$438k ($242.6k - $633.4k),$157.6m,2830.0,85.62,35000.0,8.955023787370212
2063610,Pro Cycling Manager 2023,Nacon,Racing,$1m ($644.2k - $1.4m),$157.6m,2746.0,66.501,75000.0,7.0712776978988225
552100,Brick Rigs,Fluppisoft GmbH,Racing,$11.3m ($7.3m - $15.3m),$11.3m,2707.0,94.8,1500000.0,9.991855894685324
1520370,Mon Bazou,Santa Goat,Racing,$4.4m ($3.1m - $5.7m),$4.4m,2687.0,97.52,350000.0,10.213251186954611
493490,City Car Driving,"Forward Global Group, Ltd.",Racing,$13.5m ($9.1m - $18m),$13.6m,2375.0,82.46,750000.0,8.741646866688193
250340,Blockland,Step 1 Games LLC,Racing,$1.5m ($1m - $2m),$1.5m,2310.0,70.62,750000.0,7.5153955014235265
434460,Rock of Ages 2: Bigger & Boulder,SEGA,Racing,$1.2m ($795k - $1.6m),$1.6b,2236.0,89.65,750000.0,9.444005063694819
385270,Jet Racing Extreme: The First Encounter,Real Dynamics,Racing,$81.4k ($16.2k - $146.6k),$81.4k,2180.0,57.6,350000.0,6.139668551788614
1262560,Need for Speed Most Wanted,Electronic Arts,Racing,$5.5m ($3.7m - $7.4m),$4.5b,1934.0,77.77,1500000.0,8.293615108020372
1203190,Wreckfest 2,THQ Nordic,Racing,$6m ($4.3m - $7.8m),$387.4m,1901.0,74.29,75000.0,7.868694446795052
266410,iRacing,iRacing.com Motorsport Simulations,Racing,$1.6m ($1.1m - $2m),$2.2m,1901.0,84.03,750000.0,8.852939779252667
2486740,Sledders,Bonus Stage Publishing,Racing,$1.8m ($1.2m - $2.3m),$3m,1856.0,95.51,150000.0,9.967163438328997
213610,Sonic Adventure 2,SEGA,Racing,$6.8m ($4.9m - $8.7m),$1.6b,1819.0,90.02,1500000.0,9.515373035401977
1447000,MotoGP21,Milestone S.r.l.,Racing,$1.1m ($677.3k - $1.5m),$60.1m,1731.0,82.31,150000.0,8.650681344793533
586130,Survival Driver,HaDe Games,Racing,$887 ($177 - $1.5k),$18.2k,1601.0,52.758,150000.0,5.554803602027331
397950,Clustertruck,tinyBuild,Racing,$6.9m ($4.7m - $9.1m),$179.6m,1480.0,93.75,1500000.0,9.872832187270083
293760,Automation - The Car Company Tycoon Game,Camshaft Software Ltd,Racing,$15.4m ($11.3m - $19.5m),$15.4m,1468.0,93.65,750000.0,9.848196581242663
441870,OutDrive,DNVR Prod,Racing,$289k ($143.1k - $434.9k),$289k,1376.0,78.48,350000.0,8.237271286045456
3453600,Supercar Collection Simulator,Kiki Games,Racing,$852.1k ($584.5k - $1.1m),$1.7m,1354.0,85.56,75000.0,8.933555340804341
1797610,Barro 22,SC Jogos,Racing,$85.3k ($17k - $153.5k),$762.8k,1186.0,86.61,150000.0,9.013092474252147
1328660,Need for Speed Hot Pursuit Remastered,Electronic Arts,Racing,$6.3m ($4.4m - $8.3m),$4.5b,1204.0,81.16,1500000.0,8.61991575626445
1054430,Fling to the Finish,Daedalic Entertainment,Racing,$876.1k ($485.2k - $1.2m),$159.9m,1112.0,86.38,75000.0,9.029325486330858
382560,Hot Lava,Klei Entertainment,Racing,$4.7m ($2.9m - $6.5m),$371.3m,1030.0,92.97,350000.0,9.748518017643026
270850,Car Mechanic Simulator 2014,PlayWay S.A.,Racing,$2.5m ($880.9k - $4.2m),$275.8m,1078.0,82.55,750000.0,8.714558543502086
517710,Redout: Enhanced Edition,34BigThings srl,Racing,$4.8m ($3m - $6.7m),$5.5m,1005.0,84.95,750000.0,8.945105774688544
1267540,WRC 9 FIA World Rally Championship,Nacon,Racing,$1.5m ($810.5k - $2.2m),$157.6m,989.0,78.21,350000.0,8.250983325621055
248330,Dino Run DX,Pixeljam,Racing,$63.2k ($38.7k - $87.7k),$5.3m,979.0,95.09,150000.0,9.859097494262533
785260,Team Sonic Racing,SEGA,Racing,$3.9m ($2.7m - $5.1m),$1.6b,971.0,73.44,350000.0,7.797235589287262
2069310,RealFlight Evolution,"Horizon Hobby, LLC",Racing,$4.7m ($2.4m - $7m),$5.9m,880.0,85.06,35000.0,8.883294120618224
397340,SimplePlanes,"Jundroo, LLC",Racing,$4.5m ($3m - $6m),$6.2m,873.0,93.52,750000.0,9.797322578708036
410340,Liftoff: FPV Drone Racing,LuGus Studios,Racing,$9.4m ($6m - $12.8m),$10.5m,826.0,95.14,750000.0,9.970577715101113
1456200,Initial Drift Online,RewindApp,Racing,$497.6k ($281.5k - $713.7k),$1.8m,826.0,78.56,150000.0,8.226217805150899
849100,Alaskan Road Truckers,Green Man Gaming Publishing,Racing,$1.6m ($1.1m - $2.2m),$2.7m,815.0,62.8,150000.0,6.668522751193479
263760,Turbo Dismount,Secret Exit Ltd.,Racing,$2.3m ($1.4m - $3.2m),$2.6m,761.0,93.64,750000.0,9.791592375986017
300380,Road Redemption,Tripwire Presents,Racing,$6.6m ($4.3m - $8.9m),$51.6m,754.0,83.07,1500000.0,8.777969565500891
497180,Street Legal Racing: Redline v2.3.1,Activision Value Publishing Inc.,Racing,$656.2k ($417.9k - $894.5k),$670.5k,747.0,88.91,350000.0,9.276892753522167
2758280,Boldly Forward,SmallMill,Racing,$23.2k ($15.8k - $30.6k),$25.8k,747.0,40.851,35000.0,4.356828606971023
1578390,My Garage,Viking Game Studio,Racing,$1.2m ($825.8k - $1.7m),$1.3m,727.0,91.51,350000.0,9.54766588442083
358270,Death Rally (Classic),3D Realms (Apogee Software),Racing,0,$0 ,699.0,88.308,150000.0,9.014907241560397
2696480,Nothing,Pixelatto,Racing,$113.1k ($22.6k - $203.6k),$1.3m,690.0,85.221,150000.0,8.863815024046819
1004750,WRC 8 FIA World Rally Championship,Nacon,Racing,$625.5k ($286.1k - $964.8k),$157.6m,678.0,73.82,350000.0,7.787581992529938
6220,FlatOut,Strategy First,Racing,$164.4k ($93k - $235.7k),$11.8m,631.0,91.87,150000.0,9.540835775681169
775900,MotoGP18,Milestone S.r.l.,Racing,$1.5m ($901.6k - $2.1m),$60.1m,615.0,79.53,75000.0,8.329625528491492
711750,Monster Energy Supercross - The Official Videogame,Milestone S.r.l.,Racing,$1.1m ($820.4k - $1.5m),$60.1m,601.0,83.83,75000.0,8.754403338751194
1238080,Burnout Paradise Remastered,Electronic Arts,Racing,$2.1m ($1.5m - $2.8m),$4.5b,588.0,63.82,750000.0,6.832226697325896
505170,Carmageddon: Max Damage,THQ Nordic,Racing,$2.1m ($1.4m - $2.9m),$387.4m,586.0,79.88,350000.0,8.410534301960835
732430,Superflight,GrizzlyGames,Racing,$829.1k ($542.2k - $1.1m),$9.7m,578.0,96.43,750000.0,10.05288600499731
1070580,Drift86,RewindApp,Racing,$275.3k ($151.8k - $398.9k),$1.8m,563.0,91.45,350000.0,9.513744296861596
1078760,Motorcycle Mechanic Simulator 2021,PlayWay S.A.,Racing,$1.8m ($886.1k - $2.7m),$275.8m,528.0,70.09,75000.0,7.390085254814321
882020,Monster Energy Supercross - The Official Videogame 2,Milestone S.r.l.,Racing,$606.1k ($415.6k - $796.6k),$60.1m,513.0,85.84,75000.0,8.9418404382334
431600,Automobilista,Reiza Studios,Racing,$1.2m ($835k - $1.6m),$13.7m,487.0,89.31,350000.0,9.32536013002865
1668080,Pinchcliffe Grand Prix,Ravn Studio,Racing,$354.9k ($180.9k - $528.9k),$375k,484.0,48.285,35000.0,5.137931406990638
235800,Audiosurf 2,Dylan Fitterer,Racing,$3.4m ($2.3m - $4.4m),$5.3m,473.0,82.71,350000.0,8.675534402521627
431590,Earn to Die 2,Not Doppler,Racing,$159.4k ($107.9k - $211k),$160k,459.0,92.77,75000.0,9.586588031501499
1307710,GRID Legends,Electronic Arts,Racing,$2m ($1.2m - $2.9m),$4.5b,455.0,76.31,150000.0,8.036512282943542
233610,Distance,Refract,Racing,$4.4m ($2.9m - $5.9m),$4.4m,452.0,93.3,350000.0,9.73608241899106
520010,Climbey,ShadowBrain Games,Racing,$718.7k ($449.1k - $988.3k),$719.3k,442.0,91.29,75000.0,9.465758072079986
1324350,Turbo Golf Racing,Hugecalf Studios,Racing,$238.9k ($159k - $318.7k),$253.4k,439.0,86.84,75000.0,9.000063751841571
2058750,Monster Energy Supercross - The Official Videogame 6,Milestone S.r.l.,Racing,$709.7k ($438.1k - $981.4k),$60.1m,428.0,62.55,10000.0,6.564372108690365
400800,MXGP2 - The Official Motocross Videogame,Milestone S.r.l.,Racing,$950k ($610.4k - $1.2m),$60.1m,425.0,74.67,75000.0,7.825557393603932
302590,Of Guards And Thieves,Subvert Games,Racing,$4.4k ($2.8k - $5.9k),$4.4k,415.0,75.042,750000.0,7.794699168301135
952040,MUSYNX,Wave Game,Racing,$697.7k ($375.5k - $1m),$697.2k,424.0,89.09,350000.0,9.278437036852198
837880,You Suck at Parking - Complete Edition,Curve Games,Racing,$334.7k ($159.5k - $510k),$196.4m,409.0,79.32600000000001,150000.0,8.295410443128766
1097130,Circuit Superstars,Original Fire Games,Racing,$1m ($629.8k - $1.4m),$1.1m,381.0,87.17,350000.0,9.090319462406585
626680,Kreedz Climbing,ObsessionSoft,Racing,0,$0 ,376.0,0.0,350000.0,0.18858424786568884
2102520,Apex Point,Apex Studio,Racing,$1.2m ($910.9k - $1.6m),$1.2m,370.0,87.58,150000.0,9.114445817436884
320140,Absolute Drift,Funselektor Labs Inc.,Racing,$966.1k ($653k - $1.2m),$4.9m,342.0,89.85,150000.0,9.34188785205005
2280390,Tennis Manager 2023,Rebound CG,Racing,$386.6k ($251.8k - $521.4k),$1.1m,343.0,73.48500000000001,10000.0,7.625062768259571
202310,Ridge Racer Unbounded,BANDAI NAMCO Entertainment,Racing,$155.7k ($86.7k - $224.7k),$478.1m,336.0,63.54,350000.0,6.722410141342981
1859470,PAC-MAN WORLD Re-PAC,Bandai Namco Entertainment,Racing,$913.8k ($493.2k - $1.3m),$1.7b,315.0,92.57,75000.0,9.620053685635058
1428100,Instruments of Destruction,Secret Mode,Racing,$863.1k ($585.5k - $1.1m),$74.5m,335.0,91.98,35000.0,9.531646368783074
2051120,HOT WHEELS UNLEASHED 2 - Turbocharged,Milestone S.r.l.,Racing,$878.9k ($547.6k - $1.2m),$60.1m,296.0,76.26,10000.0,7.9270884449947605
3241660,R.E.P.O.,semiwork,Roguelike,$140.6m ($88.9m - $192.3m),$142m,266908.0,96.36,15000000.0,10.38919814326267
1313140,Cult of the Lamb,Devolver Digital,Roguelike,$64.7m ($46m - $83.4m),$501.4m,56262.0,95.61,3500000.0,10.227459835710832
1145360,Hades,Supergiant Games,Roguelike,$153.1m ($110.9m - $195.4m),$259.2m,54015.0,98.14,7500000.0,10.505979077875258
1794680,Vampire Survivors,poncle,Roguelike,$36.8m ($22.9m - $50.7m),$36.8m,77061.0,98.45,7500000.0,10.518897667785847
2420510,HoloCure - Save the Fans!,KayAnimate,Roguelike,0,$0 ,45173.0,0.0,1500000.0,0.46809250113532985
646570,Slay the Spire,Mega Crit,Roguelike,$90.1m ($65.1m - $115.2m),$90.1m,32937.0,97.77,7500000.0,10.441418680693864
1504570,Cultivation Tales,Ac Games,Roguelike,$2.4m ($1.4m - $3.5m),$2.4m,34664.0,38.01,750000.0,4.347144139146883
2218750,Halls of Torment,Chasing Carrots,Roguelike,$5.4m ($3.8m - $7m),$8.1m,26005.0,95.72,750000.0,10.126241258666784
2445690,Lost Castle 2,Hunter Studio,Roguelike,$8m ($4.9m - $11.1m),$8m,20208.0,79.54,350000.0,8.4890061461904
2103140,Magicraft,bilibili,Roguelike,$7.5m ($4.9m - $10m),$133.8m,18834.0,92.27,750000.0,9.788034511646156
2066020,Soulstone Survivors,Game Smithing Limited,Roguelike,$9.8m ($6.9m - $12.7m),$9.8m,18822.0,91.29,750000.0,9.68270845725994
311690,Enter the Gungeon,Devolver Digital,Roguelike,$29.4m ($19.9m - $39m),$501.4m,15767.0,95.43,3500000.0,10.158579432915362
2135150,Elin,Lafrontier,Roguelike,$6.7m ($4.3m - $9.1m),$6.7m,18203.0,93.4,750000.0,9.885514206400224
619820,Heroes of Hammerwatch II,Team17,Roguelike,$6.3m ($4.1m - $8.5m),$491.6m,15540.0,83.84,1500000.0,8.957653933131711
2784470,9 Kings,Hooded Horse,Roguelike,$8.1m ($5.5m - $10.8m),$205m,13850.0,93.48,350000.0,9.885374932596205
1102190,Monster Train,Good Shepherd Entertainment,Roguelike,$20.1m ($12.2m - $27.9m),$91m,14037.0,95.99,750000.0,10.163610926718066
1599600,PlateUp!,Yogscast Games,Roguelike,$25.8m ($15.1m - $36.4m),$37.9m,12406.0,94.89,1500000.0,10.065200005972654
113200,The Binding of Isaac,Edmund McMillen,Roguelike,$8.6m ($4.8m - $12.3m),$13.1m,12295.0,94.68,1500000.0,10.023396745593928
1416920,Chinese Online Game,Wise Games,Roguelike,$2m ($1.2m - $2.9m),$2.9m,12288.0,82.82,350000.0,8.777090806714934
881100,Noita,Nolla Games,Roguelike,$46.7m ($31.3m - $62.2m),$46.7m,9144.0,95.23,3500000.0,10.118263421128983
2071280,Ravenswatch,Nacon,Roguelike,$16.3m ($11m - $21.6m),$157.6m,8899.0,80.6,350000.0,8.592713551577706
3228590,Deadzone: Rogue,Prophecy Games,Roguelike,$10.7m ($7.6m - $13.7m),$11m,8655.0,84.58,350000.0,8.9723295793097
2933080,Crime Boss: Rockay City,505 Games,Roguelike,$3.1m ($2m - $4.2m),$293.6m,7586.0,68.18,350000.0,7.324298631331113
200210,Realm of the Mad God Exalt,Deca Live Operations GmbH,Roguelike,$39.1m ($26.5m - $51.6m),$39.1m,6072.0,71.91000000000001,750000.0,7.735707982949356
2719030,Meme Mayhem,Cr3 Studio,Roguelike,$1.5m ($909.1k - $2.2m),$1.5m,6006.0,75.02,350000.0,7.967907681168977
3109580,I Am Legion: Stand Survivors,Gamersky Games,Roguelike,$1m ($646.6k - $1.3m),$60.7m,6733.0,83.45,350000.0,8.82440066258929
2132850,Rabbit and Steel,mino_dev,Roguelike,$5.4m ($3.6m - $7.3m),$5.7m,5386.0,97.24,350000.0,10.210876339562873
692890,Roboquest,RyseUp Studios,Roguelike,$15.4m ($10.4m - $20.4m),$15.4m,5616.0,95.22,750000.0,10.04675038725846
2608350,Snezhinka:Sentinel Girls2,hinyari9,Roguelike,$423.5k ($272.7k - $574.4k),$1.3m,5356.0,96.38,350000.0,10.081357300927818
434650,Lost Castle / 失落城堡,Neon Doctrine,Roguelike,$9.7m ($6.2m - $13.3m),$16.2m,4604.0,87.32,1500000.0,9.259628070498076
330020,Children of Morta,11 bit studios,Roguelike,$6m ($3.2m - $8.8m),$176.2m,4313.0,89.01,1500000.0,9.429842614877737
512900,Streets of Rogue,tinyBuild,Roguelike,$4.4m ($2.6m - $6.2m),$179.6m,4265.0,96.29,1500000.0,10.15306788989143
382490,Relic Hunters Zero: Remix,Akupara Games,Roguelike,0,$33.7m,3777.0,79.236,1500000.0,8.350614946467331
2138710,Sifu,Sloclap,Roguelike,$29.3m ($18.1m - $40.4m),$67.7m,3136.0,92.54,750000.0,9.776397263638154
690040,SUPERHOT: MIND CONTROL DELETE,SUPERHOT Team,Roguelike,$7m ($4.5m - $9.6m),$43.2m,3718.0,85.42,1500000.0,9.062465011935151
2501600,DICEOMANCER,Gamirror Games,Roguelike,$3m ($1.9m - $4.1m),$118.8m,3045.0,96.37,150000.0,10.091679905341884
2854740,Nunholy,Chowbie,Roguelike,$1.2m ($856.2k - $1.6m),$1.9m,2987.0,89.24,150000.0,9.347047740596862
861540,Dicey Dungeons,Terry Cavanagh,Roguelike,$6.7m ($4.4m - $9.1m),$9.1m,2976.0,89.25,350000.0,9.39864188326609
2697930,Commander Quest,"Flyway Games, Inc.",Roguelike,$678.4k ($455.9k - $900.9k),$798.9k,2725.0,75.95,75000.0,7.98766378688246
1178790,Shiren the Wanderer: The Tower of Fortune and the Dice of Fate,"Spike Chunsoft Co., Ltd.",Roguelike,$845.4k ($488.7k - $1.2m),$94.5m,2658.0,75.73,150000.0,8.004073076350085
1280930,Astral Ascent,Hibernian Workshop,Roguelike,$3.1m ($2.1m - $4.1m),$3.1m,2409.0,94.72,350000.0,9.923276659203204
1929870,Nomad Survival,The Fox Knocks,Roguelike,$276.5k ($158.6k - $394.4k),$695.7k,2373.0,87.91,350000.0,9.200265994241084
1286580,Ship of Fools,Team17,Roguelike,$5.2m ($3.2m - $7.2m),$491.6m,2319.0,82.27,750000.0,8.723401242165572
1682060,Warriors of the Nile 2,Gamirror Games,Roguelike,$315k ($189.8k - $440.2k),$118.8m,2199.0,88.52,150000.0,9.263827035986235
2185780,Return to abyss 重返深渊,Wingjoy Games,Roguelike,$239.6k ($159.2k - $320k),$272.5k,2049.0,79.58,150000.0,8.337630378212609
2086430,NIMRODS,Fiveamp,Roguelike,$1m ($692.1k - $1.3m),$1.2m,2130.0,85.33,350000.0,8.959948230975442
857980,Void Bastards,Blue Manchu,Roguelike,$4.1m ($2.6m - $5.6m),$4.1m,2088.0,86.79,350000.0,9.131110907242203
2780710,Asgard's Fall — Viking Survivors,Assemble Entertainment,Roguelike,$461.2k ($314.1k - $608.3k),$24.3m,1906.0,82.25,75000.0,8.615608869107094
619780,The Swords of Ditto: Mormo's Curse,Devolver Digital,Roguelike,$1.1m ($728.9k - $1.6m),$501.4m,1852.0,62.77,350000.0,6.7268517271761015
2116060,Epic Auto Towers,Aleksandr Golovkin,Roguelike,$537.2k ($377.4k - $697.1k),$1.1m,1807.0,70.71,10000.0,7.403756249110962
858210,Nova Drift,Pixeljam,Roguelike,$4.7m ($3.4m - $6m),$5.3m,1696.0,95.75,350000.0,10.023757548288238
2056210,LONESTAR,Thermite Games,Roguelike,$1.1m ($777.4k - $1.6m),$5.1m,1539.0,91.2,75000.0,9.509939043518262
2996040,Teenage Mutant Ninja Turtles: Splintered Fate,Super Evil Megacorp,Roguelike,$2.5m ($1.7m - $3.3m),$2.5m,1455.0,82.63,350000.0,8.694614447427092
396750,EVERSPACE,ROCKFISH Games,Roguelike,$9.8m ($6.7m - $12.8m),$21.8m,1403.0,77.74,750000.0,8.250710705142717
2529820,Wedding Witch,Chowbie,Roguelike,$673.2k ($443.5k - $902.9k),$1.9m,1378.0,89.35,350000.0,9.344677949448307
1409730,Hero of Not Our Time,Hide Head,Roguelike,$37.9k ($13.3k - $62.4k),$53.7k,1290.0,64.48500000000001,10000.0,6.719334488415756
362490,Exanima,Bare Mettle Entertainment,Roguelike,$5.5m ($3.7m - $7.2m),$5.5m,1251.0,81.33,750000.0,8.5918629273553
598060,Slasher's Keep,Damian Schloter,Roguelike,$1.2m ($836.4k - $1.6m),$1.2m,1242.0,83.47,75000.0,8.725368987025995
2853160,SHOOPER NOVA,gamersky games,Roguelike,$227.9k ($141.9k - $313.8k),$227.9k,1237.0,73.962,35000.0,7.726091344892007
603960,Star of Providence,Team D-13,Roguelike,$844.8k ($537.2k - $1.1m),$844.2k,1201.0,96.79,75000.0,10.049720015921007
853450,Nevergrind Online,Neverworks Games,Roguelike,$254k ($155.5k - $352.4k),$265.1k,1175.0,87.16,75000.0,9.063606848364662
364420,Roguelands,SmashGames,Roguelike,$2m ($1.2m - $2.7m),$12.4m,1111.0,80.49,350000.0,8.475877902362946
2479830,The Braves,101XP,Roguelike,$196.2k ($100k - $292.5k),$3.9m,1096.0,0.0,350000.0,0.3877423658717658
2435090,Talented,TurtleFox Games,Roguelike,$412k ($252.5k - $571.5k),$412k,1063.0,92.14,35000.0,9.550344642260187
1456820,Marfusha:Sentinel Girls ,hinyari9,Roguelike,$912.1k ($523k - $1.3m),$1.3m,1047.0,93.82,350000.0,9.785964911751947
2128270,Path of Achra,Slouching Beast LLC,Roguelike,$841.5k ($631.8k - $1m),$841.2k,1033.0,98.29,75000.0,10.194983424045637
1494810,Mortal Sin,Nikola Todorovic,Roguelike,$4.1m ($2.8m - $5.5m),$4.1m,1030.0,95.12,350000.0,9.942232637827377
1601740,Corpse Keeper,Thermite Games,Roguelike,$608.1k ($384.6k - $831.6k),$5.1m,1004.0,76.47,35000.0,7.998014149496282
3064290,Trizon,Ling,Roguelike,$165.9k ($111.3k - $220.5k),$165.9k,980.0,83.52900000000001,10000.0,8.641526234455588
2343600,Endgame of Devil,Anotherindie,Roguelike,$332.4k ($217.6k - $447.1k),$1.4m,984.0,88.87,150000.0,9.25569163454104
1135810,Vault of the Void,Spider Nest Games,Roguelike,$1.1m ($797.1k - $1.4m),$1.1m,963.0,92.57,350000.0,9.66038466256508
2917350,Spin Hero,Goblinz Publishing,Roguelike,$474.1k ($293.7k - $654.6k),$29.1m,890.0,75.0,75000.0,7.868206410950114
1037020,ScourgeBringer,Dear Villagers,Roguelike,$1.2m ($859.5k - $1.5m),$33.7m,814.0,88.28,350000.0,9.242105218170414
3141720,Monster Battles,Fourteen,Roguelike,$268.1k ($174.1k - $362.2k),$268.1k,797.0,69.33600000000001,10000.0,7.224864496595784
420790,StarBreak,Crunchy Games,Roguelike,0,$0 ,764.0,70.00200000000001,350000.0,7.22167017075573
1972440,Shotgun King: The Final Checkmate,PUNKCAKE Delicieux,Roguelike,$3.1m ($1.9m - $4.2m),$3.1m,756.0,93.05,350000.0,9.72039869916803
1029210,30XX,Batterystaple Games,Roguelike,$1.2m ($766.9k - $1.6m),$3m,749.0,90.85,150000.0,9.46717779073823
252610,Death Road to Canada,Rocketcat Games,Roguelike,$5.4m ($3m - $7.7m),$5.6m,733.0,93.17,350000.0,9.742045745375652
1471410,SYNTHETIK 2,Flow Fire Games,Roguelike,$1.4m ($971.7k - $1.9m),$4.3m,698.0,80.44,750000.0,8.463854923329519
2468100,Pyrene,Indie Asylum,Roguelike,$255.8k ($187.5k - $324.1k),$1.1m,646.0,93.17,35000.0,9.63520827422169
1304680,Voidigo,semiwork,Roguelike,$1.3m ($992.2k - $1.7m),$142m,622.0,96.72,350000.0,10.085106416729692
2002220,Keeper's Toll,Stingbot Games,Roguelike,$159.5k ($107.4k - $211.7k),$168.8k,614.0,89.42,35000.0,9.243740463392202
274500,Brigador: Up-Armored Edition,Stellar Jockeys,Roguelike,$3m ($2.1m - $3.8m),$2.9m,594.0,94.27,350000.0,9.834175695796299
1638390,Indies' Lies,Erabit,Roguelike,$321.2k ($186.4k - $456.1k),$10.5m,596.0,74.96,35000.0,7.824689686437847
2908950,Tunnel Escape,Saikey Studios,Roguelike,$340.2k ($193.7k - $486.7k),$1.8m,580.0,69.13799999999999,35000.0,7.23493016282683
2404370,YOHANE THE PARHELION -BLAZE in the DEEPBLUE-,"INTI CREATES CO., LTD.",Roguelike,$417.6k ($289.8k - $545.4k),$8.5m,563.0,92.8,35000.0,9.609839297767044
2752720,Dice Player One,KDream,Roguelike,$239k ($148.8k - $329.2k),$265.4k,541.0,81.945,10000.0,8.472065222348986
2881800,SuperTaxCity,KIC Games,Roguelike,$128.7k ($76.6k - $180.9k),$255.5k,535.0,81.063,10000.0,8.374357053989884
1700270,Lucky Tower Ultimate,AMC Games,Roguelike,$596.4k ($413k - $779.8k),$889.3k,491.0,93.77,35000.0,9.698121608297104
1253610,Knights of Braveland,Tortuga Team,Roguelike,$254.4k ($168.7k - $340.1k),$1m,516.0,65.727,75000.0,6.900553946077751
1536620,Galactic Glitch,Crunchy Leaf Games,Roguelike,$178.8k ($132.4k - $225.3k),$474.3k,468.0,86.73,10000.0,8.944350286890254
1456760,ROBOBEAT,Kwalee,Roguelike,$1.3m ($903.6k - $1.8m),$21.8m,468.0,94.85,35000.0,9.82967107704371
698870,Metaverse Keeper / 元能失控,Sparks Games,Roguelike,$481.8k ($277.4k - $686.3k),$481.8k,466.0,77.59,150000.0,8.105397959482355
926390,Infected Shelter,Dark Blue Games,Roguelike,$79 ($52 - $107),$80 ,432.0,76.545,150000.0,7.834779702771578
2111870,Section 13,"Ocean Drive Studio, Inc.",Roguelike,$258.4k ($189.5k - $327.4k),$2.6m,428.0,70.16,35000.0,7.325309339510837
3021630,Savara,Ankama Games,Roguelike,$237.7k ($166.1k - $309.4k),$2.4m,421.0,79.569,10000.0,8.236063455806802
585710,Blazing Beaks,Applava,Roguelike,$1.2m ($760.1k - $1.8m),$1.2m,414.0,84.2,10000.0,8.719219078888376
2852980,Necroking,Alawar,Roguelike,$243.6k ($150.9k - $336.2k),$13.3m,413.0,81.12,75000.0,8.443423110969917
360740,Downwell,Devolver Digital,Roguelike,$726.1k ($513.5k - $938.8k),$501.4m,405.0,96.6,350000.0,10.05677435992215
528730,Crypt of the Serpent King,Rendercode Games,Roguelike,$21.1k ($11.4k - $30.8k),$21.2k,398.0,73.188,35000.0,7.5688375064035185
397540,Borderlands 3,2K,Shooter,$143.6m ($90.4m - $196.7m),$1.7b,93597.0,81.18,3500000.0,8.81705141580289
632360,Risk of Rain 2,Gearbox Publishing,Shooter,$153.9m ($102.7m - $205.1m),$259.9m,74945.0,93.65,7500000.0,10.067212694746638
444090,Paladins,Hi-Rez Studios,Shooter,$45.8m ($29.4m - $62.1m),$199.7m,60566.0,83.2,15000000.0,9.012397573034583
1144200,Ready or Not,VOID Interactive,Shooter,$266.2m ($170.1m - $362.4m),$265.9m,55174.0,76.93,7500000.0,8.393789510848027
243470,Watch_Dogs,Ubisoft,Shooter,$39m ($23.1m - $54.8m),$2.4b,47820.0,78.71,1500000.0,8.512776606412144
504370,Battlerite,Stunlock Studios,Shooter,$648.5k ($471.5k - $825.4k),$106.5m,44850.0,88.01,3500000.0,9.386871352030512
1337520,Risk of Rain Returns,Gearbox Publishing,Shooter,$13.3m ($8.7m - $18m),$259.9m,41838.0,89.75,1500000.0,9.587472348896545
393380,Squad,Offworld,Shooter,$185.5m ($122.7m - $248.4m),$227.9m,38573.0,82.64,3500000.0,8.930704002335556
319830,AX:EL - Air XenoDawn,KISS ltd,Shooter,0,$1.3m,35782.0,54.0,1500000.0,5.917557979674296
1229490,ULTRAKILL,New Blood Interactive,Shooter,$44.9m ($27.4m - $62.5m),$67m,27835.0,97.7,7500000.0,10.417808251504372
1217060,Gunfire Reborn,Duoyi Games,Shooter,$54.1m ($33.4m - $74.7m),$54.5m,35002.0,93.33,3500000.0,9.972648901898154
1237970,Titanfall 2,Electronic Arts,Shooter,$61.6m ($40.5m - $82.7m),$4.5b,27547.0,95.52,7500000.0,10.222103532899041
1259420,Days Gone,PlayStation Publishing LLC,Shooter,$70.9m ($47m - $94.8m),$1.3b,27380.0,92.71,3500000.0,9.920557977210004
209000,Batman: Arkham Origins,Warner Bros. Interactive Entertainment,Shooter,$25.2m ($15.8m - $34.6m),$446.3m,24938.0,89.77,3500000.0,9.604043139829734
202970,Call of Duty: Black Ops II,Activision,Shooter,$83.4m ($44.2m - $122.6m),$1.5b,18202.0,86.23,3500000.0,9.262883120830596
312660,Sniper Elite 4,Rebellion,Shooter,$87.9m ($58.1m - $117.7m),$225m,17294.0,91.38,3500000.0,9.768936509565094
35450,Red Orchestra 2: Heroes of Stalingrad with Rising Storm,Tripwire Interactive,Shooter,$30.9m ($17.2m - $44.6m),$237.9m,16311.0,93.56,3500000.0,9.970160645474241
1268750,Starship Troopers: Extermination,Offworld,Shooter,$19m ($12.3m - $25.8m),$227.9m,16065.0,81.21,1500000.0,8.708442180841171
550650,Black Squad,VALOFE,Shooter,$14.9m ($11.4m - $18.5m),$27.3m,15766.0,58.698,15000000.0,6.495649547806997
2870,X Rebirth,Egosoft,Shooter,$4.6m ($2.7m - $6.5m),$37.8m,14664.0,41.98,750000.0,4.738758943731131
581320,Insurgency: Sandstorm,Focus Entertainment,Shooter,$68m ($47.3m - $88.7m),$728.4m,14474.0,85.82,3500000.0,9.208720815764377
1836120,QUICKERFLAK,Walter Machado,Shooter,$7.1k ($1.4k - $12.9k),$297.2k,13919.0,89.37,150000.0,9.325182393091403
364210,Sierra Ops - Space Strategy Visual Novel,Sekai Project,Shooter,$128.5k ($25.7k - $231.3k),$39.2m,12559.0,74.25,350000.0,7.892005240135715
939960,Far Cry New Dawn,Ubisoft,Shooter,$22.2m ($17m - $27.4m),$2.4b,12369.0,75.36,1500000.0,8.127689431178052
55150,"Warhammer 40,000: Space Marine - Anniversary Edition",Relic Entertainment,Shooter,$17.4m ($11.3m - $23.6m),$145.1m,12060.0,92.47,3500000.0,9.84133810475455
1324780,Easy Red 2,Corvostudio di Amadei Marco,Shooter,$3.5m ($1.9m - $5.2m),$3.7m,12000.0,90.05,350000.0,9.508536825130335
505460,Foxhole,Siege Camp,Shooter,$34.5m ($23.1m - $45.9m),$35.4m,11778.0,83.92,1500000.0,8.970523801782557
9200,RAGE,Bethesda Softworks,Shooter,$13.5m ($7.5m - $19.4m),$2.1b,10510.0,76.19,1500000.0,8.197839329749595
273110,Counter-Strike Nexon: Studio,NEXON,Shooter,0,$184.6m,9858.0,72.65,7500000.0,7.807008249598915
1359090,Zero Hour,AttritoM7 Productions,Shooter,$12.3m ($8.4m - $16.1m),$12.3m,7302.0,79.02,750000.0,8.43065180635392
362890,Black Mesa,Crowbar Collective,Shooter,$28m ($20.7m - $35.2m),$27.9m,7116.0,95.07,3500000.0,10.084851029660452
1288320,Way of the Hunter,THQ Nordic,Shooter,$9.5m ($6.5m - $12.5m),$387.4m,6912.0,81.55,350000.0,8.675887890373104
9480,Saints Row 2,Deep Silver,Shooter,$3.9m ($2.4m - $5.4m),$567.3m,6444.0,74.93,3500000.0,8.052016384964945
515570,UBERMOSH Vol.3,Walter Machado,Shooter,$21.7k ($8.7k - $34.7k),$297.2k,6182.0,92.0,350000.0,9.598275761699018
1139900,Ghostrunner,505 Games,Shooter,$50.7m ($32.2m - $69.1m),$293.6m,5033.0,91.82,3500000.0,9.767836531182104
674940,Stick Fight: The Game,Landfall,Shooter,$27.1m ($16.7m - $37.6m),$200.8m,5033.0,93.63,3500000.0,9.938101071009815
312530,Duck Game,CORPTRON GAMES CORP.,Shooter,$10.9m ($7m - $14.8m),$10.9m,5004.0,97.2,3500000.0,10.269199836737
2239550,Watch Dogs: Legion,Ubisoft,Shooter,$5.2m ($3.4m - $7m),$2.4b,4997.0,56.96,350000.0,6.205886758730445
530620,Resident Evil 7 Teaser: Beginning Hour,"CAPCOM Co., Ltd.",Shooter,0,$1.8b,3834.0,87.91,1500000.0,9.235748966972196
823500,BONEWORKS,Stress Level Zero,Shooter,$31.2m ($21.1m - $41.2m),$49.4m,3820.0,92.53,1500000.0,9.796609174185134
107200,Space Pirates and Zombies,MinMax Games Ltd.,Shooter,$663k ($349.8k - $976.3k),$3.2m,3595.0,91.64,750000.0,9.622467387760022
767560,War Robots,MY.GAMES,Shooter,$73.2m ($42.7m - $103.7m),$115.8m,3220.0,0.0,7500000.0,0.5904413953280627
1635450,Longvinter,Uuvana Studios,Shooter,$5.7m ($3.6m - $7.7m),$5.7m,3121.0,68.47,150000.0,7.29876910240127
1065310,Evil West,Focus Entertainment,Shooter,$10.5m ($7.5m - $13.4m),$728.4m,3059.0,74.52,1500000.0,7.9844176832523
418650,Space Pirate Trainer,I-Illusions,Shooter,$3.2m ($2m - $4.3m),$3.5m,2740.0,94.72,350000.0,9.928245392160939
2320,Quake II,Bethesda Softworks,Shooter,$1.4m ($918.9k - $2m),$2.1b,2726.0,95.23,1500000.0,10.027084728339972
1857740,MOBILE SUIT GUNDAM SEED BATTLE DESTINY REMASTERED,Bandai Namco Entertainment Inc.,Shooter,$970.9k ($661k - $1.2m),$237.6m,2718.0,78.06,35000.0,8.21110606612124
657200,Hand Simulator,HFM Games,Shooter,$1.3m ($826.2k - $1.9m),$3.2m,2674.0,84.3,1500000.0,8.904628563321465
2280,DOOM + DOOM II,Bethesda,Shooter,$4.8m ($3.1m - $6.6m),$4.8m,2668.0,96.64,1500000.0,10.159289661771973
654990,Dude Simulator,Kiddy,Shooter,$32.7k ($17.7k - $47.7k),$169.2k,2571.0,60.78,750000.0,6.469733803277893
263980,Out There Somewhere,Senpai Industrial Studios,Shooter,$362.3k ($221.8k - $502.7k),$1m,2268.0,92.88,350000.0,9.701348323669425
816090,Space Hulk: Deathwing Enhanced Edition,Focus Entertainment,Shooter,$15.1m ($9.1m - $21.1m),$728.4m,2297.0,72.08,750000.0,7.721291176609607
2218400,Greedland,Gamersky Games,Shooter,$1.3m ($918.4k - $1.6m),$60.7m,2172.0,84.51,350000.0,8.899172930870243
1175460,Revita,Dear Villagers,Shooter,$742.5k ($499.3k - $985.7k),$33.7m,2106.0,83.45,350000.0,8.781552702197692
433350,BlackShot: Mercenary Warfare FPS,Papaya Play,Shooter,$353.1k ($248.2k - $457.9k),$860.2k,2117.0,56.07,750000.0,6.034279090165757
408410,X-Morph: Defense,EXOR Studios,Shooter,$679.2k ($408.7k - $949.7k),$19.9m,2057.0,91.2,350000.0,9.552271770919726
2078450,"Warhammer 40,000: Speed Freeks",Wired Productions,Shooter,$1.6m ($755.4k - $2.5m),$13.4m,2000.0,77.274,150000.0,8.150574837027255
578310,BRAIN / OUT,Desertkun,Shooter,$39.9k ($25.9k - $53.9k),$39.9k,1978.0,70.974,1500000.0,7.493256494782777
1547000,Grand Theft Auto: San Andreas – The Definitive Edition,Rockstar Games,Shooter,$14.3m ($10.7m - $17.9m),$770.8m,1911.0,78.34,750000.0,8.34104467291385
1676130,Deadlink,SuperGG.com,Shooter,$1.7m ($1.3m - $2.2m),$3.1m,1907.0,90.6,1500000.0,9.527924685309602
17470,Dead Space (2008),Electronic Arts,Shooter,$18.7m ($12.3m - $25.1m),$4.5b,1754.0,92.36,3500000.0,9.786377086159504
2782610,Bad 2 Bad: Apocalypse,DAWINSTONE,Shooter,$504.7k ($342.1k - $667.3k),$504.4k,1710.0,76.93,35000.0,8.047880090751544
1968730,Bounty of One,OptizOnion,Shooter,$1.2m ($648.9k - $1.9m),$1.2m,1611.0,88.24,150000.0,9.225959551732727
667720,Red Faction Guerrilla Re-Mars-tered,Deep Silver,Shooter,$3.2m ($1.8m - $4.5m),$567.3m,1506.0,79.78,750000.0,8.454587807322993
1494420,Silica,Bohemia Interactive,Shooter,$2.7m ($1.9m - $3.5m),$619.3m,1421.0,77.07,350000.0,8.162610825729141
13520,Far Cry,Ubisoft,Shooter,$3.7m ($2.1m - $5.3m),$2.4b,1235.0,81.8,3500000.0,8.693263727727734
2206270,Vampire Hunters,Gamecraft Studios,Shooter,$1.2m ($794.9k - $1.7m),$1.2m,1217.0,90.33,35000.0,9.393656401132699
747610,Zula Global,Madbyte Games,Shooter,$2.9m ($2.1m - $3.8m),$2.9m,1041.0,54.0,1500000.0,5.856663522964034
2930120,愤怒的孙子们,李鸡蛋,Shooter,$55k ($11k - $99k),$55k,1027.0,55.161,150000.0,5.846092892933305
1290330,Time Wasters,Proton Studio,Shooter,$414.9k ($284.2k - $545.5k),$414.9k,1012.0,88.62,350000.0,9.248566946049465
2294130,Goobies,Höganäs Spel,Shooter,$546.3k ($364.6k - $727.9k),$545.9k,1001.0,91.3,75000.0,9.486875578410476
1918040,Army of Ruin,Milkstone Studios,Shooter,$653.1k ($448.3k - $857.9k),$22.7m,1001.0,88.61,350000.0,9.27096680381856
924140,Hand Simulator: Survival,HFM Games,Shooter,$646.6k ($364.8k - $928.4k),$3.2m,985.0,86.48,750000.0,9.066014670715264
33110,Alien Shooter: Revisited,Sigma Team Inc.,Shooter,$178.4k ($81.4k - $275.3k),$2.4m,905.0,64.23,350000.0,6.801353253897424
2427420,S.T.A.L.K.E.R.: Clear Sky - Enhanced Edition,GSC Game World,Shooter,$1.9m ($1m - $2.8m),$20.3m,931.0,55.5,35000.0,5.921160257633606
226720,LOST PLANET 3,Capcom,Shooter,$3.8m ($2.3m - $5.3m),$248m,894.0,64.37,350000.0,6.87931586814456
464060,RUINER,Devolver Digital,Shooter,$6.2m ($4.1m - $8.3m),$501.4m,894.0,89.69,750000.0,9.438532890815594
2096600,Crysis 2 Remastered,Crytek,Shooter,$4.4m ($3m - $5.9m),$187m,857.0,88.96,1500000.0,9.370550722734912
915320,Pixel Strike 3D,Vulcron,Shooter,$78.3k ($55k - $101.7k),$78.3k,852.0,0.0,1500000.0,0.38247258763286457
1540150,Crazy Flasher Series 2021,Andy Law,Shooter,$59.9k ($35k - $84.8k),$98k,882.0,88.46,350000.0,9.193989314431313
2111190,MULLET MADJACK,Epopeia Games,Shooter,$2.3m ($1.5m - $3.1m),$2.4m,784.0,97.68,350000.0,10.17908746477376
332200,Axiom Verge,Thomas Happ Games LLC,Shooter,$3.2m ($2.5m - $4m),$3.6m,786.0,90.7,350000.0,9.487704925305708
1482380,Maniac,Skystone Games,Shooter,$346.1k ($227.5k - $464.7k),$10m,668.0,91.35,150000.0,9.500714150089365
811320,Jupiter Hell,Hyperstrange,Shooter,$1.2m ($720.8k - $1.8m),$8.5m,655.0,91.85,75000.0,9.551952660999211
1292630,3on3 FreeStyle: Rebound,Joycity,Shooter,$7.1m ($4.2m - $9.9m),$7.1m,641.0,63.0,10000.0,6.646201561410213
401680,POSTAL Redux,Running With Scissors,Shooter,$431.6k ($289.6k - $573.6k),$19.5m,628.0,91.98,750000.0,9.603950137158646
2419090,STAR WARS: Bounty Hunter,Aspyr,Shooter,$1.1m ($744.1k - $1.5m),$18m,595.0,84.91,75000.0,8.856929208111138
1250650,AI＊Shoujo/AI＊少女,ILLUSION,Shooter,$4.3m ($2.5m - $6.2m),$63.7m,588.0,76.35,150000.0,8.041336584873871
2400160,Glyphica: Typing Survival,aliasBLACK,Shooter,$602.8k ($399.6k - $806.1k),$602k,497.0,89.92,150000.0,9.34460113399646
1129220,"BEARS, VODKA, BALALAIKA! ",Rabotiagi games,Shooter,$71.9k ($36.5k - $107.4k),$174k,469.0,89.71,150000.0,9.285573939427335
99300,Renegade Ops,SEGA,Shooter,$1.2m ($628.6k - $1.8m),$1.6b,483.0,84.81,750000.0,8.912577336499822
8000,Tomb Raider: Anniversary,Crystal Dynamics,Shooter,$1.9m ($1.2m - $2.6m),$244.2m,461.0,81.51,750000.0,8.579766922584064
1159560,Ziggurat 2,Milkstone Studios,Shooter,$666.6k ($464.5k - $868.6k),$22.7m,415.0,91.07,150000.0,9.471036676937818
253430,CastleMiner Z,DigitalDNA Games,Shooter,$1.9m ($1.3m - $2.5m),$1.9m,452.0,82.94,750000.0,8.70135843315184
1163870,Mecha Knights: Nightmare,Damian Kubiak,Shooter,$513.4k ($290.2k - $736.7k),$513.7k,410.0,91.62,350000.0,9.524630905571762
638490,Soldat,Transhuman Design,Shooter,0,$83.1k,409.0,45.0,350000.0,4.741001318590188
356310,METAL SLUG DEFENSE,SNK CORPORATION,Shooter,$27k ($18.9k - $35.1k),$35.7m,389.0,53.442,750000.0,5.6976293118880985
663690,Rival Rampage,Oddscure,Shooter,0,$113.8k,379.0,45.0,35000.0,4.648495410227095
893680,Project Warlock,Retrovibe,Shooter,$788.3k ($448.5k - $1.1m),$1.3m,378.0,87.85,350000.0,9.155331752036759
405820,Turok,Nightdive Studios,Shooter,$1.1m ($740.2k - $1.4m),$20.5m,357.0,94.03,350000.0,9.788223357247416
1811260,EA SPORTS FIFA 23,Electronic Arts,Simulation,$102.3m ($63.1m - $141.4m),$4.5b,110757.0,56.98,7500000.0,6.418588536027131
1506830,FIFA 22,Electronic Arts,Simulation,$1.9m ($1.1m - $2.8m),$4.5b,108168.0,80.94,3500000.0,8.738811503744957
107410,Arma 3,Bohemia Interactive,Simulation,$223.6m ($161.6m - $285.6m),$619.3m,56185.0,90.63,15000000.0,9.780974435788433
838350,The Scroll Of Taiwu,ConchShip Games,Simulation,$25.3m ($15.1m - $35.5m),$25.3m,72196.0,70.33,3500000.0,7.680740624896158
2709570,Supermarket Together,DeadDevsTellNoLies,Simulation,$2.4m ($1.3m - $3.5m),$2.4m,47731.0,79.839,3500000.0,8.574483659173268
1665460,eFootball,KONAMI,Simulation,$60.1m ($35.5m - $84.7m),$639.8m,27475.0,30.42,15000000.0,3.7188461315089527
219640,Chivalry: Medieval Warfare,Torn Banner Studios,Simulation,$44.8m ($28.9m - $60.7m),$54.9m,25145.0,83.25,7500000.0,8.96877397801043
3059520,F1 25,Electronic Arts,Simulation,$34.4m ($23.7m - $45.1m),$4.5b,22492.0,88.4,150000.0,9.407662821957537
33930,Arma 2: Operation Arrowhead,Bohemia Interactive,Simulation,$20m ($9.9m - $30m),$619.3m,18996.0,92.41,3500000.0,9.857653827520737
246620,Plague Inc: Evolved,Ndemic Creations,Simulation,$38.2m ($23.9m - $52.4m),$44.2m,17889.0,94.43,1500000.0,10.036904250605081
1113120,IXION,Kasedo Games,Simulation,$11m ($7.6m - $14.4m),$25.8m,17143.0,77.63,1500000.0,8.335176299888778
1189630,Path Of Wuxia,香港商河洛互動娛樂股份有限公司,Simulation,$4.6m ($2.7m - $6.5m),$8.8m,16041.0,78.81,750000.0,8.418296721890462
433340,Slime Rancher,Monomi Park,Simulation,$46.2m ($34.1m - $58.4m),$79.3m,16943.0,97.99,3500000.0,10.415481657825836
1290000,PowerWash Simulator,Square Enix,Simulation,$43.1m ($27.5m - $58.8m),$1b,14178.0,96.93,1500000.0,10.294815330536224
279720,The I of the Dragon,TopWare Interactive,Simulation,$161.1k ($65.2k - $256.9k),$1.9m,11552.0,66.384,3500000.0,7.144752239288202
262280,Dungeons 2,Kalypso Media Digital,Simulation,$7.7m ($3.9m - $11.5m),$47.6m,11691.0,79.06,1500000.0,8.463754880320867
1465360,SnowRunner,Focus Entertainment,Simulation,$42.2m ($27.5m - $56.9m),$728.4m,11142.0,90.46,1500000.0,9.638685988211364
616560,Ultimate Epic Battle Simulator,Brilliant Game Studios,Simulation,$4.8m ($2.7m - $6.8m),$12m,10217.0,77.7,750000.0,8.29526917095904
1331550,Big Ambitions,Hovgaard Games,Simulation,$12.1m ($8.1m - $16m),$15.6m,10873.0,92.98,750000.0,9.83976506369615
503560,911 Operator,Games Operators,Simulation,$3.3m ($2m - $4.6m),$28.2m,9931.0,89.01,750000.0,9.423600733685987
2140020,Stronghold: Definitive Edition,Firefly Studios,Simulation,$5.8m ($3.7m - $8m),$45.4m,9555.0,86.2,750000.0,9.151644707100974
1735700,Back to the Dawn,Spiral Up Games,Simulation,$5m ($3.3m - $6.8m),$32.8m,9624.0,93.98,350000.0,9.909233702868756
1258080,Shop Titans,"Kabam Games, Inc.",Simulation,$30m ($16.3m - $43.7m),$30.4m,7981.0,0.0,1500000.0,0.5637832870621999
2161440,Sailing Era,bilibili,Simulation,$2.4m ($1.7m - $3.1m),$133.8m,8311.0,79.1,350000.0,8.412038776044401
1334000,Wordle,Gigantum Games,Simulation,$26.6k ($14.2k - $39k),$144.6k,7995.0,83.33,150000.0,8.720125035485223
753640,Outer Wilds,Annapurna Interactive,Simulation,$42.3m ($31.2m - $53.3m),$188.4m,7936.0,95.56,1500000.0,10.13241701220544
403190,Planetbase,Madruga Works,Simulation,$6.4m ($4.6m - $8.2m),$20.7m,6667.0,79.85,1500000.0,8.51910033691379
415200,Motorsport Manager,Miniclip,Simulation,$11m ($7.6m - $14.4m),$11m,6196.0,91.4,750000.0,9.66146120644599
606150,Moonlighter,11 bit studios,Simulation,$5.4m ($3.4m - $7.4m),$176.2m,6158.0,82.51,3500000.0,8.808334008817916
1227890,Summer Memories,Kagura Games,Simulation,$14.1m ($8.4m - $19.7m),$63.4m,5051.0,92.83,1500000.0,9.824781307548802
1948280,Stacklands,Sokpop Collective,Simulation,$9.4m ($5.7m - $13.1m),$11.5m,5135.0,96.24,750000.0,10.137547808648563
562430,Alien Hostage,Conglomerate 5,Simulation,$11.2k ($5.1k - $17.4k),$2.5m,3966.0,54.72,150000.0,5.837038509479972
1949190,Necrosmith,Alawar,Simulation,$661.3k ($427.6k - $895k),$13.3m,4475.0,86.11,750000.0,9.082313961252693
449300,Planar Conquest,Conglomerate 5,Simulation,$355.4k ($180.5k - $530.3k),$2.5m,4717.0,49.176,150000.0,5.338281429703388
334310,Plebby Quest: The Crusades,NEOWIZ,Simulation,$1.2m ($865.9k - $1.5m),$124.1m,3526.0,86.41,750000.0,9.123161316514743
997010,Police Simulator: Patrol Officers,astragon Entertainment,Simulation,$21m ($15.2m - $26.8m),$103.7m,3330.0,77.84,1500000.0,8.320776607836763
1369670,Motor Town: Behind The Wheel,P3 Games,Simulation,$4.7m ($2.9m - $6.5m),$4.7m,3619.0,94.16,350000.0,9.887715447920492
1677110,Lightyear Frontier,FRAME BREAK,Simulation,$4.4m ($2.9m - $5.9m),$4.4m,3221.0,84.0,350000.0,8.866865310794138
1243830,Overcooked! All You Can Eat,Team17 Digital,Simulation,$15.6m ($9.2m - $22.1m),$21.5m,3077.0,73.71,750000.0,7.878730863947541
1040230,Curious Expedition 2,Maschinen-Mensch,Simulation,$2.1m ($1.3m - $2.9m),$5.1m,3043.0,88.86,750000.0,9.35806492258938
603850,Age of History II,Łukasz Jakowski Games,Simulation,$3.7m ($2.3m - $5m),$6.9m,2889.0,89.92,1500000.0,9.487523966951928
552620,ATOM RPG: Post-apocalyptic indie game,AtomTeam,Simulation,$3.2m ($2.2m - $4.2m),$4.2m,2916.0,85.17,750000.0,8.993037800416538
352720,The Universim,Crytivo,Simulation,$10.9m ($8.2m - $13.5m),$23.4m,2819.0,80.33,350000.0,8.516084852076993
466170,Idling to Rule the Gods,Shugasu GmbH,Simulation,$4.1m ($2.4m - $5.8m),$4.1m,2771.0,58.239,350000.0,6.284775261229287
629820,Maneater,Tripwire Interactive,Simulation,$14.3m ($10m - $18.6m),$237.9m,2811.0,89.18,750000.0,9.431960891601484
1329880,Wild West Dynasty,Toplitz Productions,Simulation,$734.1k ($503.1k - $965.1k),$73.3m,2576.0,39.05,75000.0,4.3164250586122535
468920,Ultimate Fishing Simulator,Ultimate Games S.A.,Simulation,$1.1m ($692.8k - $1.6m),$9.6m,2476.0,89.75,750000.0,9.433985329686875
765810,Mars Horizon,Auroch Digital,Simulation,$1.2m ($925.5k - $1.6m),$1.8m,2455.0,84.45,350000.0,8.880733659980088
243970,"Invisible, Inc.",Klei Entertainment,Simulation,$3.9m ($2.6m - $5.1m),$371.3m,2401.0,91.3,1500000.0,9.637629133415146
1021100,Aircraft Carrier Survival,CreativeForge Games,Simulation,$316.7k ($204.5k - $428.8k),$1.3m,2342.0,60.89,150000.0,6.483518170450897
1058770,我来自江湖 From Jianghu,INDIECN,Simulation,$594.1k ($334.5k - $853.7k),$7m,1881.0,81.62,350000.0,8.58508046472912
608990,The Archotek Project,The Archotek Project Team,Simulation,$542.3k ($291.3k - $793.3k),$542.6k,2095.0,50.004000000000005,350000.0,5.414537610304058
289950,Construction Simulator 2015,astragon Entertainment,Simulation,$6.8m ($3.9m - $9.6m),$103.7m,1798.0,79.45,750000.0,8.430757043398781
246900,Viscera Cleanup Detail,RuneStorm,Simulation,$14m ($8.7m - $19.3m),$14.5m,1766.0,92.69,1500000.0,9.77181216400305
3021100,Five Hearts Under One Roof,Storytaco,Simulation,$3m ($2.1m - $4m),$3.5m,1720.0,91.02,150000.0,9.523895119605607
1980530,Kiwi Clicker - Juiced Up,tobspr Games,Simulation,$241.1k ($128k - $354.3k),$16.2m,1636.0,94.42,75000.0,9.816710839053664
2111170,STORY OF SEASONS: A Wonderful Life,Marvelous,Simulation,$1.4m ($979.4k - $1.8m),$20.9m,1528.0,78.59,10000.0,8.213102609354094
64000,Men of War: Assault Squad,Fulqrum Publishing,Simulation,$1.3m ($822.9k - $1.8m),$51.6m,1427.0,87.56,750000.0,9.20755330738989
965230,DORAEMON  STORY OF SEASONS,BANDAI NAMCO Entertainment,Simulation,$1.4m ($935.5k - $1.9m),$478.1m,1342.0,81.94,35000.0,8.585569371627512
671440,Rise of Industry,Kasedo Games,Simulation,$2.6m ($1.5m - $3.6m),$25.8m,1353.0,74.52,350000.0,7.891931480349847
1264250,Fishing: North Atlantic - Enhanced Edition,Misc Games,Simulation,$2.3m ($1.4m - $3.2m),$5.8m,1273.0,76.84,350000.0,8.11386937017573
2499470,Pumping Simulator 2,Lance Games,Simulation,$1.1m ($793.5k - $1.5m),$1.5m,1247.0,92.29,75000.0,9.607183872997204
2291760,Papa's Freezeria Deluxe,Flipline Studios,Simulation,$1.5m ($1m - $2m),$2.7m,1221.0,99.27,350000.0,10.346088013813526
821250,Flotsam,Stray Fawn Publishing,Simulation,$1.8m ($1.2m - $2.5m),$20.1m,1114.0,76.21,350000.0,8.04849814570736
984780,MotoGP19,Milestone S.r.l.,Simulation,$926k ($635.6k - $1.2m),$60.1m,946.0,89.05,75000.0,9.28793575154162
2303350,Sticky Business,Assemble Entertainment,Simulation,$1.9m ($1.2m - $2.5m),$24.3m,1109.0,96.0,350000.0,10.02895781824626
1812300,Aquatico,Overseer Games,Simulation,$884.3k ($589.9k - $1.1m),$4.5m,923.0,68.87,75000.0,7.257402645243202
605740,"Flashing Lights - Police, Firefighting, Emergency Services (EMS) Simulator",Excalibur Games,Simulation,$7m ($4.9m - $9.1m),$35.7m,793.0,81.21,750000.0,8.577270907555794
3359320,SchoolBoy Runaway,Linked Squad,Simulation,$480.6k ($297.2k - $663.9k),$525.2k,858.0,91.38,75000.0,9.488076074824052
885570,Nova-Life: Amboise,TeamNova,Simulation,$226 ($45 - $407),$226 ,756.0,67.446,350000.0,6.980758024318491
978460,Emily is Away <3,Kyle Seeley,Simulation,$843.7k ($550.3k - $1.1m),$1.6m,671.0,92.26,350000.0,9.615952855497392
230290,Universe Sandbox,Giant Army,Simulation,$27.7m ($18m - $37.4m),$27.7m,741.0,96.31,1500000.0,10.119623926065259
2075070,KinitoPET,troy_en,Simulation,$1.4m ($1m - $1.9m),$1.4m,655.0,92.87,350000.0,9.682998283447649
587450,Saurian,"Urvogel Games, LLC",Simulation,$842.6k ($523.2k - $1.1m),$842.1k,599.0,61.96,150000.0,6.560681430094377
2401410,Cabernet,Akupara Games,Simulation,$602.4k ($400.4k - $804.5k),$33.7m,625.0,94.5,75000.0,9.811381043234535
1170970,Marbles on Stream,Pixel by Pixel Studios Inc.,Simulation,$1.1m ($526.3k - $1.7m),$1.1m,584.0,0.0,350000.0,0.3879096943965714
1492730,DORAEMON STORY OF SEASONS: Friends of the Great Kingdom,Bandai Namco Entertainment,Simulation,$804.4k ($428.3k - $1.1m),$1.7b,572.0,81.432,10000.0,8.477676054123917
2013730,Gourdlets,Future Friends Games,Simulation,$408.6k ($254.8k - $562.4k),$17.3m,567.0,93.36,150000.0,9.701405055819803
886900,Chef: A Restaurant Tycoon Game,Digital Tribe,Simulation,$714.5k ($404.5k - $1m),$3.3m,564.0,72.86,75000.0,7.636734216815751
301320,NoLimits 2 Roller Coaster Simulation,O.L. Software,Simulation,$1.9m ($1.2m - $2.6m),$1.9m,563.0,96.5,350000.0,10.047065148064075
2100160,MotoGP23,Milestone S.r.l.,Simulation,$1m ($685.6k - $1.4m),$60.1m,561.0,78.51,75000.0,8.21888724650809
1895860,Monster Girls and the Mysterious Adventure 2,NEKOTOKAGE GAMES,Simulation,$214.8k ($158.6k - $271k),$295.4k,557.0,80.091,35000.0,8.314552142446626
2241910,Sweets Pusher Friends,STP WORKS,Simulation,$24.2k ($14.8k - $33.6k),$377.2k,551.0,62.028000000000006,10000.0,6.4491375793634225
1124260,Snowtopia: Ski Resort Builder,Goblinz Publishing,Simulation,$702.9k ($337.3k - $1m),$29.1m,539.0,66.32,35000.0,6.973334332269455
1335240,放置勇者：远征/Idle Heroes:Odyssey,OnigiriStudio,Simulation,$126.7k ($91.1k - $162.3k),$126.6k,531.0,51.72,75000.0,5.4817520541642395
1210030,노베나 디아볼로스,H5DEV Games,Simulation,$487.4k ($309.2k - $665.6k),$487.4k,528.0,93.44,150000.0,9.694477703696684
397100,MachineCraft,G2CREW,Simulation,0,$0 ,497.0,65.45700000000001,350000.0,6.747220314840079
3430470,PLATiNA :: LAB,HIGH-END Games,Simulation,$516.8k ($356.8k - $676.8k),$516.8k,479.0,89.66,10000.0,9.253869579722359
485980,Syrian Warfare,Cats Who Play,Simulation,$913.2k ($607.9k - $1.2m),$995.7k,484.0,86.91,350000.0,9.069968798391708
1314140,TramSim Vienna - The Tram Simulator,Aerosoft GmbH,Simulation,$2m ($1.4m - $2.6m),$56.5m,477.0,77.58,150000.0,8.146222723457962
602320,Train Valley 2,Flazm,Simulation,$746.8k ($389.4k - $1.1m),$1.5m,468.0,90.95,10000.0,9.392068247071162
599080,The Blackout Club,Question,Simulation,$3.4m ($2m - $4.9m),$4.2m,464.0,78.67,150000.0,8.250951970109826
347620,Gaokao.Love.100Days,NVLMaker,Simulation,$1.9m ($1.2m - $2.6m),$6.2m,444.0,88.69,350000.0,9.263788512364037
3239270,Night Shift Nurses,Shiravune,Simulation,$524.2k ($337.7k - $710.7k),$15.3m,439.0,77.22,35000.0,8.049970416586325
686260,Forged Battalion,Petroglyph,Simulation,$669.1k ($262.5k - $1m),$4.3m,439.0,63.13,75000.0,6.656166175388148
1029500,中华三国志 the Three Kingdoms of China,中三之家,Simulation,0,$0 ,420.0,0.0,350000.0,0.1937143247506498
214550,Eets Munchies,Klei Entertainment,Simulation,$150.6k ($30.1k - $271.1k),$371.3m,413.0,73.63799999999999,350000.0,7.737018696090576
2891120,Mad Smartphone Tycoon,Miradil,Simulation,$147.1k ($94.2k - $199.9k),$146.5k,420.0,66.303,35000.0,6.918514879255932
314520,Euro Fishing,Dovetail Games,Simulation,$679.8k ($474.6k - $885k),$37.4m,406.0,64.1,350000.0,6.794774877240638
254320,Duskers,Misfits Attic,Simulation,$1.4m ($971.2k - $1.9m),$1.5m,400.0,90.56,150000.0,9.418052189542006
359550,Tom Clancy's Rainbow Six Siege,Ubisoft,Sports,$556.5m ($304.2m - $808.7m),$2.4b,200476.0,83.36,35000000.0,9.13143748202618
677620,Splitgate: Arena Warfare,1047 Games,Sports,$902.5k ($666.6k - $1.1m),$2.8m,67724.0,84.58200000000001,7500000.0,9.063144772909224
2878980,NBA 2K25,2K,Sports,$49m ($32.1m - $65.9m),$1.7b,56395.0,60.51,1500000.0,6.69972872295628
1049590,Eternal Return,Nimble Neuron,Sports,$80.6m ($53.6m - $107.5m),$80.6m,52288.0,73.017,7500000.0,7.9783399904074175
291550,Brawlhalla,Ubisoft,Sports,$108.7m ($75.3m - $142.1m),$2.4b,34169.0,84.73,35000000.0,9.189872731727945
518790,theHunter: Call of the Wild,Avalanche Studios,Sports,$73.8m ($49.3m - $98.4m),$115.2m,24953.0,89.21,7500000.0,9.574968998621673
1692250,F1 22,Electronic Arts,Sports,$5.2m ($3.2m - $7.2m),$4.5b,23763.0,68.92,750000.0,7.469967908215
431240,Golf With Your Friends,Team17,Sports,$34.9m ($21.4m - $48.4m),$491.6m,20592.0,89.03,3500000.0,9.529259812553047
207140,SpeedRunners,tinyBuild,Sports,$15.3m ($7.8m - $22.8m),$179.6m,17131.0,94.65,3500000.0,10.069255353364028
2488620,F1 24,Electronic Arts,Sports,$26.5m ($18m - $35m),$4.5b,13327.0,74.39,750000.0,8.022730388870306
1846380,Need for Speed Unbound,Electronic Arts,Sports,$26.4m ($19.7m - $33m),$4.5b,14053.0,61.64,1500000.0,6.764855653819066
310950,Street Fighter V,"CAPCOM Co., Ltd.",Sports,$45.9m ($28.6m - $63.1m),$1.8b,13807.0,72.25,3500000.0,7.848418871724502
2315690,WWE 2K24,2K,Sports,$9.8m ($7.3m - $12.3m),$1.7b,8721.0,75.89,350000.0,8.123875916281811
2591280,F1 Manager 2024,Frontier Developments,Sports,$7.1m ($4.8m - $9.4m),$430.9m,8092.0,81.25,150000.0,8.627999907120381
498660,Mind Spheres,SA Industry,Sports,$37k ($21k - $53k),$4m,7862.0,75.465,350000.0,7.971115958751555
1537830,Disney Speedstorm,Gameloft,Sports,$4.2m ($2.9m - $5.5m),$64.8m,7325.0,65.59,10000.0,6.982467279808724
1114150,CarX Street,"CarX Technologies, LLC",Sports,$8.9m ($6.5m - $11.4m),$29.4m,7226.0,71.42,350000.0,7.652271828973853
471710,Rec Room,Rec Room,Sports,$11.8m ($8.6m - $15.1m),$11.8m,7091.0,88.36200000000001,3500000.0,9.397691487778403
2157560,Granblue Fantasy Versus: Rising,"Cygames, Inc.",Sports,$9.3m ($6m - $12.5m),$209.9m,7029.0,83.04,350000.0,8.822473715666256
2385530,PGA TOUR 2K25,2K,Sports,$9.9m ($6.7m - $13.2m),$1.7b,6619.0,68.98,150000.0,7.405487924789414
2287220,F1 Manager 2023,Frontier Developments,Sports,$5.3m ($3.5m - $7.1m),$430.9m,6352.0,80.41,150000.0,8.53224839565246
282440,Quake Live,Bethesda Softworks,Sports,$3.9m ($2.2m - $5.5m),$2.1b,6154.0,88.21,3500000.0,9.384195622394717
2582560,EA SPORTS Madden NFL 25,Electronic Arts,Sports,$8.7m ($5.8m - $11.6m),$4.5b,5905.0,55.48,150000.0,6.05424249596202
212480,Sonic & All-Stars Racing Transformed Collection,SEGA,Sports,$11.7m ($6.5m - $16.8m),$1.6b,5849.0,93.54,750000.0,9.895901904303702
1408610,Call of the Wild: The Angler,Avalanche Studios,Sports,$7.6m ($4.4m - $10.9m),$115.2m,5838.0,62.97,350000.0,6.80421761152099
2878960,WWE 2K25,2K,Sports,$9m ($6.4m - $11.5m),$1.7b,5719.0,70.14,75000.0,7.500037898081504
960170,DJMAX RESPECT V,NEOWIZ,Sports,$15.6m ($9.1m - $22m),$124.1m,5242.0,88.68,1500000.0,9.415277660637932
220160,Trials Evolution: Gold Edition,Ubisoft,Sports,$3.5m ($1.8m - $5.2m),$2.4b,4300.0,74.6,350000.0,7.959476862232879
586140,BlazBlue Centralfiction,"H2 Interactive Co., Ltd.",Sports,$9.5m ($6.4m - $12.5m),$16.2m,4733.0,94.22,750000.0,9.93464414997244
2698940,The Crew Motorfest,Ubisoft,Sports,$9.2m ($6.6m - $11.9m),$2.4b,3724.0,78.39,350000.0,8.348075120139605
936140,Pro Cycling Manager 2019,Nacon,Sports,$485.5k ($234.1k - $736.8k),$157.6m,3433.0,78.17,350000.0,8.269115538291052
1767560,Pro Cycling Manager 2022,Nacon,Sports,$1.1m ($550.2k - $1.7m),$157.6m,3229.0,76.635,35000.0,8.073998760544432
1070330,Russian Life Simulator,Abama Entertainment,Sports,$256.6k ($147.6k - $365.6k),$256.5k,2887.0,89.17,750000.0,9.344061891244914
1259980,RIDE 4,Milestone S.r.l.,Sports,$11.8m ($7.4m - $16.1m),$60.1m,2867.0,83.19,750000.0,8.824884879161086
571740,Golf It!,Perfuse Entertainment,Sports,$18.5m ($11.9m - $25.1m),$18.5m,2826.0,90.75,1500000.0,9.597467896230086
3170540,Backyard Baseball '97,Playground Productions,Sports,$881.5k ($549.9k - $1.2m),$1.2m,2730.0,97.41,150000.0,10.15480796295974
408760,Pro Cycling Manager 2016,Nacon,Sports,$836.3k ($514.6k - $1.1m),$157.6m,2315.0,56.952000000000005,75000.0,6.108490593293779
1453850,Pro Cycling Manager 2021,Nacon,Sports,$886k ($177.8k - $1.5m),$157.6m,2288.0,70.119,35000.0,7.408583617129333
1477590,EZ2ON REBOOT : R,"Neonovice Co., Ltd.",Sports,$3.8m ($2.1m - $5.5m),$3.8m,2243.0,90.96,350000.0,9.548898089989256
376300,GUILTY GEAR Xrd -SIGN-,Arc System Works,Sports,$2.5m ($1.5m - $3.4m),$87.6m,1954.0,91.64,350000.0,9.619977381554117
681280,Descenders,No More Robots,Sports,$8.4m ($5.9m - $10.9m),$24.5m,1942.0,95.26,750000.0,10.011035676251304
2395210,Tony Hawk's Pro Skater 1 + 2,Activision,Sports,$4.5m ($3m - $6.1m),$1.5b,1791.0,90.42,350000.0,9.515992772998917
365960,rFactor 2,Studio 397,Sports,$9.5m ($6m - $13.1m),$20.4m,1758.0,79.21,750000.0,8.403958344516937
1566200,Tape to Tape,Excellent Rectangle,Sports,$2.3m ($1.5m - $3m),$2.3m,1651.0,92.38,350000.0,9.67195773575081
1161490,MotoGP20,Milestone S.r.l.,Sports,$3m ($1.8m - $4.3m),$60.1m,1598.0,90.35,150000.0,9.466794811628565
496240,Onward,Downpour Interactive,Sports,$7.9m ($5.8m - $10.1m),$7.9m,1576.0,69.2,750000.0,7.392829477396017
360620,Spellsworn,Frogsong Studios,Sports,$599 ($331 - $868),$17.4k,1506.0,78.98400000000001,150000.0,8.169616443868412
871540,BMX Streets,Mash Games,Sports,$2m ($1.2m - $2.7m),$3.8m,1486.0,80.07,75000.0,8.403286829547374
1677350,EA SPORTS PGA TOUR,Electronic Arts,Sports,$2.9m ($1.9m - $3.9m),$4.5b,1363.0,55.76,350000.0,6.039854014563358
1307090,Barro Racing,SC Jogos,Sports,$69.2k ($37.9k - $100.6k),$762.8k,1355.0,84.21,10000.0,8.713475873453719
1953520,WRC Generations – The FIA WRC Official Game,Nacon,Sports,$2.2m ($1.6m - $2.9m),$157.6m,1236.0,69.43,350000.0,7.38545332516707
1029550,Torque Drift,Grease Monkey Games,Sports,$132.5k ($80k - $184.9k),$306.4k,1202.0,64.863,1500000.0,6.892917134580549
1990740,Barro GT,SC Jogos,Sports,$151.6k ($30.3k - $272.8k),$762.8k,1147.0,85.15,150000.0,8.874419394663605
759740,RIDE 3,Milestone S.r.l.,Sports,$5.2m ($3.5m - $6.9m),$60.1m,1030.0,84.04,350000.0,8.849188637187476
1451810,LEGO 2K Drive,2K,Sports,$2.1m ($1.2m - $3m),$1.7b,1004.0,66.57,75000.0,7.067999285473671
2581700,MotoGP24,Milestone S.r.l.,Sports,$1.6m ($1.1m - $2m),$60.1m,995.0,82.9,35000.0,8.665367826820326
301120,Eastside Hockey Manager,SEGA,Sports,$736.2k ($363.5k - $1.1m),$1.6b,964.0,86.51,350000.0,9.079768672934637
1136380,Ultimate Fishing Simulator 2,Ultimate Games S.A.,Sports,$684.1k ($371.6k - $996.6k),$9.6m,924.0,68.29,75000.0,7.1989488225573375
508530,HackyZack,Spaceboy Games,Sports,$96.9k ($19.3k - $174.4k),$96.9k,833.0,90.0,75000.0,9.318637268234982
1650010,RIDE 5,Milestone S.r.l.,Sports,$4.5m ($3m - $6m),$60.1m,817.0,81.35,75000.0,8.536387344537511
2360210,Rune Coliseum,Rafale Software,Sports,$508.7k ($325.8k - $691.7k),$508.8k,766.0,87.31,75000.0,9.078256728124526
1462810,WRC 10 FIA World Rally Championship,Nacon,Sports,$3.4m ($1.9m - $5m),$157.6m,766.0,72.59,350000.0,7.69297506021905
228760,TrackMania² Canyon,Ubisoft,Sports,$2.9m ($1.7m - $4.2m),$2.4b,730.0,80.15,350000.0,8.456836105424957
988910,Super Mega Baseball 3,Electronic Arts,Sports,$1.6m ($1m - $2.1m),$4.5b,680.0,92.68,150000.0,9.68269359189201
1166860,Rival Stars Horse Racing: Desktop Edition,PikPok,Sports,$6m ($3.9m - $8.1m),$12.1m,680.0,92.89,150000.0,9.697563404779606
1151050,Golf Gang,Curve Games,Sports,$557.8k ($246.1k - $869.5k),$196.4m,664.0,84.81,75000.0,8.85068451702366
1864950,Beastieball,Klei Publishing,Sports,$514.2k ($358k - $670.4k),$8.6m,564.0,98.6,35000.0,10.192970057816224
477770,Ride 2,Milestone S.r.l.,Sports,$2.2m ($1.6m - $2.7m),$60.1m,626.0,86.92,350000.0,9.109271932392916
1304340,Monster Energy Supercross - The Official Videogame 4,Milestone S.r.l.,Sports,$253k ($170.7k - $335.4k),$60.1m,561.0,62.46000000000001,10000.0,6.548740490715323
1487210,Super Mega Baseball 4,Electronic Arts,Sports,$1.3m ($907k - $1.7m),$4.5b,509.0,77.29,75000.0,8.116178972698883
1205970,MX vs ATV Legends,THQ Nordic,Sports,$4.2m ($2.5m - $5.8m),$387.4m,460.0,78.82,75000.0,8.27259815730725
518030,Aim Hero,ProGames Studio,Sports,$1.1m ($561.7k - $1.7m),$1.1m,455.0,85.4,350000.0,8.920191440524306
626610,TT Isle of Man: Ride on the Edge,Nacon,Sports,$1.3m ($894.6k - $1.7m),$157.6m,425.0,74.04,350000.0,7.805776297314083
550320,art of rally,Funselektor Labs Inc.,Sports,$3.5m ($2.1m - $4.9m),$4.9m,421.0,92.83,75000.0,9.649490628986594
429780,Bunny Hop League,PolyDigital,Sports,$122.6k ($71.6k - $173.6k),$122.6k,421.0,72.41,75000.0,7.542959568389151
1262600,Need for Speed Rivals,Electronic Arts,Sports,$2.2m ($1.5m - $2.9m),$4.5b,415.0,76.35,1500000.0,8.09066630875408
399820,Kopanito All-Stars Soccer,Merixgames,Sports,$540.5k ($352.2k - $728.8k),$540.5k,413.0,84.71,350000.0,8.834822018338986
815780,PIPE by BMX Streets,Mash Games,Sports,$1.1m ($721.7k - $1.5m),$3.8m,420.0,92.61,350000.0,9.644026839026678
55140,MX vs. ATV Reflex,THQ Nordic,Sports,$1.1m ($752k - $1.5m),$387.4m,408.0,88.39,350000.0,9.240937610674392
1182020,WGT Golf,"World Golf Tour, LLC",Sports,$3.2m ($1.7m - $4.8m),$3.2m,401.0,80.001,750000.0,8.41357076685712
2494340,Tour de France 2024,Nacon,Sports,$319.7k ($199.1k - $440.3k),$157.6m,395.0,75.564,10000.0,7.8558255306070945
1089830,Monster Energy Supercross - The Official Videogame 3,Milestone S.r.l.,Sports,$809.8k ($504k - $1.1m),$60.1m,392.0,88.36,75000.0,9.189737498930645
442500,Age of Gladiators,Creative Storm Entertainment,Sports,$257.5k ($166.1k - $349k),$705.4k,373.0,77.92,150000.0,8.124040505231596
1511630,TrackDayR,MadCow S.r.l.,Sports,$1.4m ($1m - $1.7m),$1.4m,344.0,86.2,35000.0,8.944476530389151
505740,Eximius: Seize the Frontline,Ammobox Studios,Sports,$735.9k ($424.9k - $1m),$736k,320.0,67.14,35000.0,7.024136916688869
1682050,PropHunter,Alone Fox Games,Sports,$211.3k ($42.2k - $380.4k),$213.1k,318.0,81.02,35000.0,8.388490313647553
661990,Arcana Heart 3 LOVEMAX SIXSTARS!!!!!! XTEND,Arc System Works,Sports,$398.7k ($200.8k - $596.5k),$87.6m,315.0,76.23,150000.0,7.976828493233886
1058830,Spin Rhythm XD,Super Spin Digital,Sports,$1.7m ($1.2m - $2.3m),$1.7m,309.0,97.18,350000.0,10.094429163863657
526980,Handball 17,Nacon,Sports,$42k ($8.4k - $75.6k),$157.6m,306.0,63.981,35000.0,6.688204172676337
692030,Tennis World Tour,Nacon,Sports,$782.6k ($322k - $1.2m),$157.6m,289.0,44.01,35000.0,4.731870284200959
2052040,Golden Lap,Funselektor Labs Inc.,Sports,$371.6k ($249.5k - $493.8k),$4.9m,286.0,76.959,10000.0,7.972673161914874
2545360,Lonely Mountains: Snow Riders,Megagon Industries,Sports,$444k ($311.3k - $576.6k),$1.5m,265.0,90.61,10000.0,9.332937192937239
1213750,Fight Crab,PLAYISM,Sports,$639.5k ($406k - $872.9k),$86.3m,257.0,94.14,10000.0,9.707652918655763
240600,MotoGP13,Plug In Digital,Sports,$297.9k ($209k - $386.9k),$7.2m,255.0,78.42,150000.0,8.174364769107804
2337630,AFL 23,Nacon,Sports,$567.2k ($392.5k - $742k),$157.6m,254.0,40.95,10000.0,4.389125389003914
522230,The Fishing Club 3D: Co-op Sport Angling,Robot Riot UG (haftungsbeschränkt),Sports,$502.9k ($310.3k - $695.5k),$503.1k,254.0,0.0,150000.0,0.32846023436827354
3468640,AFL 26,Nacon,Sports,$254.8k ($170.9k - $338.7k),$157.6m,250.0,51.507,10000.0,5.43269947526209
1345870,Franchise Hockey Manager 7,Out of the Park Developments,Sports,$324.8k ($191.9k - $457.7k),$3.5m,246.0,69.831,10000.0,7.251824482998759
464850,Don Bradman Cricket 17,Big Ant Studios,Sports,$303.3k ($177.7k - $428.9k),$5.1m,232.0,54.639,35000.0,5.759512481337032
2084720,Home Run High,"Kairosoft Co., Ltd",Sports,$86.5k ($45.4k - $127.6k),$5.6m,229.0,65.58300000000001,10000.0,6.8075897967003245
1044720,Farthest Frontier,Crate Entertainment,Strategy,$27.4m ($18.3m - $36.5m),$68m,24874.0,86.77,1500000.0,9.278129874181161
1874880,Arma Reforger,Bohemia Interactive,Strategy,$47.6m ($34.9m - $60.2m),$619.3m,22789.0,78.24,350000.0,8.407289651032164
313160,Farming Simulator 15,Giants Software,Strategy,$13m ($9.1m - $16.9m),$179.6m,18658.0,92.21,1500000.0,9.806539614837405
244160,Homeworld Remastered Collection,Gearbox Publishing,Strategy,$18.4m ($12.9m - $24m),$259.9m,17778.0,88.07,1500000.0,9.397677227212544
728880,Overcooked! 2,Team17,Strategy,$101.2m ($58.7m - $143.7m),$491.6m,15004.0,90.85,3500000.0,9.716932251126186
718850,Age of Wonders: Planetfall,Paradox Interactive,Strategy,$17.5m ($10.6m - $24.3m),$1.1b,10346.0,80.06,350000.0,8.552735755576322
400750,Call to Arms - Gates of Hell: Ostfront,Digitalmindsoft,Strategy,$14.7m ($9.9m - $19.5m),$24.2m,8889.0,84.69,1500000.0,9.024771591468223
604540,Empire of Sin,Paradox Interactive,Strategy,$6.1m ($4.2m - $8m),$1.1b,7728.0,49.38,350000.0,5.46037290451815
2067920,Rogue: Genesia,Ouadi Huard,Strategy,$3.5m ($2.3m - $4.6m),$3.5m,8490.0,91.18,350000.0,9.610579499656067
1473350,(the) Gnorp Apologue,(Myco),Strategy,$2.7m ($1.8m - $3.5m),$2.7m,5395.0,95.73,350000.0,10.04664874226312
40400,AI War: Fleet Command,Arcen Games,Strategy,$364.8k ($164.9k - $564.8k),$2.2m,5028.0,85.54,350000.0,8.995483471053229
551170,Onmyoji,NetEase Games,Strategy,$6.7m ($3.8m - $9.5m),$310.1m,4965.0,67.581,750000.0,7.279792037090856
1222690,Dragon Age Inquisition,Electronic Arts,Strategy,$11.6m ($7.6m - $15.7m),$4.5b,4937.0,76.02,1500000.0,8.158492106593961
2503770,House of Legacy,Thermite Games,Strategy,$1.6m ($1.1m - $2.1m),$5.1m,4934.0,84.38,75000.0,8.869468353644162
102600,Orcs Must Die!,Robot Entertainment,Strategy,$1.7m ($1m - $2.4m),$25.8m,4548.0,95.79,1500000.0,10.082919250177994
2421410,Cyber Manhunt 2: New World - The Hacking Simulator,Spiral Up Games,Strategy,$1.1m ($856.5k - $1.4m),$32.8m,3561.0,93.03,150000.0,9.742427185648593
688470,Han Xiongnu Wars,Shangshi Studio,Strategy,$653.8k ($299.8k - $1m),$653.6k,3469.0,66.99,350000.0,7.13227252348474
1656780,Hero's Hour,Goblinz Publishing,Strategy,$5m ($3.1m - $6.9m),$29.1m,4170.0,79.57,750000.0,8.458896914366846
300550,Shadowrun: Dragonfall - Director's Cut,Paradox Interactive,Strategy,$2.8m ($1.6m - $4m),$1.1b,2665.0,89.33,750000.0,9.428156319351235
983380,Car Manufacture,PlayWay S.A.,Strategy,$1.2m ($935.8k - $1.6m),$275.8m,2536.0,69.93,75000.0,7.416761741331359
1879330,WARRIORS OROCHI 3 Ultimate Definitive Edition,"KOEI TECMO GAMES CO., LTD.",Strategy,$4.6m ($2.4m - $6.7m),$424.5m,2969.0,89.16,350000.0,9.400558977531277
1404850,Luck be a Landlord,TrampolineTales,Strategy,$4.6m ($2.9m - $6.3m),$4.7m,2447.0,93.61,350000.0,9.82028241271638
666150,Prehistoric Kingdom,Crytivo,Strategy,$2.9m ($1.8m - $4m),$23.4m,2520.0,89.6,350000.0,9.420359442799931
523150,Mahjong World Contest (麻将),8Floor,Strategy,$8k ($4.3k - $11.7k),$3.8m,2231.0,79.164,150000.0,8.260521540776034
950740,China: Mao's legacy,Nostalgames,Strategy,$182.1k ($107.3k - $256.9k),$662.3k,2222.0,91.54,150000.0,9.535953939853824
581980,Candy Machine,Colossal Wreck,Strategy,$7.7k ($3.1k - $12.2k),$7.7k,2176.0,35.361,35000.0,3.8197120802805316
919370,Overdungeon,Pocketpair,Strategy,$1.1m ($814.6k - $1.5m),$438m,2205.0,79.65,350000.0,8.419675242949532
287980,Mini Metro,Dinosaur Polo Club,Strategy,$7.8m ($5.2m - $10.4m),$18.4m,2101.0,95.93,750000.0,10.07816869045668
1191840,Legend Creatures(传奇生物),HideChara,Strategy,$766.8k ($505.2k - $1m),$767.2k,2079.0,89.91,750000.0,9.428504192062547
22000,World of Goo,2D BOY,Strategy,$1.1m ($705.3k - $1.5m),$1.8m,2045.0,94.7,1500000.0,9.931429977197261
1726130,Pathless Woods,AniYa Games Studio,Strategy,$572.6k ($438.5k - $706.7k),$572.2k,1857.0,79.04,75000.0,8.280892390419744
2078230,"Badlands Crew - Drive, Command, Conquer",Curve Games,Strategy,$746.3k ($542.1k - $950.5k),$196.4m,1959.0,80.16,75000.0,8.423406803067657
2334220,Home Sweet Home : Online,Shift Now,Strategy,$953.6k ($482.6k - $1.4m),$953.6k,1926.0,0.0,350000.0,0.4221553562750515
1434950,HighFleet,MicroProse Software,Strategy,$4.9m ($3.4m - $6.4m),$43.7m,1683.0,88.39,750000.0,9.314244323936252
3168260,Blackthorn Arena: Reforged,Light Up Games,Strategy,$603.1k ($344.4k - $861.8k),$1.9m,1762.0,67.18,75000.0,7.099161088539251
2085000,SaGa Emerald Beyond ,Square Enix,Strategy,$580.2k ($433.7k - $726.6k),$1b,1689.0,65.34,10000.0,6.894962788516792
2179850,Cobalt Core,Brace Yourself Games,Strategy,$2.1m ($1.5m - $2.7m),$17m,1649.0,96.12,150000.0,10.034172586890818
247020,"Cook, Serve, Delicious!",Vertigo Gaming Inc.,Strategy,$1.3m ($714k - $1.9m),$3.7m,1538.0,95.2,750000.0,9.962585969324088
257730,Infinity Wars: Animated Trading Card Game,Lightmare Studios,Strategy,0,$0 ,1604.0,65.07900000000001,750000.0,6.793702990319519
567210,Bunnyrama,Starwind Games,Strategy,$12.3k ($2.4k - $22.3k),$36.2k,1461.0,86.67,75000.0,8.968798803296748
2338140,Dokapon Kingdom: Connect,Idea Factory International,Strategy,$2.3m ($1.4m - $3.3m),$37.9m,1439.0,88.01,75000.0,9.208174782435922
341000,Mad Games Tycoon,Eggcode,Strategy,$1.8m ($1.4m - $2.3m),$7m,1423.0,91.16,750000.0,9.563642490029055
3183310,Forgotten Journey,FJ-Studio,Strategy,$2.8k ($1.4k - $4.2k),$2.8k,1402.0,0.0,10000.0,0.22288330036163528
544870,Blood Ties,Warfare Studios,Strategy,$3.3k ($666 - $5.9k),$65.7k,1327.0,55.998,35000.0,5.864962266171253
814370,Monster Sanctuary,Team17,Strategy,$5.7m ($3.7m - $7.6m),$491.6m,1376.0,91.65,750000.0,9.64657403581551
484950,恶魔迷宫 | Evil Maze,ZOV GAME STUDIO,Strategy,$79.1k ($48.1k - $110.1k),$220.3k,1284.0,76.58,350000.0,8.025125653077957
911430,Good Company,Chasing Carrots,Strategy,$2.1m ($1.3m - $2.9m),$8.1m,1222.0,74.15,350000.0,7.843711351809363
1150640,Yu-Gi-Oh! Legacy of the Duelist : Link Evolution,KONAMI,Strategy,$6.2m ($4.1m - $8.3m),$639.8m,1219.0,81.74,350000.0,8.63709121680592
512250,Oh...Sir!! The Insult Simulator,Good Shepherd Entertainment,Strategy,$480.6k ($307.5k - $653.6k),$91m,1181.0,91.81,350000.0,9.59757273050216
1863750,挂机神话,摸鱼猫工作室,Strategy,$61.7k ($40.6k - $82.7k),$67.9k,1139.0,90.53,350000.0,9.407762924419405
1618380,Spellmasons,Octavia Blue,Strategy,$589.9k ($380.3k - $799.5k),$588.3k,1160.0,92.81,75000.0,9.643875642321412
2257010,Creeper World IXE,Knuckle Cracker,Strategy,$482.8k ($324.6k - $641k),$9.1m,1106.0,70.6,75000.0,7.4302170876193605
1570070,Beholder 3,Alawar,Strategy,$718.3k ($427.8k - $1m),$13.3m,1020.0,65.0,350000.0,6.9096427420863
968250,King of Retail,Iceberg Interactive,Strategy,$1.9m ($1.3m - $2.5m),$34.2m,1079.0,88.25,150000.0,9.2355804844322
329130,Reassembly,Indie Voyage,Strategy,$1.9m ($1.4m - $2.5m),$2.1m,998.0,94.25,350000.0,9.840206344250879
350110,TransOcean 2: Rivals,astragon Entertainment,Strategy,$604.5k ($362.8k - $846.3k),$103.7m,966.0,45.81,150000.0,4.976255153108909
24810,Command & Conquer 3: Kane’s Wrath,Electronic Arts,Strategy,$6.2m ($2.9m - $9.5m),$4.5b,952.0,93.61,350000.0,9.824793703321216
353640,Train Valley,Flazm,Strategy,$684.2k ($424.2k - $944.2k),$1.5m,958.0,89.68,750000.0,9.382731133954222
305260,Battle Islands,505 Games,Strategy,0,$293.6m,945.0,68.274,750000.0,7.17214495365247
310510,Deathtrap,NeocoreGames,Strategy,$1.1m ($743.6k - $1.5m),$38.8m,921.0,84.72,350000.0,8.889265445874223
312720,Khet 2.0,BlueLine Games,Strategy,$30.1k ($15.7k - $44.4k),$135.2k,902.0,80.694,150000.0,8.39046318168244
3132860,天月麻雀 (Amatsuki Mahjong),Cyber Alice Limited,Strategy,$239.9k ($141k - $338.9k),$239.9k,893.0,0.0,35000.0,0.3207711449380676
1471270,Seablip,Vibedy,Strategy,$813.1k ($550.1k - $1m),$813k,855.0,82.68,75000.0,8.627485018308777
1358710,Battle Cry of Freedom,Flying Squirrel Entertainment,Strategy,$275.2k ($130.2k - $420.3k),$275.4k,853.0,71.86,75000.0,7.525023221619479
2674590,Beltmatic,Notional Games,Strategy,$770.6k ($470.3k - $1m),$785.7k,852.0,94.36,75000.0,9.794449331994013
732690,FIVE NIGHTS AT FREDDY'S: HELP WANTED,ScottGames,Strategy,$10.4m ($7.3m - $13.5m),$44.7m,844.0,96.03,750000.0,10.067919243979963
2603020,Citadelum,Abylight Studios,Strategy,$682.7k ($478.3k - $887k),$2.3m,831.0,82.27,75000.0,8.587516292240815
486860,MMORPG Tycoon 2,VectorStorm Pty Ltd,Strategy,$3.6m ($2.5m - $4.8m),$3.6m,792.0,86.29,150000.0,9.029660726096647
513560,Hunger Dungeon,No Stuck Game Studio,Strategy,$2.2k ($1.2k - $3.2k),$512.2k,745.0,66.97800000000001,350000.0,6.99960884153752
1275350,Ninja Kiwi Archive,Ninja Kiwi,Strategy,$23.5k ($11.3k - $35.7k),$64.7m,738.0,0.0,750000.0,0.37375962885007785
2182630,Mob Factory,LiterallyEveryone Games,Strategy,$414.6k ($272.1k - $557.1k),$414.4k,707.0,65.052,35000.0,6.829040503990092
762650,Depraved,Evil Bite,Strategy,$987.6k ($578.8k - $1.3m),$987.4k,700.0,60.7,350000.0,6.461484397613459
542480,Therian Saga,Virtys,Strategy,$14.9k ($9.6k - $20.2k),$101.9k,645.0,0.0,150000.0,0.29925132275230637
278530,3 Stars of Destiny,KOMODO,Strategy,$88.3k ($17.6k - $159k),$17.2m,461.0,61.767,35000.0,6.480784281568228
322450,FRAMED Collection,Fellow Traveller,Strategy,$301.7k ($179.7k - $423.7k),$16.8m,448.0,94.31,350000.0,9.803577464509532
265890,Hexcells,Matthew Brown,Strategy,$309.6k ($221.9k - $397.2k),$867.1k,377.0,96.93,350000.0,10.047925569657941
312790,Agarest: Generations of War 2,Ghostlight LTD,Strategy,$175.9k ($108.7k - $243k),$3.5m,371.0,51.732,10000.0,5.445694061706133
823550,Booty Calls,Nutaku Publishing,Strategy,0,$34.7m,357.0,29.997,150000.0,3.227007811926619
2094910,Pile Up!,Catoptric Games,Strategy,$353.5k ($235.7k - $471.3k),$1.2m,354.0,76.88,150000.0,8.025308244299962
1240630,Hex of Steel,War Frogs Studio,Strategy,$248.9k ($163k - $334.8k),$248.4k,343.0,95.83,35000.0,9.874865816544785
294160,Galcon 2: Galactic Conquest,"Hassey Enterprises, Inc.",Strategy,$2.1k ($1.3k - $2.9k),$228.9k,324.0,60.003,350000.0,6.272239923933327
6800,Commandos: Behind Enemy Lines,Kalypso Media Digital,Strategy,$698.1k ($395.1k - $1m),$47.6m,279.0,89.91,750000.0,9.382689379743978
201210,Pox Nora,Desert Owl Games LLC,Strategy,$13.7k ($7.4k - $20.1k),$14.8k,275.0,51.426,350000.0,5.425012152848192
1578220,Mister Furry: Hot Muscles,Red Six Publishing,Strategy,$32.9k ($21.3k - $44.5k),$185.6k,273.0,92.23,75000.0,9.494227536771442
29180,Osmos,Hemisphere Games,Strategy,$715.8k ($337.9k - $1m),$715.9k,268.0,86.02,350000.0,8.957752248949248
1373090,"Yes, Your Grace 2: Snowfall",Brave At Night,Strategy,$691.8k ($465.3k - $918.3k),$1.1m,266.0,74.87,75000.0,7.809335816794368
1516750,Alien Marauder,Vexan Studio,Strategy,$145.6k ($84.9k - $206.4k),$145.6k,262.0,56.916,75000.0,5.982146086627964
45100,Secret of the Magic Crystals,Artery Games,Strategy,$242.5k ($118.8k - $366.2k),$244k,256.0,79.66,150000.0,8.280997059937768
3170,King's Bounty: Armored Princess,Fulqrum Publishing,Strategy,$159.8k ($86.1k - $233.4k),$51.6m,238.0,91.42,350000.0,9.49060669214579
463980,Solitairica,Righteous Hammer Games,Strategy,$97.4k ($65.2k - $129.5k),$114.9k,226.0,70.578,150000.0,7.3524620520837685
1516080,That Time I Got Reincarnated as an Orc,OTAKU Plan,Strategy,$116.8k ($67.5k - $166.1k),$8.4m,223.0,80.568,75000.0,8.356536614790079
409870,Phantom Brave PC,"NIS America, Inc.",Strategy,$353.9k ($216.6k - $491.2k),$48m,219.0,85.92,150000.0,8.930299605079659
1896390,Stickman Trenches,Big Play Games,Strategy,$273.1k ($170.4k - $375.8k),$394.3k,193.0,80.97,150000.0,8.407067899890002
3139620,Frontline Crisis,Gamersky Games,Strategy,$82.8k ($53.2k - $112.4k),$60.7m,184.0,80.424,35000.0,8.32259500811447
568090,Tattletail,"Little Flag Software, LLC",Strategy,$519.7k ($337.4k - $701.9k),$519.9k,143.0,95.15,350000.0,9.845366135388993
25980,Majesty 2,Paradox Interactive,Strategy,$215k ($124.1k - $305.8k),$1.1b,142.0,68.93,350000.0,7.243112258132762
3107590,スペルトナエル,おまど,Strategy,$9.6k ($5.9k - $13.2k),$9.5k,136.0,88.155,10000.0,8.989450896404787
863500,All Quiet in the Trenches,Totally Not Aliens,Strategy,$440.6k ($293.9k - $587.2k),$440.7k,131.0,90.85,10000.0,9.329870274232459
4890,Cossacks II: Battle for Europe,GSC World Publishing,Strategy,$90.2k ($49.8k - $130.7k),$1.2m,132.0,81.62,150000.0,8.449030290373875
1041710,Sim Empire,TKG Inc.,Strategy,$46.4k ($22.7k - $70.1k),$46.4k,130.0,40.347,10000.0,4.236964462760825
232090,Killing Floor 2,Tripwire Interactive,Survival,$92.1m ($62.9m - $121.4m),$237.9m,69246.0,88.97,3500000.0,9.571834416172047
648800,Raft,Axolot Games,Survival,$233.9m ($164.7m - $303.2m),$276.7m,100474.0,93.28,15000000.0,10.061186762182547
2622380,ELDEN RING NIGHTREIGN,"FromSoftware, Inc.",Survival,$120.7m ($77.8m - $163.6m),$1.3b,240640.0,83.46,3500000.0,9.070632734520666
368230,Kingdom: Classic,Raw Fury,Survival,0,$99.5m,63740.0,88.89,3500000.0,9.485204927239167
1149460,ICARUS,RocketWerkz,Survival,$42.6m ($30.6m - $54.6m),$49.8m,52305.0,73.81,750000.0,7.9947032973548025
617290,Remnant: From the Ashes,Arc Games,Survival,$64.6m ($45.1m - $84.2m),$330.6m,48194.0,85.06,3500000.0,9.165858000880286
1943950,Escape the Backrooms,Secret Mode,Survival,$44.4m ($30.1m - $58.7m),$74.5m,48097.0,91.02,3500000.0,9.749960921379667
1304930,The Outlast Trials,Red Barrels,Survival,$78.3m ($52.3m - $104.4m),$137.7m,36332.0,93.12,3500000.0,9.962150115099547
1527950,Wartales,Shiro Games,Survival,$30.8m ($21.7m - $39.8m),$90.7m,35769.0,88.65,1500000.0,9.480318638173852
952060,Resident Evil 3,"CAPCOM Co., Ltd.",Survival,$37.2m ($23.9m - $50.6m),$1.8b,32635.0,82.68,3500000.0,8.915012897289369
823130,Totally Accurate Battlegrounds,Landfall,Survival,$526.9k ($328.8k - $725k),$200.8m,29438.0,88.98,3500000.0,9.470523777330552
323190,Frostpunk,11 bit studios,Survival,$74.3m ($50.3m - $98.3m),$176.2m,29195.0,92.64,3500000.0,9.90766794745696
701160,Kingdom Two Crowns,Raw Fury,Survival,$7.3m ($3.8m - $10.7m),$99.5m,26314.0,90.75,3500000.0,9.679263240395859
389430,Knight Online,NTTGame,Survival,$18.1m ($8.7m - $27.5m),$18.1m,24542.0,43.362,3500000.0,4.9442077242437
644930,They Are Billions,Numantian Games,Survival,$44.5m ($32.6m - $56.4m),$44.9m,22295.0,85.06,3500000.0,9.128004730326243
955900,Amazing Cultivation Simulator,GSQ Games,Survival,$15.6m ($10.9m - $20.3m),$15.6m,18169.0,86.0,750000.0,9.161365573083264
1433140,The Texas Chain Saw Massacre,Gun Interactive,Survival,$12.3m ($8.1m - $16.6m),$13.2m,17141.0,68.14,350000.0,7.352306298517004
747660,Five Nights at Freddy's: Security Breach,ScottGames,Survival,$25.4m ($15.3m - $35.5m),$44.7m,17031.0,86.75,1500000.0,9.261495780414378
219740,Don't Starve,Klei Entertainment,Survival,$31.3m ($19m - $43.5m),$371.3m,16556.0,96.55,3500000.0,10.271716184975837
1812450,Bellwright,Donkey Crew,Survival,$14.9m ($10.6m - $19.2m),$25.5m,15186.0,81.22,750000.0,8.679246619464223
305620,The Long Dark,Hinterland Studio Inc.,Survival,$52.8m ($37.4m - $68.1m),$52.6m,14411.0,90.88,3500000.0,9.699650494643864
529180,Dark and Light,Snail Games USA,Survival,$8.4m ($5.8m - $11m),$609.6m,14029.0,51.83,750000.0,5.743052604848875
1475810,Ghostwire: Tokyo,Bethesda Softworks,Survival,$22.9m ($14.6m - $31.1m),$2.1b,14082.0,83.69,1500000.0,8.964587138882749
233860,Kenshi,Lo-Fi Games,Survival,$54.7m ($37.9m - $71.5m),$54.7m,11572.0,95.47,3500000.0,10.15253515065966
704270,Generation Zero,Avalanche Studios,Survival,$23m ($14.6m - $31.4m),$115.2m,11386.0,75.48,1500000.0,8.124633158748011
214490,Alien: Isolation,SEGA,Survival,$40.5m ($25.1m - $55.9m),$1.6b,10761.0,92.9,3500000.0,9.903372829748436
589360,Ni no Kuni II: Revenant Kingdom,BANDAI NAMCO Entertainment,Survival,$16.8m ($11.6m - $22m),$478.1m,10708.0,82.92,750000.0,8.85272216881105
454120,Starbase,Frozenbyte,Survival,$2.4m ($1.3m - $3.5m),$30.2m,9896.0,57.35,350000.0,6.2360708279601145
744900,Dead Frontier 2,Creaky Corpse Ltd,Survival,$8.9m ($6m - $11.8m),$9.2m,10009.0,0.0,3500000.0,0.5670012228054788
1016920,Unrailed!,Daedalic Entertainment,Survival,$18.9m ($10.6m - $27.2m),$159.9m,9651.0,93.65,1500000.0,9.935061050071925
784150,Workers & Resources: Soviet Republic,Hooded Horse,Survival,$16.9m ($12m - $21.7m),$205m,8221.0,91.61,750000.0,9.709993853747848
394510,HELLDIVERS Dive Harder Edition,PlayStation Publishing LLC,Survival,$18.9m ($12.5m - $25.3m),$1.3b,6691.0,90.9,3500000.0,9.676681404952735
801800,Atomfall,Rebellion,Survival,$5.9m ($4.3m - $7.4m),$225m,6072.0,77.8,75000.0,8.253091513642014
1272320,Diplomacy is Not an Option,Door 407,Survival,$13.2m ($8.7m - $17.7m),$13.3m,5939.0,85.08,350000.0,9.014529842422979
1121640,The Wandering Village,Stray Fawn Publishing,Survival,$8.5m ($5.3m - $11.8m),$20.1m,5711.0,91.29,350000.0,9.629685725605203
335240,Transformice,Atelier 801,Survival,$7m ($4.9m - $9.1m),$7m,5542.0,76.365,3500000.0,8.180526848793951
859570,Secret Neighbor: Hello Neighbor Multiplayer,tinyBuild,Survival,$8.6m ($5.9m - $11.3m),$179.6m,5049.0,87.47,1500000.0,9.286039630667247
2141730,Backrooms: Escape Together,Triiodide Studios,Survival,$11.3m ($6.7m - $16m),$11.3m,4920.0,88.48,750000.0,9.362824656036233
569480,Kingdoms and Castles,"Lion Shield, LLC",Survival,$13.1m ($9.2m - $16.9m),$13.1m,4836.0,93.48,1500000.0,9.880610533225871
1850740,Ghost Watchers,Renderise,Survival,$9m ($6m - $12.1m),$9.5m,4666.0,86.86,750000.0,9.195130404793407
939850,The Dark Pictures Anthology: Man of Medan,BANDAI NAMCO Entertainment Europe,Survival,$13.3m ($8.5m - $18m),$29.9m,4518.0,75.38,750000.0,8.056721554147893
91600,Sanctum,Coffee Stain Publishing,Survival,$365.2k ($171.2k - $559.2k),$592.7m,4467.0,90.23,1500000.0,9.517424024185901
866800,The Walking Dead: The Final Season,Skybound Games,Survival,$3.8m ($2.2m - $5.3m),$81.1m,4101.0,94.74,750000.0,9.975779414915303
1270580,Mind Over Magic,Klei Publishing,Survival,$4.8m ($3.3m - $6.4m),$8.6m,4096.0,87.09,350000.0,9.187444396458217
760060,Mutant Year Zero: Road to Eden,Funcom,Survival,$11.2m ($8m - $14.4m),$198.2m,4013.0,90.11,750000.0,9.531652241013274
667890,Dead Maze,Atelier 801,Survival,$15.7k ($11.7k - $19.6k),$7m,3819.0,0.0,1500000.0,0.42480182343620826
4500,S.T.A.L.K.E.R.: Shadow of Chernobyl,GSC Game World,Survival,$28.3m ($18.2m - $38.3m),$20.3m,3719.0,94.65,1500000.0,10.00255162419747
287290,Resident Evil Revelations 2,"CAPCOM Co., Ltd.",Survival,$2.9m ($1.9m - $3.9m),$1.8b,3659.0,78.21,1500000.0,8.344130575859376
2344320,Legacy: Steel & Sorcery,Notorious Studios,Survival,$2.5m ($1.6m - $3.3m),$2.5m,3642.0,70.3,350000.0,7.490028667121334
1732190,FATAL FRAME / PROJECT ZERO: Maiden of Black Water,"KOEI TECMO GAMES CO., LTD.",Survival,$3.1m ($1.9m - $4.3m),$424.5m,3474.0,82.28,350000.0,8.711685569151744
513720,Archipelago,Conglomerate 5,Survival,$2.8k ($1.9k - $3.8k),$2.5m,3419.0,65.25,35000.0,6.832667727611318
1072420,DRAGON QUEST BUILDERS 2,Square Enix,Survival,$11.3m ($7.6m - $15.1m),$1b,3348.0,92.69,750000.0,9.791101798820518
1088090,Day of Dragons,Beawesome Games,Survival,$3.6m ($2.3m - $4.9m),$3.7m,3183.0,68.69,750000.0,7.348921088140951
967050,Pacify,Hitchcock Games,Survival,$12.7m ($7.5m - $17.8m),$13.3m,3086.0,87.22,3500000.0,9.259302820903006
586790,Hold your houses,Conglomerate 5,Survival,$2.9k ($583 - $5.2k),$2.5m,2979.0,35.05500000000001,35000.0,3.80941102518949
991780,Notes of Soul,（Hong Kong）GKD Game Studio,Survival,$7.4m ($4.7m - $10.1m),$7.4m,2968.0,73.84,750000.0,7.875201178111122
2064870,Deceit 2,World Makers,Survival,$1.1m ($707k - $1.6m),$1.1m,2911.0,60.0,150000.0,6.418643425998532
333640,Caves of Qud,Kitfox Games,Survival,$6.9m ($5.1m - $8.7m),$39m,2853.0,95.15,350000.0,9.993995351637919
536270,Ancestors: The Humankind Odyssey,Private Division,Survival,$10.1m ($6.7m - $13.4m),$141.3m,2841.0,80.7,350000.0,8.559918740344205
1101190,Dungeon Defenders: Awakened,Chromatic Games,Survival,$5.1m ($3.5m - $6.7m),$43.2m,2839.0,67.41,150000.0,7.196893453062197
951440,Volcanoids,Volcanoid,Survival,$10.8m ($6.9m - $14.6m),$10.7m,2750.0,84.08,350000.0,8.886831889478751
2311190,Garten of Banban 3,Euphoric Brothers,Survival,$234.2k ($139.6k - $328.7k),$3.1m,2651.0,74.98,150000.0,7.895690295205688
596970,Sunless Skies: Sovereign Edition,Failbetter Games,Survival,$1.7m ($1.1m - $2.2m),$8m,2285.0,84.2,350000.0,8.864964784990445
555220,Detention,RedCandleGames,Survival,$3.2m ($2.2m - $4.2m),$18.7m,2325.0,95.76,750000.0,10.051419706903772
1534980,Terminus: Zombie Survivors,Longplay Studios,Survival,$1.4m ($1m - $1.8m),$1.4m,2187.0,94.45,350000.0,9.878318885929048
222480,Resident Evil Revelations,Capcom,Survival,$11m ($7.2m - $14.9m),$248m,2083.0,82.59,1500000.0,8.775578432909713
1289380,Sheltered 2,Team17,Survival,$435.6k ($298.4k - $572.8k),$491.6m,2141.0,45.79,350000.0,5.019787758854242
812040,Shortest Trip to Earth,Interactive Fate,Survival,$966.5k ($620.5k - $1.3m),$1m,1780.0,76.21,350000.0,8.041113165086514
1956040,Kingdom Eighties,Raw Fury,Survival,$916.1k ($709.1k - $1.1m),$99.5m,1712.0,75.46,150000.0,7.964838769033872
1579380,Shadow Tactics: Aiko's Choice,Daedalic Entertainment,Survival,$1.6m ($953.1k - $2.2m),$159.9m,1656.0,93.4,750000.0,9.80402489414616
564210,Fishermurs,Valkyrie Initiative,Survival,$2.7k ($1.4k - $4k),$2.8m,1571.0,60.003,10000.0,6.255763085886186
678800,SAS: Zombie Assault 4,Ninja Kiwi,Survival,$3m ($2.2m - $3.8m),$64.7m,1497.0,0.0,1500000.0,0.4817017102205775
1570330,West Hunt,Wandering Wizard,Survival,$1.9m ($910.6k - $2.9m),$4.4m,1491.0,86.31,150000.0,9.042809700639145
509980,BIGFOOT,CyberLight Game Studio,Survival,$13.9m ($10.4m - $17.5m),$13.9m,1460.0,83.22,1500000.0,8.818635290143233
1108370,Ratropolis,Cassel Games,Survival,$2.7m ($1.8m - $3.6m),$5.7m,1428.0,87.96,350000.0,9.231683573099923
47400,Stronghold 3 Gold,Firefly Studios,Survival,$2.8m ($835.4k - $4.7m),$45.4m,1403.0,31.08,750000.0,3.569636467650638
2328750,My Little Universe,SayGames,Survival,$1.2m ($796.2k - $1.7m),$1.2m,1399.0,90.95,350000.0,9.511583134452696
916840,The Walking Dead: Saints & Sinners,Skydance Interactive,Survival,$19.6m ($12.6m - $26.6m),$21.2m,1366.0,86.5,750000.0,9.13584271097296
2963880,Murky Divers,Embers,Survival,$2.9m ($1.7m - $4.1m),$3.1m,1338.0,87.69,350000.0,9.201098559510008
383840,Nimbatus - The Space Drone Constructor,Stray Fawn Publishing,Survival,$1.8m ($1.1m - $2.6m),$20.1m,1310.0,79.82,35000.0,8.362903182556988
555920,Dark Egypt,GDNomaD,Survival,$2.7k ($552 - $4.9k),$95k,1287.0,29.997,10000.0,3.23449804118849
257170,Rebuild 3: Gangs of Deadsville,Northway Games,Survival,$1.3m ($889.5k - $1.7m),$1.8m,1181.0,86.33,150000.0,9.028247288181989
860020,EXFIL,MicroProse Software,Survival,$460.9k ($228k - $693.7k),$43.7m,1134.0,61.245,150000.0,6.517073191835837
2233120,A Quiet Place: The Road Ahead,Saber Interactive,Survival,$1.7m ($1.2m - $2.2m),$3.1m,1066.0,75.58,75000.0,7.940768350588305
314970,Age of Conquest IV,Noble Master LLC,Survival,$8.2k ($5.5k - $10.8k),$17.6k,954.0,72.0,750000.0,7.531233595250189
726110,Overcrowd: A Commute 'Em Up,SquarePlay Games,Survival,$882.2k ($561.8k - $1.2m),$882.1k,802.0,81.32,35000.0,8.47395707681205
757320,Atomicrops,Raw Fury,Survival,$1.6m ($1m - $2.3m),$99.5m,767.0,93.22,350000.0,9.743085144290571
2061440,Oxygen: First Breath,GrabTheGames,Survival,0,$13.7m,746.0,0.0,150000.0,0.25751000044183425
434570,Blood and Bacon,Grunge Games LTD,Survival,$1m ($684.6k - $1.4m),$1m,702.0,95.58,1500000.0,9.982428762834605
2436570,DRAGON QUEST BUILDERS,Square Enix,Survival,$733.2k ($448.6k - $1m),$1b,702.0,89.57,35000.0,9.322269900902397
407840,Guardians of Orion (Phase 2),DANKIE,Survival,$744.9k ($480.1k - $1m),$2.5m,679.0,52.98,350000.0,5.6884199533658935
1150760,Gloomwood,New Blood Interactive,Survival,$2.4m ($1.6m - $3.3m),$67m,693.0,95.45,750000.0,9.984231534660383
1574900,Salt 2: Shores of Gold,Lavaboots Studios,Survival,$870.1k ($546.8k - $1.1m),$2.2m,637.0,85.42,75000.0,8.897627238497199
1253710,Garbage,GrabTheGames,Survival,$255.2k ($155.7k - $354.7k),$13.7m,550.0,66.98,150000.0,7.054620118736983
3123830,Dread Tomb,Gamirror Games,Survival,$26.9k ($15.5k - $38.3k),$118.8m,546.0,46.152,10000.0,4.887431451947262
1402020,SCP: Labrat,Bezbro Games,Survival,0,$7.9k,544.0,0.0,750000.0,0.2740466434463577
266430,Anarchy Arcade,Elijah Newman-Gomez,Survival,0,$0 ,515.0,60.003,750000.0,6.233366391696106
388550,Galactic Missile Defense,Black Sheep Games,Survival,$1.3k ($693 - $2k),$1.3k,507.0,56.664,75000.0,5.88853621010258
2846060,Subterror,Team Monumental,Survival,$88.5k ($54.6k - $122.5k),$104.2k,498.0,81.666,35000.0,8.451233443222415
2902540,KUNKUN Defender,Seal,Survival,$47.8k ($30.1k - $65.5k),$112.8k,464.0,97.13,10000.0,9.958750818513638
251570,7 Days to Die,The Fun Pimps Entertainment LLC,Tower Defense,$169.3m ($113.7m - $224.8m),$169.1m,124449.0,87.41,15000000.0,9.47400772081791
960090,Bloons TD 6,Ninja Kiwi,Tower Defense,$54m ($39.9m - $68m),$64.7m,53891.0,97.28,3500000.0,10.381727110136566
780310,The Riftbreaker,EXOR Studios,Tower Defense,$19.3m ($12.5m - $26m),$19.9m,21506.0,90.71,1500000.0,9.657263817140821
236110,Dungeon Defenders II,Chromatic Games,Tower Defense,$21.7m ($15.8m - $27.6m),$43.2m,18744.0,67.91,3500000.0,7.397021689833551
1566690,Outpost: Infinity Siege,Lightning Games,Tower Defense,$5.5m ($3.4m - $7.5m),$85.3m,17128.0,65.97,350000.0,7.131571505497993
3590,Plants vs. Zombies GOTY Edition,"PopCap Games, Inc.",Tower Defense,$22m ($14.9m - $29m),$29m,16225.0,97.66,3500000.0,10.366043251704049
201790,Orcs Must Die! 2,Robot Entertainment,Tower Defense,$4.7m ($992k - $8.4m),$25.8m,15806.0,92.46,3500000.0,9.8222883529063
210770,Sanctum 2,Coffee Stain Publishing,Tower Defense,$3.1m ($1.5m - $4.7m),$592.7m,13560.0,92.61,3500000.0,9.839913215251814
65800,Dungeon Defenders,Chromatic Games,Tower Defense,$16.2m ($8.6m - $23.9m),$43.2m,12467.0,93.25,3500000.0,9.914138023201811
1035510,Ultimate Zombie Defense,Terror Dog Studio,Tower Defense,$437.5k ($223.5k - $651.4k),$752.4k,11800.0,86.47,350000.0,9.112957155359107
489520,Minion Masters,BetaDwarf,Tower Defense,$5.9m ($3.7m - $8.2m),$7.4m,10160.0,79.81,750000.0,8.507025637778403
2647230,HoloParade,holo Indie,Tower Defense,$406.7k ($236.6k - $576.8k),$1.3m,10106.0,85.12,350000.0,8.974436964000894
562730,MechDefender - Tower Defense,Conglomerate 5,Tower Defense,$6.1k ($3.2k - $9k),$2.5m,9786.0,68.688,150000.0,7.252982497016062
1202130,Starship Troopers: Terran Command,Slitherine Ltd.,Tower Defense,$9.5m ($6.5m - $12.5m),$97.4m,8089.0,88.18,350000.0,9.33784577460264
2453360,Cluckmech Oasis,Mammorize,Tower Defense,$1.5m ($984.3k - $2.1m),$1.5m,7559.0,88.06,350000.0,9.279031904073072
1637320,Dome Keeper,Raw Fury,Tower Defense,$13.5m ($8.4m - $18.5m),$99.5m,6487.0,92.44,3500000.0,9.813822405037984
469600,Legion TD 2 - Multiplayer Tower Defense,AutoAttack Games,Tower Defense,$10.1m ($7.5m - $12.6m),$10.1m,5751.0,86.68,1500000.0,9.201082623949803
543900,METAL GEAR SURVIVE,KONAMI,Tower Defense,$5m ($3.3m - $6.7m),$639.8m,5511.0,64.47,350000.0,6.95368682840671
3226530,Tower Dominion,Parallel 45 Games,Tower Defense,$2.8m ($2m - $3.7m),$2.8m,5486.0,86.41,75000.0,9.0813224727215
2273980,Orcs Must Die! Deathtrap,Robot Entertainment,Tower Defense,$2.9m ($2m - $3.8m),$25.8m,4894.0,71.53,350000.0,7.634336132528928
2187290,Wall World,Alawar,Tower Defense,$2m ($1.3m - $2.6m),$13.3m,4566.0,91.53,750000.0,9.641029841547159
1197260,The Perfect Tower II,Fire Sword Studios,Tower Defense,$1.1k ($821 - $1.4k),$1.1k,4891.0,0.0,350000.0,0.3236940099894182
1377380,Night of the Dead,Jackto Studios,Tower Defense,$9.3m ($6.7m - $11.9m),$9.3m,4406.0,78.02,350000.0,8.292656687927122
1843760,Rogue Tower,Die of Death Games,Tower Defense,$4.8m ($3.2m - $6.5m),$4.8m,4276.0,82.64,750000.0,8.758362305644434
1367550,Kingdom Rush Vengeance - Tower Defense,Ironhide Game Studio,Tower Defense,$8.7m ($5.5m - $11.8m),$28.7m,4085.0,94.45,750000.0,9.954253709747798
1262240,Plants vs. Zombies: Battle for Neighborville,Electronic Arts,Tower Defense,$9.5m ($6.1m - $12.9m),$4.5b,3966.0,71.77,1500000.0,7.723804539780981
848480,Creeper World 4,Knuckle Cracker,Tower Defense,$5.6m ($3.3m - $7.9m),$9.1m,3779.0,94.99,350000.0,9.977432900690014
496300,Kingdom: New Lands,Raw Fury,Tower Defense,$3.6m ($2.3m - $5m),$99.5m,3495.0,86.48,1500000.0,9.160453282826023
503770,Elven Assassin,Wenkly Studio Sp. z o.o.,Tower Defense,$275.6k ($151.6k - $399.5k),$580.7k,3489.0,84.21,350000.0,8.841382938178077
280220,Creeper World 3: Arc Eternal,Knuckle Cracker,Tower Defense,$2.2m ($1.4m - $3m),$9.1m,3265.0,96.16,350000.0,10.076318924472682
537200,Defense Of Greece TD,First Games Interactive,Tower Defense,$9.1k ($1.8k - $16.5k),$53.9k,2981.0,70.713,150000.0,7.40804317518937
248390,Craft The World,Dekovir Ltd,Tower Defense,$6.9m ($5m - $8.9m),$6.9m,3243.0,88.74,750000.0,9.366628746071958
2346410,Border Pioneer,Yogscast Games,Tower Defense,$1.5m ($945.4k - $2.1m),$37.9m,2750.0,87.19,75000.0,9.140014805880291
357780,Defend Your Life: TD,Alda Games,Tower Defense,$72.3k ($41.8k - $102.9k),$975.3k,2587.0,82.26,150000.0,8.600889979345768
444640,Bloons TD Battles,Ninja Kiwi,Tower Defense,$1.3m ($973.8k - $1.7m),$64.7m,2577.0,78.94800000000001,1500000.0,8.381161634963235
2821800,Drill Core,tinyBuild,Tower Defense,$2.1m ($1.4m - $2.8m),$179.6m,2523.0,85.2,150000.0,8.965439509937934
1197570,Until We Die,Pixeye Games,Tower Defense,$1m ($594.4k - $1.5m),$1m,2318.0,63.58,750000.0,6.8038701307000435
937310,Infinitode 2 - Infinite Tower Defense,Prineside,Tower Defense,$12.5k ($7.2k - $17.8k),$12.5k,2184.0,89.53,75000.0,9.262928232563617
343930,Fort Defense,8Floor,Tower Defense,$10.2k ($6.1k - $14.3k),$3.8m,2193.0,70.83,150000.0,7.430121785213893
2277320,Necrosmith 2,Alawar,Tower Defense,$529.6k ($351.8k - $707.4k),$13.3m,2159.0,78.19,350000.0,8.247426943822019
2411910,miniBONG,Game Star,Tower Defense,$179.6k ($119.5k - $239.6k),$816.4k,2016.0,79.43,350000.0,8.341628150406077
1106530,GemCraft - Frostborn Wrath,Game in a Bottle,Tower Defense,$933k ($578k - $1.2m),$932.7k,2044.0,88.55,350000.0,9.278584258926347
371460,Gnumz: Masters of Defense,8Floor,Tower Defense,$7.5k ($4k - $11k),$3.8m,2056.0,64.40400000000001,150000.0,6.781053536185468
246420,Kingdom Rush  - Tower Defense,Ironhide Game Studio,Tower Defense,$4m ($2.9m - $5.2m),$28.7m,1950.0,97.57,1500000.0,10.247589178267559
816340,Kingdom Rush Origins - Tower Defense,Ironhide Game Studio,Tower Defense,$4.6m ($2.9m - $6.3m),$28.7m,2000.0,95.67,350000.0,10.02778509079012
294750,Anomaly Defenders,11 bit studios,Tower Defense,$74.1k ($41.4k - $106.8k),$176.2m,1848.0,68.13000000000001,350000.0,7.219079605979678
2224640,Artisan TD,Unexpected,Tower Defense,$788.8k ($554.5k - $1m),$2.7m,1701.0,88.66,350000.0,9.286007354763704
91200,Anomaly: Warzone Earth,11 bit studios,Tower Defense,$1.7m ($343.7k - $3m),$176.2m,1793.0,85.12,750000.0,8.979783383294004
688420,Bad North: Jotunn Edition,Raw Fury,Tower Defense,$4.7m ($3.1m - $6.3m),$99.5m,1770.0,93.73,750000.0,9.852723136114067
450850,Cube Land Arena,SC Jogos,Tower Defense,$4.5k ($2.4k - $6.6k),$762.8k,1634.0,59.535,75000.0,6.257198946414681
18500,Defense Grid: The Awakening,Hidden Path Entertainment,Tower Defense,$1.8m ($1.2m - $2.4m),$3.1m,1674.0,96.4,750000.0,10.08918367799581
294020,Merchants of Kaidan,Forever Entertainment S. A.,Tower Defense,$346.1k ($172.2k - $519.9k),$4.5m,1694.0,54.63,150000.0,5.854096832425711
523660,HYPERCHARGE: Unboxed,Digital Cybercherries,Tower Defense,$5m ($2.9m - $7m),$6.9m,1625.0,90.71,750000.0,9.537546459064636
2562730,Samawa Idle,Samharia Studios,Tower Defense,$140.7k ($96.3k - $185.1k),$143.9k,1620.0,66.06,150000.0,6.967880411531196
306020,Bloons TD 5,Ninja Kiwi,Tower Defense,$3.3m ($2.3m - $4.3m),$64.7m,1630.0,94.71,350000.0,9.924102671369402
296490,GemCraft - Chasing Shadows,Armor Games Studios,Tower Defense,$883.6k ($580.8k - $1.1m),$20.7m,1601.0,95.62,350000.0,9.990505647344637
423550,Day D: Tower Rush,8Floor,Tower Defense,$7.3k ($4.4k - $10.3k),$3.8m,1614.0,67.95,150000.0,7.127765553149471
618610,Endless Horde,Ominous Entertainment,Tower Defense,$10.6k ($5.7k - $15.5k),$27.3k,1609.0,58.365,150000.0,6.153451976614004
227860,Castle Story,Sauropod Studio,Tower Defense,$6m ($4.2m - $7.8m),$6m,1565.0,66.5,350000.0,7.100350681121717
1018830,Element TD 2 - Tower Defense,Element Studios,Tower Defense,$2.7m ($1.6m - $3.9m),$3.4m,1490.0,90.18,350000.0,9.452786449421529
328080,Rise to Ruins,SixtyGig Games,Tower Defense,$2.3m ($1.7m - $3m),$2.3m,1440.0,87.63,350000.0,9.192724039093912
345330,Eden Rising,The Wall Productions Inc.,Tower Defense,$12.1k ($7.1k - $17.1k),$12.1k,1372.0,66.465,350000.0,6.97595018192876
2459550,Emberward,Refic Games,Tower Defense,$2.2m ($1.4m - $2.9m),$2.2m,1348.0,97.11,150000.0,10.118851094569242
1868000,Resist the succubus—The end of the female Knight,OTAKU Plan,Tower Defense,$568.7k ($397.4k - $739.9k),$8.4m,1256.0,75.48,35000.0,7.907109274687799
204530,Infested Planet,Rocket Bear Games,Tower Defense,$868.9k ($558.4k - $1.1m),$869k,1252.0,94.28,350000.0,9.83506945038757
1724770,Castle Of Alchemists,Team Machiavelli,Tower Defense,$282.2k ($197.6k - $366.7k),$282.2k,1193.0,82.41,35000.0,8.573792983683882
1433420,Love n War: Hero by Chance,Reborn Entertainment,Tower Defense,$32.4k ($18.5k - $46.2k),$779.6k,1102.0,78.99,10000.0,8.174137185046666
1482910,Idle Monster TD,Swell Games LLC,Tower Defense,$28.1k ($14.9k - $41.3k),$1.2m,1088.0,0.0,150000.0,0.33521739624487346
1975520,Astronomics,Numizmatic,Tower Defense,$418.1k ($295.5k - $540.7k),$424.2k,1004.0,90.18,35000.0,9.3529158718162
243780,PixelJunk Monsters Ultimate,Double Eleven,Tower Defense,$357k ($145.8k - $568.1k),$684.8k,955.0,87.05,350000.0,9.089733319605955
422900,Particle Fleet: Emergence,Knuckle Cracker,Tower Defense,$717.3k ($482.3k - $952.3k),$9.1m,927.0,92.17,75000.0,9.587509141369667
541230,Alien Shooter TD,Sigma Team Inc.,Tower Defense,$100.2k ($60.2k - $140.2k),$2.4m,925.0,84.67,150000.0,8.818649577869667
454870,Magic Quest,Stereo7 Games,Tower Defense,$4.1k ($2k - $6.2k),$32.4k,850.0,52.101,75000.0,5.478685426021731
315460,Dig or Die,Gaddy Games,Tower Defense,$1.7m ($1.2m - $2.1m),$3.8m,842.0,90.37,350000.0,9.447868738200945
371140,Aegis Defenders,Humble Games,Tower Defense,$825.7k ($357.6k - $1.2m),$202.5m,833.0,69.093,350000.0,7.32636369161537
319760,Oh My Gore!,Daedalic Entertainment,Tower Defense,$22.5k ($12.5k - $32.6k),$159.9m,833.0,78.993,75000.0,8.228437029335527
1983970,Affogato,Spiral Up Games,Tower Defense,$362.1k ($243.2k - $481k),$32.8m,827.0,82.81,150000.0,8.659065168030974
878380,Touhou Big Big Battle,MyACG Studio,Tower Defense,$34.1k ($18.5k - $49.8k),$2.8m,787.0,75.63,75000.0,7.87910029677566
1709900,Tower Tactics: Liberation,asraworks,Tower Defense,$701.3k ($446.6k - $956.1k),$714.7k,784.0,89.01,150000.0,9.270636377520862
1713810,Lumencraft,Star Drifters,Tower Defense,$1.2m ($720.3k - $1.8m),$2.6m,774.0,76.66,75000.0,8.033043974684995
989690,Conan Unconquered,Funcom,Tower Defense,$953.2k ($649.7k - $1.2m),$198.2m,755.0,70.6,150000.0,7.457025352689005
40950,Stronghold HD (2012),Firefly Studios,Tower Defense,$1m ($588.7k - $1.4m),$45.4m,749.0,95.52,350000.0,9.962155426781937
355800,Space Run Galaxy,Focus Entertainment,Tower Defense,$802k ($511.5k - $1m),$728.4m,712.0,69.57,350000.0,7.374266456070843
254200,FortressCraft Evolved!,Digital Tribe,Tower Defense,$796.1k ($548.3k - $1m),$3.3m,715.0,72.34,350000.0,7.628173950547232
249330,Unholy Heights,PLAYISM,Tower Defense,$307.9k ($178.8k - $436.9k),$86.3m,706.0,90.42,150000.0,9.416956205776083
115120,Iron Brigade,Double Fine Productions,Tower Defense,$327.2k ($204k - $450.5k),$21.4m,702.0,85.6,350000.0,8.94868420184088
2186360,IDUN - Frontline Survival,Surefire.Games,Tower Defense,$321.7k ($233.4k - $410k),$27.8m,703.0,78.48,35000.0,8.18599028873382
449710,REDCON,Hexage,Tower Defense,$156.5k ($96.2k - $216.7k),$352.9k,667.0,84.89,75000.0,8.81326723237858
2118250,Kitchen Crisis,Team Samoyed,Tower Defense,$140.8k ($98.8k - $182.9k),$3.2m,635.0,67.716,10000.0,7.057089725165346
215710, Fieldrunners 2,Subatomic Studios LLC,Tower Defense,$111.8k ($72k - $151.5k),$196.7k,646.0,80.85600000000001,75000.0,8.40148344840049
2427570,Block Tower TD,MyDreamForever,Tower Defense,$8.5k ($4.7k - $12.4k),$120.7k,631.0,72.0,150000.0,7.491136687135603
538920,Fiery Disaster,Vogelfänger,Tower Defense,$3.2k ($654 - $5.8k),$9k,618.0,47.997,10000.0,5.0041725800304
1946970,Isle of Arrows,Gridpop,Tower Defense,$585k ($356k - $813.9k),$584.7k,581.0,80.74,350000.0,8.449861788010152
2296550,Axon TD: Uprising - Tower Defense,Element Studios,Tower Defense,$680.6k ($438.8k - $922.4k),$3.4m,563.0,87.22,35000.0,9.055017287129969
227220,Sang-Froid - Tales of Werewolves,Artifice Studio,Tower Defense,0,$170.6k,493.0,88.85,350000.0,9.137743594909677
2287970,Dungeon's Legion,Kagura Games,Tower Defense,$391.3k ($252.2k - $530.3k),$63.4m,488.0,87.22,35000.0,9.055078837513138
1671350,Touhou Monster TD ~ 幻想乡妖怪塔防,MyACG Studio,Tower Defense,$322.4k ($227.4k - $417.4k),$2.8m,435.0,91.02,150000.0,9.447965772848235
3133060,Gnomes,DYSTOPIAN,Tower Defense,$392.3k ($270.8k - $513.9k),$392.3k,435.0,95.55,35000.0,9.862781624505226
3054090,Idle Tower Defense,ZNZ Games,Tower Defense,$31.7k ($19.5k - $43.9k),$31.7k,430.0,47.061,10000.0,4.938090087424418
2617400,Minimalist Tower Defense,Happy213,Tower Defense,$250.5k ($167.8k - $333.3k),$250k,427.0,95.68,75000.0,9.883838627119077
1669980,Volcano Princess,养蛋人 Egg Hatcher,Visual Novel,$11.8m ($8m - $15.7m),$11.8m,30515.0,97.83,1500000.0,10.370711042906482
626690,Sword Art Online: Fatal Bullet,BANDAI NAMCO Entertainment,Visual Novel,$20.3m ($12.8m - $27.8m),$478.1m,21727.0,79.26,1500000.0,8.526931295720248
2786680,"Knowledge, or know Lady",蒸汽满满工作室,Visual Novel,$2.5m ($1.5m - $3.5m),$2.5m,14963.0,95.32,350000.0,10.035801541106654
1449690,The Walking Dead: The Telltale Definitive Series,Skybound Games,Visual Novel,$15.5m ($10.2m - $20.9m),$81.1m,7754.0,96.37,750000.0,10.178952972704968
1880330,Sanfu,Gamirror Games,Visual Novel,$2.5m ($1.5m - $3.4m),$118.8m,7558.0,82.83,750000.0,8.799264388192626
2593370,The Hungry Lamb: Traveling in the Late Ming Dynasty,零创游戏(ZerocreationGame),Visual Novel,$5.3m ($3.4m - $7.2m),$5.9m,4925.0,95.16,1500000.0,10.03260089005306
567640,Danganronpa V3: Killing Harmony,"Spike Chunsoft Co., Ltd.",Visual Novel,$15.9m ($10.1m - $21.7m),$94.5m,4667.0,83.56,1500000.0,8.89878857478924
459820,Crush Crush,Sad Panda Studios,Visual Novel,$26.4m ($16.3m - $36.4m),$35.4m,4508.0,89.18,1500000.0,9.462882299332806
2401970,Ace Attorney Investigations Collection,"CAPCOM Co., Ltd.",Visual Novel,$3.3m ($2m - $4.5m),$1.8b,4419.0,96.72,150000.0,10.151242510343836
994730,Banner of the Maid,2P Games,Visual Novel,$3.3m ($2.1m - $4.4m),$43.1m,3737.0,86.79,750000.0,9.17314145727717
1451940,NEEDY STREAMER OVERLOAD,WSS playground,Visual Novel,$16.3m ($11.4m - $21.2m),$24.7m,3627.0,94.75,1500000.0,10.004593860975973
412830,STEINS;GATE,"Spike Chunsoft Co., Ltd.",Visual Novel,$9.7m ($6.3m - $13.2m),$94.5m,3507.0,97.11,750000.0,10.222214485884791
973760,Thronebreaker: The Witcher Tales,CD PROJEKT RED,Visual Novel,$10.9m ($7.4m - $14.4m),$1.1b,3352.0,89.89,750000.0,9.511022945622953
1207650,Suzerain,Torpor Games,Visual Novel,$2.5m ($1.3m - $3.7m),$2.5m,3333.0,92.89,750000.0,9.76336597694691
2378900,The Coffin of Andy and Leyley,Kit9 Studio,Visual Novel,$3.8m ($2.4m - $5.1m),$3.8m,3097.0,96.4,750000.0,10.119973154538792
821880,Idol Manager,PLAYISM,Visual Novel,$2.2m ($1.4m - $2.9m),$86.3m,2920.0,87.51,350000.0,9.21749499465457
2190220,Touhou Danmaku Kagura Phantasia Lost,Alliance Arts,Visual Novel,$1.4m ($922k - $1.9m),$19.4m,2805.0,80.82,150000.0,8.51529345428218
417860,Emily is Away,Kyle Seeley,Visual Novel,0,$1.6m,2747.0,80.001,1500000.0,8.399268985434293
251990,Long Live The Queen,Hanako Games,Visual Novel,$2.1m ($1.6m - $2.7m),$3.5m,2575.0,94.87,350000.0,9.935197047696262
2865490,恋爱单选题,无忧传媒,Visual Novel,$586.6k ($412.5k - $760.6k),$586.4k,2469.0,81.47,75000.0,8.533169800894237
2826180,Chill Pulse,Catos Game,Visual Novel,$567k ($405.3k - $728.8k),$564.7k,2146.0,95.68,350000.0,9.983701082605933
498240,Batman - The Telltale Series,Telltale,Visual Novel,$6.8m ($4.8m - $8.7m),$25.7m,2115.0,86.7,750000.0,9.154810466435075
331470,Everlasting Summer,Soviet Games,Visual Novel,0,$463.2k,1907.0,94.51,750000.0,9.800715805475583
675260,Batman: The Enemy Within - The Telltale Series,Telltale,Visual Novel,$2.6m ($1.8m - $3.4m),$25.7m,2024.0,91.89,750000.0,9.658468789851389
2073250,Rift of the NecroDancer,Klei Publishing,Visual Novel,$3.1m ($2.1m - $4.2m),$8.6m,1833.0,94.93,75000.0,9.905655822233674
743450,Monster Prom,Xelu,Visual Novel,$3.4m ($2.2m - $4.6m),$3.9m,1510.0,93.38,750000.0,9.794222338538978
3433810,咸鱼殿下 / My journey,恭迎皇子驾到工作室,Visual Novel,$469.4k ($313.8k - $624.9k),$469.4k,1456.0,86.12,75000.0,8.977622048213505
2457540,Cardfight!! Vanguard Dear Days 2,Bushiroad Inc.,Visual Novel,$1.4m ($951.3k - $1.9m),$6.6m,1830.0,62.676,35000.0,6.65042933381852
648100,Raging Loop,KEMCO,Visual Novel,$4.1m ($2.5m - $5.7m),$4.7m,1270.0,95.85,150000.0,10.00330920964998
1347430,Cute Honey,Lovely Games Hentai Club,Visual Novel,$470.3k ($149.3k - $791.4k),$1.5m,1144.0,90.85,350000.0,9.482688832727515
2097570,StarVaders,Joystick Ventures,Visual Novel,$2m ($1.4m - $2.6m),$6.2m,1262.0,97.64,75000.0,10.15732509283757
1003520,Hentai Crush,Mature Games,Visual Novel,$158.7k ($79.3k - $238k),$416.9k,1107.0,84.82,75000.0,8.822861755261275
2396980,Fate/stay night REMASTERED,Aniplex Inc.,Visual Novel,$2.8m ($1.9m - $3.7m),$14.6m,1105.0,95.8,75000.0,9.977773420448028
1933650,The Imperial Gatekeeper,Kagura Games,Visual Novel,$1.9m ($1m - $2.8m),$63.4m,1060.0,79.72,150000.0,8.384674228174942
313730,Sunrider: Mask of Arcadius,Sekai Project,Visual Novel,0,$39.2m,1021.0,68.82300000000001,750000.0,7.222012072806762
2113920,The Legend of Heroes: Kuro no Kiseki Ⅱ -CRIMSON SiN-	,Clouded Leopard Entertainment,Visual Novel,$836.5k ($574.9k - $1m),$15.3m,1060.0,78.43,35000.0,8.205036426824645
2399220,NUKITASHI,Shiravune,Visual Novel,$1.5m ($980.9k - $2m),$15.3m,1007.0,95.99,75000.0,9.985023666565288
477740,Zero Escape: The Nonary Games,"Spike Chunsoft Co., Ltd.",Visual Novel,$3.4m ($2.3m - $4.5m),$94.5m,945.0,92.96,350000.0,9.734283151612875
524580,Fairy Fencer F Advent Dark Force,Idea Factory International,Visual Novel,$2.3m ($1.5m - $3m),$37.9m,944.0,85.4,350000.0,8.968653654397881
2011470,大侠请重来,熊窝dodox,Visual Novel,$60.7k ($24.4k - $97k),$628k,937.0,82.47,150000.0,8.586018152101978
1506980,Lay a Beauty to Rest: The Darkness Peach Blossom Spring,零创游戏(ZerocreationGame),Visual Novel,$615k ($301.9k - $928.2k),$5.9m,887.0,95.74,350000.0,9.973579691424314
1920780,Stray Gods: The Roleplaying Musical,Humble Games,Visual Novel,$2.4m ($1.8m - $3.1m),$202.5m,763.0,93.78,350000.0,9.807862624062546
1230140,ATRI -My Dear Moments-,ANIPLEX.EXE,Visual Novel,$5.4m ($3.4m - $7.3m),$6m,738.0,98.56,350000.0,10.28155157891405
2142160,Turlock Holmes,Neverland Entertainment,Visual Novel,$381.9k ($235.9k - $527.8k),$11.2m,690.0,80.0,75000.0,8.353096452779969
1340480,The Cosmic Wheel Sisterhood,Devolver Digital,Visual Novel,$1.5m ($1.1m - $1.9m),$501.4m,685.0,93.73,350000.0,9.79657515515036
1974520,Dusk Pub - Adult Only,YellowDuckWorks,Visual Novel,$1.2m ($794.1k - $1.6m),$1.5m,679.0,92.57,75000.0,9.61763656024132
368370,Her Story,Sam Barlow,Visual Novel,$1.3m ($1m - $1.7m),$1.3m,648.0,89.64,1500000.0,9.390891256426038
2734450,Folie Fatale,346lab Localization,Visual Novel,$205.4k ($125.8k - $285k),$819.9k,670.0,87.62,75000.0,9.093970335956017
1662840,PARQUET,NekoNyan Ltd.,Visual Novel,$266.9k ($148.2k - $385.6k),$29.6m,656.0,95.83,150000.0,9.949022782915872
779640,妄想症：Deliver Me,SakuraGame,Visual Novel,$53.5k ($30.2k - $76.8k),$3.9m,640.0,87.64,150000.0,9.097208302393637
833040,Hiveswap Friendsim,Fellow Traveller,Visual Novel,$51.4k ($35.9k - $66.9k),$16.8m,634.0,93.94,75000.0,9.717052816184093
3173890,Half Billion: Love Choice,坤舆科技,Visual Novel,$266.1k ($191.5k - $340.6k),$385.8k,633.0,70.28,35000.0,7.341665909963871
1574820,Until Then,Maximum Entertainment,Visual Novel,$2.1m ($1.3m - $2.8m),$32.3m,626.0,97.04,150000.0,10.098943794736288
1155970,Roadwarden,Assemble Entertainment,Visual Novel,$1.3m ($740k - $1.9m),$24.3m,599.0,94.89,150000.0,9.874387729284201
581130,Metal Waltz: Anime tank girls,WuL Game Studio,Visual Novel,$294.9k ($183k - $406.7k),$294.9k,601.0,0.0,350000.0,0.36401688689323514
648580,428: Shibuya Scramble,"Spike Chunsoft Co., Ltd.",Visual Novel,$792.3k ($627.3k - $957.3k),$94.5m,555.0,94.85,150000.0,9.866644631694832
359390,Amnesia: Memories,Idea Factory International,Visual Novel,$708.1k ($502.2k - $914k),$37.9m,558.0,92.34,150000.0,9.610264427885317
1663220,Coffee Talk Episode 2: Hibiscus & Butterfly,Toge Productions,Visual Novel,$982.2k ($658.4k - $1.3m),$7.8m,592.0,97.19,150000.0,10.095080944242653
751440,VR Kanojo / VRカノジョ,ILLUSION,Visual Novel,$3.6m ($2.2m - $5m),$63.7m,521.0,76.45,150000.0,8.045011577700791
2460980,Tide—1927—,咕咕制作组,Visual Novel,$19.6k ($10.1k - $29.1k),$21.1k,477.0,78.75,75000.0,8.146625026382388
333600,NEKOPARA Vol. 1,Sekai Project,Visual Novel,$5.8m ($3.5m - $8.1m),$39.2m,482.0,95.65,750000.0,10.00353681782776
429580,A Wild Catgirl Appears!,NewWestGames,Visual Novel,$43.4k ($8.6k - $78.2k),$94.8k,469.0,56.961,150000.0,6.000732582488846
555950,Danganronpa Another Episode: Ultra Despair Girls,"Spike Chunsoft Co., Ltd.",Visual Novel,$3.1m ($2.1m - $4.1m),$94.5m,462.0,84.46,150000.0,8.841810527781842
2612700,S4U: CITYPUNK 2011 AND LOVE PUNCH,GCORES PUBLISHING,Visual Novel,$510.7k ($337.2k - $684.2k),$1.2m,459.0,90.26,75000.0,9.361148751463194
1044620,Aokana - Four Rhythms Across the Blue,NekoNyan Ltd.,Visual Novel,$1.6m ($954k - $2.2m),$29.6m,447.0,97.16,75000.0,10.080664183874314
695330,SEASON: A letter to the future,Scavengers Studio,Visual Novel,$1.2m ($905k - $1.5m),$1.2m,438.0,93.54,150000.0,9.715660038272198
2781750,Sisters: Last Day of Summer,JAST,Visual Novel,$218.7k ($130.7k - $306.7k),$10.1m,412.0,75.393,10000.0,7.822739181305785
2514640,All in Abyss: Judge the Fake,Alliance Arts,Visual Novel,$146.1k ($98.5k - $193.7k),$19.4m,432.0,48.897,35000.0,5.1996133315196085
3068300,Katawa Shoujo,Four Leaf Studios,Visual Novel,0,$0 ,428.0,0.0,150000.0,0.16135283148794805
264380,Narcissu 1st & 2nd,Sekai Project,Visual Novel,0,$39.2m,399.0,86.4,350000.0,8.906221737279639
2185770,Aonatsu Line,HIKARI FIELD,Visual Novel,$234.4k ($133.6k - $335.1k),$46.9m,408.0,92.13,35000.0,9.531801460696519
324160,CLANNAD,Sekai Project,Visual Novel,$5.7m ($4m - $7.5m),$39.2m,395.0,98.38,350000.0,10.253047379333653
1113680,Hentai Girl Division,Mature Games,Visual Novel,$60.5k ($30.3k - $90.8k),$416.9k,362.0,81.55,35000.0,8.430182667658176
1385730,Mosaique Neko Waifus 3,Lil Hentai Games,Visual Novel,$40.8k ($23k - $58.5k),$424.8k,366.0,94.61,150000.0,9.763494084803465
642090,Coming Out on Top,Obscurasoft,Visual Novel,$496.6k ($248.3k - $744.9k),$496.3k,394.0,95.71,35000.0,9.880157224296596
2510810,突然＊恋人,HIKARI FIELD,Visual Novel,$153.7k ($100.4k - $206.9k),$46.9m,361.0,87.597,10000.0,9.040503628709006
2812850,Love Chase,Topgame,Visual Novel,$59.1k ($38.2k - $80k),$59.3k,352.0,75.51,35000.0,7.816623885058395
310360,Higurashi When They Cry Hou - Ch.1 Onikakushi,MangaGamer,Visual Novel,0,$15.5m,350.0,96.35,350000.0,9.891174729714917
568770,Cinderella Phenomenon - Otome/Visual Novel,Dicesuki,Visual Novel,0,$45.5k,341.0,90.0,350000.0,9.229993786515273
712730,SIMULACRA,Kaigan Games OÜ,Visual Novel,$226.1k ($148.3k - $303.9k),$226k,333.0,92.69,350000.0,9.609762149800373
1434480,Maitetsu:Last Run!!,HIKARI FIELD,Visual Novel,$4.2m ($2.6m - $5.8m),$46.9m,319.0,98.05,150000.0,10.19078071135389
880950,Maitetsu:Pure Station,HIKARI FIELD,Visual Novel,$985.8k ($478.8k - $1.4m),$46.9m,306.0,96.35,150000.0,9.998420428735638
589530,Hakuoki: Kyoto Winds,Idea Factory International,Visual Novel,$396.3k ($271.8k - $520.7k),$37.9m,300.0,92.8,75000.0,9.613108709782258
1604000,Milk outside a bag of milk outside a bag of milk,Nikita Kryukov,Visual Novel,$1.8m ($1.3m - $2.4m),$1.9m,297.0,96.93,750000.0,10.086596948384404
1107790,The Complex,Wales Interactive,Visual Novel,$809.4k ($563.6k - $1m),$12.7m,294.0,78.11,150000.0,8.164722790179244
1642580,明星志願2000,SOFTSTAR ENTERTAINMENT,Visual Novel,$27.8k ($15.7k - $40k),$29.9m,288.0,76.08600000000001,10000.0,7.855633846820037
1205960,My Cute Fuhrer,Tranquility games,Visual Novel,$47.2k ($25.5k - $68.9k),$331.9k,281.0,85.82,75000.0,8.861856613124253
1427340,Witchy Life Story,Sundew Studios,Visual Novel,$838.2k ($524.3k - $1.1m),$848.6k,265.0,82.49,35000.0,8.555816372615242
1956600,Yusetsu,DSGame,Visual Novel,$511.5k ($354k - $669k),$15.4m,260.0,88.57,75000.0,9.185544211510216
1202540,Marco & The Galaxy Dragon,Shiravune,Visual Novel,$1.1m ($656.8k - $1.5m),$15.3m,264.0,97.36,75000.0,10.07612173148679
1249040,American Arcadia,Raw Fury,Visual Novel,$920.6k ($652.7k - $1.1m),$99.5m,258.0,94.22,350000.0,9.801371463912007
1156990,Return to Shironagasu Island,TABINOMICHI,Visual Novel,$303k ($179k - $426.9k),$303k,256.0,94.09,150000.0,9.728163305599944
3027600,"Love, Elections, and Chocolate",NekoNyan Ltd.,Visual Novel,$146.4k ($105.4k - $187.3k),$29.6m,248.0,82.089,10000.0,8.475431568210436
1812090,Escape Academy,iam8bit Presents,Visual Novel,$1.6m ($805.9k - $2.5m),$1.7m,247.0,87.16,75000.0,9.050105163857227
2673490,Seifuku Kanojo,HIKARI PULSE,Visual Novel,$350.8k ($215.3k - $486.3k),$545.2k,238.0,73.89,75000.0,7.695022725017248
339350,Choice of Robots,Choice of Games,Visual Novel,$208.3k ($136.4k - $280.3k),$1.7m,236.0,95.94,75000.0,9.897053943650867
1879640,甜點王子2 典藏版,EnjoyPlay Corp.,Visual Novel,$37.4k ($21.1k - $53.8k),$37.4k,235.0,80.244,10000.0,8.240842768396208
1574270,Sucker for Love: First Date,DreadXP,Visual Novel,$447.8k ($280.3k - $615.3k),$18.5m,235.0,98.38,150000.0,10.177813044506417
340730,Sunrider Academy,Sekai Project,Visual Novel,$698.8k ($455.8k - $941.9k),$39.2m,231.0,84.82,75000.0,8.815433709106157
1961950,CHAOS;HEAD NOAH,"Spike Chunsoft Co., Ltd.",Visual Novel,$613.6k ($390k - $837.2k),$94.5m,225.0,88.78,75000.0,9.212500020242674
