Selected_Genre,appid,name,genres,release_date,is_free,price,developers,publishers,concurrent_players,source,peak_players
4X,289070,Sid Meier’s Civilization VI,"4X, City Builder, Simulation, Strategy",,,,"Firaxis Games, Aspyr (Mac), Aspyr (Linux)","2K, Aspyr (Mac), Aspyr (Linux)",25573.0,steamspy,162314.0
4X,232050,Eador. Masters of the Broken World,"4X, Adventure, Indie, RPG, Strategy",,,,Snowbird Games,Snowbird Games,18.0,steamspy,115993.0
4X,204880,Sins of a Solar Empire: Rebellion,"4X, Simulation, Strategy",,,,"Ironclad Games Corporation, Stardock Entertainment",Stardock Entertainment,292.0,steamspy,91159.0
4X,289130,ENDLESS Legend,"4X, Adventure, Indie, RPG, Strategy",,,,AMPLITUDE Studios,AMPLITUDE Studios,121.0,steamspy,88785.0
4X,65980,Sid Meier's Civilization: Beyond Earth,"4X, Action, Adventure, Simulation, Strategy",,,,"Firaxis Games, Aspyr (Mac), Aspyr (Linux)","2K, Aspyr (Mac), Aspyr (Linux)",277.0,steamspy,86747.0
4X,1295660,Sid Meier's Civilization VII,"4X, City Builder, Simulation, Strategy",,,,Firaxis Games,2K,8032.0,steamspy,84558.0
4X,392110,ENDLESS Space 2,"4X, Action, Indie, RPG, Strategy",,,,AMPLITUDE Studios,AMPLITUDE Studios,328.0,steamspy,53435.0
4X,236850,Europa Universalis IV,"4X, Simulation, Strategy",,,,"Paradox Development Studio, Paradox Tinto",Paradox Interactive,6161.0,steamspy,47844.0
4X,1669000,Age of Wonders 4,"4X, RPG, Strategy",,,,Triumph Studios,Paradox Interactive,1948.0,steamspy,42826.0
4X,208140,ENDLESS Space - Definitive Edition,"4X, Indie, Simulation, Strategy",,,,AMPLITUDE Studios,AMPLITUDE Studios,32.0,steamspy,41009.0
4X,885970,Total War: ROME REMASTERED,"4X, Action, Strategy",,,,"Creative Assembly, Feral Interactive",SEGA,671.0,steamspy,18407.0
4X,244160,Homeworld Remastered Collection,"4X, Action, Adventure, Simulation, Strategy",,,,"Gearbox Software, Aspyr (Mac)","Gearbox Publishing, Aspyr (Mac)",90.0,steamspy,17778.0
4X,1575940,Sins of a Solar Empire II,"4X, Strategy",,,,"Ironclad Games Corporation, Stardock Entertainment",Stardock Entertainment,653.0,steamspy,13330.0
4X,718850,Age of Wonders: Planetfall,"4X, City Builder, Strategy",,,,Triumph Studios,Paradox Interactive,83.0,steamspy,10346.0
4X,4700,Total War: MEDIEVAL II – Definitive Edition,"4X, Action, Simulation, Strategy",,,,"CREATIVE ASSEMBLY, Feral Interactive (Mac), Feral Interactive (Linux)","SEGA, Feral Interactive (Mac), Feral Interactive (Linux)",2340.0,steamspy,8419.0
4X,1605220,Dune: Spice Wars,"4X, Indie, Simulation, Strategy",,,,Shiro Games,"Funcom, Shiro Games",143.0,steamspy,7986.0
4X,2328480,Ascension,"4X, RPG, Strategy",,,,Element Game 微元游戏,Element  Game 微元游戏,56.0,steamspy,7867.0
4X,463530,Empires of the Undergrowth,"4X, City Builder, Simulation, Strategy, Survival",,,,Slug Disco,"Hooded Horse, Slug Disco",240.0,steamspy,6356.0
4X,736820,Knights of Honor II: Sovereign,"4X, City Builder, Simulation, Strategy",,,,Black Sea Games,THQ Nordic,163.0,steamspy,6034.0
4X,32470,STAR WARS Empire at War - Gold Pack,"4X, Action, Adventure, Simulation, Strategy",,,,Petroglyph,"LucasArts, Lucasfilm, Disney",1210.0,steamspy,5686.0
4X,40400,AI War: Fleet Command,"4X, Indie, Simulation, Strategy, Tower Defense",,,,Arcen Games,Arcen Games,3.0,steamspy,5028.0
4X,1937780,Total War: PHARAOH,"4X, Action, Horror, Strategy",,,,CREATIVE ASSEMBLY,SEGA,30.0,steamspy,4858.0
4X,1099410,A Total War Saga: TROY,"4X, Action, Adventure, Massively Multiplayer, Simulation, Strategy",,,,"CREATIVE ASSEMBLY, Feral Interactive (Mac)","SEGA, Feral Interactive (Mac)",128.0,steamspy,4638.0
4X,3910,Sid Meier's Civilization III Complete,"4X, City Builder, Simulation, Strategy",,,,Firaxis Games,2K,1321.0,steamspy,4571.0
4X,4760,Rome: Total War - Collection,"4X, Action, Simulation, Strategy",,,,CREATIVE ASSEMBLY,SEGA,461.0,steamspy,4399.0
4X,1656780,Hero's Hour,"4X, RPG, Strategy",,,,"Benjamin ""ThingOnItsOwn"" Hauer","Goblinz Publishing, Maple Whispering Limited",51.0,steamspy,4170.0
4X,867210,Songs of Conquest,"4X, RPG, Strategy",,,,Lavapotion,Coffee Stain Publishing,171.0,steamspy,4167.0
4X,202200,Galactic Civilizations II: Ultimate Edition,"4X, Strategy",,,,Stardock Entertainment,Stardock Entertainment,26.0,steamspy,3986.0
4X,365420,Apollo4x,"4X, Action, Adventure, Casual, Indie, RPG, Simulation, Strategy",,,,Digital Entertainment,Volens Nolens Games,0.0,steamspy,3766.0
4X,252450,StarDrive 2,"4X, Indie, Strategy",,,,Zero Sum Games,Iceberg Interactive,7.0,steamspy,3571.0
4X,203630,Warlock - Master of the Arcane,"4X, RPG, Strategy",,,,Ino-Co Plus,Paradox Interactive,16.0,steamspy,3403.0
4X,282210,Sid Meier's Starships,"4X, Casual, Strategy",,,,Firaxis Games,2K,21.0,steamspy,3387.0
4X,1422440,Cataclismo,"4X, City Builder, Simulation, Strategy",,,,Digital Sun,Hooded Horse,43.0,steamspy,3129.0
4X,8800,Civilization IV: Beyond the Sword,"4X, Simulation, Strategy",,,,Firaxis Games,2K,1340.0,steamspy,2744.0
4X,228260,Fallen Enchantress: Legendary Heroes,"4X, City Builder, RPG, Strategy",,,,Stardock Entertainment,Stardock Entertainment,34.0,steamspy,2627.0
4X,427940,Industries of Titan,"4X, City Builder, Simulation, Strategy",,,,Brace Yourself Games,Brace Yourself Games,5.0,steamspy,2209.0
4X,544610,Battlestar Galactica Deadlock,"4X, Action, Adventure, Simulation, Strategy",,,,Black Lab Games,Slitherine Ltd.,231.0,steamspy,2125.0
4X,1191840,Legend Creatures(传奇生物),"4X, Adventure, Indie, RPG, Strategy",,,,HideChara,HideChara,8.0,steamspy,2079.0
4X,2511500,Dominions 6 - Rise of the Pantokrator,"4X, Strategy",,,,Illwinter Game Design,Illwinter Game Design,283.0,steamspy,1881.0
4X,201310,X3: Albion Prelude,"4X, Action, Adventure, Simulation, Strategy",,,,Egosoft,Egosoft,29.0,steamspy,1853.0
4X,887570,NEBULOUS: Fleet Command,"4X, Simulation, Strategy",,,,Eridanus Industries,Hooded Horse,86.0,steamspy,1814.0
4X,1822550,Microcivilization,"4X, City Builder, Indie, Strategy",,,,Ondrej Homola,Ondrej Homola,16.0,steamspy,1728.0
4X,3900,Sid Meier's Civilization IV,"4X, Simulation, Strategy",,,,Firaxis Games,2K,561.0,steamspy,1389.0
4X,261470,Distant Worlds: Universe,"4X, Adventure, Indie, Simulation, Strategy",,,,Code Force,Slitherine Ltd.,5.0,steamspy,1239.0
4X,1075190,A Game of Thrones: The Board Game - Digital Edition,"4X, Card & Board, Strategy",,,,Dire Wolf,Twin Sails Interactive,26.0,steamspy,1062.0
4X,2820,X3: Terran Conflict,"4X, Action, Simulation, Strategy",,,,Egosoft,Egosoft,23.0,steamspy,1019.0
4X,1481170,ZEPHON,"4X, Horror, RPG, Simulation, Strategy",,,,Proxy Studios,Proxy Studios,132.0,steamspy,1016.0
4X,1264280,Slipways,"4X, Indie, Puzzle, Strategy",,,,Beetlewing,Beetlewing,12.0,steamspy,1012.0
4X,1768280,Ozymandias: Bronze Age Empire Sim,"4X, City Builder, Simulation, Strategy",,,,The Secret Games Company,"Goblinz Publishing, IndieArk",12.0,steamspy,1012.0
4X,205990,Warlock 2: The Exiled,"4X, Adventure, RPG, Strategy",,,,Ino-Co Plus,Paradox Interactive,18.0,steamspy,978.0
4X,2001070,Heart of the Machine,"4X, City Builder, Simulation, Strategy",,,,Arcen Games,Hooded Horse,21.0,steamspy,949.0
4X,42990,Sword of the Stars II: Enhanced Edition,"4X, Strategy",,,,Kerberos Productions,Paradox Interactive,5.0,steamspy,932.0
4X,357310,Oriental Empires,"4X, Adventure, Indie, Simulation, Strategy, Survival",,,,Shining Pixel Studios,Iceberg Interactive,25.0,steamspy,866.0
4X,265970,Worlds of Magic,"4X, Adventure, Indie, RPG, Strategy",,,,Wastelands Interactive,Conglomerate 5,2.0,steamspy,805.0
4X,577230,Three Kingdoms The Last Warlord,"4X, Simulation, Strategy, Survival",,,,LongYou Game Studio,LongYou Tech Ltd,38.0,steamspy,785.0
4X,755800,Hades' Star,"4X, Indie, Massively Multiplayer, Strategy",,,,Parallel Space Inc,Parallel Space Inc,101.0,steamspy,761.0
4X,659540,Warsim: The Realm of Aslona,"4X, Action, Adventure, Indie, RPG, Simulation, Strategy",,,,Huw Millward,Huw Millward,12.0,steamspy,741.0
4X,201290,Sins of a Solar Empire: Trinity,"4X, Strategy",,,,"Ironclad Games Corporation, Stardock Entertainment",Stardock Entertainment,12.0,steamspy,733.0
4X,1623070,Master of Magic,"4X, City Builder, RPG, Strategy",,,,"MuHa Games, Eerie Forest Studio",Slitherine Ltd.,45.0,steamspy,732.0
4X,719640,War Planet Online: Global Conquest,"4X, Action, Massively Multiplayer, Strategy, Survival, Tower Defense",,,,Gameloft,Gameloft,111.0,steamspy,644.0
4X,1395760,Reshaping Mars,"4X, City Builder, Indie, Simulation, Strategy",,,,Tholus,Yooreka Studio,2.0,steamspy,640.0
4X,1356810,Hexarchy,"4X, Card & Board, Simulation, Strategy",,,,Main Tank Software,"Yogscast Games, Gamersky Games",46.0,steamspy,630.0
4X,241000,Jon Shafer's At the Gates,"4X, Indie, Strategy",,,,Conifer Games,Conifer Games,1.0,steamspy,628.0
4X,499660,Medieval Kingdom Wars,"4X, Action, City Builder, Simulation, Strategy, Survival",,,,Reverie World Studios,indie.io,4.0,steamspy,544.0
4X,259060,Dominions 4: Thrones of Ascension,"4X, Indie, RPG, Strategy",,,,Illwinter Game Design,Illwinter Game Design,6.0,steamspy,541.0
4X,874390,The Battle of Polytopia,"4X, Action, Simulation, Strategy",,,,Midjiwan AB,Midjiwan AB,172.0,steamspy,535.0
4X,16810,Sid Meier's Civilization IV: Colonization,"4X, City Builder, Simulation, Strategy",,,,Firaxis Games,2K,215.0,steamspy,522.0
4X,464880,Stars in Shadow,"4X, Indie, Strategy",,,,Ashdar Games,Iceberg Interactive,20.0,steamspy,464.0
4X,1597310,Airship: Kingdoms Adrift,"4X, Action, Adventure, RPG, Simulation, Strategy",,,,Revolution Industry,"indie.io, Gamersky Games",15.0,steamspy,417.0
4X,651660,Halcyon 6: Starbase Commander (LIGHTSPEED EDITION),"4X, RPG, Simulation, Strategy",,,,"Massive Damage, Inc.","Massive Damage, Inc.",3.0,steamspy,409.0
4X,3990,Civilization IV: Warlords,"4X, Strategy",,,,Firaxis Games,2K,150.0,steamspy,335.0
4X,294160,Galcon 2: Galactic Conquest,"4X, Indie, Massively Multiplayer, Strategy",,,,"Hassey Enterprises, Inc.","Hassey Enterprises, Inc.",2.0,steamspy,324.0
4X,346810,Marble Age,"4X, Casual, City Builder, Indie, Simulation, Strategy, Survival",,,,Clarus Victoria,Clarus Victoria,1.0,steamspy,319.0
4X,327400,Sid Meier's Colonization (Classic),"4X, Adventure, Simulation, Strategy",,,,"MicroProse Software, Inc","Atari, Nightdive Studios",100.0,steamspy,316.0
4X,2810,X3: Reunion,"4X, Action, Simulation, Strategy",,,,Egosoft,Egosoft,3.0,steamspy,309.0
4X,423890,Gods and Idols,"4X, Action, Indie, Massively Multiplayer, Simulation, Strategy",,,,Viking Tao,Viking Tao,2.0,steamspy,303.0
4X,287580,Pandora: First Contact,"4X, Simulation, Strategy",,,,Proxy Studios,Slitherine Ltd.,3.0,steamspy,295.0
4X,410980,Master of Orion 2,"4X, Strategy",,,,SimTex,Wargaming Labs,159.0,steamspy,283.0
4X,1145340,Rogue State Revolution,"4X, Simulation, Strategy",,,,"LRDGames, Inc.",Modern Wolf,7.0,steamspy,281.0
4X,2204130,Sid Meier's Alpha Centauri Planetary Pack,"4X, Strategy",,,,Firaxis Games,Electronic Arts,37.0,steamspy,276.0
4X,646500,Egypt: Old Kingdom,"4X, City Builder, Indie, Simulation, Strategy, Survival",,,,Clarus Victoria,Clarus Victoria,2.0,steamspy,271.0
4X,1245250,Thrive: Heavy Lies The Crown,"4X, Casual, City Builder, RPG, Strategy",,,,Zugalu Entertainment,PlaySide,3.0,steamspy,271.0
4X,1189100,Rise Of The White Sun - 白日升,"4X, RPG, Simulation, Strategy",,,,Maestro Cinetik,"Gaming at Work, Cinetique",6.0,steamspy,257.0
4X,1983990,Nexus 5X,"4X, Card & Board, Simulation, Strategy",,,,Whatboy Games,Paradox Arc,6.0,steamspy,257.0
4X,1521070,The Pegasus Expedition,"4X, Simulation, Strategy",,,,Kalla Gameworks,Fulqrum Publishing,2.0,steamspy,250.0
4X,1638300,Solargene,"4X, City Builder, Simulation, Strategy",,,,Alexander Semenov,Alexander Semenov,11.0,steamspy,244.0
4X,403950,Conquest of Elysium 4,"4X, Indie, Strategy",,,,Illwinter Game Design,Illwinter Game Design,2.0,steamspy,231.0
4X,975270,军团战棋Legion War,"4X, Adventure, Indie, JRPG, RPG, Strategy",,,,Bear & Cat Studio,Bear & Cat Studio,7.0,steamspy,224.0
4X,34460,Civilization IV: Beyond the Sword,"4X, Strategy",,,,Firaxis Games,2K,5.0,steamspy,218.0
4X,2147380,Heroes of Science and Fiction,"4X, Indie, RPG, Strategy",,,,Oxymoron Games,Oxymoron Games,9.0,steamspy,210.0
4X,235660,Eador: Genesis,"4X, Indie, RPG, Strategy",,,,"Alexey Bokulev, Snowbird Games",Snowbird Games,5.0,steamspy,193.0
4X,474020,Ragnorium,"4X, City Builder, RPG, Simulation, Strategy, Survival",,,,Vitali Kirpu,Devolver Digital,1.0,steamspy,178.0
4X,34440,Sid Meier's Civilization IV,"4X, Simulation, Strategy",,,,Firaxis Games,2K,3.0,steamspy,155.0
4X,490370,Imperium Galactica II,"4X, Strategy",,,,"Digital Reality, Gyroscope Games",THQ Nordic,14.0,steamspy,155.0
4X,1146370,Master of Magic Classic,"4X, Strategy",,,,SimTex,Slitherine Ltd.,39.0,steamspy,146.0
4X,2275940,Rogue Hex,"4X, Card & Board, City Builder, Roguelike, Simulation, Strategy",,,,Topstitch Games,Topstitch Games,5.0,steamspy,144.0
4X,42890,Sword of the Stars: Complete Collection,"4X, Strategy",,,,Kerberos Productions Inc.,Paradox Interactive,23.0,steamspy,138.0
4X,61520,Age of Wonders Shadow Magic,"4X, RPG, Strategy",,,,Triumph Studios,Paradox Interactive,16.0,steamspy,121.0
4X,1305310,Drox Operative 2,"4X, Action, Indie, RPG, Strategy",,,,Soldak Entertainment,Soldak Entertainment,3.0,steamspy,112.0
4X,279140,Making History: The Great War,"4X, Indie, Simulation, Strategy",,,,"Muzzy Lane Software, Factus Games",Factus Games,2.0,steamspy,109.0
Action,343710,Kholat,"Action, Adventure, Horror, Indie, Survival",,,,IMGN.PRO,IMGN.PRO,13.0,steamspy,275043.0
Action,238960,Path of Exile,"Action, Adventure, Horror, Massively Multiplayer, RPG",,,,Grinding Gear Games,Grinding Gear Games,53773.0,steamspy,228398.0
Action,308600,Gene Shift Auto,"Action, Indie, Roguelike, Shooter",,,,Nik Nak Studios,Nik Nak Studios,10.0,steamspy,213183.0
Action,550,Left 4 Dead 2,Action,"16 Nov, 2009",False,"₩ 11,000",Valve,Valve,25239.0,appdetails,161590.0
Action,881020,Granblue Fantasy: Relink,"Action, JRPG, RPG",,,,"Cygames, Inc.","Cygames, Inc.",476.0,steamspy,113179.0
Action,883710,Resident Evil 2,"Action, Adventure, Horror, Puzzle, Shooter, Survival",,,,"CAPCOM Co., Ltd.","CAPCOM Co., Ltd.",1594.0,steamspy,74024.0
Action,1782210,Crab Game,"Action, Casual, Horror, Platformer, Racing",,,,Dani,Dani,828.0,steamspy,73889.0
Action,2479810,Gray Zone Warfare,"Action, Massively Multiplayer, Shooter, Survival",,,,"MADFINGER Games, a.s.","MADFINGER Games, a.s.",1155.0,steamspy,71503.0
Action,2321470,Deep Rock Galactic: Survivor,"Action, Roguelike, Shooter",,,,Funday Games,Ghost Ship Publishing,2189.0,steamspy,56876.0
Action,391220,Rise of the Tomb Raider,"Action, Adventure, Puzzle, RPG, Shooter, Survival",,,,"Crystal Dynamics, Eidos-Montréal, Feral Interactive (Mac), Feral Interactive (Linux), Nixxes","Crystal Dynamics, Feral Interactive (Mac), Feral Interactive (Linux)",2139.0,steamspy,44501.0
Action,851850,DRAGON BALL Z: KAKAROT,"Action, Adventure, Fighting, JRPG, RPG",,,,CyberConnect2 Co. Ltd.,Bandai Namco Entertainment Inc.,355.0,steamspy,25715.0
Action,780310,The Riftbreaker,"Action, Adventure, RPG, Simulation, Strategy, Survival, Tower Defense",,,,EXOR Studios,"EXOR Studios, Surefire.Games",734.0,steamspy,21506.0
Action,1549970,Aliens: Fireteam Elite,"Action, Horror, RPG, Shooter, Survival",,,,Cold Iron Studios,"Cold Iron Studios, Focus Entertainment",309.0,steamspy,15550.0
Action,2084940,Mysterious School,"Action, Casual, Horror, Massively Multiplayer, Platformer, Puzzle, RPG, Shooter",,,,DuoDuoDog,DuoDuoDog,7.0,steamspy,14137.0
Action,1658280,Eiyuden Chronicle: Hundred Heroes,"Action, Adventure, JRPG, RPG, Strategy",,,,Rabbit & Bear Studios,505 Games,69.0,steamspy,8338.0
Action,42710,Call of Duty: Black Ops,"Action, Adventure, Horror, Massively Multiplayer, Shooter",,,,Treyarch,Activision,130.0,steamspy,7352.0
Action,636150,Cyberhunt,"Action, Adventure, Casual, Indie, Shooter",,,,NukGames,NukGames,0.0,steamspy,6463.0
Action,1592190,BONELAB,"Action, Adventure, Indie, Puzzle, Shooter",,,,Stress Level Zero,Stress Level Zero,193.0,steamspy,5616.0
Action,1556790,Isonzo,"Action, Indie, Massively Multiplayer, Shooter, Simulation",,,,BlackMill Games,BlackMill Games,151.0,steamspy,5408.0
Action,218680,Scribblenauts Unlimited,"Action, Adventure, Casual, Indie, Platformer, Puzzle, Strategy",,,,5th Cell Media,Warner Bros. Interactive Entertainment,44.0,steamspy,5118.0
Action,859570,Secret Neighbor: Hello Neighbor Multiplayer,"Action, Adventure, Casual, Horror, Indie, Puzzle, Survival",,,,"Hologryph, Eerie Guest Studios",tinyBuild,33.0,steamspy,5049.0
Action,410110,12 is Better Than 6,"Action, Adventure, Indie, Shooter",,,,Ink Stains Games,HypeTrain Digital,969.0,steamspy,4366.0
Action,512410,69 Ways to Kill a Zombie,"Action, Adventure, Fighting, Horror, Indie, Shooter, Simulation, Survival",,,,Wadup Games,Conglomerate 5,0.0,steamspy,4145.0
Action,2461850,Senua’s Saga: Hellblade II,"Action, Adventure, Horror",,,,Ninja Theory,Xbox Game Studios,33.0,steamspy,3892.0
Action,1796470,Haste,"Action, Adventure, Casual, Platformer, Racing, Roguelike",,,,Landfall,Landfall,220.0,steamspy,3831.0
Action,1090630,Granblue Fantasy: Versus,"Action, Fighting, JRPG, RPG",,,,"Cygames, Inc., Arc System Works","XSEED Games, Marvelous USA, Inc.",2.0,steamspy,3367.0
Action,290930,Half-Life 2: Update,"Action, Adventure, Horror, Puzzle, Shooter",,,,"Filip Victor, Valve",Filip Victor,25.0,steamspy,3151.0
Action,341940,Hatred,"Action, Horror, Indie, Shooter, Survival",,,,Destructive Creations,Destructive Creations,46.0,steamspy,3085.0
Action,3121110,Zort,"Action, Adventure, Horror",,,,Londer Software,Londer Software,173.0,steamspy,3081.0
Action,233980,UnEpic,"Action, Adventure, Indie, Metroidvania, Platformer, RPG",,,,@unepic_fran,Unepic Games,12.0,steamspy,3042.0
Action,385830,Burgers,"Action, Adventure, Indie, RPG, Shooter",,,,storm_sharks,storm_sharks,0.0,steamspy,2931.0
Action,2064870,Deceit 2,"Action, Casual, Horror, RPG, Shooter, Strategy, Survival",,,,World Makers,World Makers,179.0,steamspy,2911.0
Action,2521380,Legacy of Kain Soul Reaver 1&2 Remastered,"Action, Adventure, Platformer, Puzzle",,,,"Aspyr, Crystal Dynamics",Aspyr,64.0,steamspy,2818.0
Action,240320,Panzar,"Action, Adventure, Massively Multiplayer, RPG, Survival",,,,Panzar Studio,OVALIS INVESTMENTS LIMITED,3.0,steamspy,2762.0
Action,2201940,Ship Graveyard Simulator 2,"Action, Adventure, Casual, Indie, Simulation",,,,"Games Incubator, Hypnotic Ants","Games Incubator, PlayWay S.A.",254.0,steamspy,2737.0
Action,204030,Fable - The Lost Chapters,"Action, Adventure, RPG",,,,Lionhead Studios,Xbox Game Studios,29.0,steamspy,2576.0
Action,21970,R.U.S.E,"Action, Strategy",,,,Eugen Systems,Ubisoft,38.0,steamspy,2429.0
Action,250340,Blockland,"Action, Adventure, Horror, Indie, RPG, Racing, Shooter",,,,"Eric Hartman, Ben Garney, Anthony Rotondo",Step 1 Games LLC,34.0,steamspy,2310.0
Action,1701520,Afterimage,"Action, Adventure, Metroidvania, Platformer, RPG",,,,Aurogon Shanghai,Maximum Entertainment,117.0,steamspy,2056.0
Action,1259790,Puyo Puyo Tetris 2,"Action, Casual, Fighting, Puzzle",,,,SEGA,SEGA,93.0,steamspy,1826.0
Action,736590,Operation: Harsh Doorstop,"Action, Casual, Indie, Shooter, Simulation, Strategy",,,,Drakeling Labs,"Funbox Media Ltd, ZOOM Platform Media",47.0,steamspy,1699.0
Action,1980530,Kiwi Clicker - Juiced Up,"Action, Casual, Indie, Simulation, Strategy",,,,Dimitri Kipper,tobspr Games,31.0,steamspy,1636.0
Action,394690,Tower Unite,"Action, Adventure, Casual, Indie, Massively Multiplayer, Racing, Simulation",,,,PixelTail Games,PixelTail Games,252.0,steamspy,1551.0
Action,521980,Autumn Dream,"Action, Adventure, Horror, Indie, Simulation",,,,GDNomaD,GDNomaD,0.0,steamspy,1445.0
Action,2345020,Bee Island,"Action, Adventure, City Builder, Indie, Simulation, Strategy, Survival, Tower Defense",,,,Lemma Arts,Lemma Arts,2.0,steamspy,1396.0
Action,484950,恶魔迷宫 | Evil Maze,"Action, JRPG, RPG, Shooter, Strategy",,,,ZOV GAME STUDIO,ZOV GAME STUDIO,0.0,steamspy,1284.0
Action,2608270,Intravenous 2,"Action, Adventure, Shooter, Simulation",,,,Explosive Squat Games,HypeTrain Digital,75.0,steamspy,1269.0
Action,2552450,KINGDOM HEARTS III + Re Mind (DLC),"Action, Adventure, JRPG, RPG",,,,Square Enix,Square Enix,255.0,steamspy,1267.0
Action,2514960,Refind Self: The Personality Test Game,"Action, Adventure, Casual, Simulation, Visual Novel",,,,Lizardry,PLAYISM,7.0,steamspy,1239.0
Action,1724770,Castle Of Alchemists,"Action, Indie, RPG, Shooter, Strategy, Tower Defense",,,,Team Machiavelli,"Team Machiavelli, IndieArk",5.0,steamspy,1193.0
Action,674930,Boyfriend Dungeon,"Action, RPG, Roguelike",,,,Kitfox Games,Kitfox Games,3.0,steamspy,1083.0
Action,230700,La-Mulana,"Action, Adventure, Indie, Metroidvania, Platformer, Puzzle, RPG",,,,NIGORO,PLAYISM,7.0,steamspy,794.0
Action,2102450,Enotria: The Last Song,"Action, Fighting, RPG",,,,Jyamma Games,Jyamma Games,20.0,steamspy,764.0
Action,2232840,Garten of Banban,"Action, Adventure, Casual, Horror, Puzzle, Survival",,,,Euphoric Brothers,Euphoric Brothers,5.0,steamspy,757.0
Action,205350,Mortal Kombat Kollection,"Action, Fighting",,,,"NetherRealm Studios, High Voltage",Warner Bros. Interactive Entertainment,0.0,steamspy,678.0
Action,2131640,METAL GEAR SOLID 2: Sons of Liberty - Master Collection Version,"Action, Adventure, Shooter",,,,KONAMI,KONAMI,50.0,steamspy,644.0
Action,1239690,Retrowave,"Action, Casual, Indie, Racing, Simulation",,,,RewindApp,RewindApp,5.0,steamspy,638.0
Action,1232130,"BEAR, VODKA, STALINGRAD!","Action, Adventure, Horror, Indie, Shooter, Survival",,,,Rabotiagi games,Rabotiagi games,0.0,steamspy,630.0
Action,1016960,Super Neptunia RPG,"Action, Adventure, JRPG, Platformer, RPG",,,,Artisan Studios,Idea Factory International,1.0,steamspy,572.0
Action,1243960,Unspottable,"Action, Casual, Strategy",,,,GrosChevaux,GrosChevaux,11.0,steamspy,563.0
Action,200020,Global Ops: Commando Libya,"Action, Shooter",,,,Spectral Games,Immanitas Entertainment GmbH,0.0,steamspy,523.0
Action,1592290,PARANOIA PLACE,"Action, Adventure, Horror, Puzzle, Survival",,,,Bloody Pixel Games,Bloody Pixel Games,8.0,steamspy,516.0
Action,1532690,BLACKTAIL,"Action, Adventure, RPG",,,,THE PARASIGHT,Focus Entertainment,11.0,steamspy,502.0
Action,2650730,SEDAP! A Culinary Adventure,"Action, Adventure, Indie",,,,kopiforge,"Isolated Games Publishing, IndieArk",5.0,steamspy,501.0
Action,1765300,Ultimate Zombie Defense 2,"Action, Adventure, Horror, Strategy, Survival",,,,Terror Dog Studio,Terror Dog Studio,11.0,steamspy,470.0
Action,390340,Umbrella Corps,"Action, Casual, Horror, Shooter, Survival",,,,CAPCOM,CAPCOM,1.0,steamspy,428.0
Action,252630,Eldritch,"Action, Adventure, Horror, Indie, RPG, Roguelike",,,,Minor Key Games,Minor Key Games,0.0,steamspy,424.0
Action,1189290,The Black Grimoire: Cursebreaker,"Action, Adventure, Indie, RPG",,,,Olipa Games,Olipa Games,32.0,steamspy,417.0
Action,663690,Rival Rampage,"Action, Adventure, Indie, Shooter, Simulation",,,,"Oddscure, RadioDog",Oddscure,1.0,steamspy,379.0
Action,2631250,Slitterhead,"Action, Adventure, Horror, Survival",,,,Bokeh Game Studio lnc.,Bokeh Game Studio lnc.,7.0,steamspy,360.0
Action,578930,LOVE 2: kuso,"Action, Indie, Platformer",,,,Fred Wood,Fred Wood,0.0,steamspy,337.0
Action,345260,Medieval: Total War - Collection,"Action, Strategy",,,,CREATIVE ASSEMBLY,SEGA,101.0,steamspy,322.0
Action,22200,Zeno Clash,"Action, Adventure, Fighting, Indie",,,,ACE Team,ACE Team,12.0,steamspy,316.0
Action,60,Ricochet,Action,"1 Nov, 2000",False,"₩ 5,600",Valve,Valve,2.0,appdetails,267.0
Action,211600,Thief Gold,"Action, Adventure, Horror",,,,Looking Glass Studios,Eidos Interactive Corp.,37.0,steamspy,260.0
Action,448000,Sparkle ZERO,"Action, Casual, Indie, Simulation",,,,MMEU,Forever Entertainment S. A.,0.0,steamspy,255.0
Action,80310,Gemini Rue,"Action, Adventure, Indie, Puzzle",,,,Joshua Nuernberger,Wadjet Eye Games,2.0,steamspy,250.0
Action,2119590,Deducto 2,"Action, Casual, Simulation, Strategy, Survival",,,,Red Fox Studios,Red Fox Studios,0.0,steamspy,245.0
Action,1046400,Astalon: Tears of the Earth,"Action, Adventure","3 Jun, 2021",False,"₩ 21,500",LABS Works,DANGEN Entertainment,19.0,appdetails,244.0
Action,2441270,Kill The Crows,"Action, Indie, Shooter",,,,5minlab Corp.,"5minlab Corp., KRAFTON, Inc.",14.0,steamspy,240.0
Action,317600,Company of Heroes: Eastern Front,"Action, Strategy",,,,Archaic Entertainment,Archaic Entertainment,33.0,steamspy,219.0
Action,3225010,SPARTA 2035,"Action, RPG, Strategy",,,,Lipsar Studio,Lipsar Studio,23.0,steamspy,210.0
Action,2281820,Evolings,"Action, Indie, RPG, Roguelike, Strategy",,,,Sørb,"Super Rare Originals, Gamersky Games",1.0,steamspy,198.0
Action,1996770,Turok 3: Shadow of Oblivion Remastered,"Action, Adventure, Horror, Shooter",,,,"Nightdive Studios, Iguana Entertainment",Nightdive Studios,2.0,steamspy,193.0
Action,1100990,Aimbeast,"Action, Indie, Shooter, Simulation, Sports",,,,Focusd IO,Focusd IO,30.0,steamspy,190.0
Action,437630,State of Mind,"Action, Adventure, Indie",,,,Daedalic Entertainment,Daedalic Entertainment,1.0,steamspy,185.0
Action,655290,Escape The Pacific,"Action, Adventure, Simulation, Survival",,,,Gamers4Gamers Team,Gamers4Gamers Team,4.0,steamspy,182.0
Action,1304090,Cannibal Crossing,"Action, Adventure, Indie, Roguelike, Shooter, Survival",,,,"Everplay Interactive, Blow and Try Again, Rocketcat Games",Rocketcat Games,2.0,steamspy,171.0
Action,1421490,Rise of the Triad: Ludicrous Edition,"Action, Shooter",,,,"Nightdive Studios, Apogee Software, New Blood Interactive","Apogee Entertainment, New Blood Interactive, Nightdive Studios",6.0,steamspy,156.0
Action,1387500,Offroad Mechanic Simulator,"Action, Adventure, Simulation, Sports, Survival",,,,"Image Power S.A., GameFormatic S.A.","Image Power S.A., PlayWay S.A., HeartBeat Games",1.0,steamspy,154.0
Action,1733250,Turbo Kid,"Action, Adventure, Metroidvania, Platformer",,,,Outerminds Inc.,Outerminds Inc.,6.0,steamspy,151.0
Action,2653170,Only Up 2,"Action, Adventure, Casual, Indie, Platformer",,,,SKYZ Studio,SKYZ Studio,1.0,steamspy,141.0
Action,2618840,末世少女 Zombie Girl,"Action, Adventure, Indie, RPG, Shooter",,,,Utopia Studio,Utopia Game,0.0,steamspy,137.0
Action,225300,Tomb Raider II (1997),"Action, Adventure, Platformer, Puzzle, Shooter",,,,Core Design,Crystal Dynamics,5.0,steamspy,135.0
Action,2934190,Aooni,"Action, Adventure, Horror, Indie, JRPG, RPG, Survival",,,,Game Studio Inc.,Game Studio Inc.,2.0,steamspy,132.0
Action,12130,Manhunt,"Action, Horror, Shooter, Survival",,,,Rockstar North,Rockstar Games,36.0,steamspy,130.0
Action,3390,Feeding Frenzy 2 Deluxe,"Action, Casual, Horror, Survival",,,,"PopCap Games, Inc.","PopCap Games, Inc., Electronic Arts",15.0,steamspy,129.0
Action,2785280,Ruined Nurse,"Action, Adventure, Horror, Puzzle, Shooter, Survival",,,,eTIRUe,eTIRUe,5.0,steamspy,123.0
Action,606680,Silver,"Action, Adventure, RPG",,,,"Infogrames, Spiral House, THQ Nordic",THQ Nordic,2.0,steamspy,112.0
Action,1478050,Exploratombe,"Action, Adventure, Massively Multiplayer, Platformer",,,,Atelier 801,Atelier 801,0.0,steamspy,101.0
Adventure,346110,ARK: Survival Evolved,"Action, Adventure, Indie, Massively Multiplayer, RPG, Survival",,,,"Studio Wildcard, Instinct Games, Efecto Studios, Virtual Basement LLC","Studio Wildcard, Snail Games USA",12360.0,steamspy,247292.0
Adventure,49520,Borderlands 2,"Action, Adventure, RPG, Shooter",,,,"Gearbox Software, Aspyr (Mac), Aspyr (Linux)","2K, Aspyr (Mac), Aspyr (Linux)",2312.0,steamspy,123596.0
Adventure,552520,Far Cry 5,"Action, Adventure, Shooter, Survival",,,,"Ubisoft Montreal, Red Storm, Ubisoft Shanghai, Ubisoft Toronto, Ubisoft Kiev",Ubisoft,1303.0,steamspy,92377.0
Adventure,287700,METAL GEAR SOLID V: THE PHANTOM PAIN,"Action, Adventure, Shooter",,,,KONAMI,KONAMI,1297.0,steamspy,90952.0
Adventure,372000,Tree of Savior (English Ver.),"Action, Adventure, Massively Multiplayer, RPG",,,,"IMCGAMES Co., Ltd.","IMCGAMES Co., Ltd.",91.0,steamspy,53277.0
Adventure,1928980,Nightingale,"Action, Adventure, RPG, Survival",,,,Inflexion Games,Inflexion Games,210.0,steamspy,47481.0
Adventure,1030840,Mafia: Definitive Edition,"Action, Adventure, Racing, Shooter",,,,Hangar 13,2K,304.0,steamspy,36631.0
Adventure,678960,CODE VEIN,"Action, Adventure, JRPG, RPG",,,,Bandai Namco Studios,Bandai Namco Entertainment,435.0,steamspy,33804.0
Adventure,48700,Mount & Blade: Warband,"Action, Adventure, Indie, RPG, Simulation, Strategy",,,,TaleWorlds Entertainment,TaleWorlds Entertainment,2148.0,steamspy,32799.0
Adventure,244850,Space Engineers,"Action, Adventure, Indie, Simulation, Strategy, Survival",,,,Keen Software House,Keen Software House,3625.0,steamspy,23867.0
Adventure,8980,Borderlands Game of the Year,"Action, Adventure, RPG, Shooter",,,,Gearbox Software,2K,104.0,steamspy,23443.0
Adventure,1875830,Shin Megami Tensei V: Vengeance,"Adventure, JRPG, RPG, Strategy",,,,ATLUS,SEGA,398.0,steamspy,21749.0
Adventure,1657630,Slime Rancher 2,"Action, Adventure, Casual, Simulation",,,,Monomi Park,Monomi Park,1091.0,steamspy,20472.0
Adventure,226840,Age of Wonders III,"4X, Action, Adventure, RPG, Strategy",,,,Triumph Studios,Paradox Interactive,153.0,steamspy,18477.0
Adventure,298110,Far Cry® 4,"Action, Adventure","17 Nov, 2014",False,"₩ 33,000","Ubisoft Montreal, Red Storm, Shanghai, Toronto, Kiev",Ubisoft,458.0,appdetails,16946.0
Adventure,588650,Dead Cells,"Action, Adventure, Indie, Metroidvania, Platformer, Roguelike",,,,Motion Twin,Motion Twin,1364.0,steamspy,14880.0
Adventure,3123410,Atelier Yumia: The Alchemist of Memories & the Envisioned Land,"Action, Adventure, JRPG, RPG",,,,"KOEI TECMO GAMES CO., LTD.","KOEI TECMO GAMES CO., LTD.",42.0,steamspy,14020.0
Adventure,261570,Ori and the Blind Forest,"Action, Adventure, Indie, Metroidvania, Platformer, Puzzle, RPG",,,,Moon Studios GmbH,Xbox Game Studios,66.0,steamspy,13048.0
Adventure,20900,The Witcher: Enhanced Edition Director's Cut,"Action, Adventure, RPG",,,,CD PROJEKT RED,"CD PROJEKT RED, 1C-SoftClub",369.0,steamspy,12627.0
Adventure,113200,The Binding of Isaac,"Action, Adventure, Indie, RPG, Roguelike, Survival",,,,"Edmund McMillen, Florian Himsl",Edmund McMillen,154.0,steamspy,12295.0
Adventure,39120,RIFT,"Action, Adventure, Massively Multiplayer, RPG, Survival",,,,gamigo US Inc.,gamigo US Inc.,191.0,steamspy,11647.0
Adventure,485510,Nioh: Complete Edition,"Action, Adventure, JRPG, RPG",,,,"KOEI TECMO GAMES CO., LTD.","KOEI TECMO GAMES CO., LTD.",265.0,steamspy,10588.0
Adventure,47890,The Sims 3,"Action, Adventure, Casual, RPG, Simulation, Strategy",,,,"The Sims Studio, Maxis",Electronic Arts,1161.0,steamspy,10426.0
Adventure,900040,ELEX II,"Action, Adventure, RPG",,,,Piranha Bytes,THQ Nordic,45.0,steamspy,8194.0
Adventure,1895880,Ratchet & Clank: Rift Apart,"Action, Adventure, Platformer, Shooter",,,,"Insomniac Games, Nixxes Software",PlayStation Publishing LLC,122.0,steamspy,8038.0
Adventure,1288320,Way of the Hunter,"Adventure, Shooter, Simulation, Sports",,,,Nine Rocks Games,THQ Nordic,234.0,steamspy,6912.0
Adventure,1063420,Void Crew,"Action, Adventure, Indie",,,,Hutlihut Games,Focus Entertainment,230.0,steamspy,5668.0
Adventure,212070,Star Conflict,"Action, Adventure, Massively Multiplayer, RPG, Shooter",,,,Star Gem Inc.,Gaijin Network Ltd,44.0,steamspy,4973.0
Adventure,215530,The Incredible Adventures of Van Helsing,"Action, Adventure, Indie, RPG",,,,NeocoreGames,NeocoreGames,9.0,steamspy,4210.0
Adventure,257510,The Talos Principle,"Action, Adventure, Indie, Puzzle, Simulation",,,,Croteam,"Devolver Digital, Croteam",81.0,steamspy,3977.0
Adventure,304430,INSIDE,"Action, Adventure, Horror, Indie, Platformer, Puzzle",,,,Playdead,Playdead,93.0,steamspy,3840.0
Adventure,290340,Armello,"Adventure, Card & Board, RPG, Strategy",,,,League of Geeks,League of Geeks,58.0,steamspy,3615.0
Adventure,329110,Gems of War - Puzzle RPG,"Adventure, Card & Board, Casual, Puzzle, RPG, Strategy",,,,Infinity Plus 2,505 Games,687.0,steamspy,2965.0
Adventure,206500,AirMech Strike,"Action, Adventure, Indie, Massively Multiplayer, RPG, Shooter, Strategy",,,,Carbon Games,Carbon Games,4.0,steamspy,2336.0
Adventure,1126310,风信楼,"Adventure, Indie, RPG, Simulation, Visual Novel",,,,Pingfang Games,Pingfang Games,6.0,steamspy,2190.0
Adventure,753650,Due Process,"Adventure, Shooter, Simulation, Sports, Strategy",,,,Giant Enemy Crab,Giant Enemy Crab,6.0,steamspy,2093.0
Adventure,658850,Do Not Feed the Monkeys,"Adventure, Simulation, Strategy",,,,Fictiorama Studios,Alawar,56.0,steamspy,1888.0
Adventure,566560,Fighters Unleashed,"Action, Adventure, Indie",,,,Volens Nolens Games,Volens Nolens Games,0.0,steamspy,1866.0
Adventure,952860,河洛群俠傳 (Ho Tu Lo Shu ： The Books of Dragon),"Adventure, RPG, Simulation, Strategy",,,,香港商河洛互動娛樂股份有限公司,"香港商河洛互動娛樂股份有限公司, 方块游戏",130.0,steamspy,1852.0
Adventure,928960,Godfall Ultimate Edition,"Action, Adventure, RPG",,,,Counterplay Games Inc,Gearbox Publishing,10.0,steamspy,1762.0
Adventure,294020,Merchants of Kaidan,"Adventure, Casual, Indie, RPG, Simulation, Strategy, Tower Defense",,,,Forever Entertainment S. A.,Forever Entertainment S. A.,0.0,steamspy,1694.0
Adventure,272470,The Incredible Adventures of Van Helsing II,"Action, Adventure, Indie, RPG, Tower Defense",,,,NeocoreGames,NeocoreGames,3.0,steamspy,1688.0
Adventure,280160,Aragami,"Action, Adventure, Indie, Strategy",,,,Lince Works,Lince Works,9.0,steamspy,1679.0
Adventure,321150,Melissa K. and the Heart of Gold Collector's Edition,"Adventure, Casual, Indie, Puzzle",,,,SDP Games,KISS ltd,0.0,steamspy,1586.0
Adventure,1120320,Builder Simulator,"Adventure, Indie, Simulation",,,,"Live Motion Games, Frozen Way","Live Motion Games, Frozen Way, Frozen District",12.0,steamspy,1427.0
Adventure,20510,S.T.A.L.K.E.R.: Clear Sky,"Action, Adventure, Horror, RPG, Shooter, Survival",,,,GSC Game World,GSC World Publishing,30.0,steamspy,1419.0
Adventure,965230,DORAEMON  STORY OF SEASONS,"Adventure, Casual, RPG, Simulation",,,,"Marvelous Inc., Brownies Inc.",BANDAI NAMCO Entertainment,9.0,steamspy,1342.0
Adventure,851100,Touhou Luna Nights,"Action, Adventure, Indie, Metroidvania, Platformer, RPG",,,,"Team Ladybug, WSS playground","WSS playground, PLAYISM",12.0,steamspy,1339.0
Adventure,317470,Cubic Castles,"Action, Adventure, Casual, Indie, Massively Multiplayer, Platformer, RPG, Survival",,,,Cosmic Cow LLC,Cosmic Cow LLC,11.0,steamspy,1334.0
Adventure,212200,Mabinogi,"Action, Adventure, Casual, JRPG, Massively Multiplayer, RPG, Simulation",,,,NEXON Korea Corporation,Nexon America Inc.,581.0,steamspy,1319.0
Adventure,2719290,Night Raider,"Adventure, Horror, Shooter, Survival",,,,TSUKUYOMIC,TSUKUYOMIC,19.0,steamspy,1289.0
Adventure,1580780,NINJA GAIDEN Σ [NINJA GAIDEN: Master Collection],"Action, Adventure",,,,"KOEI TECMO GAMES CO., LTD.","KOEI TECMO GAMES CO., LTD.",94.0,steamspy,1258.0
Adventure,731040,The Invincible,Adventure,,,,Starward Industries,11 bit studios,20.0,steamspy,1207.0
Adventure,1281800,Samsara Room,"Adventure, Horror, Indie, Puzzle",,,,Rusty Lake,Rusty Lake,27.0,steamspy,1153.0
Adventure,1902710,Weird RPG,"Action, Adventure, RPG",,,,yuzhen,INDIECN,6.0,steamspy,1148.0
Adventure,1133870,Space Engineers 2,"Action, Adventure, Simulation, Strategy",,,,Keen Software House,Keen Software House,19.0,steamspy,1132.0
Adventure,1250760,Far Away,"Adventure, Indie, Visual Novel",,,,Gratesca,Gratesca,23.0,steamspy,1041.0
Adventure,1135810,Vault of the Void,"Adventure, Card & Board, Indie, Roguelike, Strategy",,,,Spider Nest Games,Spider Nest Games,94.0,steamspy,963.0
Adventure,1225570,Unravel Two,"Action, Adventure, Indie, Platformer, Puzzle",,,,Coldwood Interactive,Electronic Arts,43.0,steamspy,933.0
Adventure,1270010,Gone: Survival,"Action, Adventure, Indie, Shooter, Simulation, Survival",,,,Coden Studio,Conglomerate 5,0.0,steamspy,901.0
Adventure,246760,Legends of Eisenwald,"Adventure, RPG, Strategy",,,,Aterdux Entertainment,Aterdux Entertainment,4.0,steamspy,862.0
Adventure,15170,Heroes of Might & Magic V,"Adventure, RPG, Strategy",,,,Nival,Ubisoft,139.0,steamspy,851.0
Adventure,1601970,Tunguska: The Visitation - Enhanced Edition,"Action, Adventure, Horror, RPG, Shooter, Survival",,,,Rotorist Workshop,Rotorist Workshop,10.0,steamspy,772.0
Adventure,420790,StarBreak,"Action, Adventure, Indie, Massively Multiplayer, Metroidvania, Platformer, Roguelike",,,,Crunchy Games,Crunchy Games,103.0,steamspy,764.0
Adventure,17500,Zombie Panic! Source,"Action, Adventure, Casual, Horror, Indie, Shooter, Survival",,,,Zombie Panic! Team,Zombie Panic! Team,12.0,steamspy,748.0
Adventure,45770,Dead Rising 2: Off the Record,"Action, Adventure, Horror, Survival",,,,Capcom Vancouver,Capcom,44.0,steamspy,725.0
Adventure,452060,Caveblazers,"Action, Adventure, Platformer, RPG, Roguelike",,,,Deadpan Games,Yogscast Games,27.0,steamspy,723.0
Adventure,237430,Expeditions: Conquistador,"Adventure, Indie, RPG, Strategy, Survival",,,,Logic Artists,THQ Nordic,2.0,steamspy,721.0
Adventure,390290,Bulb Boy,"Adventure, Horror, Indie, Puzzle",,,,Bulbware,Bulbware,234.0,steamspy,697.0
Adventure,1398210,Selene ~Apoptosis~,"Adventure, Horror, Visual Novel",,,,"Viscum key, Nupu Neko Dev",Nupu Neko Dev,7.0,steamspy,662.0
Adventure,576770,Low Magic Age,"Adventure, RPG, Roguelike, Strategy",,,,Low Magic Studios,Low Magic Studios,38.0,steamspy,643.0
Adventure,914710,Cat Quest II,"Action, Adventure, RPG",,,,The Gentlebros,Kepler Interactive,45.0,steamspy,593.0
Adventure,352890,Caravan,"Adventure, Indie, Simulation, Strategy",,,,it Matters Games,Daedalic Entertainment,3.0,steamspy,587.0
Adventure,1677770,The Case of the Golden Idol,"Adventure, Puzzle",,,,Color Gray Games,Playstack,136.0,steamspy,587.0
Adventure,2612680,Cureocity,"Adventure, Casual, Indie, Puzzle, Strategy",,,,Bread On Board,GCORES PUBLISHING,2.0,steamspy,528.0
Adventure,282530,Castlevania: Lords of Shadow – Mirror of Fate HD,"Action, Adventure, Horror, Metroidvania, Platformer",,,,MercurySteam,KONAMI,11.0,steamspy,469.0
Adventure,2790330,Blood Typers,"Adventure, Horror, Survival",,,,Outer Brain Studios,Outer Brain Studios,35.0,steamspy,404.0
Adventure,2947250,Select Oblige,"Adventure, Casual, Platformer, Visual Novel",,,,Madosoft,HIKARI FIELD,2.0,steamspy,378.0
Adventure,1205450,Turnip Boy Commits Tax Evasion,"Action, Adventure, Casual, Horror, Indie, Puzzle, RPG",,,,Snoozy Kazoo,Graffiti Games,24.0,steamspy,354.0
Adventure,1151450,Utawarerumono: Prelude to the Fallen,"Adventure, JRPG, RPG, Simulation, Strategy, Visual Novel",,,,AQUAPLUS,"DMM GAMES, Shiravune",9.0,steamspy,344.0
Adventure,1927720,Monument Valley,"Adventure, Casual, Indie, Platformer, Puzzle, Strategy",,,,ustwo games,ustwo games,12.0,steamspy,337.0
Adventure,1018800,DEEEER Simulator: Your Average Everyday Deer Game,"Action, Adventure, Casual, Indie, Simulation",,,,Gibier Games,PLAYISM,9.0,steamspy,304.0
Adventure,2716110,[Chilla's Art] Jisatsu | 自撮,"Adventure, Casual, Horror",,,,Chilla's Art,Chilla's Art,0.0,steamspy,291.0
Adventure,1975440,Under The Waves,"Adventure, Horror, Indie",,,,Parallel Studio,Spotlight by Quantic Dream,2.0,steamspy,281.0
Adventure,898890,Endling - Extinction is Forever,"Adventure, Indie, Simulation, Survival",,,,Herobeat Studios,HandyGames,8.0,steamspy,241.0
Adventure,2976400,Fork Road,"Adventure, Casual, Horror, Indie, Puzzle, Simulation, Survival",,,,Simon Au Yeung,Simon Au Yeung,4.0,steamspy,229.0
Adventure,2663950,再见断刀,"Adventure, Horror, RPG, Visual Novel",,,,非侠游戏,LoveStoryProject,21.0,steamspy,216.0
Adventure,1304470,降妖神兵,"Action, Adventure, Casual, Indie, RPG, Simulation",,,,易远游戏,易远游戏,2.0,steamspy,201.0
Adventure,918820,Headliner: NoviNews,"Adventure, Indie, Simulation","23 Oct, 2018",False,"₩ 15,500",Unbound Creations,Unbound Creations,0.0,appdetails,198.0
Adventure,1200230,Ludus,"Action, Adventure, Indie, RPG, Simulation, Strategy","20 Feb, 2020",False,"₩ 11,000",Cheesecake Dev,Cheesecake Dev,1.0,appdetails,177.0
Adventure,1395030,Kathy Rain: Director's Cut,"Adventure, Puzzle, Visual Novel",,,,Clifftop Games,Raw Fury,11.0,steamspy,175.0
Adventure,1742930,Looking Up I See Only A Ceiling,"Adventure, Horror, Visual Novel",,,,silver978,IndieArk,28.0,steamspy,165.0
Adventure,826940,Maid of Sker,"Action, Adventure, Horror, Indie, Survival",,,,Wales Interactive,Wales Interactive,2.0,steamspy,161.0
Adventure,552280,Tayutama 2-you're the only one-,"Adventure, Casual, Visual Novel",,,,"Lump of Sugar, HIKARI FIELD",HIKARI FIELD,2.0,steamspy,150.0
Adventure,245150,The Novelist,"Adventure, Casual, Indie",,,,Orthogonal Games,Orthogonal Games,2.0,steamspy,147.0
Adventure,1546860,Saiko no sutoka,"Action, Adventure, Casual, Horror, Simulation, Survival",,,,Habupain,Habupain,4.0,steamspy,136.0
Adventure,2798600,Bagel Love Story,"Adventure, Casual, Indie, Visual Novel",,,,橘子班,NVLMaker,1.0,steamspy,124.0
Adventure,1091010,Dark Swords,"Adventure, Casual, Indie, Massively Multiplayer, RPG",,,,High Tower Entertainment,High Tower Entertainment,6.0,steamspy,110.0
Adventure,1116170,CyberCorp,"Action, Adventure, Indie, RPG, Shooter",,,,Megame LLC,Megame LLC,4.0,steamspy,109.0
Adventure,269990,Infinite Space III: Sea of Stars,"Adventure, Indie",,,,Digital Eel,Digital Eel,0.0,steamspy,105.0
Card & Board,3070070,TCG Card Shop Simulator,"Card & Board, Casual, Simulation",,,,OPNeon Games,OPNeon Games,3068.0,steamspy,53322.0
Card & Board,1282730,Loop Hero,"Adventure, Card & Board, Indie, RPG, Strategy",,,,Four Quarters,Devolver Digital,220.0,steamspy,51078.0
Card & Board,646570,Slay the Spire,"Card & Board, Casual, Indie, RPG, Roguelike, Strategy",,,,Mega Crit,Mega Crit,11341.0,steamspy,32937.0
Card & Board,1189490,觅长生,"Card & Board, Indie, Platformer, RPG, Simulation, Strategy",,,,Chalcedony Network,Chalcedony Network,1200.0,steamspy,26379.0
Card & Board,3167550,Tiny Pasture,"Card & Board, Casual, Simulation",,,,CaveLiquid,Gamersky Games,1354.0,steamspy,19674.0
Card & Board,1102190,Monster Train,"Card & Board, RPG, Roguelike, Strategy",,,,Shiny Shoe,Good Shepherd Entertainment,286.0,steamspy,14037.0
Card & Board,1385380,Across the Obelisk,"Card & Board, RPG, Roguelike, Strategy",,,,Dreamsite Games,"Paradox Interactive, Paradox Arc",605.0,steamspy,13893.0
Card & Board,2784470,9 Kings,"Card & Board, Casual, RPG, Roguelike, Strategy",,,,Sad Socket,"Hooded Horse, INSTINCT3",739.0,steamspy,13850.0
Card & Board,211050,Battle vs Chess,"Card & Board, Casual, Strategy",,,,,,0.0,steamspy,11017.0
Card & Board,544810,KARDS - The WWII Card Game,"Card & Board, Casual, Strategy",,,,1939 Games,1939 Games,1575.0,steamspy,8913.0
Card & Board,2103130,Matchmaking Inc.,"Card & Board, Casual, Horror, RPG",,,,Wave Games,"Lightning Games, Wave Games",94.0,steamspy,7357.0
Card & Board,2088160,天外武林 (Traveler of Wuxia),"Card & Board, RPG, Strategy, Survival",,,,香港商河洛互動娛樂股份有限公司,香港商河洛互動娛樂股份有限公司,8.0,steamspy,5839.0
Card & Board,1785150,Friends vs Friends,"Action, Card & Board, Indie, Shooter",,,,Brainwash Gang,Raw Fury,93.0,steamspy,5531.0
Card & Board,1284410,GWENT: The Witcher Card Game,"Card & Board, Casual, RPG, Strategy",,,,CD PROJEKT RED,CD PROJEKT RED,379.0,steamspy,4862.0
Card & Board,39150,FINAL FANTASY VIII,"Action, Adventure, Card & Board, JRPG, RPG",,,,Square Enix,Square Enix,94.0,steamspy,4457.0
Card & Board,1367550,Kingdom Rush Vengeance - Tower Defense,"Action, Adventure, Card & Board, RPG, Strategy, Tower Defense",,,,Ironhide Game Studio,Ironhide Game Studio,122.0,steamspy,4085.0
Card & Board,1232580,Knock on the Coffin Lid,"Card & Board, Casual, Indie, RPG, Roguelike, Strategy",,,,RedBoon,RedBoon,33.0,steamspy,3663.0
Card & Board,247000,Talisman: Digital Edition,"Adventure, Card & Board, Casual, Indie, RPG, Strategy",,,,Nomad Games,Nomad Games,80.0,steamspy,3590.0
Card & Board,1658150,Moonstone Island,"Action, Adventure, Card & Board, RPG, Simulation, Strategy",,,,Studio Supersoft,Raw Fury,283.0,steamspy,3436.0
Card & Board,1016950,Blood Bowl 3,"Action, Card & Board, RPG, Sports, Strategy",,,,Cyanide Studio,Nacon,184.0,steamspy,3076.0
Card & Board,2501600,DICEOMANCER,"Card & Board, Casual, Indie, Roguelike, Strategy",,,,超厚皮猪猪 Ultra Piggy Studio,Gamirror Games,88.0,steamspy,3045.0
Card & Board,861540,Dicey Dungeons,"Card & Board, Casual, Indie, RPG, Roguelike, Strategy",,,,Terry Cavanagh,Terry Cavanagh,60.0,steamspy,2976.0
Card & Board,913740,WORLD OF HORROR,"Adventure, Card & Board, Horror, RPG, Survival",,,,panstasz,"Ysbryd Games, PLAYISM",33.0,steamspy,2621.0
Card & Board,1850960,The Jackbox Party Pack 9,"Card & Board, Casual, Indie, Strategy",,,,"Jackbox Games, Inc.","Jackbox Games, Inc.",23.0,steamspy,2301.0
Card & Board,1557740,ROUNDS,"Action, Card & Board, Fighting, Indie, Platformer, Roguelike, Shooter",,,,Landfall,Landfall,748.0,steamspy,2208.0
Card & Board,1682060,Warriors of the Nile 2,"Card & Board, RPG, Roguelike, Strategy",,,,Stove Studio,Gamirror Games,37.0,steamspy,2199.0
Card & Board,452230,Spellstone,"Adventure, Card & Board, RPG, Strategy",,,,Synapse Games,Kongregate,12.0,steamspy,2048.0
Card & Board,1550180,9th Dawn Remake,"Action, Adventure, Card & Board, RPG",,,,Valorware,Valorware,15.0,steamspy,1867.0
Card & Board,2084000,Shogun Showdown,"Card & Board, RPG, Roguelike, Strategy",,,,Roboatino,"Goblinz Publishing, Gamirror Games",214.0,steamspy,1844.0
Card & Board,1038370,Trials of Fire,"Card & Board, RPG, Roguelike, Strategy",,,,Whatboy Games,Whatboy Games,13.0,steamspy,1743.0
Card & Board,444280,Alice's Patchwork,"Card & Board, Casual, Puzzle, Strategy",,,,Creobit,8Floor,0.0,steamspy,1690.0
Card & Board,800270,Terraforming Mars,"Card & Board, Strategy",,,,Artefacts Studio,Twin Sails Interactive,262.0,steamspy,1645.0
Card & Board,829660,No Time to Relax,"Card & Board, Casual, Indie, RPG, Simulation, Strategy",,,,Porcelain Fortress,Porcelain Fortress,41.0,steamspy,1630.0
Card & Board,1054490,Wingspan,"Card & Board, Casual, Strategy",,,,Monster Couch,"Monster Couch, Stonemaier Games, indienova",698.0,steamspy,1452.0
Card & Board,3066570,Aotenjo: Infinite Hands,"Card & Board, Casual, Indie, Roguelike, Simulation, Strategy",,,,XO Cat,XD,16.0,steamspy,1430.0
Card & Board,595280,Throne of Lies: Medieval Politics,"Card & Board, Indie, RPG, Strategy, Survival",,,,"PT.farm Inc., Imperium42®, LLC",PT.farm Inc.,1.0,steamspy,1381.0
Card & Board,3453600,Supercar Collection Simulator,"Card & Board, Racing, Simulation",,,,Kiki Games,Kiki Games,96.0,steamspy,1354.0
Card & Board,886250,PokerStars VR,"Card & Board, Casual, Strategy",,,,Lucky VR Inc.,The Stars Group Inc.,177.0,steamspy,1327.0
Card & Board,1113570,Voice of Cards: The Isle Dragon Roars,"Card & Board, JRPG, RPG, Strategy",,,,Square Enix,Square Enix,1.0,steamspy,1245.0
Card & Board,898920,Axis & Allies 1942 Online,"Card & Board, Strategy",,,,Beamdog,Beamdog,526.0,steamspy,1190.0
Card & Board,1084520,雀姬/姫麻雀,"Card & Board, Casual, RPG, Strategy",,,,Jack Tech,Smile Tech,55.0,steamspy,1175.0
Card & Board,1075740,Banners of Ruin,"Card & Board, RPG, Roguelike, Strategy",,,,MonteBearo,"Goblinz Publishing, Maple Whispering Limited",16.0,steamspy,1118.0
Card & Board,1711950,GWENT: Rogue Mage (Single-Player Expansion),"Card & Board, Puzzle, Strategy",,,,CD PROJEKT RED,CD PROJEKT RED,7.0,steamspy,1071.0
Card & Board,31280,Poker Night at the Inventory,"Action, Card & Board, Casual, Indie, Simulation, Sports, Strategy",,,,Telltale Games,Soldak Entertainment,8.0,steamspy,1058.0
Card & Board,638510,dotAGE,"Card & Board, City Builder, Simulation, Strategy, Survival",,,,Michele Pirovano,Michele Pirovano,31.0,steamspy,1040.0
Card & Board,1229460,Dice Legacy,"Card & Board, City Builder, Indie, Strategy, Survival",,,,DESTINYbit,"DESTINYbit, Amplifier Studios",1.0,steamspy,940.0
Card & Board,1131620,Dominion,"Card & Board, Strategy",,,,Temple Gates Games,Temple Gates Games,141.0,steamspy,845.0
Card & Board,1883000,HEART of CROWN Online,"Card & Board, Indie, Strategy",,,,"illuCalab, FLIPFLOPs",illuCalab,46.0,steamspy,795.0
Card & Board,2420880,WitchHand,"4X, Card & Board, Simulation, Strategy, Survival",,,,Jon Nielsen,HopFrog,3.0,steamspy,747.0
Card & Board,2693930,Dice & Fold,"Card & Board, Casual, RPG, Roguelike, Strategy",,,,Tinymice Entertainment,"Rogue Duck Interactive, Gamersky Games",39.0,steamspy,721.0
Card & Board,2868860,Card Survival: Fantasy Forest,"Adventure, Card & Board, Indie, RPG, Simulation, Survival",,,,WinterSpring Games,WinterSpring Games,70.0,steamspy,686.0
Card & Board,1148760,I Was a Teenage Exocolonist,"Adventure, Card & Board, Indie, RPG, Simulation, Visual Novel",,,,Northway Games,Finji,101.0,steamspy,682.0
Card & Board,698640,Deep Sky Derelicts,"Card & Board, Indie, RPG, Roguelike, Strategy",,,,Snowhound Games,Fulqrum Publishing,5.0,steamspy,653.0
Card & Board,2140850,Looper Tactics,"Adventure, Card & Board, Casual, Indie, RPG, Strategy",,,,Inkstone Atelier,"2P Games, Gamersky Games",2.0,steamspy,625.0
Card & Board,965580,Root,"Card & Board, Indie, Puzzle, Simulation, Strategy",,,,Dire Wolf,Dire Wolf,140.0,steamspy,595.0
Card & Board,3085950,Banana-Shaped,"Card & Board, Casual, Indie",,,,SeluGames,SeluGames,47.0,steamspy,594.0
Card & Board,575720,Mighty Party,"Action, Adventure, Card & Board, JRPG, Massively Multiplayer, RPG, Strategy",,,,By Aliens L.L.C-FZ,By Aliens L.L.C-FZ,78.0,steamspy,568.0
Card & Board,2752720,Dice Player One,"Card & Board, Casual, Indie, Roguelike, Strategy",,,,KDream,KDream,7.0,steamspy,541.0
Card & Board,1455630,THE GAME OF LIFE 2,"Adventure, Card & Board, Casual, Simulation, Strategy",,,,Marmalade Game Studio Ltd,Marmalade Game Studio Ltd,69.0,steamspy,523.0
Card & Board,3411020,Villages & Dungeons,"Card & Board, Indie, RPG, Strategy",,,,CaCaFrog Studio,Morax Games,9.0,steamspy,500.0
Card & Board,2198070,Cardboard Town,"Card & Board, Casual, City Builder, Roguelike, Simulation, Strategy",,,,"Stratera Games, cukuto","Rogue Duck Interactive, Gamersky Games",19.0,steamspy,474.0
Card & Board,1722860,Munchkin Digital,"Action, Adventure, Card & Board, Casual, RPG, Strategy",,,,Dire Wolf,Dire Wolf,32.0,steamspy,458.0
Card & Board,1913420,Fantasy of Caocao 2,"Adventure, Card & Board, Casual, RPG, Roguelike, Strategy",,,,桑尼游戏(Sunny Game),"桑尼游戏(Sunny Game), LoveStoryProject",3.0,steamspy,444.0
Card & Board,740240,Snake Eyes Dungeon,"Card & Board, Casual, Indie, RPG, Roguelike, Strategy",,,,Tetabester,"GrabTheGames, Tetabester, Inca Games",49.0,steamspy,423.0
Card & Board,1737690,Yacht Dice,"Card & Board, Casual, Indie, Simulation, Strategy",,,,GoodOldMan Studio,GoodOldMan Studio,6.0,steamspy,421.0
Card & Board,509580,The Lord of the Rings: Adventure Card Game - Definitive Edition,"Adventure, Card & Board, RPG, Strategy",,,,,Twin Sails Interactive,6.0,steamspy,417.0
Card & Board,1484280,Demeo,"Adventure, Card & Board, RPG, Strategy",,,,Resolution Games,Resolution Games,27.0,steamspy,386.0
Card & Board,1717640,Mahokenshi - The Samurai Deckbuilder,"Action, Card & Board, RPG, Strategy",,,,Game Source Studio,Iceberg Interactive,0.0,steamspy,368.0
Card & Board,2229560,Zet Zillions,"Card & Board, Roguelike, Strategy",,,,OTA IMON Studios,Raw Fury,4.0,steamspy,352.0
Card & Board,1240630,Hex of Steel,"Card & Board, Strategy",,,,War Frogs Studio,War Frogs Studio,62.0,steamspy,343.0
Card & Board,264690,Coin Crypt,"Card & Board, Indie, RPG, Roguelike",,,,"Wishes Ultd., Greg Lobanov",Greg Lobanov,1.0,steamspy,320.0
Card & Board,2438990,Ark Nova,"Card & Board, Strategy",,,,Dire Wolf,Dire Wolf,139.0,steamspy,285.0
Card & Board,539300,Solitaire,"Card & Board, Casual",,,,Sanuk Games,Nacon,7.0,steamspy,264.0
Card & Board,2091500,Warlords Under Siege,"Action, Card & Board, City Builder, Roguelike, Simulation, Strategy, Survival",,,,RedKar Devs,"RedKar Devs, Hawthorn Games",3.0,steamspy,261.0
Card & Board,351090,Regency Solitaire,"Card & Board, Casual, Puzzle, Strategy, Visual Novel",,,,Grey Alien Games,Grey Alien Games,7.0,steamspy,258.0
Card & Board,1036950,Super Jigsaw Puzzle: Generations,"Card & Board, Casual, Indie, Puzzle",,,,Flat Cat Games,Flat Cat Games,109.0,steamspy,237.0
Card & Board,427490,Shadowhand: RPG Card Game,"Card & Board, Casual, Puzzle, RPG, Strategy, Visual Novel",,,,Grey Alien Games,Positech Games,2.0,steamspy,231.0
Card & Board,438140,Star Realms,"Action, Card & Board, Indie, Strategy",,,,"Wise Wizard Games, LLC","Wise Wizard Games, LLC",51.0,steamspy,229.0
Card & Board,1585910,Roll,"Card & Board, Casual, Indie, Puzzle, Roguelike, Strategy",,,,Joseph Distler,Joseph Distler,7.0,steamspy,222.0
Card & Board,1866630,Throne of Bone,"Card & Board, Roguelike, Strategy",,,,Windmill Slam,Windmill Slam,2.0,steamspy,217.0
Card & Board,1060670,Taboos: Cracks,"Card & Board, Casual, Indie, Puzzle, Shooter, Visual Novel",,,,DSGame,DSGame,1.0,steamspy,217.0
Card & Board,645090,Zup! 5,"Action, Card & Board, Casual, Horror, Indie, Platformer, Puzzle, Survival",,,,Quiet River,Quiet River,2.0,steamspy,213.0
Card & Board,1639080,Sandwalkers,"Card & Board, RPG, Strategy, Survival",,,,Goblinz Studio,"Goblinz Publishing, H2 Interactive Co., Ltd.",3.0,steamspy,198.0
Card & Board,1458590,Anime Artist 3: Harem,"Card & Board, Casual, Indie, Puzzle",,,,Neoclassic Games,Neoclassic Games,0.0,steamspy,195.0
Card & Board,320430,Ascension: Deckbuilding Game,"Card & Board, Casual, Strategy",,,,"Playdek, Inc.","Playdek, Inc.",67.0,steamspy,186.0
Card & Board,518060,Chess Ultra,"Card & Board, Casual, Horror, Indie, Simulation, Sports, Strategy",,,,Ripstone,Ripstone,20.0,steamspy,179.0
Card & Board,455200,The Battle for Sector 219,"Card & Board, Indie, Strategy",,,,Large Visible Machine,"Large Visible Machine, Your Move Games",0.0,steamspy,176.0
Card & Board,1724390,Power Chord,"Card & Board, Roguelike, Strategy",,,,Big Blue Bubble,Big Blue Bubble,1.0,steamspy,159.0
Card & Board,2836860,The Horror at Highrook,"Card & Board, Horror, RPG, Simulation",,,,Nullpointer Games,"Nullpointer Games, Outersloth",5.0,steamspy,156.0
Card & Board,1101420,Dragon Call,"Card & Board, Casual, Indie, Massively Multiplayer, Roguelike, Strategy",,,,organelemonhouse,organelemonhouse,0.0,steamspy,148.0
Card & Board,2491200,TOUHOU GENSOU MAHJONG,"Card & Board, Casual, Indie, Sports",,,,D.N.A. Softwares,"Mediascape Co., Ltd.",2.0,steamspy,146.0
Card & Board,1709050,Nitro Kid,"Card & Board, Indie, Roguelike, Strategy",,,,Wildboy Studios,tinyBuild,6.0,steamspy,145.0
Card & Board,2999030,Exploding Kittens 2,"Action, Card & Board, Casual, Strategy",,,,Marmalade Game Studio Ltd,Marmalade Game Studio Ltd,4.0,steamspy,141.0
Card & Board,1178160,Blackjack Championship,"Card & Board, Indie, Massively Multiplayer, Simulation, Sports, Strategy",,,,BBstudio Inc.,BBstudio Inc.,48.0,steamspy,137.0
Card & Board,1015930,Blood Rage: Digital Edition,"Card & Board, City Builder, Strategy",,,,Endava,Twin Sails Interactive,4.0,steamspy,131.0
Card & Board,3234700,Break Siege,"Adventure, Card & Board, Indie, Shooter, Strategy",,,,FojoGames,Edigger,0.0,steamspy,127.0
Card & Board,2138100,Cabin of Shadows - Dueling Impostors-,"Card & Board, Casual, Horror, Indie, Strategy, Survival",,,,Nestopi Inc.,Nestopi Inc.,0.0,steamspy,124.0
Card & Board,1394130,Breach Wanderers,"Card & Board, Indie, RPG, Roguelike, Strategy",,,,Baronnerie Games,Baronnerie Games,6.0,steamspy,123.0
Card & Board,2544990,Hypnosis Card,"Card & Board, Casual, Simulation, Strategy",,,,Naku Kinoko,Lovely Games,0.0,steamspy,120.0
Card & Board,1058200,Pixel Puzzles Traditional Jigsaw Puzzles,"Action, Adventure, Card & Board, Casual, Indie, Puzzle, Simulation, Strategy",,,,Pixel Puzzles,Pixel Puzzles,7.0,steamspy,104.0
Casual,351940,The Descendant,"Adventure, Casual, Horror, Indie",,,,Gaming Corps AB,"Microids Indie, Microids",3.0,steamspy,126070.0
Casual,48000,LIMBO,"Action, Adventure, Casual, Horror, Indie, Platformer, Puzzle",,,,Playdead,Playdead,54.0,steamspy,27454.0
Casual,2296990,We Were Here Expeditions: The FriendShip,"Adventure, Casual, Indie, Puzzle",,,,Total Mayhem Games,Total Mayhem Games,74.0,steamspy,22179.0
Casual,431240,Golf With Your Friends,"Casual, Indie, Massively Multiplayer, Simulation, Sports, Strategy",,,,"Blacklight Interactive, Team17",Team17,1252.0,steamspy,20592.0
Casual,461040,PICO PARK,"Action, Adventure, Casual, Horror, Indie, Platformer, Puzzle",,,,TECOPARK,TECOPARK,378.0,steamspy,18259.0
Casual,522210,Serial Cleaner,"Action, Adventure, Casual, Indie, Puzzle",,,,Draw Distance,Curve Games,4.0,steamspy,13927.0
Casual,1216060,DNF Duel,"Action, Casual, Fighting, Sports, Strategy",,,,"NEOPLE Inc., Arc System Works, EIGHTING Co., Ltd.",NEXON,3.0,steamspy,12324.0
Casual,434170,The Jackbox Party Pack 3,"Card & Board, Casual, Indie, Strategy",,,,"Jackbox Games, Inc.","Jackbox Games, Inc.",227.0,steamspy,10894.0
Casual,1211630,The Jackbox Party Pack 7,"Card & Board, Casual, Indie",,,,"Jackbox Games, Inc.","Jackbox Games, Inc.",166.0,steamspy,10435.0
Casual,1386730,Wordle 2,"Casual, Indie, Platformer, Puzzle, Simulation, Sports",,,,PreoNus Games,Gigantum Games,0.0,steamspy,9690.0
Casual,397900,Business Tour - Board Game with Online Multiplayer,"Adventure, Card & Board, Casual, Horror, Indie, Massively Multiplayer, Simulation, Strategy",,,,8Floor,8Floor,251.0,steamspy,7614.0
Casual,201700,DiRT Showdown,"Action, Casual, Racing, Simulation, Sports",,,,Codemasters Racing Studio,Codemasters,3.0,steamspy,6327.0
Casual,470220,UNO,"Action, Card & Board, Casual, Strategy",,,,Ubisoft Entertainment,Ubisoft Entertainment,205.0,steamspy,5639.0
Casual,17390,SPORE,"Adventure, Casual, Simulation",,,,Maxis™,Electronic Arts,456.0,steamspy,5549.0
Casual,2608350,Snezhinka:Sentinel Girls2,"Action, Casual, Indie, Roguelike, Shooter",,,,hinyari9,hinyari9,3.0,steamspy,5356.0
Casual,3191030,Nubby's Number Factory,"Casual, Horror, Indie, Puzzle, Strategy",,,,MogDogBlog Productions,MogDogBlog Productions,241.0,steamspy,4833.0
Casual,840800,Outlaws of the Old West,"Action, Adventure, Casual, Indie, Massively Multiplayer, RPG, Strategy, Survival",,,,Virtual Basement LLC,Wandering Wizard,6.0,steamspy,4751.0
Casual,493540,Figment,"Action, Adventure, Casual, Indie, Puzzle",,,,Bedtime Digital Games,Bedtime Digital Games,2.0,steamspy,4205.0
Casual,562430,Alien Hostage,"Casual, Indie, Platformer, Puzzle, Simulation, Strategy",,,,Four Winged Studio,Conglomerate 5,0.0,steamspy,3966.0
Casual,2820820,Jotunnslayer: Hordes of Hel,"Action, Casual, Indie, RPG, Roguelike",,,,"Games Farm, ARTillery",Grindstone,189.0,steamspy,3295.0
Casual,351510,Quiplash,"Card & Board, Casual, Indie, Strategy",,,,"Jackbox Games, Inc.","Jackbox Games, Inc.",37.0,steamspy,2831.0
Casual,252410,SteamWorld Dig,"Action, Adventure, Casual, Indie, Metroidvania, Platformer, RPG",,,,Image & Form Games,Image & Form Games,41.0,steamspy,2764.0
Casual,2205850,"Dwarves: Glory, Death and Loot","Casual, Indie, RPG, Strategy",,,,Hamma Studios,"Sidekick Publishing, Gamersky Games",49.0,steamspy,2620.0
Casual,745740,Reflex,"Action, Casual, Indie, Puzzle",,,,Easy game,Game for people,8.0,steamspy,2611.0
Casual,3393750,我的人生,"Card & Board, Casual, Indie, Roguelike, Simulation, Strategy",,,,ZZ Games,Gamirror Games,3.0,steamspy,2193.0
Casual,343930,Fort Defense,"Adventure, Casual, Indie, RPG, Shooter, Strategy, Tower Defense, Visual Novel",,,,Creobit,8Floor,3.0,steamspy,2193.0
Casual,460920,Steep,"Action, Adventure, Casual, Racing, Simulation, Sports",,,,"Ubisoft Annecy, Ubisoft Montpellier, Ubisoft Kiev",Ubisoft,88.0,steamspy,2087.0
Casual,3184110,Widget Inc.,"Casual, Indie, Simulation, Strategy",,,,Leaping Turtle,Leaping Turtle,63.0,steamspy,1884.0
Casual,2089980,Extremely Powerful Capybaras,"Action, Casual, Indie, RPG, Roguelike, Shooter",,,,Studio Bravarda,"PM Studios, Inc., Logoi Games",4.0,steamspy,1689.0
Casual,795100,Friday the 13th: Killer Puzzle,"Action, Casual, Horror, Indie, Puzzle, Simulation, Strategy",,,,Blue Wizard Digital,Blue Wizard Digital,3.0,steamspy,1643.0
Casual,341000,Mad Games Tycoon,"Casual, Simulation, Strategy",,,,Eggcode,Eggcode,6.0,steamspy,1423.0
Casual,453090,Parkitect,"Casual, City Builder, Simulation, Strategy",,,,Texel Raptor,Texel Raptor,127.0,steamspy,1393.0
Casual,3204250,Lost But Found,"Casual, Simulation, Strategy",,,,Rogue Duck Interactive,"Rogue Duck Interactive, Gamersky Games",57.0,steamspy,1275.0
Casual,3263320,Carry The Glass,"Action, Adventure, Casual, Platformer, Puzzle, Simulation",,,,"Çağatay Demir, Enes Kaplan",SlugShot Games,67.0,steamspy,1263.0
Casual,435790,10 Second Ninja X,"Action, Casual, Indie, Platformer, Puzzle",,,,Four Circle Interactive,Curve Games,4.0,steamspy,1215.0
Casual,1866180,Hooked on You: A Dead by Daylight Dating Sim,"Adventure, Casual, Horror, Visual Novel",,,,Psyop,Behaviour Interactive Inc.,4.0,steamspy,1188.0
Casual,2600600,Internet Cafe Evolution,"Casual, Horror, Indie, Simulation, Strategy",,,,Tiny Flame Games,Tiny Flame Games,2.0,steamspy,1099.0
Casual,1482910,Idle Monster TD,"Casual, Strategy, Tower Defense",,,,Swell Games LLC,Swell Games LLC,35.0,steamspy,1088.0
Casual,461380,A Princess' Tale,"Adventure, Casual, Indie, RPG",,,,Warfare Studios,Warfare Studios,0.0,steamspy,1078.0
Casual,95400,ibb & obb,"Action, Adventure, Casual, Horror, Indie, Platformer, Puzzle",,,,"Sparpweed, Codeglue",Sparpweed,18.0,steamspy,1073.0
Casual,614910,#monstercakes,"Casual, Indie, Puzzle",,,,Paleno Games,Paleno Games,26.0,steamspy,1053.0
Casual,598810,Carcassonne - Tiles & Tactics,"Card & Board, Casual, Platformer, Puzzle, Strategy",,,,Artefacts Studio,Twin Sails Interactive,65.0,steamspy,1038.0
Casual,1215390,Animal Revolt Battle Simulator,"Action, Casual, Fighting, Indie, Simulation, Strategy",,,,VDimension,VDimension,97.0,steamspy,1034.0
Casual,298160,Eldevin,"Casual, Indie, Massively Multiplayer, RPG","5 Nov, 2014",True,,Hunted Cow Games,Hunted Cow Games,12.0,appdetails,971.0
Casual,3350140,漢字でGO! 集英社マンガ祭,Casual,,,,"集英社, Gotcha Gotcha Games",Gotcha Gotcha Games,19.0,steamspy,959.0
Casual,2824310,Lucky Hunter,"Adventure, Card & Board, Casual, RPG, Roguelike, Strategy",,,,159 Studio,indienova,10.0,steamspy,891.0
Casual,2383120,Garten of Banban 4,"Action, Adventure, Casual, Horror, Puzzle, Survival",,,,Euphoric Brothers,Euphoric Brothers,2.0,steamspy,884.0
Casual,2181720,Scarlet Tower,"Action, Casual, RPG, Roguelike, Survival",,,,Pyxeralia LLC,Pyxeralia LLC,9.0,steamspy,859.0
Casual,200010,Quantum Conundrum,"Adventure, Casual, Platformer, Puzzle, Strategy",,,,Airtight Games,Square Enix,2.0,steamspy,842.0
Casual,1038450,Nancy Drew: Midnight in Salem,"Adventure, Casual, Puzzle",,,,"HeR Interactive, Inc.","HeR Interactive, Inc.",8.0,steamspy,800.0
Casual,1261040,Streamer Life Simulator,"Action, Adventure, Casual, Indie, Simulation, Strategy",,,,Cheesecake Dev,Cheesecake Dev,16.0,steamspy,741.0
Casual,2529170,Storage Hustle,"Casual, RPG, Simulation",,,,Broken Clock,Broken Clock,9.0,steamspy,699.0
Casual,1166860,Rival Stars Horse Racing: Desktop Edition,"Casual, Racing, Simulation, Sports",,,,PikPok,PikPok,179.0,steamspy,680.0
Casual,397550,Deus Ex: Revision,"Action, Adventure, Casual, RPG, Shooter",,,,Ion Storm,Caustic Creative,36.0,steamspy,675.0
Casual,840390,Spacebase Startopia,"Casual, City Builder, Simulation, Strategy",,,,Realmforge Studios,Kalypso Media,3.0,steamspy,647.0
Casual,2977620,Squirreled Away,"Adventure, Casual",,,,Far Seas,"Amplifier Studios, THQ Nordic",14.0,steamspy,549.0
Casual,1078760,Motorcycle Mechanic Simulator 2021,"Casual, Indie, Racing, Simulation",,,,Play2Chill S.A.,"PlayWay S.A., Play2Chill S.A.",5.0,steamspy,528.0
Casual,1114940,I Wanna Maker,"Action, Adventure, Casual, Indie, Platformer",,,,The Elephant Crew,The Elephant Crew,27.0,steamspy,508.0
Casual,2602030,Entropy Survivors,"Action, Casual, RPG, Roguelike, Shooter",,,,Moving Pieces Interactive,First Break Labs,9.0,steamspy,500.0
Casual,333600,NEKOPARA Vol. 1,"Casual, Indie, Visual Novel",,,,NEKO WORKs,Sekai Project,34.0,steamspy,482.0
Casual,698870,Metaverse Keeper / 元能失控,"Action, Adventure, Casual, Indie, RPG, Roguelike, Shooter",,,,Sparks Games,Sparks Games,1.0,steamspy,466.0
Casual,667870,MINDNIGHT,"Casual, Indie, RPG, Strategy",,,,No Moon,No Moon,7.0,steamspy,415.0
Casual,3288270,Monster Care Simulator,"Casual, Simulation",,,,Banana Tiger Studio,Banana Tiger Studio,22.0,steamspy,409.0
Casual,1430760,Aquarist,"Casual, Indie, Simulation",,,,FreeMind S.A.,"PlayWay S.A., FreeMind S.A.",32.0,steamspy,338.0
Casual,1603640,The House of Da Vinci 3,"Adventure, Casual, Indie, Puzzle, Strategy",,,,Blue Brain Games,Blue Brain Games,10.0,steamspy,335.0
Casual,269670,BADLAND: Game of the Year Edition,"Action, Adventure, Casual, Indie, Platformer, Puzzle, Survival",,,,Frogmind,Frogmind,5.0,steamspy,334.0
Casual,400080,Out of Space,"Casual, Indie, Strategy",,,,Behold Studios,Behold Studios,16.0,steamspy,325.0
Casual,2822370,Chocolate Factory Simulator,"Action, Adventure, Casual, Indie, Simulation",,,,Games Incubator,"Games Incubator, PlayWay S.A.",3.0,steamspy,301.0
Casual,1604000,Milk outside a bag of milk outside a bag of milk,"Casual, Horror, Indie, Visual Novel",,,,Nikita Kryukov,Nikita Kryukov,20.0,steamspy,297.0
Casual,1133590,Stilt Fella,"Action, Casual, Indie, Platformer, Simulation",,,,September Games,September Games,0.0,steamspy,292.0
Casual,360870,Ultimate Tic-Tac-Toe,"Casual, Indie, Massively Multiplayer, Sports, Strategy",,,,Tigerish Games,Tigerish Games,1.0,steamspy,288.0
Casual,2910990,HYAKKI YAKO Survivor,"Action, Casual, Indie, Roguelike",,,,"pixyda, inc.","pixyda, inc.",1.0,steamspy,286.0
Casual,1205960,My Cute Fuhrer,"Adventure, Casual, Horror, Indie, Puzzle, Visual Novel",,,,CUTE ANIME GIRLS,Tranquility games,0.0,steamspy,281.0
Casual,788470,Stonies,"Casual, City Builder, Indie, Simulation, Strategy, Survival",,,,upjers,upjers,8.0,steamspy,266.0
Casual,667800,Loco Dojo,"Action, Casual, Indie",,,,Make Real,Make Real,0.0,steamspy,253.0
Casual,2089350,Hatsune Miku Logic Paint S,"Casual, Puzzle",,,,Crypton Future Media,KOMODO,8.0,steamspy,232.0
Casual,440540,Ara Fell: Enhanced Edition,"Action, Adventure, Casual, Indie, JRPG, RPG",,,,Stegosoft Games,DANGEN Entertainment,2.0,steamspy,220.0
Casual,1918530,Pocket Stables,"Casual, Indie, Racing, Simulation, Sports, Strategy",,,,"Kairosoft Co., Ltd","Kairosoft Co., Ltd",6.0,steamspy,219.0
Casual,491330,12 Labours of Hercules V: Kids of Hellas (Platinum Edition),"Adventure, Casual, Indie, Puzzle, Strategy",,,,"Jetdogs Studios, Zoom Out Games",Jetdogs Studios,0.0,steamspy,189.0
Casual,1957760,Islands & Trains,"Casual, City Builder, Indie, Simulation",,,,Akos Makovics,Future Friends Games,10.0,steamspy,167.0
Casual,381780,80 Days,"Adventure, Casual, Indie, Strategy, Visual Novel",,,,"inkle Ltd, Cape Guy Ltd",inkle Ltd,3.0,steamspy,161.0
Casual,2191490,Pocket Academy 3,"Casual, City Builder, Indie, Platformer, Simulation, Strategy",,,,"Kairosoft Co., Ltd","Kairosoft Co., Ltd",9.0,steamspy,160.0
Casual,1995870,Pixel Survivors : Roguelike,"Action, Adventure, Casual, RPG, Roguelike, Shooter, Survival",,,,Amrita,Amrita,3.0,steamspy,157.0
Casual,528250,Patchwork,"Card & Board, Casual, Indie, Strategy",,,,DIGIDICED,Twin Sails Interactive,4.0,steamspy,157.0
Casual,529590,"Please, Don't Touch Anything 3D","Adventure, Casual, Horror, Indie, Puzzle",,,,"Escalation Studios, Four Quarters",ForwardXP,1.0,steamspy,156.0
Casual,1575710,AutoChess of Gensokyo,"Casual, Massively Multiplayer, Strategy",,,,MyACG Studio,MyACG Studio,2.0,steamspy,151.0
Casual,2882870,Doll Impostor,"Action, Adventure, Casual, Horror, Indie, Puzzle, Strategy",,,,David Gallardo,HeadArrow,4.0,steamspy,150.0
Casual,584640,SUPER CHICKEN JUMPER,"Action, Adventure, Casual, Indie, Racing","24 Sep, 2021",False,"₩ 5,500","Sewer Cat, Heavy Sheep",Sewer Cat,3.0,appdetails,148.0
Casual,723390,Hunt Down The Freeman,"Action, Casual, Shooter",,,,Royal Rudius Entertainment,Royal Rudius Entertainment,4.0,steamspy,145.0
Casual,2087000,Idle Baker Boss,"Casual, Indie, Simulation",,,,Doopwee Games,Doopwee Games,10.0,steamspy,137.0
Casual,885000,Synth Riders,"Action, Casual, Indie, Sports",,,,Kluge Interactive,Kluge Interactive,8.0,steamspy,129.0
Casual,2059660,Cavern of Dreams,"Action, Adventure, Casual, Indie, Platformer",,,,Bynine Studio,Super Rare Originals,6.0,steamspy,128.0
Casual,1683340,Kayak VR: Mirage,"Adventure, Casual, Indie, Racing, Simulation, Sports",,,,Better Than Life,Better Than Life,1.0,steamspy,126.0
Casual,705280,Hakoniwa Explorer Plus,"Action, Adventure, Casual, RPG",,,,suxamethonium,PLAYISM,1.0,steamspy,121.0
Casual,1744910,[Chilla's Art] The Radio Station | 深夜放送,"Adventure, Casual, Puzzle, Simulation",,,,Chilla's Art,Chilla's Art,2.0,steamspy,121.0
Casual,623080,planetarian HD,"Adventure, Casual, Simulation, Visual Novel",,,,VisualArts/Key,VisualArts,3.0,steamspy,118.0
Casual,2307220,TSUNDERE MILFIN,"Casual, Indie, Puzzle, Visual Novel",,,,CUTE ANIME GIRLS,Tranquility games,7.0,steamspy,117.0
Casual,1916970,Tree Simulator 2023,"Action, Adventure, Casual, Indie, Simulation","1 Apr, 2022",False,"₩ 8,900",Revmatek,Remvatek,4.0,appdetails,115.0
Casual,319570,Heroes of SoulCraft - Arcade MOBA,"Action, Casual, Indie, RPG, Strategy",,,,MobileBits,MobileBits,2.0,steamspy,105.0
Casual,1213670,Solitaire Forever II,"Card & Board, Casual, Indie",,,,Solitaire Forever,Solitaire Forever,43.0,steamspy,100.0
City Builder,294100,RimWorld,"City Builder, Indie, RPG, Simulation, Strategy, Survival",,,,Ludeon Studios,Ludeon Studios,20877.0,steamspy,95851.0
City Builder,2456740,inZOI,"Casual, City Builder, Simulation",,,,inZOI Studio,"KRAFTON, Inc.",1187.0,steamspy,77325.0
City Builder,1466860,Age of Empires IV: Anniversary Edition,"Action, City Builder, Strategy",,,,"World's Edge, Relic Entertainment, Forgotten Empires, Climax Studios",Xbox Game Studios,8256.0,steamspy,73629.0
City Builder,368230,Kingdom: Classic,"Adventure, Casual, City Builder, Indie, RPG, Simulation, Strategy, Survival, Tower Defense",,,,"Noio, Licorice",Raw Fury,41.0,steamspy,63740.0
City Builder,1366540,Dyson Sphere Program,"Casual, City Builder, Indie, Simulation, Strategy",,,,Youthcat Studio,Gamirror Games,2601.0,steamspy,59339.0
City Builder,255710,Cities: Skylines,"Action, Casual, City Builder, Simulation, Strategy",,,,Colossal Order Ltd.,Paradox Interactive,6899.0,steamspy,57421.0
City Builder,323190,Frostpunk,"City Builder, Simulation, Strategy, Survival",,,,11 bit studios,11 bit studios,1737.0,steamspy,29195.0
City Builder,701160,Kingdom Two Crowns,"Adventure, City Builder, Simulation, Strategy, Survival, Tower Defense",,,,Stumpy,Raw Fury,893.0,steamspy,26314.0
City Builder,1066780,Transport Fever 2,"Casual, City Builder, Indie, Simulation, Strategy",,,,Urban Games,Good Shepherd Entertainment,1743.0,steamspy,23150.0
City Builder,875210,Kingdom Heroes 8,"Action, City Builder, RPG, Simulation, Strategy",,,,"USERJOY Technology Co., Ltd.","USERJOY Technology Co., Ltd., Phoenix Game",211.0,steamspy,21252.0
City Builder,690830,Foundation,"City Builder, Indie, Simulation, Strategy, Survival",,,,Polymorph Games,Polymorph Games,539.0,steamspy,18422.0
City Builder,1029780,Going Medieval,"City Builder, Indie, RPG, Simulation, Strategy, Survival",,,,Foxy Voxel,Mythwright,596.0,steamspy,14600.0
City Builder,2688950,Planet Coaster 2,"City Builder, Horror, Simulation, Strategy",,,,Frontier Developments,Frontier Developments,783.0,steamspy,13648.0
City Builder,245620,Tropico 5,"Adventure, City Builder, RPG, Simulation, Strategy",,,,Haemimont Games,Kalypso Media Digital,78.0,steamspy,13445.0
City Builder,768200,Smalland: Survive the Wilds,"Action, Adventure, City Builder, RPG, Survival",,,,Merge Games,Maximum Entertainment,166.0,steamspy,12685.0
City Builder,253900,Knights and Merchants,"Action, City Builder, Simulation, Strategy",,,,Topware Interactive,Topware Interactive,32.0,steamspy,7450.0
City Builder,1937500,Let's School,"City Builder, Indie, Simulation, Strategy",,,,Pathea Games,"Pathea Games, PM Studios, inc.",152.0,steamspy,7240.0
City Builder,2239150,Thronefall,"Action, City Builder, Indie, Strategy, Tower Defense",,,,GrizzlyGames,GrizzlyGames,194.0,steamspy,6723.0
City Builder,403190,Planetbase,"Adventure, City Builder, Indie, Simulation, Strategy, Survival",,,,Madruga Works,Madruga Works,214.0,steamspy,6667.0
City Builder,933820,Endzone - A World Apart,"City Builder, Indie, Simulation, Strategy, Survival",,,,Gentlymad Studios,"Assemble Entertainment, WhisperGames",63.0,steamspy,6374.0
City Builder,352550,Urban Empire,"City Builder, RPG, Simulation, Strategy",,,,Reborn Games,Kalypso Media Digital,2.0,steamspy,5839.0
City Builder,1121640,The Wandering Village,"City Builder, Simulation, Strategy, Survival",,,,Stray Fawn Studio,"Stray Fawn Publishing, WhisperGames",134.0,steamspy,5711.0
City Builder,232890,Stronghold Crusader 2,"Action, Adventure, City Builder, Simulation, Strategy, Survival",,,,Firefly Studios,Firefly Studios,115.0,steamspy,5698.0
City Builder,3028310,Nordhold,"Casual, City Builder, Indie, Strategy, Tower Defense",,,,StunForge,"HypeTrain Digital, StunForge",76.0,steamspy,5383.0
City Builder,24780,SimCity 4 Deluxe Edition,"Casual, City Builder, Simulation, Strategy",,,,"EA - Maxis, Aspyr (Mac)","Electronic Arts, Aspyr (Mac)",303.0,steamspy,5128.0
City Builder,2292800,Blacksmith Master,"Casual, City Builder, Simulation, Strategy, Survival",,,,Untitled Studio,Hooded Horse,88.0,steamspy,3699.0
City Builder,2680550,Hollywood Animal,"Adventure, City Builder, Simulation, Strategy",,,,Weappy Wholesome,Weappy Studio,150.0,steamspy,3521.0
City Builder,2021880,Ara History Untold: Anniversary Edition ,"4X, City Builder, Strategy",,,,Oxide Games,Xbox Game Studios,39.0,steamspy,3449.0
City Builder,248390,Craft The World,"Adventure, City Builder, Indie, RPG, Simulation, Strategy, Survival, Tower Defense",,,,Dekovir Entertainment,Dekovir Ltd,213.0,steamspy,3243.0
City Builder,1536610,OpenTTD,"Casual, City Builder, Indie, Simulation, Strategy",,,,OpenTTD,OpenTTD,367.0,steamspy,3196.0
City Builder,979110,Space Haven,"City Builder, Indie, Simulation, Strategy, Survival",,,,Bugbyte Ltd.,Bugbyte Ltd.,156.0,steamspy,3186.0
City Builder,1123830,Farm Manager 2021,"Casual, City Builder, Indie, Simulation, Strategy",,,,Cleversan Games,"PlayWay S.A., Sim Farm S.A.",33.0,steamspy,3173.0
City Builder,1162750,Songs of Syx,"City Builder, Simulation, Strategy, Survival",,,,Gamatron AB,Gamatron AB,154.0,steamspy,2939.0
City Builder,352720,The Universim,"Casual, City Builder, Simulation, Strategy, Survival",,,,Crytivo,Crytivo,43.0,steamspy,2819.0
City Builder,1700870,Clanfolk,"City Builder, Simulation, Strategy, Survival",,,,MinMax Games Ltd.,Hooded Horse,163.0,steamspy,2770.0
City Builder,2700,RollerCoaster Tycoon 3: Platinum,"Adventure, Casual, City Builder, Simulation, Strategy",,,,"Frontier, Aspyr (Mac)","Frontier, Aspyr (Mac)",25.0,steamspy,2762.0
City Builder,1450900,Desynced,"City Builder, Simulation, Strategy, Survival",,,,Stage Games Inc.,Forklift Interactive,45.0,steamspy,2714.0
City Builder,1017900,Age of Empires: Definitive Edition,"Action, Adventure, City Builder, Strategy",,,,"World's Edge, Forgotten Empires, Tantalus",Xbox Game Studios,509.0,steamspy,2705.0
City Builder,271240,Offworld Trading Company,"City Builder, Simulation, Strategy, Survival",,,,Mohawk Games,Stardock Entertainment,16.0,steamspy,2698.0
City Builder,2134770,SteamWorld Build,"Casual, City Builder, Strategy",,,,The Station,Thunderful Publishing,18.0,steamspy,2615.0
City Builder,1220140,Cartel Tycoon,"Action, City Builder, RPG, Simulation, Strategy, Survival",,,,Moon Moose,tinyBuild,67.0,steamspy,2240.0
City Builder,1342330,Mad Games Tycoon 2,"Casual, City Builder, Simulation, Strategy",,,,Eggcode,Eggcode,95.0,steamspy,2145.0
City Builder,496460,Life is Feudal: Forest Village,"City Builder, Indie, Simulation, Strategy, Survival",,,,Mindillusion,Bitbox Ltd.,37.0,steamspy,1935.0
City Builder,1726130,Pathless Woods,"Adventure, City Builder, Indie, RPG, Simulation, Strategy, Survival",,,,AniYa Games Studio,AniYa Games Studio,2.0,steamspy,1857.0
City Builder,225420,Cities in Motion 2,"City Builder, Simulation, Strategy",,,,Colossal Order Ltd.,Paradox Interactive,7.0,steamspy,1736.0
City Builder,732050,Voxel Tycoon,"City Builder, Indie, Simulation, Strategy",,,,Voxel Tycoon,Voxel Tycoon,9.0,steamspy,1712.0
City Builder,1105420,Game of Thrones Winter is Coming,"City Builder, Massively Multiplayer, Platformer, RPG, Simulation, Strategy",,,,YOUZU (SINGAPORE) PTE. LTD.,YOUZU (SINGAPORE) PTE. LTD.,375.0,steamspy,1670.0
City Builder,588160,Pizza Connection 3,"Action, Casual, City Builder, Horror, Indie, Simulation, Strategy",,,,Gentlymad Studios,Assemble Entertainment,1.0,steamspy,1652.0
City Builder,2013240,Immortal Family,"Casual, City Builder, Indie, RPG, Simulation, Strategy",,,,一起来修仙工作室,方块游戏(CubeGame),63.0,steamspy,1587.0
City Builder,2834600,My Little Life,"Casual, City Builder, Simulation",,,,9FingerGames,9FingerGames,307.0,steamspy,1521.0
City Builder,1368130,Park Beyond,"Casual, City Builder, Simulation, Strategy",,,,Limbic Entertainment,Bandai Namco Europe S.A.S.,4.0,steamspy,1412.0
City Builder,47400,Stronghold 3 Gold,"City Builder, Simulation, Strategy, Survival",,,,Firefly Studios,Firefly Studios,10.0,steamspy,1403.0
City Builder,1167140,Siege Survival: Gloria Victis,"City Builder, RPG, Simulation, Strategy, Survival",,,,Black Eye Games,Ravenscourt,3.0,steamspy,1340.0
City Builder,1281630,Anno 1404 - History Edition,"City Builder, Simulation, Strategy",,,,Ubisoft Mainz,Ubisoft,125.0,steamspy,1152.0
City Builder,1254320,Surviving the Abyss,"City Builder, Simulation, Strategy, Survival",,,,Rocket Flair Studios,Paradox Arc,7.0,steamspy,1069.0
City Builder,1983710,Dungeon Village 2,"Casual, City Builder, Platformer, RPG, Simulation, Strategy",,,,"Kairosoft Co., Ltd","Kairosoft Co., Ltd",54.0,steamspy,911.0
City Builder,521150,Another Brick in The Mall,"City Builder, Indie, Simulation, Strategy",,,,The Quadsphere,The Quadsphere,24.0,steamspy,896.0
City Builder,1074070,Dust to the End,"Adventure, City Builder, Indie, RPG, Simulation, Strategy, Survival",,,,"Haojoy Game, Zjoy Game",2P Games,6.0,steamspy,752.0
City Builder,762650,Depraved,"City Builder, Simulation, Strategy, Survival",,,,Evil Bite,Evil Bite,3.0,steamspy,700.0
City Builder,2381740,Hexguardian,"City Builder, Strategy, Tower Defense",,,,Split Second Games,Yogscast Games,10.0,steamspy,675.0
City Builder,1207590,Builders of Egypt: Prologue,"City Builder, Indie, Simulation, Strategy",,,,Strategy Labs,PlayWay S.A.,0.0,steamspy,674.0
City Builder,564530,Pharaoh + Cleopatra,"City Builder, Simulation, Strategy",,,,Impressions Games,Activision,66.0,steamspy,662.0
City Builder,2438680,Airborne Empire,"Adventure, City Builder, RPG, Strategy, Survival",,,,The Wandering Band LLC,"Stray Fawn Publishing, The Wandering Band LLC",6.0,steamspy,658.0
City Builder,2934180,Doraemon Dorayaki Shop Story,"City Builder, Platformer, Simulation",,,,"Kairosoft Co., Ltd","Kairosoft Co., Ltd",6.0,steamspy,648.0
City Builder,2427570,Block Tower TD,"City Builder, Strategy, Survival, Tower Defense",,,,"MyDreamForever, Tazdraperm",MyDreamForever,1.0,steamspy,631.0
City Builder,1946970,Isle of Arrows,"Card & Board, Casual, City Builder, Puzzle, Strategy, Tower Defense",,,,Gridpop,Gridpop,27.0,steamspy,581.0
City Builder,1864880,Roman Triumph: Survival City Builder,"City Builder, Simulation, Strategy, Survival",,,,Coreffect Interactive,Forklift Interactive,24.0,steamspy,572.0
City Builder,1847240,Game Dev Story,"Casual, City Builder, Indie, Platformer, Simulation, Strategy",,,,"Kairosoft Co., Ltd","Kairosoft Co., Ltd",11.0,steamspy,571.0
City Builder,667610,Ancient Cities,"City Builder, Simulation, Strategy, Survival",,,,Uncasual Games,Uncasual Games,10.0,steamspy,539.0
City Builder,2512930,Guardians of the Sanctree,"Adventure, City Builder, Simulation, Strategy, Survival, Tower Defense",,,,HuCang Studio,"HuCang Studio, SilkeyGames",0.0,steamspy,526.0
City Builder,2521630,Mini Settlers,"Casual, City Builder, Simulation, Strategy",,,,Knight Owl Games,"Goblinz Publishing, IndieArk",19.0,steamspy,524.0
City Builder,1409830,Sons of Valhalla,"Action, Adventure, City Builder, RPG, Simulation, Strategy, Survival",,,,Pixel Chest,Hooded Horse,1.0,steamspy,472.0
City Builder,672630,Academia : School Simulator,"City Builder, Simulation, Strategy",,,,Squeaky Wheel Studio Inc,Paradox Interactive,15.0,steamspy,450.0
City Builder,2891120,Mad Smartphone Tycoon,"Casual, City Builder, Indie, Simulation, Strategy",,,,Miradil,Miradil,1.0,steamspy,420.0
City Builder,3179730,Deck of Haunts,"Card & Board, City Builder, Horror, Simulation, Strategy, Tower Defense",,,,Mantis,"DANGEN Entertainment, Game Source Entertainment",60.0,steamspy,380.0
City Builder,1273100,Builders of Greece,"City Builder, Indie, Simulation, Strategy",,,,"BLUM Entertainment, Strategy Labs","CreativeForge Games, PlayWay S.A.",5.0,steamspy,338.0
City Builder,40980,Stronghold Legends: Steam Edition,"City Builder, Simulation, Strategy",,,,Firefly Studios,Firefly Studios,46.0,steamspy,303.0
City Builder,57600,Tropico 3: Absolute Power,"City Builder, Simulation, Strategy",,,,Haemimont Games,Kalypso Media Digital,3.0,steamspy,260.0
City Builder,2488340,Dream Town Island,"Casual, City Builder, Platformer, Simulation, Strategy",,,,"Kairosoft Co., Ltd","Kairosoft Co., Ltd",29.0,steamspy,258.0
City Builder,876470,Tentlan,"Casual, City Builder, Strategy",,,,Lionmoon UG,Lionmoon UG,2.0,steamspy,254.0
City Builder,2169830,How a Retired Strategist Saved the Country,"Adventure, City Builder, RPG, Simulation, Strategy, Visual Novel",,,,tomadan,OTAKU Plan,2.0,steamspy,251.0
City Builder,1733110,Of Life and Land,"City Builder, Simulation, Strategy, Survival",,,,Kerzoven,"Metaroot, Kerzoven",13.0,steamspy,246.0
City Builder,1923690,Pocket League Story,"Casual, City Builder, Indie, Platformer, Simulation, Sports, Strategy",,,,"Kairosoft Co., Ltd","Kairosoft Co., Ltd",7.0,steamspy,245.0
City Builder,877080,Seeds of Resilience,"City Builder, Indie, Simulation, Strategy, Survival",,,,Subtle Games,"Goblinz Publishing, Maple Whispering Limited",1.0,steamspy,240.0
City Builder,832360,Hotel Magnate,"Casual, City Builder, Indie, Simulation, Strategy, Survival",,,,Arcade Oven,Arcade Oven,1.0,steamspy,237.0
City Builder,799240,My Free Farm 2,"Casual, City Builder, Simulation",,,,upjers,upjers,35.0,steamspy,225.0
City Builder,1573590,Colonize,"Action, Adventure, City Builder, Strategy, Survival",,,,Rembrosoft,CreativeForge Games,2.0,steamspy,188.0
City Builder,1158420,SimCasino,"Casual, City Builder, Simulation, Strategy",,,,LVGameDev LLC,LVGameDev LLC,9.0,steamspy,181.0
City Builder,2659050,Movies Tycoon,"City Builder, Simulation, Strategy",,,,PixelCraze s.r.o.,PixelCraze s.r.o.,5.0,steamspy,172.0
City Builder,2820130,Anno 1602 History Edition,"Action, City Builder, Simulation, Strategy",,,,Ubisoft Mainz,Ubisoft,16.0,steamspy,151.0
City Builder,2820140,Anno 1701 History Edition,"Action, City Builder, Simulation, Strategy",,,,Ubisoft Mainz,Ubisoft,21.0,steamspy,151.0
City Builder,844980,I Am Your President,"Casual, City Builder, Indie, Strategy, Visual Novel",,,,President,President,2.0,steamspy,150.0
City Builder,3058140,Desperate Place,"Adventure, City Builder, Indie, Shooter, Strategy, Survival, Tower Defense",,,,BruceGalaxy,BruceGalaxy,3.0,steamspy,150.0
City Builder,3265070,City Tales - Medieval Era,"City Builder, Indie, Simulation",,,,Irregular Shapes,Firesquid,0.0,steamspy,147.0
City Builder,517810,Caesar IV,"City Builder, Simulation, Strategy",,,,"Tilted Mill Entertainment, Inc.",Activision,28.0,steamspy,143.0
City Builder,365800,AdvertCity,"City Builder, Indie, Simulation, Strategy",,,,"VoxelStorm, Armchair Software","VoxelStorm, Armchair Software",0.0,steamspy,136.0
City Builder,2553050,Estate Agent Simulator,"Casual, City Builder, Racing, Simulation",,,,Kiki Games,Kiki Games,0.0,steamspy,130.0
City Builder,719730,Uptasia,"Adventure, Casual, City Builder, Puzzle, Simulation",,,,upjers,upjers,22.0,steamspy,120.0
City Builder,1273790,Empires and Tribes,"City Builder, RPG, Simulation, Strategy",,,,White Vertex Studios,White Vertex Studios,1.0,steamspy,117.0
City Builder,600420,Mob Rule Classic,"City Builder, Simulation, Strategy",,,,System 3,System 3,5.0,steamspy,112.0
Fighting,304390,FOR HONOR,"Action, Fighting, RPG, Strategy",,,,"Ubisoft Montreal, Ubisoft Quebec, Ubisoft Toronto, Blue Byte",Ubisoft,2849.0,steamspy,216499.0
Fighting,1790600,DRAGON BALL: Sparking! ZERO,"Action, Adventure, Fighting",,,,"Spike Chunsoft Co., Ltd.",Bandai Namco Entertainment,786.0,steamspy,120000.0
Fighting,629760,MORDHAU,"Action, Fighting, Indie, Survival",,,,Triternion,Triternion,450.0,steamspy,60204.0
Fighting,291550,Brawlhalla,"Action, Casual, Fighting, Indie, Platformer, Sports",,,,Blue Mammoth Games,Ubisoft,9877.0,steamspy,34169.0
Fighting,1384160,GUILTY GEAR -STRIVE-,"Action, Casual, Fighting",,,,Arc System Works,Arc System Works,1266.0,steamspy,30939.0
Fighting,2015270,Rotwood,"Action, Adventure, Fighting, RPG",,,,Klei Entertainment,Klei Entertainment,33.0,steamspy,28549.0
Fighting,208650,Batman: Arkham Knight,"Action, Adventure, Fighting, Horror, Puzzle, Strategy",,,,Rocksteady Studios,WB Games,1802.0,steamspy,25623.0
Fighting,389730,TEKKEN 7,"Action, Fighting, Sports",,,,BANDAI NAMCO Studios Inc.,BANDAI NAMCO Entertainment,475.0,steamspy,18766.0
Fighting,544750,SOULCALIBUR VI,"Action, Fighting",,,,"BANDAI NAMCO Studios Inc., Dimps Corporation",BANDAI NAMCO Entertainment,176.0,steamspy,14486.0
Fighting,1372280,MELTY BLOOD: TYPE LUMINA,"Action, Fighting, Sports, Visual Novel",,,,"FRENCH-BREAD, TYPE-MOON, Lasengle Inc., TAMSOFT CORPORATION, GameLoop Inc.",Lasengle Inc.,81.0,steamspy,13182.0
Fighting,202170,Sleeping Dogs,"Action, Adventure, Fighting, RPG, Shooter",,,,United Front Games,Square Enix,6.0,steamspy,12032.0
Fighting,844870,KurtzPel,"Action, Fighting, Massively Multiplayer",,,,KOG,KOG,12.0,steamspy,11878.0
Fighting,1742020,Idol Showdown,"Action, Fighting, Horror, Indie",,,,Besto Game Team,holo Indie,27.0,steamspy,10655.0
Fighting,1089090,ONE PIECE: PIRATE WARRIORS 4,"Action, Adventure, Fighting, RPG",,,,Koei Tecmo,BANDAI NAMCO Entertainment,307.0,steamspy,7222.0
Fighting,200260,Batman: Arkham City - Game of the Year Edition,"Action, Adventure, Fighting, Metroidvania",,,,Rocksteady Studios,WB Games,789.0,steamspy,6822.0
Fighting,272510,NARUTO SHIPPUDEN: Ultimate Ninja STORM Revolution,"Action, Adventure, Fighting, RPG",,,,"CyberConnect2 Co., Ltd.",BANDAI NAMCO Entertainment,7.0,steamspy,6782.0
Fighting,35140,Batman: Arkham Asylum Game of the Year Edition,"Action, Adventure, Fighting, Horror, Metroidvania, Puzzle",,,,Rocksteady Studios,WB Games,511.0,steamspy,6739.0
Fighting,2217000,Rivals of Aether II,"Action, Casual, Fighting, Indie, Platformer",,,,Aether Studios,"Aether Studios, offbrand games",599.0,steamspy,6708.0
Fighting,1602010,Persona 4 Arena Ultimax,"Action, Fighting, JRPG, RPG, Visual Novel",,,,"Arc System Works, ATLUS",SEGA,51.0,steamspy,5628.0
Fighting,45760,Ultra Street Fighter IV,"Action, Adventure, Fighting, Sports",,,,Capcom,Capcom,134.0,steamspy,5472.0
Fighting,578620,GORN,"Action, Fighting, Horror, Indie",,,,Free Lives,Devolver Digital,1.0,steamspy,5261.0
Fighting,1139900,Ghostrunner,"Action, Adventure, Fighting, Shooter, Strategy",,,,"One More Level, 3D Realms, Slipgate Ironworks™, All in! Games",505 Games,162.0,steamspy,5033.0
Fighting,674940,Stick Fight: The Game,"Action, Casual, Fighting, Indie, Shooter, Strategy",,,,Landfall West,Landfall,238.0,steamspy,5033.0
Fighting,394310,Punch Club,"Action, Fighting, RPG, Simulation, Sports",,,,Lazy Bear Games,tinyBuild,72.0,steamspy,4277.0
Fighting,310470,Grand Ages: Medieval,"City Builder, Fighting, Simulation, Strategy",,,,Gaming Minds Studios,Kalypso Media Digital,8.0,steamspy,4261.0
Fighting,331600,One Piece Pirate Warriors 3,"Action, Adventure, Fighting, JRPG, RPG",,,,"KOEI TECMO GAMES CO., LTD.",BANDAI NAMCO Entertainment,41.0,steamspy,4242.0
Fighting,278080,DYNASTY WARRIORS 8: Xtreme Legends Complete Edition,"Action, Adventure, Casual, Fighting, JRPG, RPG, Strategy",,,,"KOEI TECMO GAMES CO., LTD.","KOEI TECMO GAMES CO., LTD.",160.0,steamspy,3851.0
Fighting,667890,Dead Maze,"Action, Adventure, Fighting, Massively Multiplayer, Survival",,,,Atelier 801,Atelier 801,46.0,steamspy,3819.0
Fighting,1163550,Captain Tsubasa: Rise of New Champions,"Action, Card & Board, Casual, Fighting, RPG, Sports",,,,TAMSOFT CORPORATION,BANDAI NAMCO Entertainment,47.0,steamspy,3630.0
Fighting,495910,Dungeon Fighter Online,"Action, Adventure, Fighting, Massively Multiplayer, RPG",,,,Neople,Neople,103.0,steamspy,3441.0
Fighting,1335200,Action Taimanin,"Action, Adventure, Fighting, RPG",,,,LiLith,Infini-Brain inc.,971.0,steamspy,3400.0
Fighting,418340,RWBY: Grimm Eclipse,"Action, Adventure, Fighting, Indie, RPG",,,,"Rooster Teeth Games, FarBridge",FarBridge,1.0,steamspy,3224.0
Fighting,1343240,Thymesia,"Action, Fighting, Horror, RPG",,,,OverBorder Studio,Team17,16.0,steamspy,3194.0
Fighting,2138710,Sifu,"Action, Adventure, Fighting, Indie, Roguelike",,,,Sloclap,"Sloclap, Kepler Interactive",248.0,steamspy,3136.0
Fighting,1329500,SpiderHeck,"Action, Fighting",,,,Neverjam,tinyBuild,36.0,steamspy,3011.0
Fighting,1123770,Curse of the Dead Gods,"Action, Adventure, Fighting, Horror, Indie, Roguelike",,,,Passtech Games,Focus Entertainment,43.0,steamspy,2971.0
Fighting,285900,Gang Beasts,"Casual, Fighting, Indie",,,,"Boneloaf, Rocket Science",Boneloaf,189.0,steamspy,2946.0
Fighting,511680,Fate/EXTELLA,"Action, Fighting, JRPG, RPG, Visual Novel",,,,Marvelous Inc.,"XSEED Games, Marvelous USA, Inc., Marvelous Europe",6.0,steamspy,2938.0
Fighting,3027930,Karate Survivor,"Action, Casual, Fighting, Roguelike",,,,Alawar,Alawar,9.0,steamspy,2923.0
Fighting,383980,Rivals of Aether,"Action, Fighting, Indie, Platformer",,,,Aether Studios,Aether Studios,366.0,steamspy,2828.0
Fighting,311730,DEAD OR ALIVE 5 Last Round: Core Fighters,"Action, Fighting",,,,"Team NINJA, KOEI TECMO GAMES CO., LTD.","KOEI TECMO GAMES CO., LTD.",44.0,steamspy,2738.0
Fighting,654990,Dude Simulator,"Action, Adventure, Fighting, Indie, Shooter, Simulation",,,,Kiddy,Kiddy,2.0,steamspy,2571.0
Fighting,237310,Elsword,"Action, Adventure, Casual, Fighting, Massively Multiplayer, Platformer, RPG",,,,KOG,KOG Games,179.0,steamspy,2524.0
Fighting,240460,WWE 2K15,"Action, Casual, Fighting, Simulation, Sports",,,,"YUKE’S Co., Ltd.",2K,2.0,steamspy,2316.0
Fighting,2076010,UNDER NIGHT IN-BIRTH II Sys:Celes,"Action, Fighting",,,,"FRENCH-BREAD, Arc System Works",Arc System Works,147.0,steamspy,2165.0
Fighting,94400,Nidhogg,"Action, Fighting, Indie, Platformer, Sports",,,,Messhof,Messhof,10.0,steamspy,2136.0
Fighting,838380,DEAD OR ALIVE 6,"Action, Fighting, Sports",,,,"KOEI TECMO GAMES CO., LTD.","KOEI TECMO GAMES CO., LTD.",51.0,steamspy,2095.0
Fighting,627270,Injustice 2,"Action, Fighting",,,,"NetherRealm Studios, QLOC",WB Games,181.0,steamspy,2093.0
Fighting,2634890,MARVEL vs. CAPCOM Fighting Collection: Arcade Classics,"Action, Fighting",,,,"CAPCOM Co., Ltd.","CAPCOM Co., Ltd.",106.0,steamspy,2019.0
Fighting,576480,Drunken Fight Simulator,"Action, Fighting, Indie, Simulation",,,,Volens Nolens Games,Volens Nolens Games,0.0,steamspy,2019.0
Fighting,411370,Melty Blood Actress Again Current Code,"Action, Fighting, Sports, Visual Novel",,,,FRENCH-BREAD,Arc System Works,16.0,steamspy,2015.0
Fighting,486780,Fruit Ninja VR,"Action, Casual, Fighting, Simulation, Sports",,,,Halfbrick Studios Pty Ltd,Halfbrick Studios Pty Ltd,2.0,steamspy,1967.0
Fighting,597170,Clone Drone in the Danger Zone,"Action, Fighting, Indie, Survival",,,,Doborog Games,Doborog Games,184.0,steamspy,1921.0
Fighting,357190,ULTIMATE MARVEL VS. CAPCOM 3,"Action, Fighting, Horror",,,,"CAPCOM CO., LTD.","CAPCOM U.S.A., INC.",124.0,steamspy,1706.0
Fighting,716710,東方憑依華　～ Antinomy of Common Flowers.,"Action, Fighting, Indie",,,,黄昏フロンティア,"SUNFISH Co., Ltd.",3.0,steamspy,1442.0
Fighting,383840,Nimbatus - The Space Drone Constructor,"Action, Adventure, Fighting, Puzzle, Sports, Strategy, Survival",,,,Stray Fawn Studio,"Stray Fawn Publishing, WhisperGames",6.0,steamspy,1310.0
Fighting,758330,Shenmue I & II,"Action, Adventure, Fighting, JRPG, RPG, Simulation",,,,D3T,SEGA,17.0,steamspy,1280.0
Fighting,755500,ONE PIECE World Seeker,"Action, Adventure, Fighting, JRPG, RPG",,,,"GANBARION Co., Ltd.",BANDAI NAMCO Entertainment,17.0,steamspy,1213.0
Fighting,512250,Oh...Sir!! The Insult Simulator,"Casual, Fighting, Indie, Simulation, Strategy",,,,Vile Monarch,Good Shepherd Entertainment,2.0,steamspy,1181.0
Fighting,571260,THE KING OF FIGHTERS XIV STEAM EDITION,"Action, Fighting",,,,"SNK CORPORATION, Abstraction Games",SNK CORPORATION,9.0,steamspy,1173.0
Fighting,2955840,Kitchen Wars,"Action, Casual, Fighting, Shooter",,,,Silent Owl,"Perfect Gen, GrabTheGames",56.0,steamspy,1130.0
Fighting,411830,SENRAN KAGURA SHINOVI VERSUS,"Action, Fighting, JRPG, RPG",,,,Tamsoft,"XSEED Games, Marvelous USA, Inc., Marvelous",7.0,steamspy,1017.0
Fighting,577940,Killer Instinct,"Action, Adventure, Fighting, Horror",,,,Iron Galaxy Studios,Xbox Game Studios,25.0,steamspy,823.0
Fighting,347630,16 Bit Arena,"Action, Card & Board, Casual, Fighting, Indie, Massively Multiplayer, RPG, Strategy",,,,islesofciphar.com,16bitarena.com,0.0,steamspy,799.0
Fighting,2360210,Rune Coliseum,"Action, Card & Board, Fighting, RPG, Sports, Strategy",,,,Rafale Software,Rafale Software,2.0,steamspy,766.0
Fighting,1390410,Midnight Fight Express,"Action, Fighting, Indie",,,,Jacob Dzwinel,Humble Games,10.0,steamspy,765.0
Fighting,601220,Zup! F,"Card & Board, Casual, Fighting, Indie, Platformer, Puzzle",,,,Quiet River,Quiet River,2.0,steamspy,751.0
Fighting,804490,Creed: Rise to Glory,"Action, Fighting, Indie, Simulation, Sports",,,,Survios,Survios,3.0,steamspy,719.0
Fighting,1116960,UNDEFEATED,"Action, Fighting, Indie",,,,"UNDEFEATED Games, Indie-us Games",Vantan Game Academy,7.0,steamspy,687.0
Fighting,222420,THE KING OF FIGHTERS '98 ULTIMATE MATCH FINAL EDITION,"Action, Fighting",,,,"SNK CORPORATION, Code Mystics",SNK CORPORATION,37.0,steamspy,609.0
Fighting,1420350,Fraymakers,"Action, Fighting, Indie",,,,"Team Fray, McLeodGaming","Team Fray, McLeodGaming",8.0,steamspy,561.0
Fighting,495140,NARUTO: Ultimate Ninja STORM,"Action, Adventure, Fighting",,,,CyberConnect2 Co. Ltd.,BANDAI NAMCO Entertainment,25.0,steamspy,550.0
Fighting,1685750,Capcom Fighting Collection,"Action, Fighting, Puzzle",,,,"CAPCOM Co., Ltd.","CAPCOM Co., Ltd.",21.0,steamspy,537.0
Fighting,2536260,Mayhemers,"Action, Casual, Fighting, Indie",,,,Anigtas,Anigtas,2.0,steamspy,489.0
Fighting,1000360,Hellish Quart,"Action, Fighting",,,,Kubold,Kubold,38.0,steamspy,484.0
Fighting,528550,Drunkn Bar Fight,"Action, Fighting, Indie",,,,The Munky,The Munky,0.0,steamspy,438.0
Fighting,390560,Fantasy Strike,"Action, Casual, Fighting, Indie",,,,Sirlin Games,Sirlin Games,3.0,steamspy,377.0
Fighting,251470,TowerFall Ascension,"Action, Adventure, Fighting, Indie, Platformer",,,,"Maddy Makes Games Inc., Extremely OK Games, Ltd.",Maddy Makes Games Inc.,10.0,steamspy,348.0
Fighting,294810,BlazBlue: Continuum Shift Extend,"Action, Fighting, Visual Novel",,,,Arc System Works,"H2 Interactive Co., Ltd.",8.0,steamspy,315.0
Fighting,661990,Arcana Heart 3 LOVEMAX SIXSTARS!!!!!! XTEND,"Action, Fighting, Sports",,,,Team Arcana,Arc System Works,2.0,steamspy,315.0
Fighting,1546400,GigaBash,"Action, Casual, Fighting",,,,Passion Republic Games,Passion Republic Games,15.0,steamspy,291.0
Fighting,2463800,Iron Saga VS,"Action, Fighting",,,,Gameduchy,Gameduchy,5.0,steamspy,278.0
Fighting,3391450,GORN 2,"Action, Fighting",,,,"Cortopia, Free Lives",Devolver Digital,7.0,steamspy,260.0
Fighting,985900,Young Souls,"Action, Fighting, RPG",,,,1P2P,The Arcade Crew,1.0,steamspy,254.0
Fighting,890550,RUMBLE,"Action, Fighting, Sports",,,,Buckethead Entertainment,Buckethead Entertainment,15.0,steamspy,228.0
Fighting,1155650,Shady Knight,"Action, Fighting, Platformer, Shooter",,,,Alexey 'cptnsigh',Alexey 'cptnsigh',10.0,steamspy,225.0
Fighting,889510,SENRAN KAGURA Burst Re:Newal,"Action, Fighting, Visual Novel",,,,Tamsoft,"XSEED Games, Marvelous USA, Inc., Marvelous",10.0,steamspy,198.0
Fighting,965680,Boomerang Fu,"Action, Casual, Fighting",,,,Cranky Watermelon,Cranky Watermelon,35.0,steamspy,183.0
Fighting,543870,NARUTO SHIPPUDEN: Ultimate Ninja STORM 2,"Action, Adventure, Fighting, Strategy",,,,CyberConnect2 Co. Ltd.,BANDAI NAMCO Entertainment,19.0,steamspy,181.0
Fighting,214590,Fairy Bloom Freesia,"Action, Fighting, Indie, JRPG, Platformer, RPG",,,,Edelweiss,"XSEED Games, Marvelous USA, Inc.",1.0,steamspy,174.0
Fighting,780350,Unruly Heroes,"Action, Adventure, Fighting, Indie, Platformer, Puzzle",,,,Magic Design Studios,Magic Design Studios,3.0,steamspy,173.0
Fighting,715310,Urban Rivals,"Action, Card & Board, Fighting, Massively Multiplayer, RPG",,,,Acute Games,Acute Games,9.0,steamspy,170.0
Fighting,2193490,First Cut: Samurai Duel,"Action, Fighting",,,,Night Eyes Interactive,Night Eyes Interactive,6.0,steamspy,169.0
Fighting,971690,Cake Bash,"Action, Casual, Fighting",,,,High Tea Frog,Coatsink,1.0,steamspy,144.0
Fighting,294000,Knight Squad,"Action, Casual, Fighting, Indie",,,,Chainsawesome Games,Chainsawesome Games,0.0,steamspy,133.0
Fighting,702120,THE KING OF FIGHTERS '97 GLOBAL MATCH,"Action, Fighting",,,,"SNK CORPORATION, Code Mystics",SNK CORPORATION,11.0,steamspy,128.0
Fighting,565170,Blade Strangers,"Action, Fighting",,,,Studio Saizensen,"Nicalis, Inc.",0.0,steamspy,126.0
Fighting,21010,Watchmen: The End is Nigh,"Action, Adventure, Fighting",,,,Deadline Games,Warner Bros. Games,8.0,steamspy,123.0
Fighting,326340,River City Super Sports Challenge ~All Stars Special~,"Action, Adventure, Fighting, Sports",,,,Arc System Works,"H2 Interactive Co., Ltd.",2.0,steamspy,103.0
Fighting,614090,Deadbeat Heroes,"Action, Fighting, Indie",,,,Upstream Arcade,Square Enix,0.0,steamspy,101.0
Horror,1966720,Lethal Company,"Action, Adventure, Horror, Survival",,,,Zeekerss,Zeekerss,4850.0,steamspy,239369.0
Horror,391720,Layers of Fear (2016),"Adventure, Horror, Indie, Puzzle, Survival",,,,Bloober Team SA,Bloober Team SA,12.0,steamspy,143872.0
Horror,782330,DOOM Eternal,"Action, Adventure, Horror, Shooter",,,,id Software,Bethesda Softworks,713.0,steamspy,84865.0
Horror,1971870,Mortal Kombat 1,"Action, Fighting, Horror",,,,"NetherRealm Studios, QLOC",Warner Bros. Games,1019.0,steamspy,26576.0
Horror,1850570,DEATH STRANDING DIRECTOR'S CUT,"Action, Adventure, Horror, Shooter",,,,KOJIMA PRODUCTIONS,505 Games,901.0,steamspy,22020.0
Horror,601510,Yu-Gi-Oh! Duel Links,"Action, Adventure, Card & Board, Casual, Horror, Massively Multiplayer, RPG, Simulation, Strategy",,,,KONAMI,KONAMI,1681.0,steamspy,21377.0
Horror,2531310,The Last of Us Part II Remastered,"Action, Adventure, Horror, Shooter, Survival",,,,"Naughty Dog LLC, Nixxes Software, Iron Galaxy Studios",PlayStation Publishing LLC,1248.0,steamspy,18345.0
Horror,239160,Thief,"Action, Adventure, Horror, RPG",,,,"Eidos-Montréal, Feral Interactive (Mac)","Eidos Interactive Corp., Feral Interactive (Mac)",67.0,steamspy,18247.0
Horror,1601580,Frostpunk 2,"City Builder, Horror, Simulation, Strategy, Survival",,,,11 bit studios,11 bit studios,410.0,steamspy,14925.0
Horror,49540,Aliens: Colonial Marines Collection,"Action, Adventure, Horror, Shooter, Survival",,,,Gearbox Software,SEGA,24.0,steamspy,13266.0
Horror,67370,The Darkness II,"Action, Adventure, Horror, Shooter",,,,Digital Extremes,2K,31.0,steamspy,12568.0
Horror,312520,Rain World,"Action, Adventure, Horror, Indie, Metroidvania, Platformer, Simulation, Survival",,,,Videocult,Akupara Games,693.0,steamspy,10875.0
Horror,1680880,Forspoken,"Action, Adventure, Horror, RPG",,,,Square Enix,Square Enix,17.0,steamspy,9824.0
Horror,471710,Rec Room,"Action, Adventure, Casual, Horror, Massively Multiplayer, Simulation, Sports",,,,Rec Room,Rec Room,1196.0,steamspy,7091.0
Horror,1507580,Enigma of Fear,"Horror, Puzzle, Survival",,,,"Dumativa, Cellbit","Dumativa, CriticalLeap",34.0,steamspy,6384.0
Horror,57300,Amnesia: The Dark Descent,"Action, Adventure, Horror, Indie, Puzzle, Survival",,,,Frictional Games,Frictional Games,56.0,steamspy,5566.0
Horror,409710,BioShock Remastered,"Action, Adventure, Horror, RPG, Shooter",,,,"2K Boston, 2K Australia, Blind Squirrel, Feral Interactive (Mac)","2K, Feral Interactive (Mac)",351.0,steamspy,5245.0
Horror,2141730,Backrooms: Escape Together,"Action, Adventure, Casual, Horror, Puzzle, Survival",,,,Triiodide Studios,Triiodide Studios,883.0,steamspy,4920.0
Horror,1281590,The Dark Pictures Anthology: House of Ashes,"Action, Adventure, Horror, Survival",,,,Supermassive Games,BANDAI NAMCO Entertainment Europe,67.0,steamspy,4573.0
Horror,558100,Art of War: Red Tides,"Action, Adventure, Casual, Horror, Indie, Strategy, Survival",,,,Game Science,Game Science,17.0,steamspy,4014.0
Horror,1493640,Banishers: Ghosts of New Eden,"Action, Adventure, Horror, RPG",,,,DON'T NOD,Focus Entertainment,139.0,steamspy,3779.0
Horror,1618540,Ghost Exorcism INC.,"Action, Horror, Survival",,,,StudioGoupil,StudioGoupil,11.0,steamspy,3765.0
Horror,320240,We Happy Few,"Action, Adventure, Horror, Indie, Survival",,,,Compulsion Games,Gearbox Publishing,44.0,steamspy,3498.0
Horror,1732190,FATAL FRAME / PROJECT ZERO: Maiden of Black Water,"Adventure, Horror, Survival",,,,"KOEI TECMO GAMES CO., LTD.","KOEI TECMO GAMES CO., LTD.",13.0,steamspy,3474.0
Horror,960990,Beyond: Two Souls,"Adventure, Horror",,,,Quantic Dream,Quantic Dream,165.0,steamspy,3306.0
Horror,824270,KovaaK's,"Action, Horror, Indie, Shooter, Simulation",,,,KovaaK Games,KovaaK Games,1731.0,steamspy,3114.0
Horror,3431040,That's not my Neighbor,"Adventure, Casual, Horror, Indie, Puzzle, Simulation",,,,Nachosama Games,Nachosama Games,94.0,steamspy,2928.0
Horror,462930,AdVenture Communist,"Adventure, Casual, Horror, Indie, Simulation, Strategy",,,,Hyper Hippo Games,Hyper Hippo Games,26.0,steamspy,2853.0
Horror,3062930,Unplagued,"Action, Adventure, Casual, Horror, Survival",,,,Euphoric Brothers,Euphoric Brothers,10.0,steamspy,2767.0
Horror,376730,Monument,"Action, Adventure, Horror, Shooter",,,,Andrei Ivashentsev,Andrei Ivashentsev,0.0,steamspy,2597.0
Horror,526160,The Wild Eight,"Action, Adventure, Horror, Indie, RPG, Simulation, Strategy, Survival",,,,Eight Points,HypeTrain Digital,15.0,steamspy,2490.0
Horror,321270,UNLOVED,"Action, Horror, Indie, Shooter, Survival",,,,BlueEagle Productions,Paul Schneider,23.0,steamspy,2323.0
Horror,3376250,Nine-Ball Roulette,"Casual, Horror, Indie, RPG, Simulation, Sports",,,,WaveBox Labs,WaveBox Labs,93.0,steamspy,2146.0
Horror,222480,Resident Evil Revelations,"Action, Adventure, Horror, Shooter, Survival",,,,Capcom,Capcom,117.0,steamspy,2083.0
Horror,1562420,FOREWARNED,"Action, Adventure, Horror, Survival",,,,Dreambyte Games,Dreambyte Games,15.0,steamspy,2061.0
Horror,2223840,The Casting of Frank Stone,"Adventure, Horror",,,,Supermassive Games,Behaviour Interactive Inc.,16.0,steamspy,1952.0
Horror,1110910,Mortal Shell,"Action, Adventure, Horror, Indie, RPG",,,,Cold Symmetry,Playstack,26.0,steamspy,1930.0
Horror,1164940,Trepang2,"Action, Horror, Indie, Shooter",,,,Trepang Studios,Team17,145.0,steamspy,1900.0
Horror,338840,Hollow's Land,"Action, Horror, Massively Multiplayer, RPG, Roguelike, Simulation",,,,Relax Minimalism,Relax Minimalism,0.0,steamspy,1897.0
Horror,2369900,Castlevania Dominus Collection,"Action, Adventure, Horror, Metroidvania, Platformer, RPG",,,,KONAMI,KONAMI,97.0,steamspy,1781.0
Horror,1092660,Blair Witch,"Adventure, Horror, Indie, Survival",,,,Bloober Team SA,Bloober Team NA,2.0,steamspy,1681.0
Horror,2275020,Backrooms Rec.,"Action, Adventure, Horror, Survival",,,,Liminal Logic,Liminal Logic,9.0,steamspy,1509.0
Horror,505230,Pathologic 2,"Adventure, Horror, Indie, RPG, Survival",,,,Ice-Pick Lodge,tinyBuild,45.0,steamspy,1418.0
Horror,2310700,Shadow Corridor 2 雨ノ四葩,"Action, Adventure, Horror, JRPG, RPG, Strategy, Survival",,,,Space Onigiri Game LLC,Space Onigiri Game LLC,14.0,steamspy,1414.0
Horror,356040,Sheltered,"Adventure, Horror, Indie, RPG, Simulation, Strategy, Survival",,,,"Unicube, Team 17 Digital Ltd",Team17 Digital Ltd,31.0,steamspy,1385.0
Horror,591960,Animation Throwdown: The Quest for Cards,"Adventure, Card & Board, Casual, Horror, RPG, Strategy",,,,"Synapse Games, Chinzilla",Kongregate,49.0,steamspy,1359.0
Horror,502280,BERSERK and the Band of the Hawk,"Action, Casual, Horror",,,,"KOEI TECMO GAMES CO., LTD.","KOEI TECMO GAMES CO., LTD.",16.0,steamspy,1271.0
Horror,1292940,Cube Escape Collection,"Adventure, Casual, Horror, Indie, Puzzle",,,,Rusty Lake,Rusty Lake,58.0,steamspy,1221.0
Horror,1051690,Nightmare Reaper,"Action, Horror, Shooter",,,,Blazing Bit Games,Blazing Bit Games,13.0,steamspy,1134.0
Horror,1893810,Solium Infernum,"Card & Board, Horror, Strategy",,,,League of Geeks,League of Geeks,26.0,steamspy,1108.0
Horror,16450,F.E.A.R. 2: Project Origin,"Action, Horror, Shooter, Survival",,,,Monolith,"Warner Bros. Games, Warner Bros. Interactive Entertainment",32.0,steamspy,1102.0
Horror,343780,Cat Goes Fishing,"Action, Adventure, Casual, Horror, Indie, Puzzle, Simulation",,,,Cat5Games,,41.0,steamspy,860.0
Horror,611350,Evil Tag,"Action, Horror, Indie, Massively Multiplayer, Platformer, Racing, Sports, Survival",,,,HFM Games,HFM Games,0.0,steamspy,820.0
Horror,362680,Fran Bow,"Adventure, Horror, Indie, Puzzle",,,,Killmonday Games AB,Killmonday Games AB,86.0,steamspy,787.0
Horror,2231300,Dodgy Deliveries,"Action, Adventure, Casual, Horror, Indie, Simulation, Survival",,,,"Tomas Gonzalez, German Rieck",Deliver Games,31.0,steamspy,747.0
Horror,964800,Prodeus,"Action, Adventure, Casual, Horror, Indie, Shooter",,,,Bounding Box Software Inc.,Humble Games,20.0,steamspy,716.0
Horror,2696480,Nothing,"Action, Adventure, Casual, Horror, Racing",,,,Pixelatto,Pixelatto,32.0,steamspy,690.0
Horror,1423600,BLUE REFLECTION: Second Light,"Adventure, Horror, JRPG, RPG, Visual Novel",,,,"KOEI TECMO GAMES CO., LTD.","KOEI TECMO GAMES CO., LTD.",4.0,steamspy,670.0
Horror,951240,Obenseuer,"Adventure, Horror, Indie, RPG, Strategy, Survival",,,,Loiste Interactive,Loiste Interactive,74.0,steamspy,665.0
Horror,1397390,The Break-In,"Action, Adventure, Horror, Platformer, Simulation",,,,"jorgen games Ltd, Oliver Josh",jorgen games Ltd,17.0,steamspy,662.0
Horror,94300,The Dream Machine: Chapter 1 & 2,"Adventure, Horror, Puzzle",,,,Cockroach Inc.,The Sleeping Machine,1.0,steamspy,652.0
Horror,1179080,FAITH: The Unholy Trinity,"Adventure, Horror, Indie, Puzzle, Survival",,,,Airdorf Games,New Blood Interactive,43.0,steamspy,611.0
Horror,2121980,Void Stranger,"Adventure, Horror, Indie, Puzzle",,,,System Erasure,System Erasure,51.0,steamspy,610.0
Horror,1602080,Soulstice,"Action, Adventure, Horror, Platformer, RPG",,,,Reply Game Studios,Maximum Entertainment,8.0,steamspy,592.0
Horror,246580,The Typing of The Dead: Overkill,"Action, Horror, Shooter",,,,Modern Dream,SEGA,7.0,steamspy,559.0
Horror,42670,Singularity,"Action, Adventure, Horror, Shooter, Survival",,,,Raven Software,Activision,2.0,steamspy,526.0
Horror,252330,Slender: The Arrival,"Action, Adventure, Horror, Indie, Survival",,,,Blue Isle Studios,Blue Isle Publishing,7.0,steamspy,494.0
Horror,326190,Alchemy Mysteries: Prague Legends,"Adventure, Casual, Horror, Indie, Puzzle",,,,Jetdogs Studios,Jetdogs Studios,0.0,steamspy,484.0
Horror,500260,Ben and Ed - Blood Party,"Action, Horror, Indie, Platformer",,,,Sluggerfly,Sluggerfly,9.0,steamspy,442.0
Horror,1103210,We Become What We Behold [Fan-Made Port],"Casual, Horror, Indie",,,,"Mismatch Studio, Nicky Case (Originally)",Mismatch Studio,9.0,steamspy,438.0
Horror,782250,Hush Hush - Only Your Love Can Save Them,"Horror, Indie, Simulation, Strategy, Visual Novel",,,,Sad Panda Studios,Sad Panda Studios,19.0,steamspy,428.0
Horror,2357000,KILL IT WITH FIRE! 2,"Action, Casual, Horror, Simulation",,,,Casey Donnellan Games LLC,tinyBuild,7.0,steamspy,409.0
Horror,1777430,恋爱绮谭 不存在的真相,"Adventure, Casual, Horror, Visual Novel",,,,Never Knows Best,Never Knows Best,7.0,steamspy,409.0
Horror,1715730,Boo Men,"Action, Adventure, Horror, Indie",,,,Twisted Corridor,Twisted Corridor,12.0,steamspy,392.0
Horror,2792610,Stickman Killing Zombie,"Action, Adventure, Horror, Roguelike, Shooter, Survival",,,,Yurii Nikshych,Angels Vs Demons,0.0,steamspy,381.0
Horror,986680,PAGUI打鬼,"Action, Adventure, Casual, Horror, Indie, RPG",,,,padendon,padendon,2.0,steamspy,379.0
Horror,819020,Zanki Zero: Last Beginning,"Action, Adventure, Horror, JRPG, RPG, Survival, Visual Novel",,,,"Spike Chunsoft Co., Ltd.","Spike Chunsoft Co., Ltd.",5.0,steamspy,361.0
Horror,262000,Gabriel Knight: Sins of the Fathers 20th Anniversary Edition,"Adventure, Horror, Puzzle",,,,"Phoenix Online Studios, Pinkerton Road Studio",Pinkerton Road Studio,1.0,steamspy,335.0
Horror,597760,Yuppie Psycho: Executive Edition,"Adventure, Horror, Puzzle, Survival",,,,Baroque Decay,Neon Doctrine,12.0,steamspy,332.0
Horror,2317640,JUMP KING QUEST,"Action, Adventure, Horror, Metroidvania, Platformer, RPG",,,,Nexile,Nexile,2.0,steamspy,310.0
Horror,1293820,YOU and ME and HER: A Love Story,"Adventure, Horror, Visual Novel",,,,Nitroplus,JAST,21.0,steamspy,276.0
Horror,1116580,Shady Part of Me,"Adventure, Casual, Horror, Indie, Platformer, Puzzle",,,,Douze Dixièmes,Focus Entertainment,6.0,steamspy,247.0
Horror,296710,Monstrum,"Action, Horror, Indie, Roguelike, Strategy, Survival",,,,Team Junkfish,Junkfish Limited,9.0,steamspy,235.0
Horror,1182310,The Excavation of Hob's Barrow,"Adventure, Horror, Indie, Puzzle",,,,Cloak and Dagger Games,Wadjet Eye Games,13.0,steamspy,227.0
Horror,3011030,NO-SKIN,"Horror, RPG, Strategy",,,,NoEye-Soft,NoEye-Soft,26.0,steamspy,214.0
Horror,399890,The Secret Order 2: Masked Intent,"Adventure, Casual, Horror, Indie, Puzzle",,,,Sunward Games,Artifex Mundi,1.0,steamspy,213.0
Horror,395200,Ben and Ed,"Action, Adventure, Horror, Indie, Platformer, Sports",,,,Sluggerfly,Sluggerfly,9.0,steamspy,207.0
Horror,2462520,I'm on Observation Duty 7,"Adventure, Horror, Puzzle",,,,"Notovia, Dreamloop Games",Notovia,33.0,steamspy,200.0
Horror,3126330,Kiosk,"Action, Adventure, Horror, Simulation",,,,Vivi,Vivi,20.0,steamspy,182.0
Horror,896520,Stay Out of the House,"Action, Horror, Indie, Metroidvania, Puzzle, Survival",,,,Puppet Combo,Puppet Combo,5.0,steamspy,181.0
Horror,530390,Slayaway Camp,"Casual, Horror, Puzzle, Strategy",,,,Blue Wizard Digital,Blue Wizard Digital,3.0,steamspy,173.0
Horror,230210,ASYLUM,"Adventure, Horror, Indie, Puzzle",,,,Senscape,Senscape,4.0,steamspy,172.0
Horror,250380,Knock-knock,"Adventure, Horror, Platformer, Puzzle, Strategy, Survival",,,,Ice-Pick Lodge,Ice-Pick Lodge,1.0,steamspy,172.0
Horror,2578910,Nocturnals,"Action, Adventure, Horror",,,,Cowboy Toad Games,Cowboy Toad Games,6.0,steamspy,171.0
Horror,1886070,USAC: Code Breach,"Action, Adventure, Horror, Puzzle, Shooter",,,,Questions Factory,Questions Factory,8.0,steamspy,151.0
Horror,658620,Wonderful Everyday Down the Rabbit-Hole,"Adventure, Casual, Horror, Visual Novel",,,,KeroQ,Frontwing USA,18.0,steamspy,137.0
Horror,22610,Alien Breed: Impact,"Action, Horror, Shooter",,,,Team17 Software Ltd.,Team17 Digital Ltd,0.0,steamspy,137.0
Horror,538070,Bad Dream: Coma,"Adventure, Casual, Horror, Indie, Puzzle",,,,Desert Fox,Desert Fox,0.0,steamspy,109.0
Horror,285540,Among the Sleep Demo,"Action, Adventure, Horror, Indie",,,,Krillbite Studio,Krillbite Studio,1.0,steamspy,106.0
Horror,1892420,The Bunny Graveyard,"Action, Adventure, Horror, Puzzle, Survival",,,,Pichon Games,Pichon Games,4.0,steamspy,101.0
Indie,367520,Hollow Knight,"Action, Adventure, Indie, Metroidvania, Platformer",,,,Team Cherry,Team Cherry,14126.0,steamspy,95428.0
Indie,1454400,Cookie Clicker,"Casual, Horror, Indie, Simulation, Strategy",,,,"Orteil, DashNet",Playsaurus,9412.0,steamspy,67806.0
Indie,823130,Totally Accurate Battlegrounds,"Action, Indie, Massively Multiplayer, Shooter, Simulation, Strategy, Survival",,,,Landfall,Landfall,101.0,steamspy,29438.0
Indie,1476970,Legends of IdleOn - Idle MMO,"Casual, Indie, Massively Multiplayer, RPG, Simulation",,,,Lavaflame2,Lavaflame2,16289.0,steamspy,20884.0
Indie,212680,FTL: Faster Than Light,"Adventure, Indie, Simulation, Strategy, Survival",,,,Subset Games,Subset Games,970.0,steamspy,18821.0
Indie,1283970,YoloMouse - Game Cursor Changer,"Action, Horror, Indie",,,,Dragonrise Games,Dragonrise Games,7081.0,steamspy,12522.0
Indie,3213850,gogh: Focus with Your Avatar,"Casual, Indie, Simulation",,,,ambr,ambr,3088.0,steamspy,8190.0
Indie,218510,Planets Under Attack,"Indie, Strategy",,,,Targem Games,Topware Interactive,2.0,steamspy,8186.0
Indie,104900,ORION: Prelude,"Action, Adventure, Indie, Shooter, Strategy",,,,DANKIE,DANKIE,6.0,steamspy,7876.0
Indie,2436940,Sephiria,"Action, Indie, Roguelike",,,,TEAM HORAY,TEAM HORAY,313.0,steamspy,7358.0
Indie,1388880,Doki Doki Literature Club Plus!,"Adventure, Casual, Horror, Indie, Visual Novel",,,,Team Salvato,Serenity Forge,90.0,steamspy,6912.0
Indie,451340,Gold Mining Simulator,"Adventure, Indie, Simulation, Strategy",,,,Code Horizon,"Code Horizon, PlayWay S.A.",185.0,steamspy,6587.0
Indie,371970,Barony,"Action, Indie, RPG, Roguelike",,,,Turning Wheel LLC,Turning Wheel LLC,806.0,steamspy,6249.0
Indie,513930,J.U.R : Japan Underground Racing,"Casual, Indie, Racing, Simulation",,,,JDM4iK,Conglomerate 5,1.0,steamspy,5541.0
Indie,568130,Gum Guy,"Action, Adventure, Indie",,,,Nickana Studio,Nickana Studio,0.0,steamspy,4988.0
Indie,559650,Witch It,"Action, Casual, Indie, Strategy, Survival",,,,Barrel Roll Games,Barrel Roll Games,29.0,steamspy,4971.0
Indie,40800,Super Meat Boy,"Action, Indie, Platformer",,,,Team Meat,,46.0,steamspy,4836.0
Indie,1608450,Hellslave,"Action, Adventure, Horror, Indie, RPG, Strategy",,,,Ars Goetia,"Dear Villagers, Gamersky Games",57.0,steamspy,3763.0
Indie,806140,Achievements printer,"Action, Casual, Indie, Sports",,,,Easy game,Game for people,5.0,steamspy,3535.0
Indie,280220,Creeper World 3: Arc Eternal,"Casual, Indie, Simulation, Strategy, Survival, Tower Defense",,,,Knuckle Cracker,Knuckle Cracker,152.0,steamspy,3265.0
Indie,3511030,Mini Cozy Room: Lo-Fi,"Casual, Indie",,,,"Tesseract Studio, Nugem Studio",Tesseract Studio,1197.0,steamspy,2805.0
Indie,569860,Thimbleweed Park,"Adventure, Indie, Puzzle",,,,Terrible Toybox,Terrible Toybox,8.0,steamspy,2733.0
Indie,531920,Carton,"Action, Adventure, Indie, RPG, Strategy",,,,Calepin Studio,SA Industry,0.0,steamspy,2445.0
Indie,919640,Steel Division 2,"Action, Indie, Simulation, Strategy","20 Jun, 2019",False,"₩ 44,000",Eugen Systems,Eugen Systems,176.0,appdetails,2257.0
Indie,323850,Move or Die,"Action, Casual, Indie, Platformer",,,,"Xelu, Those Awesome Guys",Those Awesome Guys,12.0,steamspy,1988.0
Indie,981430,Gordian Quest,"Adventure, Card & Board, Indie, RPG, Roguelike, Strategy",,,,"Mixed Realms Pte Ltd, Swag Soft Holdings Pte Ltd","Mixed Realms Pte Ltd, Spiral Up Games",35.0,steamspy,1883.0
Indie,1901370,Ib,"Adventure, Casual, Horror, Indie, Puzzle, RPG, Survival",,,,kouri,PLAYISM,12.0,steamspy,1822.0
Indie,734750,PickCrafter,"Casual, Indie, RPG, Simulation",,,,Fiveamp,Fiveamp,65.0,steamspy,1809.0
Indie,2254890,The Killing Antidote,"Action, Adventure, Indie, RPG","5 Oct, 2024",False,"₩ 32,000",MetalStar Studio,MetalStar Studio,181.0,appdetails,1618.0
Indie,434210,It's Spring Again,"Casual, Indie",,,,Baba Yaga Games,Sometimes You,0.0,steamspy,1602.0
Indie,296490,GemCraft - Chasing Shadows,"Action, Indie, Puzzle, Strategy, Tower Defense",,,,Game in a Bottle,Armor Games Studios,92.0,steamspy,1601.0
Indie,897330,Coloring Pixels,"Casual, Indie, Puzzle",,,,ToastieLabs,ToastieLabs,435.0,steamspy,1535.0
Indie,1265820,Fights in Tight Spaces,"Action, Card & Board, Indie, Roguelike, Strategy",,,,Ground Shatter,Reforged Studios,104.0,steamspy,1449.0
Indie,327410,A Bird Story,"Adventure, Casual, Indie, RPG, Visual Novel",,,,Freebird Games,Freebird Games,1.0,steamspy,1313.0
Indie,384190,ABZU,"Adventure, Casual, Indie, Simulation",,,,Giant Squid,505 Games,11.0,steamspy,1311.0
Indie,2756920,Keep Driving,"Adventure, Indie, RPG, Simulation",,,,YCJY Games,YCJY Games,72.0,steamspy,1228.0
Indie,1606340,Conquest of Elysium 5,"4X, Indie, Strategy",,,,Illwinter Game Design,Illwinter Game Design,179.0,steamspy,1171.0
Indie,2435090,Talented,"Action, Indie, Roguelike",,,,TurtleFox Games,TurtleFox Games,32.0,steamspy,1063.0
Indie,1517960,Rebirth:Beware of Mr.Wang,"Action, Adventure, Indie, Simulation, Visual Novel",,,,DSGame,DSGame,2.0,steamspy,1058.0
Indie,429050,Feed and Grow: Fish,"Action, Adventure, Indie, Simulation, Strategy, Survival",,,,Old B1ood,Greens s.r.o.,121.0,steamspy,1046.0
Indie,705120,Death Coming/死神来了,"Adventure, Casual, Indie, Puzzle, Simulation, Strategy",,,,NEXT Studios,NEXT Studios,2.0,steamspy,1034.0
Indie,303210,The Beginner's Guide,"Adventure, Horror, Indie, Puzzle",,,,Everything Unlimited Ltd.,Everything Unlimited Ltd.,4.0,steamspy,913.0
Indie,380840,Teeworlds,"Action, Adventure, Indie, Massively Multiplayer, Platformer, Shooter, Strategy",,,,Teeworlds Team,Teeworlds Team,4.0,steamspy,895.0
Indie,2157680,Lunar Mirror:The Pavilion of Desire,"Adventure, Horror, Indie, JRPG, Puzzle, RPG, Visual Novel",,,,TUTGame,DSGame,5.0,steamspy,842.0
Indie,348360,Doodle God,"Adventure, Card & Board, Casual, Indie, Puzzle, Simulation",,,,JoyBits Ltd.,JoyBits Ltd.,5.0,steamspy,812.0
Indie,263760,Turbo Dismount,"Action, Adventure, Casual, Indie, Racing, Simulation, Strategy",,,,Secret Exit Ltd.,Secret Exit Ltd.,10.0,steamspy,761.0
Indie,2370570,Standable: Full Body Estimation,"Horror, Indie",,,,Standable,Standable,424.0,steamspy,726.0
Indie,355800,Space Run Galaxy,"Indie, Strategy, Tower Defense",,,,Passtech Games,Focus Entertainment,1.0,steamspy,712.0
Indie,388880,Oxenfree,"Adventure, Horror, Indie",,,,Night School Studio,Night School Studio,8.0,steamspy,709.0
Indie,1410710,Democracy 4,"Indie, Simulation, Strategy",,,,Positech Games,Positech Games,48.0,steamspy,685.0
Indie,1159830,Scene Investigators,"Adventure, Horror, Indie, Puzzle",,,,EQ Studios,EQ Studios,4.0,steamspy,634.0
Indie,332570,Amazing Frog?,"Action, Adventure, Indie",,,,Fayju,Fayju,35.0,steamspy,625.0
Indie,2746910,Three Kingdoms: The Blood Moon,"Adventure, Card & Board, Indie, RPG, Roguelike, Strategy",,,,Kygua Tech,Gamersky Games,14.0,steamspy,607.0
Indie,853550,Equilinox,"Casual, Indie, Simulation, Strategy",,,,ThinMatrix,ThinMatrix,8.0,steamspy,584.0
Indie,1571100,Passpartout 2: The Lost Artist,"Casual, Indie, Simulation",,,,Flamebait Games,Flamebait Games,4.0,steamspy,577.0
Indie,378360,Ymir,"4X, City Builder, Indie, Massively Multiplayer, Simulation, Strategy",,,,Thibaud Michaud,Thibaud Michaud,12.0,steamspy,559.0
Indie,209950,Triple Town,"Casual, City Builder, Indie, Puzzle, Strategy",,,,Spry Fox LLC,Spry Fox LLC,4.0,steamspy,503.0
Indie,1082430,Before Your Eyes,"Adventure, Indie",,,,GoodbyeWorld Games,Skybound Games,23.0,steamspy,491.0
Indie,1983260,Dungeons of Hinterberg,"Action, Adventure, Indie, Platformer, Puzzle, RPG",,,,Microbird Games,Curve Games,31.0,steamspy,486.0
Indie,503620,Fictorum,"Action, Adventure, Indie, RPG, Roguelike, Shooter",,,,Scraping Bottom Games,Scraping Bottom Games,1.0,steamspy,452.0
Indie,861250,Cyber Shadow,"Action, Adventure, Indie, Metroidvania, Platformer",,,,"Aarne ""MekaSkull"" Hunziker",Yacht Club Games,1.0,steamspy,435.0
Indie,1419730,Seek Girl Ⅵ,"Casual, Indie, Puzzle, RPG, Strategy",,,,DSGame,DSGame,1.0,steamspy,416.0
Indie,1543150,The Fermi Paradox,"Adventure, Indie, Simulation, Strategy",,,,Anomaly Games,Anomaly Games,5.0,steamspy,415.0
Indie,231040,Beatbuddy: Tale of the Guardians,"Action, Adventure, Casual, Indie, Platformer, Puzzle",,,,Threaks,Threaks,1.0,steamspy,397.0
Indie,521200,Epic Battle Fantasy 3,"Action, Adventure, Casual, Indie, JRPG, RPG, Strategy",,,,Matt Roszak,Matt Roszak,10.0,steamspy,390.0
Indie,685340,Delivery from the Pain:Survival / 末日方舟:生存,"Action, Adventure, Horror, Indie, RPG, Simulation, Strategy, Survival",,,,HuaYiTianXin,DigiPotato,4.0,steamspy,368.0
Indie,397090,Wind Child,"Adventure, Casual, Indie, JRPG, RPG",,,,Valkyria Games,Valkyria Games,0.0,steamspy,354.0
Indie,782570,Endless Road: Reborn,"Adventure, Card & Board, Casual, Indie, JRPG, RPG, Strategy, Survival",,,,Pig Candle Games,"Sula Box Games, Pig Candle Games",0.0,steamspy,340.0
Indie,2788310,Twilight Survivors,"Action, Adventure, Casual, Indie, RPG, Roguelike",,,,DORIDORI STUDIO,DORIDORI STUDIO,15.0,steamspy,320.0
Indie,3435260,Dice With Death,"Card & Board, Casual, Indie, Roguelike, Strategy",,,,Sea Glass Games,Sea Glass Games,22.0,steamspy,310.0
Indie,293780,Crawl,"Action, Horror, Indie, RPG, Roguelike",,,,Powerhoof,Powerhoof,7.0,steamspy,309.0
Indie,1500740,Snail Simulator,"Action, Adventure, Casual, Indie, Massively Multiplayer, Simulation","20 Nov, 2023",False,"₩ 5,600",Mr. Snail Dev,Mr. Snail Dev,81.0,appdetails,307.0
Indie,924070,Arboria,"Action, Indie, RPG, Roguelike",,,,Dreamplant,"All in! Games, Untold Tales",3.0,steamspy,298.0
Indie,342380,Sakura Angels,"Action, Adventure, Casual, Indie, Simulation, Visual Novel",,,,Winged Cloud,Winged Cloud,0.0,steamspy,296.0
Indie,244430,realMyst: Masterpiece Edition,"Adventure, Casual, Indie, Puzzle",,,,Cyan Worlds Inc,Cyan Worlds Inc,17.0,steamspy,292.0
Indie,211340,Magical Diary: Horse Hall,"Adventure, Indie, Puzzle, RPG, Simulation, Visual Novel",,,,Hanako Games,Hanako Games,1.0,steamspy,290.0
Indie,1359120,The Dungeon Beneath,"Indie, RPG, Strategy",,,,Puzzle Box Games,Puzzle Box Games,6.0,steamspy,280.0
Indie,232010,Euro Truck Simulator,"Action, Adventure, Indie, Simulation",,,,SCS Software,SCS Software,10.0,steamspy,273.0
Indie,965820,沉睡的法则 Things as They Are,"Adventure, Casual, Indie, JRPG, RPG",,,,四块二茶会,四块二茶会,2.0,steamspy,261.0
Indie,2119650,Convenience Stories,"Casual, City Builder, Indie, Simulation, Strategy",,,,"Kairosoft Co., Ltd","Kairosoft Co., Ltd",3.0,steamspy,261.0
Indie,3463050,Dreams of Aether,"Action, Casual, Indie",,,,Lepioid LLC,Aether Studios,4.0,steamspy,247.0
Indie,354200,Aberoth,"Action, Adventure, Casual, Indie, Massively Multiplayer, RPG",,,,"Jarbit, Castle art by Yuriy Gusev",Jarbit,8.0,steamspy,240.0
Indie,754150,Rolling Line,"Casual, City Builder, Indie, Simulation",,,,Gaugepunk Games,Gaugepunk Games,126.0,steamspy,212.0
Indie,1194840,Frog Fractions: Game of the Decade Edition,"Action, Adventure, Casual, Horror, Indie, Simulation, Survival",,,,"Twinbeard, Inc.","Twinbeard, Inc.",2.0,steamspy,199.0
Indie,352010,Beach Bounce,"Adventure, Casual, Indie, Visual Novel",,,,Dharker Studios,Dharker Studios,0.0,steamspy,193.0
Indie,1085180,Gunvolt Chronicles: Luminous Avenger iX,"Action, Indie, Platformer",,,,"INTI CREATES CO., LTD.","INTI CREATES CO., LTD.",3.0,steamspy,188.0
Indie,866140,Arise: A Simple Story,"Adventure, Indie, Platformer, Puzzle",,,,Piccolo Studio,Untold Tales,2.0,steamspy,178.0
Indie,1028860,Star Chef: Cooking & Restaurant Game,"Casual, Indie, Simulation",,,,99Games Online Pvt. Ltd.,99Games Online Pvt. Ltd.,28.0,steamspy,175.0
Indie,758990,Ancient Warfare 3,"Action, Indie, RPG, Shooter, Simulation, Strategy",,,,Jannik Nickel,Jannik Nickel,35.0,steamspy,174.0
Indie,1363430,Propagation VR,"Action, Horror, Indie, Shooter, Survival",,,,WanadevStudio,WanadevStudio,1.0,steamspy,161.0
Indie,1626890,坏小孩,"Adventure, Indie, Platformer, Puzzle, Visual Novel",,,,WildMonkey,"WildMonkey, Gamirror Games",0.0,steamspy,155.0
Indie,1046820,I'm on Observation Duty,Indie,"3 Apr, 2019",False,"₩ 3,400",Notovia,Notovia,10.0,appdetails,149.0
Indie,1794950,LOST BUBBLES: Sweet mates,"Action, Adventure, Casual, Indie, Platformer",,,,KIMIDORI SOFT,KIMIDORI SOFT,0.0,steamspy,138.0
Indie,2402280,Werewolf: The Apocalypse — The Book of Hungry Names,"Adventure, Casual, Indie, RPG",,,,Choice of Games,Choice of Games,12.0,steamspy,138.0
Indie,3675060,Goblin_Gnome_Horn,"Action, Casual, Indie, RPG, Strategy",,,,"kawashiri_kodama, Kazuho","kawashiri_kodama, Kazuho",2.0,steamspy,117.0
Indie,672150,LOGistICAL 3: Earth,"Casual, Indie, Puzzle, Strategy",,,,Sacada,Sacada,21.0,steamspy,109.0
Indie,958480,Seed of the Dead,"Action, Casual, Indie",,,,TeamKRAMA,Eroge Japan,2.0,steamspy,103.0
Indie,1982340,Blanc,"Adventure, Casual, Indie",,,,Casus Ludi,Gearbox Publishing,6.0,steamspy,102.0
Indie,1187030,星礼研究所 | Sighchology Research Lab,"Casual, Indie, RPG, Simulation, Strategy",,,,Daotuan Wang,Daotuan Wang,0.0,steamspy,101.0
Indie,3334280,SpyFall,"Action, Casual, Indie",,,,"Mamkalo, Bario",MB Studio,3.0,steamspy,100.0
JRPG,1903340,Clair Obscur: Expedition 33,"Action, Adventure, JRPG, RPG",,,,Sandfall Interactive,Kepler Interactive,9453.0,steamspy,144901.0
JRPG,39210,FINAL FANTASY XIV Online,"Action, Adventure, JRPG, Massively Multiplayer, RPG",,,,Square Enix,Square Enix,15201.0,steamspy,95102.0
JRPG,2679460,Metaphor: ReFantazio,"Action, Adventure, JRPG, RPG, Strategy",,,,ATLUS,SEGA,1280.0,steamspy,85194.0
JRPG,1325200,Nioh 2 – The Complete Edition,"Action, JRPG, RPG",,,,"KOEI TECMO GAMES CO., LTD.","KOEI TECMO GAMES CO., LTD.",1005.0,steamspy,41273.0
JRPG,1113000,Persona 4 Golden,"Adventure, JRPG, RPG, Strategy, Visual Novel",,,,ATLUS,SEGA,698.0,steamspy,29984.0
JRPG,637650,FINAL FANTASY XV WINDOWS EDITION,"Action, Adventure, JRPG, RPG",,,,Square Enix,Square Enix,349.0,steamspy,29279.0
JRPG,3061810,Like a Dragon: Pirate Yakuza in Hawaii,"Action, Adventure, JRPG, RPG",,,,Ryu Ga Gotoku Studio,SEGA,212.0,steamspy,22327.0
JRPG,626690,Sword Art Online: Fatal Bullet,"Action, JRPG, Massively Multiplayer, RPG, Shooter, Visual Novel",,,,DIMPS,BANDAI NAMCO Entertainment,50.0,steamspy,21727.0
JRPG,2375550,Like a Dragon Gaiden: The Man Who Erased His Name,"Action, Adventure, JRPG, RPG",,,,Ryu Ga Gotoku Studio,SEGA,103.0,steamspy,13737.0
JRPG,2495450,Winter Memories,"Adventure, Casual, JRPG, RPG, Shooter, Simulation, Visual Novel",,,,Dojin Otome,Kagura Games,120.0,steamspy,12400.0
JRPG,728530,SD GUNDAM G GENERATION CROSS RAYS,"JRPG, RPG, Strategy",,,,"TOM CREATE, 株式会社トムクリエイト","BANDAI NAMCO Entertainment, 株式会社バンダイナムコエンターテインメント",101.0,steamspy,10397.0
JRPG,595520,FINAL FANTASY XII THE ZODIAC AGE,"Action, Adventure, JRPG, RPG, Strategy",,,,Square Enix,Square Enix,276.0,steamspy,8362.0
JRPG,1718570,ASTLIBRA Revision,"Action, Adventure, JRPG, Metroidvania, RPG",,,,KEIZO,WhisperGames,595.0,steamspy,7787.0
JRPG,814000,ONE PIECE ODYSSEY,"Action, Adventure, JRPG, RPG",,,,"ILCA, Inc.",Bandai Namco Entertainment Inc.,28.0,steamspy,7466.0
JRPG,253940,Septerra Core,"Adventure, JRPG, RPG",,,,,Topware Interactive,3.0,steamspy,6614.0
JRPG,39140,FINAL FANTASY VII,"Adventure, JRPG, RPG, Strategy",,,,Square Enix,Square Enix,378.0,steamspy,6424.0
JRPG,671210,FINAL FANTASY XV WINDOWS EDITION PLAYABLE DEMO,"Action, JRPG, RPG",,,,Square Enix,Square Enix,2.0,steamspy,6034.0
JRPG,1227890,Summer Memories,"Adventure, Indie, JRPG, RPG, Simulation, Visual Novel",,,,Dojin Otome,Kagura Games,133.0,steamspy,5051.0
JRPG,307070,Memories of a Vagabond,"Adventure, Indie, JRPG, RPG",,,,Darkelite Studio Inc,SA Industry,0.0,steamspy,4990.0
JRPG,1121560,Atelier Ryza: Ever Darkness & the Secret Hideout,"Action, Adventure, Casual, JRPG, RPG, Simulation",,,,"KOEI TECMO GAMES CO., LTD.","KOEI TECMO GAMES CO., LTD.",24.0,steamspy,4058.0
JRPG,1218210,Coromon,"Adventure, JRPG, RPG, Strategy",,,,TRAGsoft,indie.io,84.0,steamspy,3987.0
JRPG,1621310,Atelier Sophie 2: The Alchemist of the Mysterious Dream,"Adventure, Casual, JRPG, RPG, Simulation",,,,"KOEI TECMO GAMES CO., LTD.","KOEI TECMO GAMES CO., LTD.",28.0,steamspy,3604.0
JRPG,2530980,Tales of Graces f Remastered,"Action, Adventure, JRPG, RPG",,,,"TOSE CO., LTD.",Bandai Namco Entertainment,94.0,steamspy,3496.0
JRPG,738540,Tales of Vesperia: Definitive Edition,"Action, Adventure, JRPG, RPG",,,,"QLOC, BANDAI NAMCO Studios Inc.",BANDAI NAMCO Entertainment,102.0,steamspy,3424.0
JRPG,269770,Secrets of Grindea,"Action, Adventure, Indie, JRPG, RPG",,,,Pixel Ferrets,Pixel Ferrets,52.0,steamspy,3397.0
JRPG,3004100,FREEDOM WARS Remastered,"Action, JRPG, RPG",,,,Dimps Corporation,Bandai Namco Entertainment Inc.,25.0,steamspy,3364.0
JRPG,2591210,ASTRAL TALE-星界神話,"Action, Adventure, JRPG, Massively Multiplayer, RPG",,,,"X-Legend Entertainment Co., Ltd.","X-Legend Entertainment Co., Ltd.",34.0,steamspy,3043.0
JRPG,405900,Disgaea PC,"JRPG, RPG, Strategy",,,,"Nippon Ichi Software, Inc.","NIS America, Inc.",107.0,steamspy,2937.0
JRPG,1321440,Cassette Beasts,"Adventure, JRPG, RPG",,,,Bytten Studio,Raw Fury,119.0,steamspy,2764.0
JRPG,1798020,Mega Man Battle Network Legacy Collection Vol. 2,"Action, JRPG, RPG",,,,"CAPCOM Co., Ltd.","CAPCOM Co., Ltd.",55.0,steamspy,2692.0
JRPG,282900,Hyperdimension Neptunia Re;Birth1,"Action, Adventure, Casual, JRPG, RPG, Strategy, Visual Novel",,,,"IDEA FACTORY Co., Ltd., COMPILE HEART Co., Ltd., FELISTELLA Co., Ltd.","Idea Factory International, Inc., IDEA FACTORY Co., Ltd.",16.0,steamspy,2224.0
JRPG,2138610,The Legend of Heroes: Trails through Daybreak,"Action, Adventure, JRPG, RPG",,,,"Nihon Falcom, PH3 GmbH","NIS America, Inc.",122.0,steamspy,2073.0
JRPG,1233260,FAIRY TAIL,"Action, Adventure, JRPG, RPG",,,,"KOEI TECMO GAMES CO., LTD.","KOEI TECMO GAMES CO., LTD.",9.0,steamspy,1923.0
JRPG,1566880,SWORD ART ONLINE Last Recollection,"Action, Adventure, JRPG, RPG",,,,"AQURIA Co., Ltd.",Bandai Namco Entertainment,6.0,steamspy,1873.0
JRPG,2668430,The Legend of Heroes: Trails through Daybreak II,"Action, Adventure, JRPG, RPG",,,,"Nihon Falcom, PH3 GmbH","NIS America, Inc.",75.0,steamspy,1829.0
JRPG,2085000,SaGa Emerald Beyond ,"Action, Adventure, JRPG, RPG, Strategy",,,,Square Enix,Square Enix,21.0,steamspy,1689.0
JRPG,1388590,Yakuza 6: The Song of Life,"Action, Adventure, JRPG, RPG",,,,Ryu Ga Gotoku Studio,SEGA,95.0,steamspy,1607.0
JRPG,538680,The Legend of Heroes: Trails of Cold Steel,"Action, Adventure, JRPG, RPG, Visual Novel",,,,Nihon Falcom,"XSEED Games, Marvelous USA, Inc.",112.0,steamspy,1601.0
JRPG,601050,Attack on Titan 2 - A.O.T.2,"Action, Adventure, Horror, JRPG, RPG",,,,"KOEI TECMO GAMES CO., LTD.","KOEI TECMO GAMES CO., LTD.",62.0,steamspy,1368.0
JRPG,1351630,Ys IX: Monstrum Nox,"Action, Adventure, JRPG, RPG",,,,"Nihon Falcom, PH3 GmbH, Engine Software BV","NIS America, Inc.",42.0,steamspy,1352.0
JRPG,387340,Hyperdimension Neptunia U: Action Unleashed,"Action, Adventure, JRPG, RPG, Visual Novel",,,,"Idea Factory, Compile Heart, Tamsoft",Idea Factory International,0.0,steamspy,1225.0
JRPG,931500,Touhou Genso Wanderer -Reloaded-,"Adventure, Horror, Indie, JRPG, RPG, Visual Novel",,,,AQUASTYLE,AQUASTYLE,17.0,steamspy,1178.0
JRPG,1955830,Touhou Hero of Ice Fairy,"Action, Adventure, Indie, JRPG, Platformer, RPG, Shooter",,,,GAMEPULSE 游戏脉冲,GAMEPULSE 游戏脉冲,16.0,steamspy,1161.0
JRPG,2731870,Ys X: Nordics,"Action, Adventure, JRPG, RPG, Visual Novel",,,,"Nihon Falcom, PH3 GmbH","NIS America, Inc.",27.0,steamspy,1135.0
JRPG,569970,Chosen 2,"Adventure, Indie, JRPG, RPG",,,,Little Big Lee,Senpai Industrial Studios,0.0,steamspy,1067.0
JRPG,1371630,Incremental Adventures,"Adventure, Casual, Indie, JRPG, RPG, Strategy",,,,Gniller,Gniller,71.0,steamspy,1034.0
JRPG,359310,Evoland 2,"Action, Adventure, Indie, JRPG, Platformer, Puzzle, RPG",,,,Shiro Games,Shiro Games,6.0,steamspy,1004.0
JRPG,470310,TROUBLESHOOTER: Abandoned Children,"JRPG, RPG, Strategy",,,,Dandylion,Dandylion,89.0,steamspy,993.0
JRPG,2371630,Sword Art Online: Integral Factor,"Action, Adventure, JRPG, Massively Multiplayer, RPG",,,,"Asobimo, Inc.",Bandai Namco Entertainment,106.0,steamspy,944.0
JRPG,524580,Fairy Fencer F Advent Dark Force,"Action, Adventure, JRPG, RPG, Visual Novel",,,,"IDEA FACTORY, COMPILE HEART",Idea Factory International,2.0,steamspy,944.0
JRPG,1308700,Wizardry: The Five Ordeals,"Adventure, Indie, JRPG, RPG",,,,59 Studio,Game*Spark Publishing,33.0,steamspy,923.0
JRPG,3132860,天月麻雀 (Amatsuki Mahjong),"Card & Board, Casual, JRPG, RPG, Strategy",,,,Cyber Alice Limited,Cyber Alice Limited,17.0,steamspy,893.0
JRPG,1105510,Yakuza 5 Remastered,"Action, Adventure, JRPG, RPG",,,,Ryu Ga Gotoku Studio,SEGA,170.0,steamspy,826.0
JRPG,269190,Edge Of Eternity,"Action, Adventure, JRPG, RPG, Strategy",,,,Midgar Studio,Nacon,10.0,steamspy,731.0
JRPG,983970,Haven,"Action, Adventure, JRPG, RPG",,,,The Game Bakers,The Game Bakers,42.0,steamspy,702.0
JRPG,1962430,Monochrome Mobius: Rights and Wrongs Forgotten,"Adventure, JRPG, RPG, Strategy, Visual Novel",,,,AQUAPLUS,"DMM GAMES, Shiravune",2.0,steamspy,702.0
JRPG,3188550,Trainee Death Simulator,"Card & Board, Indie, JRPG, Platformer, RPG, Simulation, Strategy",,,,Bone Nail,Bone Nail,3.0,steamspy,696.0
JRPG,2844850,FANTASIAN Neo Dimension,"JRPG, RPG",,,,Mistwalker Corporation,Square Enix,20.0,steamspy,624.0
JRPG,2340520,Tales of Seikyu,"Adventure, JRPG, RPG",,,,ACE Entertainment,Fireshine Games,53.0,steamspy,594.0
JRPG,2417850,Yolk Heroes: A Long Tamago,"Adventure, Casual, JRPG, RPG",,,,14 Hours Productions,"14 Hours Productions, Astrolabe Games",14.0,steamspy,544.0
JRPG,1551530,Pray Game,"Adventure, Indie, JRPG, RPG",,,,U-ROOM,Kagura Games,10.0,steamspy,528.0
JRPG,1405470,Scars of Summer,"Adventure, Horror, Indie, JRPG, RPG",,,,Shinachiku-castella,Kagura Games,0.0,steamspy,497.0
JRPG,2459750,Yohane the Parhelion - NUMAZU in the MIRAGE -,"Adventure, Card & Board, Casual, JRPG, RPG, Roguelike, Strategy",,,,BeXide Inc.,BeXide Inc.,5.0,steamspy,477.0
JRPG,1441840,FALL IN LABYRINTH,"Adventure, Indie, JRPG, RPG",,,,JUKKAKU GAMES,OTAKU Plan,20.0,steamspy,470.0
JRPG,2914480,Welcome to Maison Chichigami,"Casual, Indie, JRPG, RPG, Visual Novel",,,,Kamichichi,Kagura Games,2.0,steamspy,441.0
JRPG,1768650,Path of the Abyss,"JRPG, RPG",,,,Suzuki Suzuzou,Suzuki Suzuzou,7.0,steamspy,423.0
JRPG,1824580,Dungeon Drafters,"Card & Board, JRPG, RPG, Strategy",,,,Manalith Studios,DANGEN Entertainment,6.0,steamspy,412.0
JRPG,2248430,Touhou Artificial Dream in Arcadia,"Adventure, Indie, JRPG, RPG",,,,Bar Holographic Otaku,"Bar Holographic Otaku, 东游鉴",8.0,steamspy,406.0
JRPG,527290,Atelier Firis: The Alchemist and the Mysterious Journey / フィリスのアトリエ ～不思議な旅の錬金術士～,"Adventure, JRPG, RPG",,,,"KOEI TECMO GAMES CO., LTD.","KOEI TECMO GAMES CO., LTD.",0.0,steamspy,392.0
JRPG,2730530,Syn-Chorus 01: The New Life,"Casual, Indie, JRPG, RPG, Simulation",,,,PrisMaze棱镜迷阵,方块游戏(CubeGame),4.0,steamspy,379.0
JRPG,1231990,Gestalt: Steam & Cinder,"Action, Adventure, Indie, JRPG, Metroidvania, Platformer, RPG",,,,Metamorphosis Games,Fireshine Games,10.0,steamspy,365.0
JRPG,1158690,Uncharted Ocean,"JRPG, Platformer, RPG, Strategy",,,,HiRabbitgame,HiRabbitgame,3.0,steamspy,345.0
JRPG,638160,Moero Chronicle,"Adventure, JRPG, RPG, Visual Novel",,,,"COMPILE HEART, IDEA FACTORY",Idea Factory International,1.0,steamspy,335.0
JRPG,1932160,Neptunia: Sisters VS Sisters,"Action, Adventure, JRPG, RPG, Visual Novel",,,,"Idea Factory, Compile Heart",Idea Factory International,3.0,steamspy,335.0
JRPG,1419750,Apostle: Rebellion,"Adventure, Indie, JRPG, RPG",,,,kamichichi,Kagura Games,2.0,steamspy,330.0
JRPG,2258500,CRYMACHINA,"Action, Adventure, JRPG, RPG",,,,FURYU Corporation,"NIS America, Inc.",5.0,steamspy,321.0
JRPG,1257200,False Myth,"Adventure, Indie, JRPG, RPG",,,,fushidaratei,Kagura Games,0.0,steamspy,296.0
JRPG,1034860,GRANDIA HD Remaster,"Adventure, JRPG, RPG",,,,"GAME ARTS, Sickhead Games, LLC","GungHo Online Entertainment America, Inc.",13.0,steamspy,292.0
JRPG,2113540,梦魇：无归 Nightmare without return,"Adventure, Indie, JRPG, RPG, Strategy",,,,青衣工作室,青衣工作室,1.0,steamspy,291.0
JRPG,948640,Wizardry: Labyrinth of Lost Souls,"JRPG, RPG",,,,ACQUIRE Corp.,"XSEED Games, Marvelous USA, Inc.",10.0,steamspy,285.0
JRPG,3469850,Cradle of Nightmare : Flowers to you,"Adventure, JRPG, RPG, Strategy",,,,红锈雨,红锈雨,1.0,steamspy,279.0
JRPG,1601280,Potato Flowers in Full Bloom,"Indie, JRPG, Puzzle, RPG",,,,Pon Pon Games,PLAYISM,6.0,steamspy,258.0
JRPG,3127000,Splintered,"Adventure, Indie, JRPG, RPG",,,,dotMake Studios,dotMake Studios,10.0,steamspy,229.0
JRPG,1516080,That Time I Got Reincarnated as an Orc,"Adventure, JRPG, RPG, Strategy",,,,HONEYSOFT,OTAKU Plan,0.0,steamspy,223.0
JRPG,1450120,The Legend of Heroes: Sen no Kiseki I KAI -Thors Military Academy 1204-,"Action, Adventure, Casual, JRPG, RPG",,,,Nihon Falcom,Clouded Leopard Entertainment,20.0,steamspy,218.0
JRPG,1141100,Lilitales,"Indie, JRPG, RPG, Visual Novel",,,,TUNNEL No.73,Kagura Games,1.0,steamspy,215.0
JRPG,606370,Romancing SaGa 2,"Adventure, JRPG, RPG, Strategy",,,,"Square Enix, ArtePiazza",Square Enix,7.0,steamspy,214.0
JRPG,1494560,Rogue Voltage,"Card & Board, JRPG, RPG, Roguelike, Simulation, Strategy",,,,Horizont Computergrafik,"Horizont Computergrafik, IndieArk",8.0,steamspy,214.0
JRPG,1867510,WrestleQuest,"Action, Adventure, JRPG, RPG",,,,Mega Cat Studios,Skybound Games,0.0,steamspy,208.0
JRPG,981750,Crystar,"Action, JRPG, RPG",,,,FURYU Corporation,"Spike Chunsoft Co., Ltd.",4.0,steamspy,201.0
JRPG,1509450,Elysium Above 履云录,"Adventure, JRPG, RPG, Strategy, Visual Novel",,,,上海泼泼猫文化传媒有限公司,上海泼泼猫文化传媒有限公司,0.0,steamspy,200.0
JRPG,206250,Cladun X2,"Action, Indie, JRPG, RPG",,,,System Prisma,"NIS America, Inc.",1.0,steamspy,173.0
JRPG,362870,RPG Maker 2003,"JRPG, RPG",,,,"Gotcha Gotcha Games, KADOKAWA, Yoji Ojima",Gotcha Gotcha Games,31.0,steamspy,168.0
JRPG,889600,The Caligula Effect: Overdose,"JRPG, RPG",,,,"FURYU Corporation, Engine Software BV","NIS America, Inc.",8.0,steamspy,161.0
JRPG,2429890,Incubus Quest,"Indie, JRPG, RPG",,,,SweetRaspberry,Kagura Games,0.0,steamspy,147.0
JRPG,1069760,Ethereal Enigma,"Adventure, JRPG, RPG, Simulation, Visual Novel",,,,PixelFade,PixelFade,1.0,steamspy,146.0
JRPG,2120310,Sagres,"Action, Adventure, Indie, JRPG, Puzzle, RPG, Simulation",,,,ooze,Kakehashi Games,1.0,steamspy,145.0
JRPG,1502980,Atelier Firis: The Alchemist and the Mysterious Journey DX,"Adventure, Casual, JRPG, RPG, Simulation",,,,"KOEI TECMO GAMES CO., LTD.","KOEI TECMO GAMES CO., LTD.",8.0,steamspy,136.0
JRPG,2850220,The Girl's Moving Castle,"Adventure, Card & Board, Casual, JRPG, RPG, Strategy",,,,Monkeygames Studio,Monkeygames Studio,3.0,steamspy,128.0
JRPG,2179300,Blades of Jianghu: Ballad of Wind and Dust,"Adventure, Casual, JRPG, RPG, Strategy",,,,永恆艾莉絲工坊,"Alice Publication, Eternal Alice Media",1.0,steamspy,101.0
Massively Multiplayer,2694490,Path of Exile 2,"Action, Adventure, Horror, Massively Multiplayer, RPG",,,,Grinding Gear Games,Grinding Gear Games,10769.0,steamspy,578562.0
Massively Multiplayer,552990,World of Warships,"Action, Massively Multiplayer, Shooter, Simulation",,,,Wargaming Group Limited,Wargaming Group Limited,6689.0,steamspy,400538.0
Massively Multiplayer,899770,Last Epoch,"Action, Adventure, Indie, Massively Multiplayer, RPG",,,,Eleventh Hour Games,Eleventh Hour Games,1361.0,steamspy,258503.0
Massively Multiplayer,230410,Warframe,"Action, Massively Multiplayer, RPG, Shooter",,,,Digital Extremes,Digital Extremes,54278.0,steamspy,181509.0
Massively Multiplayer,1604030,V Rising,"Action, Adventure, Massively Multiplayer, Survival",,,,Stunlock Studios,Stunlock Studios,5651.0,steamspy,150645.0
Massively Multiplayer,1151340,Fallout 76,"Horror, Massively Multiplayer, RPG, Shooter, Survival",,,,Bethesda Game Studios,Bethesda Softworks,7317.0,steamspy,72930.0
Massively Multiplayer,202990,Call of Duty: Black Ops II,"Action, Adventure, Horror, Massively Multiplayer, Shooter, Survival",,,,Treyarch,Activision,90.0,steamspy,70819.0
Massively Multiplayer,834910,ATLAS,"Action, Adventure, Massively Multiplayer, RPG, Survival",,,,"Grapeshot Games, Instinct Games","Grapeshot Games, Snail Games USA",345.0,steamspy,58788.0
Massively Multiplayer,304050,Trove,"Action, Adventure, Massively Multiplayer, RPG",,,,gamigo US Inc.,gamigo US Inc.,658.0,steamspy,58709.0
Massively Multiplayer,2344520,Diablo IV,"Action, Massively Multiplayer, RPG",,,,"Blizzard Entertainment, Inc.","Blizzard Entertainment, Inc.",5924.0,steamspy,55561.0
Massively Multiplayer,646910,The Crew 2,"Action, Adventure, Massively Multiplayer, Racing, Simulation, Sports",,,,Ivory Tower,Ubisoft,589.0,steamspy,55125.0
Massively Multiplayer,1371580,Myth of Empires,"Action, Adventure, Massively Multiplayer, RPG, Shooter, Strategy, Survival",,,,Angela Game,Imperium Interactive Entertainment,1007.0,steamspy,47619.0
Massively Multiplayer,393380,Squad,"Action, Massively Multiplayer, Shooter, Simulation, Strategy",,,,Offworld,Offworld,4998.0,steamspy,38573.0
Massively Multiplayer,466660,Stash,"Adventure, Indie, Massively Multiplayer, RPG, Strategy",,,,Frogdice,Frogdice,1.0,steamspy,32093.0
Massively Multiplayer,386360,SMITE,"Action, Adventure, Casual, Massively Multiplayer, RPG, Sports, Strategy",,,,Titan Forge Games,Hi-Rez Studios,1805.0,steamspy,31169.0
Massively Multiplayer,389430,Knight Online,"Action, Adventure, Casual, Horror, Massively Multiplayer, RPG, Strategy, Survival",,,,"Noah System, Mgame",NTTGame,1547.0,steamspy,24542.0
Massively Multiplayer,1407200,World of Tanks,"Action, Massively Multiplayer, Shooter, Simulation",,,,Wargaming Group Limited,Wargaming Group Limited,2809.0,steamspy,24057.0
Massively Multiplayer,2437170,SMITE 2,"Action, Adventure, Casual, Massively Multiplayer, RPG, Strategy",,,,Titan Forge Games,Hi-Rez Studios,5146.0,steamspy,21244.0
Massively Multiplayer,2285150,The Front,"Massively Multiplayer, Platformer, RPG, Shooter, Simulation, Survival, Tower Defense",,,,Samar Studio,Samar Studio,411.0,steamspy,19524.0
Massively Multiplayer,476600,Call of Duty: WWII,"Action, Horror, Massively Multiplayer, Shooter",,,,"Sledgehammer Games, Raven Software",Activision,130.0,steamspy,19374.0
Massively Multiplayer,239220,The Mighty Quest For Epic Loot,"Action, Adventure, Massively Multiplayer, RPG, Strategy, Tower Defense",,,,Ubisoft Montreal,Ubisoft Montreal,2.0,steamspy,16467.0
Massively Multiplayer,550650,Black Squad,"Action, Adventure, Massively Multiplayer, Shooter, Strategy",,,,"VALOFE, NS STUDIO",VALOFE,127.0,steamspy,15766.0
Massively Multiplayer,486310,Meadow - A Shelter Game,"Adventure, Casual, Indie, Massively Multiplayer, RPG, Simulation",,,,Might and Delight,Might and Delight,13.0,steamspy,14940.0
Massively Multiplayer,109600,Neverwinter,"Action, Adventure, Massively Multiplayer, RPG",,,,Cryptic Studios,Arc Games,431.0,steamspy,14822.0
Massively Multiplayer,555570,Infestation: The New Z,"Action, Adventure, Horror, Indie, Massively Multiplayer, RPG, Shooter, Survival",,,,Fredaikis AB,OP Productions LLC,80.0,steamspy,13915.0
Massively Multiplayer,291480,Warface: Clutch,"Action, Massively Multiplayer, Shooter",,,,MY.GAMES,MY.GAMES,130.0,steamspy,13867.0
Massively Multiplayer,1995520,Pax Dei,"Massively Multiplayer, RPG",,,,Mainframe Industries,Mainframe Industries,2680.0,steamspy,11483.0
Massively Multiplayer,259080,Just Cause 2: Multiplayer Mod,"Action, Adventure, Massively Multiplayer, Racing, Shooter",,,,Avalanche Studios,Square Enix,2.0,steamspy,10436.0
Massively Multiplayer,8500,EVE Online,"Action, Massively Multiplayer, RPG, Strategy",,,,CCP,CCP,2976.0,steamspy,10229.0
Massively Multiplayer,1969870,Battle Teams 2,"Action, Massively Multiplayer, Shooter",,,,Wizard Games,Wizard Games,197.0,steamspy,7966.0
Massively Multiplayer,2064650,Tower of Fantasy,"Action, Adventure, Massively Multiplayer, Platformer, RPG",,,,Hotta Studio,Perfect World Games,212.0,steamspy,7164.0
Massively Multiplayer,3107230,Pantheon: Rise of the Fallen,"Action, Adventure, Indie, Massively Multiplayer, RPG",,,,Visionary Realms,Visionary Realms,600.0,steamspy,6862.0
Massively Multiplayer,42160,War of the Roses,"Action, Adventure, Fighting, Massively Multiplayer, RPG, Strategy",,,,Fatshark,Paradox Interactive,2.0,steamspy,6331.0
Massively Multiplayer,1041320,Lords Mobile,"Casual, Massively Multiplayer, RPG, Strategy",,,,IGG SINGAPORE PTE. LTD.,IGG SINGAPORE PTE. LTD.,719.0,steamspy,6216.0
Massively Multiplayer,113400,APB Reloaded,"Action, Adventure, Massively Multiplayer, Racing, Shooter",,,,Little Orbit,Little Orbit,86.0,steamspy,5592.0
Massively Multiplayer,47410,Stronghold Kingdoms,"City Builder, Massively Multiplayer, Simulation, Strategy",,,,FireFly Studios,FireFly Studios,287.0,steamspy,5499.0
Massively Multiplayer,311310,Naval Action,"Massively Multiplayer, Racing, Simulation",,,,Bermuda Computer Club,Bermuda Computer Club,258.0,steamspy,5221.0
Massively Multiplayer,299740,Miscreated,"Action, Adventure, Indie, Massively Multiplayer, RPG, Simulation, Strategy","18 Dec, 2018",False,"₩ 31,000",Entrada Interactive LLC,Entrada Interactive LLC,41.0,appdetails,5137.0
Massively Multiplayer,551170,Onmyoji,"Adventure, JRPG, Massively Multiplayer, RPG, Strategy",,,,NetEase Games,NetEase Games,541.0,steamspy,4965.0
Massively Multiplayer,99900,Spiral Knights,"Action, Adventure, Casual, Indie, Massively Multiplayer, RPG",,,,Grey Havens,Grey Havens,109.0,steamspy,4057.0
Massively Multiplayer,215080,WAKFU,"Action, Adventure, Massively Multiplayer, RPG, Strategy",,,,Ankama Studio,Ankama Games,500.0,steamspy,4046.0
Massively Multiplayer,1611600,WARNO,"Massively Multiplayer, Simulation, Strategy",,,,Eugen Systems,Eugen Systems,515.0,steamspy,3929.0
Massively Multiplayer,397060,Faeria,"Action, Adventure, Card & Board, Casual, Indie, Massively Multiplayer, RPG, Strategy, Survival",,,,Abrakam Entertainment SA,Versus Evil,19.0,steamspy,3638.0
Massively Multiplayer,2682580,DUCKSIDE,"Action, Adventure, Massively Multiplayer, Shooter, Simulation, Survival",,,,tinyBuild Riga,tinyBuild,44.0,steamspy,3480.0
Massively Multiplayer,212160,Vindictus,"Action, Adventure, Massively Multiplayer, RPG",,,,devCAT,NEXON Korea Corp. &amp; NEXON America Inc.,135.0,steamspy,3440.0
Massively Multiplayer,223750,DCS World Steam Edition,"Action, Massively Multiplayer, Shooter, Simulation, Strategy",,,,Eagle Dynamics SA,Eagle Dynamics SA,562.0,steamspy,3328.0
Massively Multiplayer,767560,War Robots,"Action, Massively Multiplayer, Shooter",,,,MY.GAMES,MY.GAMES,1032.0,steamspy,3220.0
Massively Multiplayer,1088090,Day of Dragons,"Massively Multiplayer, RPG, Simulation, Survival",,,,Beawesome Games,Beawesome Games,184.0,steamspy,3183.0
Massively Multiplayer,513000,KUBOOM,"Action, Adventure, Casual, Horror, Indie, Massively Multiplayer, Shooter, Survival",,,,nobodyshot,nobodyshot,15.0,steamspy,3123.0
Massively Multiplayer,1180380,Stay Out,"Action, Horror, Massively Multiplayer, RPG, Shooter, Survival",,,,MOBITECH LLC,MOBITECH LLC,577.0,steamspy,2808.0
Massively Multiplayer,253710,theHunter Classic,"Action, Adventure, Casual, Massively Multiplayer, Shooter, Simulation, Sports, Strategy, Survival",,,,"Expansive Worlds, Avalanche Studios","Expansive Worlds, Avalanche Studios",410.0,steamspy,2703.0
Massively Multiplayer,1422130,SimRail - The Railway Simulator,"Massively Multiplayer, Simulation",,,,SimRail S.A.,PlayWay S.A.,24.0,steamspy,2274.0
Massively Multiplayer,429790,AdventureQuest 3D,"Action, Adventure, Casual, Massively Multiplayer, RPG",,,,"Artix Entertainment, LLC","Artix Entertainment, LLC",133.0,steamspy,2095.0
Massively Multiplayer,375900,Trackmania Turbo,"Action, Massively Multiplayer, Racing",,,,Nadeo,Ubisoft,3.0,steamspy,2042.0
Massively Multiplayer,702320,March of Empires,"4X, Action, City Builder, Massively Multiplayer, RPG, Strategy",,,,Gameloft,Gameloft,627.0,steamspy,2031.0
Massively Multiplayer,578310,BRAIN / OUT,"Action, Casual, Indie, Massively Multiplayer, Platformer, Shooter, Survival",,,,Desertkun,Desertkun,1.0,steamspy,1978.0
Massively Multiplayer,1104450,Bombergrounds: Battle Royale,"Action, Casual, Massively Multiplayer, Strategy",,,,Gigantic Duck Games,Gigantic Duck Games,5.0,steamspy,1869.0
Massively Multiplayer,1232420,Atlantica Global,"Action, Adventure, Casual, Massively Multiplayer, RPG, Strategy",,,,"VALOFE, NEXON",VALOFE,186.0,steamspy,1749.0
Massively Multiplayer,3183310,Forgotten Journey,"Action, Adventure, Casual, Indie, Massively Multiplayer, RPG, Racing, Simulation, Strategy","20 Aug, 2025",True,,FJ-Studio,FJ-Studio,11.0,appdetails,1402.0
Massively Multiplayer,784950,CONFLICT OF NATIONS: WORLD WAR 3,"Action, Card & Board, Casual, Indie, Massively Multiplayer, Simulation, Strategy",,,,Dorado Games,Dorado Games,366.0,steamspy,1371.0
Massively Multiplayer,1333350,Angel Legion,"Adventure, Card & Board, Massively Multiplayer, RPG, Strategy",,,,Shanghai SilverMoon Network Technology Co.Ltd,Shanghai SilverMoon Network Technology Co.Ltd,527.0,steamspy,1302.0
Massively Multiplayer,764050,Maelstrom,"Action, Indie, Massively Multiplayer, RPG, Simulation, Strategy, Survival",,,,"Gunpowder Games, Inc., Tideturners",Forthright Entertainment,2.0,steamspy,1273.0
Massively Multiplayer,799960,Wizard101,"Adventure, Card & Board, Casual, Massively Multiplayer, RPG, Strategy",,,,KingsIsle Entertainment,"KingsIsle Entertainment, gamigo group",1039.0,steamspy,1220.0
Massively Multiplayer,290730,My Lands: Black Gem Hunting,"Adventure, Casual, Indie, Massively Multiplayer, RPG, Strategy",,,,"Gravvit Ltd, Forbes  Consult Ltd",ELYLAND  INVESTMENT COMPANY Ltd,47.0,steamspy,1217.0
Massively Multiplayer,891040,Pool 2D - Poolians,"Card & Board, Casual, Horror, Indie, Massively Multiplayer, Simulation, Sports",,,,Poolians.com,Poolians.com,103.0,steamspy,1048.0
Massively Multiplayer,747610,Zula Global,"Action, Adventure, Casual, Massively Multiplayer, Shooter, Sports, Strategy",,,,Madbyte Games,Madbyte Games,70.0,steamspy,1041.0
Massively Multiplayer,219700,Dogs of War Online,"Action, Massively Multiplayer, RPG, Strategy",,,,Cyanide Studio,Nacon,1.0,steamspy,995.0
Massively Multiplayer,924140,Hand Simulator: Survival,"Action, Adventure, Indie, Massively Multiplayer, RPG, Shooter, Simulation, Survival",,,,HFM Games,HFM Games,0.0,steamspy,985.0
Massively Multiplayer,215100,Ragnarok Online,"Adventure, JRPG, Massively Multiplayer, RPG",,,,Gravity Interactive,Gravity Interactive,59.0,steamspy,973.0
Massively Multiplayer,2996570,Figure Adventure,"Action, Adventure, Card & Board, JRPG, Massively Multiplayer, RPG, Simulation, Strategy",,,,Figure Fantasy,Figure Fantasy,0.0,steamspy,971.0
Massively Multiplayer,314970,Age of Conquest IV,"Card & Board, Indie, Massively Multiplayer, Strategy, Survival",,,,Noble Master LLC,Noble Master LLC,11.0,steamspy,954.0
Massively Multiplayer,384180,Prominence Poker,"Card & Board, Casual, Massively Multiplayer, Simulation, Strategy",,,,Pipeworks Studios,Jagex Ltd,174.0,steamspy,903.0
Massively Multiplayer,1358710,Battle Cry of Freedom,"Action, Indie, Massively Multiplayer, Shooter, Simulation, Strategy",,,,Flying Squirrel Entertainment,Flying Squirrel Entertainment,1.0,steamspy,853.0
Massively Multiplayer,979920,Supremacy 1914: World War 1,"Card & Board, Massively Multiplayer, Simulation, Strategy",,,,Bytro Labs GmbH,Bytro Labs GmbH,145.0,steamspy,838.0
Massively Multiplayer,1456200,Initial Drift Online,"Action, Massively Multiplayer, Racing, Simulation",,,,RewindApp,RewindApp,1.0,steamspy,826.0
Massively Multiplayer,439370,Midair,"Action, Indie, Massively Multiplayer, Shooter, Survival",,,,Archetype Studios,Archetype Studios,0.0,steamspy,739.0
Massively Multiplayer,2520870,Love In The Dark,"Action, Casual, Horror, Massively Multiplayer, Puzzle",,,,DuoDuoDog,DuoDuoDog,0.0,steamspy,659.0
Massively Multiplayer,3267430,Last Remains,"Action, Adventure, Horror, Indie, Massively Multiplayer, Shooter, Survival",,,,Earn Alliance,Earn Alliance,2.0,steamspy,648.0
Massively Multiplayer,542480,Therian Saga,"Action, Adventure, Indie, Massively Multiplayer, Puzzle, RPG, Simulation, Strategy",,,,Virtys,Virtys,12.0,steamspy,645.0
Massively Multiplayer,716350,Reign of Guilds,"Action, Indie, Massively Multiplayer, RPG",,,,Atlant Games ltd,Atlant Games ltd,7.0,steamspy,589.0
Massively Multiplayer,1144170,Warhammer: Chaos And Conquest,"Massively Multiplayer, Simulation, Strategy",,,,Hunted Cow Games,Tilting Point,98.0,steamspy,508.0
Massively Multiplayer,469920,hackmud,"Indie, Massively Multiplayer, Puzzle, RPG, Simulation",,,,ComCODE,ComCODE,14.0,steamspy,487.0
Massively Multiplayer,2707940,FPV Kamikaze Drone,"Action, Horror, Massively Multiplayer, Shooter, Simulation",,,,HFM Games,HFM Games,37.0,steamspy,468.0
Massively Multiplayer,384030,Florensia,"Action, Adventure, JRPG, Massively Multiplayer, RPG",,,,Giiku Games,Giiku Games,11.0,steamspy,382.0
Massively Multiplayer,359800,Copa Petrobras de Marcas,"Action, Massively Multiplayer, Racing, Simulation, Sports",,,,Reiza Studios,Reiza Studios,6.0,steamspy,378.0
Massively Multiplayer,1379130,League of Angels-Heaven's Fury,"Action, Massively Multiplayer, RPG",,,,"CHENGDU DREAMCALLER TECHNOLOGY CO., LTD",YOUZU SINGAPORE PTE LTD,14.0,steamspy,355.0
Massively Multiplayer,1511630,TrackDayR,"Indie, Massively Multiplayer, Racing, Simulation, Sports",,,,MadCow S.r.l.,MadCow S.r.l.,72.0,steamspy,344.0
Massively Multiplayer,451130,Khan: Absolute Power,"Action, Adventure, Massively Multiplayer, RPG",,,,Mirinae,Khanatic Network Gaming,13.0,steamspy,331.0
Massively Multiplayer,1112400,Project Torque - Free 2 Play MMO Racing Game,"Action, Massively Multiplayer, Racing",,,,"Invictus Games Ltd., JOGARA LTD",JOGARA LTD,2.0,steamspy,320.0
Massively Multiplayer,500710,Wild Terra Online,"Action, Adventure, Indie, Massively Multiplayer, RPG, Survival",,,,Juvty Worlds,Juvty Worlds,13.0,steamspy,312.0
Massively Multiplayer,429540,Prime World: Defenders 2,"Card & Board, Massively Multiplayer, Strategy, Survival, Tower Defense",,,,Nival,Nival,13.0,steamspy,305.0
Massively Multiplayer,782670,Battle Tanks: Legends of World War II,"Action, Casual, Massively Multiplayer, Platformer, Shooter, Simulation, Strategy",,,,XDEVS LTD,XDEVS LTD,28.0,steamspy,248.0
Massively Multiplayer,485670,Mini Golf Arena,"Casual, Indie, Massively Multiplayer, Puzzle, Simulation, Sports",,,,Evoluta Studio,Evoluta Studio,0.0,steamspy,202.0
Massively Multiplayer,565020,Global Adventures,"Action, Adventure, Massively Multiplayer, RPG",,,,PixelSoft,SubaGames,0.0,steamspy,198.0
Massively Multiplayer,754420,Metro Conflict: The Origin Demo,"Action, Adventure, Casual, Massively Multiplayer, Shooter",,,,"RED DUCK, INC.","RED DUCK, INC.",0.0,steamspy,165.0
Massively Multiplayer,295710,Darkwind: War on Wheels,"Massively Multiplayer, RPG, Racing, Strategy",,,,Psychic Software,Psychic Software,4.0,steamspy,157.0
Massively Multiplayer,542590,SoulSaverOnline,"Action, Adventure, Massively Multiplayer, RPG",,,,Smartbig Corportion,Netgame,20.0,steamspy,156.0
Massively Multiplayer,1469160,Wartune Reborn,"Massively Multiplayer, RPG, Strategy",,,,7Road,7Road,33.0,steamspy,131.0
Massively Multiplayer,929490,RAM Pressure,"Action, Indie, Massively Multiplayer, RPG, Strategy",,,,"QuadCom Interactive, GDT",GDT,1.0,steamspy,130.0
Massively Multiplayer,782660,Armada: Modern Tanks,"Action, Massively Multiplayer, Platformer, Racing, Shooter, Simulation",,,,XDEVS LTD,XDEVS LTD,13.0,steamspy,124.0
Metroidvania,251410,Dark Matter,"Action, Horror, Indie, Metroidvania, Platformer, Survival",,,,InterWave Studios,Iceberg Interactive,0.0,steamspy,26596.0
Metroidvania,1253920,Rogue Legacy 2,"Action, Adventure, Indie, Metroidvania, Platformer, RPG, Roguelike",,,,Cellar Door Games,Cellar Door Games,120.0,steamspy,22811.0
Metroidvania,1147560,Skul: The Hero Slayer,"Action, Adventure, Indie, Metroidvania, Platformer, Roguelike",,,,SOUTHPAW GAMES,NEOWIZ,636.0,steamspy,18876.0
Metroidvania,2725260,ENDER MAGNOLIA: Bloom in the Mist,"Action, Metroidvania, Platformer, RPG",,,,"Adglobe, Live Wire",Binary Haze Interactive,72.0,steamspy,14134.0
Metroidvania,870780,Control Ultimate Edition,"Action, Adventure, Horror, Metroidvania, Shooter",,,,Remedy Entertainment,Remedy Entertainment,467.0,steamspy,9078.0
Metroidvania,2114740,Blasphemous 2,"Action, Adventure, Horror, Metroidvania, Platformer, RPG",,,,The Game Kitchen,Team17,274.0,steamspy,9011.0
Metroidvania,50650,Darksiders II,"Action, Adventure, Metroidvania, Platformer, Puzzle, RPG",,,,Vigil Games,Nordic Games,2.0,steamspy,8745.0
Metroidvania,241600,Rogue Legacy,"Action, Adventure, Indie, Metroidvania, Platformer, RPG, Roguelike",,,,Cellar Door Games,Cellar Door Games,19.0,steamspy,8049.0
Metroidvania,463220,Dungeon of Zolthan,"Action, Adventure, Indie, Metroidvania, Platformer",,,,Robert Alvarez,New Reality Games,0.0,steamspy,6356.0
Metroidvania,1369630,ENDER LILIES: Quietus of the Knights,"Action, Indie, Metroidvania, RPG",,,,"Live Wire, Adglobe",Binary Haze Interactive,74.0,steamspy,6332.0
Metroidvania,257850,Hyper Light Drifter,"Action, Adventure, Indie, Metroidvania, RPG",,,,Heart Machine,Heart Machine,29.0,steamspy,4929.0
Metroidvania,50620,Darksiders,"Action, Adventure, Metroidvania, Platformer, Puzzle, RPG",,,,Vigil Games,THQ Nordic,13.0,steamspy,3888.0
Metroidvania,239250,Castlevania: Lords of Shadow 2,"Action, Adventure, Horror, Metroidvania, RPG",,,,MercurySteam,KONAMI,20.0,steamspy,3784.0
Metroidvania,953490,CARRION,"Action, Adventure, Horror, Indie, Metroidvania, Platformer, Puzzle",,,,Phobia Game Studio,Devolver Digital,53.0,steamspy,3730.0
Metroidvania,753420,Dungreed,"Action, Adventure, Indie, Metroidvania, Platformer, RPG, Roguelike",,,,TEAM HORAY,TEAM HORAY,56.0,steamspy,3329.0
Metroidvania,553640,ICEY,"Action, Adventure, Indie, Metroidvania, Platformer, RPG",,,,FantaBlade Network,XD,4.0,steamspy,3173.0
Metroidvania,388410,Darksiders II Deathinitive Edition,"Action, Adventure, Metroidvania, Puzzle, RPG",,,,"Gunfire Games, Vigil Games, THQ Nordic",THQ Nordic,107.0,steamspy,2903.0
Metroidvania,462780,Darksiders Warmastered Edition,"Action, Adventure, Metroidvania, Puzzle, RPG",,,,"KAIKO, Vigil Games",THQ Nordic,85.0,steamspy,2890.0
Metroidvania,236090,Dust: An Elysian Tail,"Action, Adventure, Indie, Metroidvania, Platformer, RPG",,,,Humble Hearts LLC,Xbox Game Studios,9.0,steamspy,2651.0
Metroidvania,356650,Death's Gambit: Afterlife,"Action, Adventure, Indie, Metroidvania, Platformer, RPG",,,,White Rabbit,Serenity Forge,11.0,steamspy,2538.0
Metroidvania,553420,TUNIC,"Action, Adventure, Indie, Metroidvania, Puzzle, RPG",,,,TUNIC Team,Finji,167.0,steamspy,2501.0
Metroidvania,1347970,Patch Quest,"Action, Adventure, Indie, Metroidvania, Puzzle, Roguelike, Shooter",,,,Lychee Game Labs,Curve Games,6.0,steamspy,2333.0
Metroidvania,400630,Wuppo: Definitive Edition,"Action, Metroidvania, Platformer, Puzzle",,,,snekflat,snekflat,3.0,steamspy,2273.0
Metroidvania,263980,Out There Somewhere,"Action, Adventure, Indie, Metroidvania, Platformer, Puzzle, Shooter",,,,MiniBoss,Senpai Industrial Studios,1.0,steamspy,2268.0
Metroidvania,1274600,The Last Faith,"Action, Adventure, Horror, Indie, Metroidvania, Platformer",,,,Kumi Souls Games,Playstack,117.0,steamspy,2056.0
Metroidvania,1120810,Eastern Exorcist,"Action, Adventure, Indie, Metroidvania, Platformer, RPG, Strategy",,,,Wildfire Game（无锡野火数字科技有限公司）,Wildfire Game（无锡野火数字科技有限公司）,11.0,steamspy,2037.0
Metroidvania,1123050,GRIME,"Action, Adventure, Indie, Metroidvania, Platformer, RPG",,,,Clover Bite,Akupara Games,45.0,steamspy,1983.0
Metroidvania,1745510,Lunacid,"Action, Horror, Indie, Metroidvania, RPG",,,,KIRA LLC,"KIRA LLC, CRITICAL REFLEX",47.0,steamspy,1814.0
Metroidvania,214770,Guacamelee! Gold Edition,"Action, Adventure, Fighting, Indie, Metroidvania, Platformer",,,,Drinkbox Studios,"Drinkbox Studios, Kepler Ghost",7.0,steamspy,1643.0
Metroidvania,234080,Castlevania: Lords of Shadow – Ultimate Edition,"Action, Adventure, Metroidvania",,,,"MercurySteam, Climax Studios",KONAMI,44.0,steamspy,1585.0
Metroidvania,418670,Pankapu,"Action, Adventure, Indie, Metroidvania, Platformer",,,,Too Kind Studio,Dear Villagers,16.0,steamspy,1550.0
Metroidvania,813630,Supraland,"Action, Adventure, Metroidvania, Platformer, Puzzle, Shooter",,,,Supra Games,Supra Games,33.0,steamspy,1397.0
Metroidvania,1149440,Dragon Marked For Death,"Action, Adventure, JRPG, Metroidvania, Platformer, RPG",,,,"INTI CREATES CO., LTD.","INTI CREATES CO., LTD.",21.0,steamspy,1344.0
Metroidvania,1634860,Minishoot' Adventures,"Action, Adventure, Casual, Metroidvania, RPG, Shooter",,,,SoulGame Studio,"SoulGame Studio, IndieArk",83.0,steamspy,1340.0
Metroidvania,2081400,Gal Guardians: Demon Purge,"Action, Adventure, Metroidvania, Platformer",,,,"INTI CREATES CO., LTD.","INTI CREATES CO., LTD.",3.0,steamspy,1321.0
Metroidvania,927250,Bladed fury,"Action, Adventure, Casual, Indie, Metroidvania, Platformer, RPG",,,,NEXT Studios,NEXT Studios,0.0,steamspy,1166.0
Metroidvania,1426490,LOST EPIC,"Action, Horror, Indie, Metroidvania, RPG",,,,"One or Eight, Team EARTHWARS",One or Eight,5.0,steamspy,1149.0
Metroidvania,1306630,Lost Ruins,"Action, Adventure, Horror, Metroidvania, Platformer, Survival",,,,ALTARI GAMES,DANGEN Entertainment,6.0,steamspy,1139.0
Metroidvania,1574240,Dread Delusion,"Action, Adventure, Metroidvania, RPG",,,,Lovely Hellplace,DreadXP,32.0,steamspy,1121.0
Metroidvania,838310,Bloodstained: Curse of the Moon,"Action, Adventure, Indie, Metroidvania, Platformer",,,,"INTI CREATES CO., LTD.","INTI CREATES CO., LTD.",3.0,steamspy,954.0
Metroidvania,393520,Iconoclasts,"Action, Adventure, Indie, Metroidvania, Platformer, Puzzle",,,,Joakim Sandberg,"Bifrost Entertainment, DANGEN Entertainment, Gamirror Games, INTRAGAMES CO., LTD.",7.0,steamspy,924.0
Metroidvania,916730,Gato Roboto,"Action, Adventure, Indie, Metroidvania, Platformer",,,,doinksoft,Devolver Digital,14.0,steamspy,905.0
Metroidvania,231160,The Swapper,"Action, Adventure, Horror, Indie, Metroidvania, Platformer, Puzzle",,,,"Olli Harjola, Otto Hantula, Tom Jubert, Carlo Castellano",Facepalm Games,3.0,steamspy,890.0
Metroidvania,1637730,Crystal Project,"Adventure, JRPG, Metroidvania, RPG, Strategy",,,,Andrew Willman,Andrew Willman,44.0,steamspy,820.0
Metroidvania,235210,STRIDER / ストライダー飛竜,"Action, Adventure, Metroidvania, Platformer",,,,"Double Helix Games, Capcom",Capcom,7.0,steamspy,809.0
Metroidvania,1191630,Shantae and the Seven Sirens,"Action, Adventure, Indie, Metroidvania, Platformer",,,,WayForward,WayForward,6.0,steamspy,752.0
Metroidvania,1582650,Caravan SandWitch,"Action, Adventure, Casual, Metroidvania, Platformer",,,,Studio Plane Toast,Dear Villagers,36.0,steamspy,748.0
Metroidvania,248190,Knytt Underground,"Adventure, Indie, Metroidvania, Platformer, Puzzle",,,,Nifflas' Games,Ripstone,2.0,steamspy,693.0
Metroidvania,1552550,Castlevania Advance Collection,"Action, Adventure, Horror, Metroidvania, Platformer, RPG",,,,KONAMI,KONAMI,55.0,steamspy,684.0
Metroidvania,764790,The Messenger,"Action, Adventure, Indie, Metroidvania, Platformer",,,,Sabotage,Devolver Digital,44.0,steamspy,679.0
Metroidvania,1209490,Exit the Gungeon,"Action, Adventure, Indie, Metroidvania, Platformer, Shooter",,,,"Dodge Roll, Singlecore",Devolver Digital,14.0,steamspy,674.0
Metroidvania,428550,Momodora: Reverie Under The Moonlight,"Action, Metroidvania, Platformer",,,,Bombservice,PLAYISM,5.0,steamspy,672.0
Metroidvania,400910,Rabi-Ribi,"Action, Adventure, Indie, Metroidvania, Platformer",,,,"CreSpirit, GemaYue",CreSpirit,33.0,steamspy,670.0
Metroidvania,347800,Ghost Song,"Action, Adventure, Horror, Indie, Metroidvania, Platformer",,,,Old Moon,Humble Games,7.0,steamspy,670.0
Metroidvania,860950,Mark of the Ninja: Remastered,"Action, Adventure, Indie, Metroidvania, Platformer, Puzzle",,,,Klei Entertainment,Klei Entertainment,114.0,steamspy,667.0
Metroidvania,2365810,Pseudoregalia,"Adventure, Indie, Metroidvania, Platformer",,,,rittzler,rittzler,46.0,steamspy,640.0
Metroidvania,374190,Infernax,"Action, Adventure, Indie, Metroidvania, RPG",,,,Berzerk Studio,The Arcade Crew,11.0,steamspy,639.0
Metroidvania,789760,DEAD OR SCHOOL,"Action, Horror, Indie, JRPG, Metroidvania, RPG, Visual Novel",,,,Studio Nanafushi,Studio Nanafushi,0.0,steamspy,606.0
Metroidvania,286100,You Have to Win the Game,"Action, Adventure, Indie, Metroidvania, Platformer",,,,Minor Key Games,Minor Key Games,3.0,steamspy,578.0
Metroidvania,2404370,YOHANE THE PARHELION -BLAZE in the DEEPBLUE-,"Action, Adventure, Metroidvania, Roguelike",,,,"INTI CREATES CO., LTD.","INTI CREATES CO., LTD.",1.0,steamspy,563.0
Metroidvania,1761380,Otherworld Legends 战魂铭人,"Action, Indie, Metroidvania, RPG",,,,ChillyRoom,ChillyRoom,42.0,steamspy,549.0
Metroidvania,1087760,The Gunk,"Action, Adventure, Metroidvania, Platformer",,,,Image & Form Games,Thunderful Publishing,11.0,steamspy,514.0
Metroidvania,999020,Mega Man Zero/ZX Legacy Collection,"Action, Adventure, Metroidvania, Platformer, RPG",,,,"CAPCOM CO., LTD.","CAPCOM CO., LTD.",49.0,steamspy,498.0
Metroidvania,1614440,Bō: Path of the Teal Lotus,"Action, Adventure, Metroidvania, Platformer",,,,"Squid Shock Studios, Christopher Stair, Trevor Youngquist",Humble Games,6.0,steamspy,495.0
Metroidvania,3099000,Guns of Fury,"Action, Adventure, Indie, Metroidvania, Platformer, Shooter",,,,Gelato Games Ltd,Gelato Games Ltd,5.0,steamspy,419.0
Metroidvania,463270,Ghost 1.0,"Action, Adventure, Indie, Metroidvania, Platformer",,,,@unepic_fran,Unepic Games,0.0,steamspy,409.0
Metroidvania,1231880,"Haiku, the Robot","Action, Adventure, Metroidvania, Platformer",,,,Mister Morris Games,Mister Morris Games,11.0,steamspy,407.0
Metroidvania,1413870,Shadow Man Remastered,"Action, Adventure, Horror, Metroidvania, Platformer, Puzzle, Shooter",,,,"Nightdive Studios, Acclaim Studios Teesside",Nightdive Studios,5.0,steamspy,400.0
Metroidvania,339200,Oceanhorn: Monster of Uncharted Seas,"Action, Adventure, Indie, JRPG, Metroidvania, Puzzle, RPG",,,,Cornfox & Brothers Ltd.,Cornfox & Brothers Ltd.,2.0,steamspy,387.0
Metroidvania,449610,Monster Boy and the Cursed Kingdom,"Action, Adventure, Indie, Metroidvania, Platformer, Puzzle",,,,Game Atelier,FDG Entertainment,6.0,steamspy,355.0
Metroidvania,361230,Super Daryl Deluxe,"Action, Adventure, Indie, Metroidvania, RPG",,,,Dan & Gary Games,Dan & Gary Games,1.0,steamspy,328.0
Metroidvania,277890,Shantae: Risky's Revenge - Director's Cut,"Action, Adventure, Indie, Metroidvania, Platformer",,,,WayForward,WayForward,2.0,steamspy,326.0
Metroidvania,1123450,Chicory: A Colorful Tale,"Adventure, Casual, Horror, Indie, Metroidvania, Puzzle, RPG",,,,"Wishes Ultd., Greg Lobanov, Alexis Dean-Jones, Lena Raine, Madeline Berger, A Shell in the Pit",Finji,29.0,steamspy,313.0
Metroidvania,1436590,Phoenotopia: Awakening,"Action, Adventure, Indie, JRPG, Metroidvania, Platformer, Puzzle, RPG",,,,Cape Cosmic,"Cape Cosmic, Flyhigh Works",9.0,steamspy,312.0
Metroidvania,366320,Seasons after Fall,"Adventure, Indie, Metroidvania, Platformer, Puzzle",,,,Swing Swing Submarine,Focus Entertainment,2.0,steamspy,307.0
Metroidvania,1220150,Blue Fire,"Action, Adventure, Indie, Metroidvania, Platformer",,,,Robi Studios,Graffiti Games,6.0,steamspy,286.0
Metroidvania,334940,Yoku's Island Express,"Adventure, Casual, Indie, Metroidvania, Platformer, Puzzle",,,,Villa Gorilla,Team17 Digital Ltd,11.0,steamspy,281.0
Metroidvania,2851150,Tomba! Special Edition,"Action, Adventure, Metroidvania, Platformer",,,,Limited Run Games,Limited Run Games,2.0,steamspy,280.0
Metroidvania,2386310,Ultros,"Action, Adventure, Metroidvania, Platformer",,,,Hadoque,Kepler Interactive,8.0,steamspy,272.0
Metroidvania,1802880,The Devil Within: Satgat,"Action, Adventure, Horror, Metroidvania, Platformer",,,,Newcore Games,"Newcore Games, Astrolabe Games",4.0,steamspy,266.0
Metroidvania,2014550,Voidwrought,"Action, Adventure, Horror, Metroidvania, Platformer",,,,Powersnake,Kwalee,3.0,steamspy,253.0
Metroidvania,1772830,Rusted Moss,"Action, Adventure, Indie, Metroidvania, Platformer, Shooter",,,,"faxdoc, happysquared, sunnydaze",PLAYISM,5.0,steamspy,252.0
Metroidvania,1299690,Gori: Cuddly Carnage,"Action, Adventure, Horror, Metroidvania, Platformer",,,,Angry Demon Studio,"Wired Productions, CouchPlay Interactive (Greater China)",6.0,steamspy,249.0
Metroidvania,1911360,Trinity Fusion,"Action, Indie, Metroidvania, Platformer, RPG, Roguelike",,,,Angry Mob Games,Angry Mob Games,2.0,steamspy,231.0
Metroidvania,1649740,Hunt the Night,"Action, Adventure, Indie, Metroidvania, RPG",,,,Moonlight Games,DANGEN Entertainment,0.0,steamspy,221.0
Metroidvania,95300,Capsized,"Action, Adventure, Indie, Metroidvania, Platformer, Shooter",,,,Alientrap,Alientrap,0.0,steamspy,218.0
Metroidvania,201420,Toki Tori 2+,"Adventure, Casual, Indie, Metroidvania, Platformer, Puzzle",,,,Two Tribes,Two Tribes,3.0,steamspy,209.0
Metroidvania,1413660,Elderand,"Action, Adventure, Indie, Metroidvania, Platformer, RPG",,,,"Mantra, Sinergia Games",Graffiti Games,4.0,steamspy,194.0
Metroidvania,1580180,Gunbrella,"Action, Adventure, Indie, Metroidvania, Platformer, Roguelike",,,,doinksoft,Devolver Digital,9.0,steamspy,180.0
Metroidvania,1315610,Source of Madness,"Action, Adventure, Metroidvania, RPG, Roguelike",,,,Carry Castle,Thunderful Publishing,4.0,steamspy,179.0
Metroidvania,787850,Heroine Anthem Zero 2 : Scalescars Oath,"Action, Adventure, Indie, Metroidvania, Platformer, RPG",,,,WindThunder Studio,Skywalker HK,3.0,steamspy,167.0
Metroidvania,1911940,Twilight Monk,"Action, Adventure, Indie, JRPG, Metroidvania, Platformer, RPG",,,,Aquatic Moon Games,"GRAVITY GAME ARISE Co., Ltd.",6.0,steamspy,161.0
Metroidvania,2231190,Magical Delicacy,"Adventure, Metroidvania, Platformer, RPG",,,,Skaule,Whitethorn Games,4.0,steamspy,158.0
Metroidvania,2644360,Kingsgrave,"Action, Adventure, Metroidvania, Puzzle, RPG",,,,Egg or Chicken Games,Alawar,4.0,steamspy,156.0
Metroidvania,312560,Xanadu Next,"Action, Adventure, JRPG, Metroidvania, RPG",,,,Nihon Falcom,"XSEED Games, Marvelous USA, Inc.",5.0,steamspy,146.0
Metroidvania,600130,Valfaris,"Action, Horror, Indie, Metroidvania, Platformer",,,,Steel Mantis,Silver Lining Interactive,4.0,steamspy,142.0
Metroidvania,1517970,Aeterna Noctis,"Action, Adventure, Indie, Metroidvania, Platformer, Puzzle",,,,Aeternum Game Studios S.L,Aeternum Game Studios S.L,8.0,steamspy,128.0
Metroidvania,2769080,Kong: Survivor Instinct,"Action, Adventure, Horror, Indie, Metroidvania, Platformer, Survival",,,,7Levels,"7Levels, 4Divinity",1.0,steamspy,126.0
Metroidvania,946030,Axiom Verge 2,"Action, Adventure, Indie, Metroidvania, Platformer",,,,Thomas Happ Games LLC,Thomas Happ Games LLC,7.0,steamspy,124.0
Metroidvania,1286280,Pronty,"Action, Adventure, Metroidvania, Platformer",,,,"18Light Game Ltd., FunZone Games","18Light Game Ltd., CE-Asia, 樂磚 Joy Brick, Mayflower Entertainment",4.0,steamspy,114.0
Platformer,1172380,STAR WARS Jedi: Fallen Order,"Action, Adventure, Fighting, Metroidvania, Platformer, Puzzle, RPG",,,,Respawn Entertainment,Electronic Arts,432.0,steamspy,46513.0
Platformer,1416920,Chinese Online Game,"Action, Adventure, Casual, Platformer, RPG, Roguelike",,,,648工作室,Wise Games,114.0,steamspy,12288.0
Platformer,204300,Awesomenauts,"Action, Indie, Platformer, Strategy",,,,Ronimo Games,Atari,141.0,steamspy,12050.0
Platformer,1382330,Persona 5 Strikers,"Action, Adventure, JRPG, Platformer, RPG, Simulation",,,,ATLUS,SEGA,101.0,steamspy,8654.0
Platformer,813230,ANIMAL WELL,"Action, Adventure, Horror, Indie, Metroidvania, Platformer, Puzzle",,,,Billy Basso,Bigmode,71.0,steamspy,8107.0
Platformer,1608070,CRISIS CORE –FINAL FANTASY VII– REUNION,"Action, Adventure, JRPG, Platformer, RPG",,,,"Square Enix, TOSE CO., LTD.",Square Enix,60.0,steamspy,8043.0
Platformer,1499560,LastCloudia,"Action, Adventure, Card & Board, JRPG, Massively Multiplayer, Platformer, RPG",,,,AIDIS,Boltrend Games,146.0,steamspy,7853.0
Platformer,253230,A Hat in Time,"Action, Adventure, Indie, Platformer",,,,Gears for Breakfast,"Gears for Breakfast, Humble Games",114.0,steamspy,7272.0
Platformer,1353230,Bomb Rush Cyberfunk,"Action, Adventure, Indie, Platformer",,,,Team Reptile,Team Reptile,88.0,steamspy,6915.0
Platformer,2478970,Tomb Raider I-III Remastered Starring Lara Croft,"Action, Adventure, Horror, Platformer, Puzzle",,,,"Aspyr, Crystal Dynamics",Aspyr,129.0,steamspy,6759.0
Platformer,335240,Transformice,"Action, Adventure, Casual, Indie, Massively Multiplayer, Platformer, Puzzle, Racing, Strategy, Survival",,,,Atelier 801,Atelier 801,630.0,steamspy,5542.0
Platformer,2230650,TEVI,"Action, Adventure, Metroidvania, Platformer",,,,"CreSpirit, GemaYue, Ein Lee","CreSpirit, Neverland Entertainment",27.0,steamspy,5378.0
Platformer,1372110,JoJo's Bizarre Adventure: All-Star Battle R,"Action, Fighting, Platformer",,,,CyberConnect2 Co. Ltd.,Bandai Namco Entertainment,153.0,steamspy,5023.0
Platformer,2492040,FATAL FURY: City of the Wolves,"Action, Fighting, Platformer",,,,SNK CORPORATION,SNK CORPORATION,470.0,steamspy,4592.0
Platformer,508760,Ball of Wonder,"Action, Casual, Horror, Indie, Platformer, Puzzle",,,,White Rabbit Games,My Way Games,0.0,steamspy,4094.0
Platformer,1147860,UFO 50,"Action, Adventure, Casual, Indie, Platformer, Puzzle, RPG, Sports, Strategy",,,,Mossmouth,Mossmouth,208.0,steamspy,4034.0
Platformer,35720,Trine 2: Complete Story,"Action, Adventure, Casual, Indie, Platformer, Puzzle, RPG",,,,Frozenbyte,Frozenbyte,17.0,steamspy,3653.0
Platformer,329380,Stealth Inc 2: A Game of Clones,"Action, Adventure, Indie, Metroidvania, Platformer, Puzzle",,,,Carbon,Curve Games,2.0,steamspy,3142.0
Platformer,239350,Spelunky,"Action, Adventure, Indie, Platformer, Roguelike",,,,Mossmouth,Mossmouth,72.0,steamspy,2854.0
Platformer,250760,Shovel Knight: Treasure Trove,"Action, Adventure, Indie, Platformer, RPG",,,,Yacht Club Games,Yacht Club Games,50.0,steamspy,2840.0
Platformer,487370,Akin,"Casual, Indie, Platformer, Puzzle",,,,ThinkOfGames,Conglomerate 5,1.0,steamspy,2805.0
Platformer,1533390,Gorilla Tag,"Action, Casual, Horror, Platformer, Survival",,,,Another Axiom Inc.,Another Axiom Inc.,448.0,steamspy,2491.0
Platformer,487700,Conan the mighty pig,"Action, Adventure, Horror, Indie, Platformer, Survival",,,,Mihai Morosanu,Mihai Morosanu,1.0,steamspy,2415.0
Platformer,619700,Steel Rats,"Action, Indie, Platformer, Racing",,,,Tate Multimedia,Tate Multimedia,1.0,steamspy,2194.0
Platformer,2022670,SONIC SUPERSTARS,"Action, Adventure, Casual, Platformer",,,,SEGA,SEGA,14.0,steamspy,1783.0
Platformer,71340,Sonic Generations Collection,"Action, Adventure, Platformer",,,,Devil's Details,SEGA,36.0,steamspy,1594.0
Platformer,589770,Green Elephant 2D,"Action, Adventure, Horror, Indie, Platformer",,,,4Fufelz,4Fufelz,0.0,steamspy,1573.0
Platformer,2139020,What the Fog,"Action, Platformer, Roguelike, Shooter",,,,Behaviour Interactive Inc.,Behaviour Interactive Inc.,1.0,steamspy,1506.0
Platformer,314660,Oddworld: New 'n' Tasty,"Action, Adventure, Indie, Platformer, Puzzle",,,,"Just Add Water (Developments), Ltd.","Oddworld Inhabitants, Inc.",4.0,steamspy,1430.0
Platformer,521890,Hello Neighbor,"Action, Adventure, Horror, Platformer, Strategy, Survival",,,,Dynamic Pixels,tinyBuild,339.0,steamspy,1399.0
Platformer,3195790,White Knuckle,"Action, Adventure, Horror, Platformer, Survival",,,,Dark Machine Games,DreadXP,142.0,steamspy,1382.0
Platformer,115800,Owlboy,"Action, Adventure, Indie, Metroidvania, Platformer, Puzzle",,,,D-Pad Studio,D-Pad Studio,5.0,steamspy,1287.0
Platformer,598700,The Vagrant,"Action, Adventure, Indie, Metroidvania, Platformer, RPG",,,,O.T.K Games,SakuraGame,10.0,steamspy,1249.0
Platformer,2431880,High Sea Saga DX,"Casual, City Builder, Platformer, RPG, Simulation, Strategy",,,,"Kairosoft Co., Ltd","Kairosoft Co., Ltd",51.0,steamspy,1120.0
Platformer,745330,StrikeForce Kitty,"Adventure, Casual, Indie, Platformer",,,,Creepy Brothers,Creepy Brothers,2.0,steamspy,1102.0
Platformer,257750,Bloody Trapland,"Adventure, Casual, Platformer, Puzzle",,,,2Play,2Play,0.0,steamspy,1099.0
Platformer,230050,DLC Quest,"Action, Adventure, Casual, Indie, Metroidvania, Platformer",,,,Going Loud Studios,Going Loud Studios,0.0,steamspy,1032.0
Platformer,312200,Chasm,"Action, Adventure, Indie, Metroidvania, Platformer, RPG",,,,"Bit Kid, Inc.","Bit Kid, Inc.",7.0,steamspy,1026.0
Platformer,1051200,Trover Saves the Universe,"Action, Adventure, Horror, Indie, Platformer",,,,"Squanch Games, Inc.","Squanch Games, Inc.",0.0,steamspy,951.0
Platformer,2835110,Sea Fantasy,"Action, Adventure, JRPG, Platformer, RPG, Survival",,,,METASLA,METASLA,9.0,steamspy,903.0
Platformer,1203630,Record of Lodoss War-Deedlit in Wonder Labyrinth-,"Action, Adventure, Indie, Metroidvania, Platformer, RPG",,,,"Team Ladybug, WSS playground","WSS playground, PLAYISM",10.0,steamspy,833.0
Platformer,371140,Aegis Defenders,"Action, Adventure, Indie, Platformer, RPG, Strategy, Tower Defense",,,,GUTS Department,Humble Games,3.0,steamspy,833.0
Platformer,1835240,Spiritfall,"Action, Fighting, Platformer, RPG, Roguelike, Survival",,,,Gentle Giant,Gentle Giant,5.0,steamspy,738.0
Platformer,1536070,Sword and Fairy 3,"Platformer, RPG",,,,SOFTSTAR TECHNOLOGY(SHANGHAI),SOFTSTAR ENTERTAINMENT,27.0,steamspy,738.0
Platformer,3084280,Threefold Recital,"Action, Adventure, Indie, Platformer, Puzzle, Visual Novel",,,,Everscape Games,indienova,26.0,steamspy,664.0
Platformer,331480,Pinstripe,"Action, Adventure, Casual, Horror, Indie, Platformer, Puzzle",,,,"Atmos Games, LLC",Armor Games Studios,1.0,steamspy,661.0
Platformer,319910,Trine 3: The Artifacts of Power,"Action, Adventure, Indie, Platformer, Puzzle, RPG",,,,Frozenbyte,Frozenbyte,4.0,steamspy,660.0
Platformer,2671230,BLADECHIMERA,"Action, Indie, Metroidvania, Platformer, RPG",,,,"Team Ladybug, WSS playground","PLAYISM, WSS playground",4.0,steamspy,634.0
Platformer,1429500,Frontier Hunter: Erza’s Wheel of Fortune,"Action, Adventure, JRPG, Metroidvania, Platformer, RPG",,,,IceSitruuna,IceSitruuna,10.0,steamspy,608.0
Platformer,1623940,Bramble: The Mountain King,"Action, Adventure, Horror, Platformer, Survival",,,,Dimfrost Studio,Maximum Entertainment,17.0,steamspy,592.0
Platformer,227600,Castle of Illusion,"Adventure, Casual, Platformer",,,,SEGA Studios Australia,SEGA,11.0,steamspy,579.0
Platformer,211260,They Bleed Pixels,"Action, Indie, Platformer",,,,Spooky Squid Games Inc.,Spooky Squid Games Inc.,0.0,steamspy,560.0
Platformer,1244950,Battletoads,"Action, Adventure, Fighting, Platformer",,,,Dlala Studios,"Microsoft Studios, Rare Ltd",6.0,steamspy,551.0
Platformer,212800,Super Crate Box,"Action, Indie, Platformer, Shooter",,,,Vlambeer,Vlambeer,4.0,steamspy,523.0
Platformer,102840,Shank 2,"Action, Adventure, Indie, Platformer, Shooter",,,,Klei Entertainment,Klei Entertainment,4.0,steamspy,448.0
Platformer,1276800,CONVERGENCE: A League of Legends Story,"Action, Adventure, Indie, Metroidvania, Platformer",,,,Double Stallion,Riot Forge,2.0,steamspy,442.0
Platformer,331870,AER Memories of Old,"Adventure, Casual, Indie, Platformer, Puzzle",,,,Forgotten Key,Daedalic Entertainment,2.0,steamspy,440.0
Platformer,1455900,Plunder Panic,"Casual, Indie, Platformer",,,,Will Winn Games,Will Winn Games,2.0,steamspy,404.0
Platformer,809880,Degrees of Separation,"Action, Adventure, Platformer, Puzzle",,,,Moondrop,Maximum Entertainment,8.0,steamspy,396.0
Platformer,537450,ReCore: Definitive Edition,"Action, Adventure, Metroidvania, Platformer, Shooter",,,,"Armature Studio, LLC, Comcept",Xbox Game Studios,3.0,steamspy,380.0
Platformer,1448260,下一站江湖Ⅰ,"Action, Adventure, Indie, Platformer, RPG, Roguelike, Strategy",,,,白玉京工作室,成都搜发互娱网络科技有限公司,1.0,steamspy,367.0
Platformer,405820,Turok,"Action, Adventure, Platformer, Shooter",,,,"Iguana Entertainment, Nightdive Studios",Nightdive Studios,11.0,steamspy,357.0
Platformer,32330,LEGO Indiana Jones: The Original Adventures,"Action, Adventure, Platformer",,,,Traveller's Tales,"LucasArts, Lucasfilm, Disney",27.0,steamspy,356.0
Platformer,2394650,Crypt Custodian,"Action, Adventure, Indie, Metroidvania, Platformer, Puzzle, RPG",,,,Kyle Thompson,"Kyle Thompson, Top Hat Studios, Inc., H2 Interactive Co., Ltd.",17.0,steamspy,351.0
Platformer,2692570,Sonder,"Adventure, Casual, Platformer, Puzzle",,,,Finally Games,Finally Games,4.0,steamspy,347.0
Platformer,1555400,Gomoku Let's Go,"Card & Board, Casual, Indie, Platformer, Puzzle, Strategy",,,,Studio Amateur,"indienova, Studio Amateur",3.0,steamspy,345.0
Platformer,1859470,PAC-MAN WORLD Re-PAC,"Action, Adventure, Platformer, Puzzle, Racing",,,,NOW PRODUCTION,Bandai Namco Entertainment,19.0,steamspy,315.0
Platformer,1430220,BIOMORPH,"Action, Adventure, Metroidvania, Platformer, Simulation",,,,Lucid Dreams Studio,Lucid Dreams Studio,4.0,steamspy,302.0
Platformer,2427100,Cafe Master Story,"Casual, City Builder, Platformer, Simulation, Strategy",,,,"Kairosoft Co., Ltd","Kairosoft Co., Ltd",4.0,steamspy,298.0
Platformer,509250,TO THE TOP,"Action, Indie, Platformer, Racing",,,,Electric Hat Games LLC.,Electric Hat Games LLC.,1.0,steamspy,290.0
Platformer,6120,Shank,"Action, Adventure, Indie, Platformer",,,,Klei Entertainment,Klei Entertainment,3.0,steamspy,286.0
Platformer,318530,Wings of Vi,"Action, Adventure, Indie, Metroidvania, Platformer",,,,Grynsoft,Grynsoft,1.0,steamspy,277.0
Platformer,1130410,Cyber Hook,"Action, Indie, Platformer, Racing, Shooter",,,,Blazing Stick,Graffiti Games,7.0,steamspy,267.0
Platformer,3171460,Hatsuyuki Sakura,"Adventure, Casual, Platformer, Visual Novel",,,,SAGA PLANETS,"HIKARI FIELD, NekoNyan Ltd.",7.0,steamspy,262.0
Platformer,320590,Warside,"Action, Massively Multiplayer, Platformer, RPG, Shooter",,,,Kraken Games,Kraken Games,0.0,steamspy,258.0
Platformer,2235020,Contra: Operation Galuga,"Action, Platformer, Shooter",,,,WayForward,KONAMI,9.0,steamspy,242.0
Platformer,1921780,The Sushi Spinnery,"Casual, City Builder, Indie, Platformer, RPG, Simulation, Strategy",,,,"Kairosoft Co., Ltd","Kairosoft Co., Ltd",19.0,steamspy,225.0
Platformer,2073050,Emma's Armaments,"Platformer, Simulation, Strategy",,,,Caro Builders,Emma Create,0.0,steamspy,224.0
Platformer,1808780,祖玛少女/Zuma Girls,"Casual, Platformer, Shooter, Strategy",,,,Twilight Sonata Studio,Twilight Sonata Studio,1.0,steamspy,209.0
Platformer,753660,AtmaSphere,"Action, Adventure, Casual, Indie, Platformer, Puzzle",,,,Mazen Games,GrabTheGames,14.0,steamspy,204.0
Platformer,3073470,MY DIRECT DAMAG 7 TRILLION,"Adventure, Card & Board, Casual, Platformer, Strategy",,,,真香工作室,真香工作室,0.0,steamspy,191.0
Platformer,1924430,Cookie Cutter: Overkill Edition,"Action, Adventure, Indie, Metroidvania, Platformer, RPG",,,,Subcult Joint LTD,Subcult Joint LTD,7.0,steamspy,179.0
Platformer,1261520,Asterix & Obelix XXL: Romastered,"Action, Adventure, Horror, Platformer",,,,OSome Studio,Microids,1.0,steamspy,172.0
Platformer,1579020,Golfie,"Action, Card & Board, Casual, Platformer, Puzzle, Sports, Strategy",,,,Triheart Studio,Yogscast Games,5.0,steamspy,163.0
Platformer,488730,God's Trigger,"Action, Adventure, Fighting, Platformer, Roguelike, Shooter",,,,One More Level,Techland Publishing,0.0,steamspy,161.0
Platformer,1214670,Mr. Sun's Hatbox,"Action, Adventure, Metroidvania, Platformer, RPG, Shooter",,,,Kenny Sun,Raw Fury,0.0,steamspy,160.0
Platformer,2119680,Tropical Resort Story,"Casual, City Builder, Indie, Platformer, Simulation, Strategy",,,,"Kairosoft Co., Ltd","Kairosoft Co., Ltd",4.0,steamspy,142.0
Platformer,1581480,HUMANITY,"Action, Adventure, Casual, Platformer, Puzzle",,,,"tha ltd., Enhance",Enhance,1.0,steamspy,140.0
Platformer,1710540,Fall of Porcupine,"Adventure, Indie, Platformer",,,,Critical Rabbit,Assemble Entertainment,2.0,steamspy,139.0
Platformer,510420,The Hex,"Adventure, Horror, Indie, Platformer, Puzzle, RPG",,,,Daniel Mullins Games,Daniel Mullins Games,12.0,steamspy,135.0
Platformer,591630,Candleman: The Complete Journey,"Action, Adventure, Horror, Indie, Platformer, Puzzle, RPG",,,,Candleman Games,Candleman Games,2.0,steamspy,127.0
Platformer,1918540,The Ramen Sensei,"Casual, Indie, Platformer, Simulation, Strategy",,,,"Kairosoft Co., Ltd","Kairosoft Co., Ltd",8.0,steamspy,126.0
Platformer,1018010,Castlevania Anniversary Collection,"Action, Adventure, Horror, Metroidvania, Platformer, RPG, Simulation",,,,KONAMI,KONAMI,25.0,steamspy,123.0
Platformer,610570,Paradox Soul,"Action, Adventure, Indie, Metroidvania, Platformer, Shooter",,,,Ritual Games,GrabTheGames,23.0,steamspy,123.0
Platformer,1354910,Tiny Lands,"Adventure, Casual, Indie, Platformer, Puzzle",,,,Hyper Three Studio,Maple Whispering Limited,7.0,steamspy,123.0
Platformer,1800940,The Enjenir: The Engineering Physics Building Simulator,"Action, Indie, Platformer, Puzzle, Simulation",,,,PeatyTurf,PeatyTurf,4.0,steamspy,121.0
Platformer,1286710,Hylics 2,"Adventure, Horror, Indie, JRPG, Platformer, RPG",,,,Mason Lindroth,Mason Lindroth,13.0,steamspy,118.0
Platformer,253350,Tiny Barbarian DX,"Action, Adventure, Indie, Platformer",,,,StarQuail Games,"Nicalis, Inc.",0.0,steamspy,117.0
Platformer,2347380,Witch's Garden,"Adventure, Casual, Platformer, Visual Novel",,,,Windmill Oasis,HIKARI FIELD,1.0,steamspy,116.0
Platformer,1496590,Tchia,"Adventure, Platformer, Puzzle",,,,Awaceb,Kepler Interactive,9.0,steamspy,104.0
Puzzle,395170,DISTRAINT: Deluxe Edition,"Adventure, Horror, Indie, Puzzle",,,,Jesse Makkonen,Jesse Makkonen,2.0,steamspy,162795.0
Puzzle,1483870,Draw & Guess,"Casual, Puzzle",,,,Acureus,Acureus,86.0,steamspy,40450.0
Puzzle,668580,Atomic Heart,"Action, Adventure, Horror, Puzzle, RPG, Shooter",,,,Mundfish,"Focus Entertainment, 4Divinity",369.0,steamspy,37222.0
Puzzle,1092790,Inscryption,"Adventure, Card & Board, Horror, Puzzle, Strategy",,,,Daniel Mullins Games,Devolver Digital,1060.0,steamspy,17044.0
Puzzle,1477020,Wordle 4,"Casual, Indie, Puzzle, Simulation, Sports",,,,PreoNus Games,Gigantum Games,0.0,steamspy,9433.0
Puzzle,282140,SOMA,"Action, Adventure, Horror, Indie, Puzzle, Survival",,,,Frictional Games,Frictional Games,114.0,steamspy,4015.0
Puzzle,351030,Pixel Puzzles Ultimate Jigsaw Puzzles,"Card & Board, Casual, Indie, Puzzle, Simulation, Strategy",,,,Pixel Puzzles,Pixel Puzzles,65.0,steamspy,3856.0
Puzzle,973760,Thronebreaker: The Witcher Tales,"Adventure, Card & Board, Puzzle, RPG, Strategy, Visual Novel",,,,CD PROJEKT RED,CD PROJEKT RED,37.0,steamspy,3352.0
Puzzle,383270,Hue,"Adventure, Casual, Indie, Metroidvania, Platformer, Puzzle",,,,Fiddlesticks Games,Curve Games,13.0,steamspy,3247.0
Puzzle,234330,MARVEL Puzzle Quest,"Casual, Puzzle, RPG, Strategy",,,,Broken Circle Studios,505 Go Inc,216.0,steamspy,3002.0
Puzzle,407230,Legend of Mysteria RPG,"Action, Adventure, Casual, Horror, Indie, JRPG, Puzzle, RPG, Survival",,,,Labyrinthine,Senpai Industrial Studios,1.0,steamspy,2885.0
Puzzle,597220,West of Loathing,"Adventure, Indie, Puzzle, RPG, Strategy",,,,Asymmetric,Asymmetric,67.0,steamspy,2822.0
Puzzle,1109570,Word Game,"Adventure, JRPG, Puzzle, RPG, Strategy",,,,Team9,"Team9, indienova",2.0,steamspy,2682.0
Puzzle,1302240,Labyrinthine,"Action, Adventure, Horror, Puzzle",,,,Valko Game Studios,Valko Game Studios,191.0,steamspy,2537.0
Puzzle,683320,GRIS,"Adventure, Casual, Indie, Platformer, Puzzle",,,,Nomada Studio,Devolver Digital,71.0,steamspy,2467.0
Puzzle,572890,Pikuniku,"Action, Adventure, Casual, Indie, Platformer, Puzzle",,,,"Arnaud De Bock, Rémi Forcadell, Alan Zucconi, Calum Bowen",Devolver Digital,27.0,steamspy,2084.0
Puzzle,3028500,Cakey's Twisted Bakery,"Action, Adventure, Horror, Puzzle",,,,TinyMindz,TinyMindz,16.0,steamspy,2036.0
Puzzle,1216710,Cyber Manhunt,"Casual, Horror, Indie, Puzzle, RPG, Simulation",,,,Aluba Van+,Aluba Van+,34.0,steamspy,1959.0
Puzzle,1801650,Lost: Find,"Casual, Indie, Puzzle, Shooter, Strategy",,,,DSGame,DSGame,4.0,steamspy,1829.0
Puzzle,3218600,Game of Fate 2: A Century's Promise,"Adventure, Platformer, Puzzle, RPG, Simulation",,,,KARMAGAME HK LIMITED,EpicDream Games,6.0,steamspy,1668.0
Puzzle,233290,Murdered: Soul Suspect,"Action, Adventure, Horror, Puzzle, RPG",,,,Airtight Games,Square Enix,8.0,steamspy,1624.0
Puzzle,2495050,Merge Adventure: Magic Dragons,"Adventure, Casual, Puzzle",,,,Neverest Games,Neverest Games,46.0,steamspy,1577.0
Puzzle,1436700,Trine 5: A Clockwork Conspiracy,"Action, Adventure, Platformer, Puzzle, RPG",,,,Frozenbyte,THQ Nordic,32.0,steamspy,1554.0
Puzzle,34900,Bad Rats: the Rats' Revenge,"Indie, Puzzle, Shooter",,,,Invent4 Entertainment,Strategy First,5.0,steamspy,1526.0
Puzzle,316790,Grim Fandango Remastered,"Adventure, Indie, Puzzle",,,,"Double Fine Productions, Shiny Shoe",Double Fine Productions,15.0,steamspy,1469.0
Puzzle,1069740,Seen,"Action, Adventure, Horror, Indie, Platformer, Puzzle",,,,Seen Games,Seen Games,3.0,steamspy,1392.0
Puzzle,1574580,Strange Horticulture,"Adventure, Puzzle, Simulation",,,,Bad Viking,Iceberg Interactive,111.0,steamspy,1343.0
Puzzle,35700,Trine Enchanted Edition,"Action, Adventure, Casual, Indie, Platformer, Puzzle",,,,Frozenbyte,Frozenbyte,8.0,steamspy,1186.0
Puzzle,404680,Hob,"Action, Adventure, Indie, Metroidvania, Platformer, Puzzle, RPG",,,,Runic Games,Arc Games,5.0,steamspy,1168.0
Puzzle,351920,Crazy Machines 3,"Casual, Puzzle, Simulation, Strategy",,,,Fakt Software,Daedalic Entertainment,7.0,steamspy,1101.0
Puzzle,1672670,彷徨之街 The Street of Adrift,"Adventure, Casual, Indie, Puzzle, Strategy, Visual Novel",,,,Caramel-Mocha Studio,LoveStoryProject,2.0,steamspy,1096.0
Puzzle,2233120,A Quiet Place: The Road Ahead,"Action, Adventure, Horror, Puzzle, Survival",,,,Stormind Games,Saber Interactive,18.0,steamspy,1066.0
Puzzle,906100,Observation,"Adventure, Horror, Indie, Puzzle",,,,No Code,Devolver Digital,4.0,steamspy,1027.0
Puzzle,1213700,Spirit of the North,"Adventure, Casual, Indie, Platformer, Puzzle",,,,Infuse Studio,Silver Lining Interactive,19.0,steamspy,947.0
Puzzle,437920,Tricky Towers,"Casual, Puzzle, Strategy",,,,WeirdBeard,WeirdBeard,54.0,steamspy,936.0
Puzzle,1301720,Escape Room - Der kranke Kollege,"Adventure, Casual, Horror, Puzzle",,,,Bitbeast Games,Bitbeast Games,20.0,steamspy,935.0
Puzzle,359810,Hare In The Hat,"Adventure, Casual, Indie, Puzzle",,,,RunServer,RunServer,0.0,steamspy,870.0
Puzzle,1125480,School Years,"Casual, Horror, Indie, JRPG, Puzzle, RPG, Simulation, Visual Novel",,,,YEARS,电钮组,1.0,steamspy,795.0
Puzzle,1244630,House Builder,"Adventure, Casual, Indie, Puzzle, Simulation",,,,FreeMind S.A.,"PlayWay S.A., FreeMind S.A.",31.0,steamspy,762.0
Puzzle,828740,Tales of the Neon Sea,"Adventure, Puzzle",,,,YiTi Games,Thermite Games,9.0,steamspy,663.0
Puzzle,1346020,Wargroove 2,"Puzzle, RPG, Strategy",,,,"Chucklefish, Robotality",Chucklefish,9.0,steamspy,605.0
Puzzle,2676840,No Case Should Remain Unsolved,"Adventure, Puzzle, Visual Novel",,,,Somi,Somi,10.0,steamspy,591.0
Puzzle,1026820,Coloring Game,"Casual, Indie, Puzzle",,,,L. Stotch,L. Stotch,8.0,steamspy,586.0
Puzzle,2008920,Lorelei and the Laser Eyes,"Action, Adventure, Horror, Indie, Puzzle",,,,Simogo,Annapurna Interactive,23.0,steamspy,559.0
Puzzle,1042380,Hundred Days - Winemaking Simulator,"Card & Board, Puzzle, Strategy",,,,Broken Arms Games,Broken Arms Games,6.0,steamspy,478.0
Puzzle,416680,Zombie Night Terror,"Action, Horror, Indie, Platformer, Puzzle, Strategy, Survival",,,,NoClip,Good Shepherd Entertainment,12.0,steamspy,456.0
Puzzle,2286770,Paper Bride 4 Bound Love,"Adventure, Casual, Horror, Platformer, Puzzle, RPG, Visual Novel",,,,HeartBeat Plus,HeartBeat Plus,2.0,steamspy,447.0
Puzzle,435030,Lost Lands: Mahjong,"Adventure, Card & Board, Casual, Puzzle",,,,FIVE-BN GAMES,FIVE-BN GAMES,29.0,steamspy,443.0
Puzzle,2963550,Game of Fate: Chasing Through Time,"Adventure, Platformer, Puzzle, RPG, Simulation",,,,KARMAGAME HK LIMITED,EpicDream Games,3.0,steamspy,393.0
Puzzle,1497440,COCOON,"Action, Adventure, Indie, Platformer, Puzzle",,,,Geometric Interactive,Annapurna Interactive,5.0,steamspy,392.0
Puzzle,3620,Zuma's Revenge!,"Action, Casual, Indie, Puzzle",,,,"PopCap Games, Inc.","PopCap Games, Inc., Electronic Arts",176.0,steamspy,390.0
Puzzle,1670870,MADiSON,"Action, Adventure, Horror, Indie, Puzzle, Simulation, Survival",,,,BLOODIOUS GAMES,BLOODIOUS GAMES,25.0,steamspy,384.0
Puzzle,823550,Booty Calls,"Casual, Horror, Indie, Puzzle, RPG, Simulation, Strategy",,,,3X Entertainment Limited,Nutaku Publishing,28.0,steamspy,357.0
Puzzle,643270,OLDTV,"Casual, Horror, Indie, Puzzle",,,,Creability,Creability,4.0,steamspy,353.0
Puzzle,962400,Granny,"Action, Adventure, Horror, Indie, Puzzle, Strategy, Survival",,,,DVloper,DVloper,89.0,steamspy,347.0
Puzzle,1544360,LEGO Builder's Journey,"Adventure, Casual, Indie, Puzzle, Simulation",,,,Light Brick Studio,LEGO® Games,3.0,steamspy,331.0
Puzzle,473950,Manifold Garden,"Adventure, Indie, Platformer, Puzzle",,,,William Chyr Studio,William Chyr Studio,8.0,steamspy,324.0
Puzzle,711660,CHUCHEL,"Adventure, Casual, Indie, Puzzle",,,,Amanita Design,Amanita Design,7.0,steamspy,299.0
Puzzle,99910,Puzzle Pirates,"Adventure, Casual, Massively Multiplayer, Puzzle, RPG, Strategy",,,,Grey Havens,Grey Havens,142.0,steamspy,293.0
Puzzle,1369340,Cats Organized Neatly,"Casual, Indie, Puzzle",,,,DU&I,DU&I,20.0,steamspy,276.0
Puzzle,1372320,Cloud Gardens,"Casual, City Builder, Indie, Puzzle, Simulation",,,,Noio,Noio,4.0,steamspy,270.0
Puzzle,2880730,AI2U: With You 'Til The End,"Adventure, Horror, Puzzle, RPG, Simulation, Visual Novel",,,,AlterStaff Inc.,"AlterStaff Inc., Neverland Entertainment",39.0,steamspy,266.0
Puzzle,47000,4 Elements,"Adventure, Casual, Puzzle",,,,Playrix Entertainment,Playrix Entertainment,3.0,steamspy,262.0
Puzzle,1904790,Agatha Christie - Murder on the Orient Express,"Action, Adventure, Puzzle, Simulation",,,,Microids Studio Lyon,Microids,7.0,steamspy,255.0
Puzzle,537110,Angels of Death,"Adventure, Horror, Indie, Puzzle, RPG, Survival",,,,"Vaka Game Magazine, Makoto Sanada",Vaka Game Magazine,5.0,steamspy,245.0
Puzzle,1062110,UNSIGHTED,"Action, Adventure, Indie, Metroidvania, Platformer, Puzzle, RPG, Shooter",,,,Studio Pixel Punk,Humble Games,7.0,steamspy,233.0
Puzzle,1093910,Tales of the Black Forest,"Adventure, Horror, Indie, JRPG, Puzzle, RPG, Visual Novel",,,,拾英工作室,SakuraGame,12.0,steamspy,231.0
Puzzle,1926590,Nancy Drew: Mystery of the Seven Keys,"Adventure, Casual, Puzzle",,,,HeR Interactive,HeR Interactive,11.0,steamspy,227.0
Puzzle,740410,Puzzle Chambers,"Casual, Indie, Puzzle",,,,Entertainment Forge,GrabTheGames,53.0,steamspy,225.0
Puzzle,390460,Tyler,"Action, Casual, Indie, Puzzle",,,,ILLUSIONETWORK,IndieGala,0.0,steamspy,220.0
Puzzle,795420,The Darkside Detective: A Fumble in the Dark,"Adventure, Casual, Puzzle, Visual Novel",,,,Spooky Doorway,Akupara Games,8.0,steamspy,205.0
Puzzle,3508770,Haydee 3,"Action, Metroidvania, Platformer, Puzzle, Shooter",,,,Haydee Interactive,Haydee Interactive,3.0,steamspy,204.0
Puzzle,746710,Cypher,"Indie, Puzzle",,,,Matthew Brown,Matthew Brown,3.0,steamspy,193.0
Puzzle,45400,Fortix,"Casual, Indie, Puzzle, Strategy",,,,Nemesys Games,Nemesys Games,0.0,steamspy,190.0
Puzzle,966330,Flower,"Action, Adventure, Casual, Indie, Puzzle",,,,thatgamecompany,Annapurna Interactive,8.0,steamspy,189.0
Puzzle,771950,SUMETRICK,"Casual, Indie, Puzzle",,,,Paleno Games,Paleno Games,12.0,steamspy,185.0
Puzzle,485380,Welcome to the Game,"Horror, Indie, Puzzle, Simulation, Strategy, Survival",,,,Reflect Studios,Reflect Studios,2.0,steamspy,180.0
Puzzle,1693260,Yugo Puzzle,"Casual, Indie, Platformer, Puzzle",,,,Qrostar,Qrostar,2.0,steamspy,177.0
Puzzle,2101890,Zoonomaly,"Action, Adventure, Horror, Indie, Puzzle, Survival",,,,LIGHTS ARE OFF LLC,LIGHTS ARE OFF LLC,8.0,steamspy,172.0
Puzzle,3330280,Free Solitaire,"Card & Board, Casual, Puzzle",,,,WMGames,WMGames,101.0,steamspy,165.0
Puzzle,862480,The Spiral Scouts,"Adventure, Indie, Puzzle",,,,Cantaloupe Kids,Cantaloupe Kids,1.0,steamspy,163.0
Puzzle,3600,Escape Rosecliff Island,"Adventure, Casual, Puzzle",,,,SpinTop Games,"PopCap Games, Inc.",2.0,steamspy,157.0
Puzzle,2094250,Valhalla：Awakening of Valkyrie,"Adventure, Casual, Indie, Puzzle, RPG, Strategy",,,,Fantasy Game,DSGame,0.0,steamspy,155.0
Puzzle,3540,Peggle Nights,"Casual, Horror, Puzzle, Strategy",,,,"PopCap Games, Inc.","PopCap Games, Inc., Electronic Arts",97.0,steamspy,152.0
Puzzle,850000,Noel the Mortal Fate Complete Edition,"Adventure, Casual, Horror, Indie, Puzzle, RPG, Visual Novel",,,,"KANAWO, Vaka Game Magazine",Vaka Game Magazine,9.0,steamspy,148.0
Puzzle,16030,7 Wonders: Treasures of Seven,"Casual, Puzzle",,,,MumboJumbo,Accelerate Games,2.0,steamspy,147.0
Puzzle,251110,INFRA,"Adventure, Horror, Indie, Puzzle",,,,Loiste Interactive,Loiste Interactive,17.0,steamspy,142.0
Puzzle,1599560,Wanderer,"Action, Adventure, Puzzle",,,,Mighty Eyes,Mighty Eyes,1.0,steamspy,135.0
Puzzle,1054340,Logic World,"Indie, Puzzle, Simulation",,,,Mouse Hat Games,Mouse Hat Games,6.0,steamspy,131.0
Puzzle,1188330,Classic Sudoku,"Casual, Indie, Puzzle, Strategy",,,,Studio Goya,Studio Goya,11.0,steamspy,123.0
Puzzle,22120,Penumbra: Black Plague Gold Edition,"Action, Adventure, Horror, Indie, Puzzle, Survival",,,,Frictional Games,Frictional Games,4.0,steamspy,121.0
Puzzle,1238280,100 Doors Game - Escape from School,"Adventure, Casual, Puzzle",,,,Peaksel,Peaksel,2.0,steamspy,114.0
Puzzle,1550510,Creepy Tale 2,"Action, Adventure, Indie, Platformer, Puzzle",,,,Creepy Brothers,Creepy Brothers,1.0,steamspy,112.0
Puzzle,3057180,Abnormal1999:Sector 49,"Adventure, Horror, Puzzle",,,,QZQ Studio,QZQ Studio,0.0,steamspy,111.0
Puzzle,1747050,Sam & Max: Beyond Time and Space,"Adventure, Indie, Puzzle",,,,Skunkape Games,Skunkape Games,4.0,steamspy,111.0
Puzzle,1003480,Fireboy & Watergirl: Elements,"Action, Indie, Platformer, Puzzle",,,,Oslo Albet,Oslo Albet,6.0,steamspy,109.0
Puzzle,1969080,A Building Full of Cats,"Adventure, Casual, Puzzle",,,,Devcats,Devcats,3.0,steamspy,109.0
Puzzle,440420,True Fear: Forsaken Souls Part 1,"Adventure, Casual, Horror, Puzzle, Survival",,,,Goblinz Enterprises Ltd,The Digital Lounge,12.0,steamspy,108.0
Puzzle,791470,DYO,"Indie, Platformer, Puzzle",,,,"Team DYO, Josia Roncancio",Team DYO,6.0,steamspy,107.0
Puzzle,10100,King's Quest Collection,"Adventure, Puzzle",,,,Sierra,Activision,13.0,steamspy,106.0
RPG,745920,Temtem,"Adventure, JRPG, Massively Multiplayer, RPG",,,,Crema,Humble Games,136.0,steamspy,39501.0
RPG,1501750,Lords of the Fallen,"Action, Adventure, RPG",,,,CI Games,CI Games,531.0,steamspy,32235.0
RPG,766570,Russian Fishing 4,"Adventure, Casual, Massively Multiplayer, RPG, Simulation, Sports, Survival",,,,FishSoft LLC,FishSoft LLC,6851.0,steamspy,26097.0
RPG,524220,NieR:Automata,"Action, Adventure, JRPG, RPG",,,,"Square Enix, PlatinumGames Inc.",Square Enix,468.0,steamspy,23813.0
RPG,1876890,Wandering Sword,"Action, Adventure, RPG, Strategy",,,,The Swordman Studio,Spiral Up Games,2162.0,steamspy,22618.0
RPG,824550,SD GUNDAM BATTLE ALLIANCE,"Action, RPG",,,,ARTDINK,Bandai Namco Entertainment,14.0,steamspy,21909.0
RPG,258970,Gauntlet Slayer Edition,"Action, Adventure, Casual, RPG",,,,Arrowhead Game Studios,WB Games,63.0,steamspy,12669.0
RPG,226320,Marvel Heroes Omega,"Action, Adventure, Fighting, Massively Multiplayer, RPG, Strategy",,,,Gazillion Entertainment,Gazillion Entertainment,75.0,steamspy,12491.0
RPG,2161440,Sailing Era,"Adventure, RPG, Simulation, Strategy",,,,GY Games,bilibili,105.0,steamspy,8311.0
RPG,1991040,School Days,"Casual, Indie, RPG, Simulation, Strategy, Visual Novel",,,,白雨工作室,白雨工作室,99.0,steamspy,7868.0
RPG,487120,Citadel: Forged with Fire,"Action, Adventure, Indie, Massively Multiplayer, RPG, Survival",,,,Blue Isle Studios,Blue Isle Publishing,9.0,steamspy,7720.0
RPG,747200,Keplerth,"Action, Adventure, Casual, Indie, RPG, Simulation, Survival",,,,TARO,Gamirror Games,23.0,steamspy,7474.0
RPG,1712840,Tiny Tina's Assault on Dragon Keep: A Wonderlands One-shot Adventure,"Action, Adventure, RPG, Shooter",,,,"Gearbox Software, Stray Kite Studios",2K,9.0,steamspy,7196.0
RPG,56400,"Warhammer 40,000: Dawn of War II: Retribution","Action, Adventure, RPG, Strategy",,,,"Relic Entertainment, Feral Interactive (Mac/Linux)","SEGA, Feral Interactive (Mac/Linux)",157.0,steamspy,6617.0
RPG,929010,Swag and Sorcery,"Adventure, Indie, RPG",,,,"Lazy Bear Games, Uroboros Games",tinyBuild,5.0,steamspy,6094.0
RPG,1043810,Tactical Breach Wizards,"Adventure, Indie, Puzzle, RPG, Strategy",,,,Suspicious Developments,Suspicious Developments,165.0,steamspy,4741.0
RPG,519190,Next Day: Survival,"Action, Adventure, Indie, Massively Multiplayer, RPG, Shooter, Simulation, Survival",,,,SOFF Games,Last Level,1.0,steamspy,4486.0
RPG,1588010,PGA TOUR 2K23,"RPG, Simulation, Sports",,,,HB Studios,2K,263.0,steamspy,3773.0
RPG,1135230,Ember Knights,"Action, Adventure, RPG, Roguelike",,,,Doom Turtle,Twin Sails Interactive,137.0,steamspy,3065.0
RPG,1519090,Welcome to ParadiZe,"Action, Adventure, Indie, RPG, Survival",,,,Eko Software,Nacon,17.0,steamspy,2887.0
RPG,360170,How to Survive 2,"Action, Adventure, RPG, Shooter, Survival",,,,Eko Software,505 Games,4.0,steamspy,2823.0
RPG,302510,Ryse: Son of Rome,"Action, Adventure, RPG",,,,Crytek,Crytek,44.0,steamspy,2740.0
RPG,1295270,SaGa Frontier Remastered,"JRPG, RPG",,,,"Square Enix, Bullets",Square Enix,11.0,steamspy,2551.0
RPG,1211600,ZED ZONE,"Action, RPG, Roguelike, Simulation, Survival",,,,Leven Liu,INDIECN,15.0,steamspy,2532.0
RPG,2561580,Horizon Zero Dawn Remastered,"Action, Adventure, RPG",,,,"Guerrilla Games, Nixxes Software",PlayStation Publishing LLC,311.0,steamspy,2523.0
RPG,1839430,Dolls Nest,"Action, RPG, Shooter",,,,NITRO PLUS,NITRO PLUS,23.0,steamspy,2456.0
RPG,291860,Pit People,"Action, Casual, Indie, RPG, Strategy",,,,The Behemoth,The Behemoth,17.0,steamspy,2455.0
RPG,926990,WolfQuest: Anniversary Edition,"Action, Adventure, RPG, Simulation, Survival",,,,eduweb,eduweb,628.0,steamspy,2355.0
RPG,1599330,Wildmender,"Action, Adventure, RPG, Simulation, Strategy, Survival",,,,Muse Games,Kwalee,48.0,steamspy,2119.0
RPG,2190290,To Be or Not to Be,"Action, Adventure, Platformer, RPG, Shooter, Visual Novel",,,,Team K,DSGame,31.0,steamspy,1990.0
RPG,3315330,Big Winner,"Indie, RPG, Simulation, Strategy","13 Jun, 2025",False,"₩ 11,450",iFAction Studio,"iFAction Studio, BOBO GAMES",12.0,appdetails,1931.0
RPG,991270,The Legend of Heroes: Trails of Cold Steel III,"Action, Adventure, JRPG, RPG",,,,"Nihon Falcom, Engine Software BV, PH3 GmbH","NIS America, Inc.",89.0,steamspy,1922.0
RPG,1915510,Yao-Guai Hunter,"Indie, RPG, Strategy","17 Apr, 2025",False,"₩ 18,150",MòGames,"MòGames, MyACG Studio",48.0,appdetails,1659.0
RPG,1097420,No-brainer Heroes 挂机吧！勇者,"Adventure, Casual, Indie, RPG, Simulation, Strategy",,,,小团团工作室,小团团工作室,8.0,steamspy,1585.0
RPG,1330000,Stolen Realm,"Adventure, Card & Board, RPG, Strategy",,,,Burst2Flame Entertainment,Burst2Flame Entertainment,178.0,steamspy,1506.0
RPG,678800,SAS: Zombie Assault 4,"Action, Casual, Horror, RPG, Shooter, Survival",,,,Ninja Kiwi,Ninja Kiwi,136.0,steamspy,1497.0
RPG,1746930,SunnySide,"Casual, JRPG, RPG, Simulation",,,,Aftabi Games,"Merge Games, Maximum Entertainment",8.0,steamspy,1287.0
RPG,552700,WORLD OF FINAL FANTASY,"Adventure, JRPG, RPG, Strategy",,,,Square Enix,Square Enix,21.0,steamspy,1276.0
RPG,1059980,Just King,"Action, Casual, Indie, RPG, Roguelike, Shooter, Strategy",,,,VISH,"VISH, IndieArk",5.0,steamspy,1245.0
RPG,20570,"Warhammer 40,000: Dawn of War II Chaos Rising","Action, RPG, Strategy",,,,"Relic Entertainment, Feral Interactive (Mac/Linux)","SEGA, Feral Interactive (Mac/Linux)",19.0,steamspy,1185.0
RPG,257170,Rebuild 3: Gangs of Deadsville,"4X, City Builder, Horror, RPG, Simulation, Strategy, Survival",,,,"Northway Games, Sarah Northway",Northway Games,37.0,steamspy,1181.0
RPG,1769420,Noble Fates,"Action, RPG, Simulation, Strategy, Survival",,,,"Xobermon, LLC","Xobermon, LLC",11.0,steamspy,1125.0
RPG,2311680,Magic Research,"Adventure, Casual, RPG, Simulation",,,,Maticolotto,Maticolotto,23.0,steamspy,1108.0
RPG,3046600,Onimusha 2: Samurai's Destiny,"Action, Adventure, Horror, RPG, Survival",,,,"CAPCOM Co., Ltd.","CAPCOM Co., Ltd.",14.0,steamspy,1057.0
RPG,776490,永远消失的幻想乡 ～ The Disappearing of Gensokyo,"Action, Adventure, Horror, Indie, JRPG, RPG, Shooter",,,,MyACG Studio,MyACG Studio,0.0,steamspy,930.0
RPG,1011940,Ideology in Friction,"Indie, JRPG, RPG",,,,ONEONE1,Kagura Games,5.0,steamspy,909.0
RPG,370690,Elendia Ceus,"Adventure, Indie, JRPG, RPG",,,,Aldorlea Games,Aldorlea Games,0.0,steamspy,835.0
RPG,1035610,Hentai Mosaique Vip Room,"Action, Casual, Indie, Puzzle, RPG, Simulation",,,,Lil Hentai Games,Lil Hentai Games,0.0,steamspy,788.0
RPG,657090,Robothorium,"Indie, RPG, Strategy",,,,Goblinz Studio,"Goblinz Publishing, Whisper Games",11.0,steamspy,778.0
RPG,1540960,Underworld Idle,"Adventure, Casual, Horror, Puzzle, RPG, Simulation, Strategy",,,,Aleksandr Golovkin,Aleksandr Golovkin,252.0,steamspy,755.0
RPG,1956740,Argentum Online,"Action, Adventure, Massively Multiplayer, Platformer, RPG, Strategy",,,,Noland Studios,Noland Studios,97.0,steamspy,678.0
RPG,1167950,Vampire's Fall: Origins,"Adventure, Indie, RPG",,,,Early Morning Studio,Early Morning Studio,2.0,steamspy,657.0
RPG,2529520,Magical Girl Konoha,"Adventure, Indie, JRPG, RPG",,,,BLACK PANDA,OTAKU Plan,17.0,steamspy,600.0
RPG,389170,Songs for a Hero - Definitive Edition,"Action, Adventure, Casual, Indie, Platformer, Puzzle, RPG",,,,"Dumativa, Castro Brothers","Dumativa, CriticalLeap",2.0,steamspy,599.0
RPG,874260,The Forgotten City,"Adventure, Indie, RPG",,,,Modern Storyteller,Dear Villagers,29.0,steamspy,585.0
RPG,363130,Toukiden: Kiwami,"Action, JRPG, RPG",,,,"KOEI TECMO GAMES CO., LTD.","KOEI TECMO GAMES CO., LTD.",1.0,steamspy,568.0
RPG,3123830,Dread Tomb,"Action, Adventure, Horror, Indie, RPG, Survival",,,,轻舟游戏工作室,Gamirror Games,2.0,steamspy,546.0
RPG,1265780,The Lord of the Rings: Gollum,"Action, Adventure, Platformer, Puzzle, RPG",,,,Daedalic Entertainment,"Daedalic Entertainment, Nacon",1.0,steamspy,502.0
RPG,223630,AirBuccaneers,"Action, Indie, RPG, Strategy",,,,LudoCraft Ltd.,LudoCraft Ltd.,2.0,steamspy,492.0
RPG,2633080,Struggle F.O,"Action, Adventure, Casual, Indie, RPG, Roguelike",,,,Espada Inc.,Espada Inc.,1.0,steamspy,471.0
RPG,2014380,LIVE A LIVE,"Adventure, JRPG, RPG",,,,"Square Enix, historia Inc.",Square Enix,15.0,steamspy,465.0
RPG,1986010,灵墟,"Adventure, Indie, RPG, Strategy",,,,HappyTall Game,"HappyTall Game, Mecrew Games",5.0,steamspy,428.0
RPG,1329510,Big Farm Story,"Adventure, Casual, RPG, Simulation",,,,Goodgame Studios,Goodgame Studios,3.0,steamspy,426.0
RPG,480640,Pathfinder Adventures,"Card & Board, RPG, Strategy",,,,Obsidian Entertainment,Twin Sails Interactive,6.0,steamspy,402.0
RPG,871530,Radio Commander,"RPG, Simulation, Strategy",,,,Serious Sim,"Games Operators, PlayWay S.A.",7.0,steamspy,398.0
RPG,927890,Hentai Girl Linda,"Casual, Indie, Puzzle, RPG, Simulation",,,,GirlGames,GirlGames,1.0,steamspy,382.0
RPG,311190,Super Panda Adventures,"Action, Adventure, Indie, Metroidvania, Platformer, RPG",,,,BlueEagle Productions,Paul Schneider,14.0,steamspy,368.0
RPG,2250080,The Last Man Survivor,"Action, Horror, RPG, Roguelike, Shooter, Survival",,,,Renderise,Renderise,2.0,steamspy,334.0
RPG,404200,WARTILE,"Action, Adventure, RPG, Strategy",,,,Playwood Project,Playwood Project,0.0,steamspy,332.0
RPG,1519490,The Doors of Trithius,"Indie, RPG, Roguelike, Simulation, Survival",,,,Jake Donkersgoed,Jake Donkersgoed,10.0,steamspy,306.0
RPG,250580,Paranautical Activity: Deluxe Atonement Edition,"Action, Horror, Indie, RPG, Roguelike, Shooter",,,,Digerati Distribution,Digerati,2.0,steamspy,305.0
RPG,676500,Time Warpers,"Action, Adventure, Casual, Indie, RPG, Simulation, Strategy, Tower Defense",,,,Proton Studio Inc,Proton Studio Inc,16.0,steamspy,276.0
RPG,3088410,7th Domain:Tree of Chaos,"Action, Adventure, Indie, Metroidvania, RPG, Roguelike",,,,Lightimpact,Lightimpact,2.0,steamspy,274.0
RPG,3549220,Tennis Manager 25,"Indie, RPG, Simulation, Sports, Strategy",,,,Rebound CG,Rebound CG,11.0,steamspy,268.0
RPG,838410,Tabletop Playground,"Card & Board, Casual, Indie, RPG, Simulation, Strategy",,,,Plasticity Studios,Modularity,22.0,steamspy,256.0
RPG,1647550,NEO: The World Ends with You,"Action, JRPG, RPG",,,,"Square Enix, h.a.n.d.",Square Enix,14.0,steamspy,251.0
RPG,2856450,Dimensionals,"Adventure, Card & Board, Casual, RPG, Strategy",,,,Mino Games,Mino Games,3.0,steamspy,247.0
RPG,3170,King's Bounty: Armored Princess,"Adventure, RPG, Strategy",,,,Katauri Interactive,Fulqrum Publishing,19.0,steamspy,238.0
RPG,1913740,SUPER BOMBERMAN R 2,"Action, Adventure, Casual, RPG",,,,KONAMI,KONAMI,4.0,steamspy,206.0
RPG,1533680,Dead Grid,"Card & Board, Indie, RPG, Strategy",,,,Atom Void,Atom Void,3.0,steamspy,185.0
RPG,730390,Raji: An Ancient Epic,"Action, Adventure, Platformer, RPG",,,,Nodding Heads Games,Nodding Heads Games,2.0,steamspy,176.0
RPG,2956820,近畿霊務局 - Kinki Spiritual Affairs Bureau,"Action, Horror, Platformer, RPG, Shooter",,,,Noto Muteki,Noto Muteki,0.0,steamspy,175.0
RPG,1634150,Behind the Frame: The Finest Scenery,"Puzzle, RPG",,,,Silver Lining Studio,"Akupara Games, Akatsuki Taiwan Inc.",5.0,steamspy,170.0
RPG,3201530,巴哈姆特1-REMAKE(BAHAMUT1-REMAKE),"RPG, Strategy",,,,王韋,RMAsia,2.0,steamspy,167.0
RPG,883130,New Star Manager,"Indie, RPG, Simulation, Sports",,,,New Star Games Ltd.,Five Aces Publishing Ltd.,1.0,steamspy,166.0
RPG,1040510,Princess of Zeven,"Indie, JRPG, RPG",,,,Lovely Pretty Ultra Loving You,Kagura Games,1.0,steamspy,161.0
RPG,1218170,回门 Way Back Home,"Action, Adventure, Casual, Horror, Indie, Puzzle, RPG, Simulation, Visual Novel",,,,漫森游戏工作室,漫森游戏工作室,0.0,steamspy,158.0
RPG,495480,Visual Novel Maker,"JRPG, RPG, Visual Novel",,,,KOMODO,KOMODO,12.0,steamspy,155.0
RPG,1246020,NOeSIS_诉说谎言记忆物语,"Casual, Horror, Indie, RPG, Strategy, Visual Novel",,,,Classic Chocolat,Hikare 个人汉化,3.0,steamspy,146.0
RPG,436500,Diaries of a Spaceport Janitor,"Adventure, Casual, Indie, RPG, Simulation",,,,Sundae Month,Sundae Month,0.0,steamspy,144.0
RPG,1430680,Clash: Artifacts of Chaos,"Action, Adventure, Indie, RPG",,,,ACE Team,Nacon,4.0,steamspy,144.0
RPG,1367040,Kingdom of Wreck Business,"Action, Adventure, Indie, RPG, Simulation, Strategy",,,,WarZoneLab,WarZoneLab,0.0,steamspy,140.0
RPG,1163590,Bullet Girls Phantasia,"Action, JRPG, RPG, Shooter, Visual Novel",,,,SHADE Inc.,D3PUBLISHER,9.0,steamspy,135.0
RPG,1476360,Hang up Street,"Casual, City Builder, RPG, Tower Defense",,,,FoxGame,FoxGame,2.0,steamspy,130.0
RPG,541450,Operation Abyss: New Tokyo Legacy,"JRPG, RPG",,,,"MAGES. Inc., 5pb., Experience Inc.","NIS America, Inc.",4.0,steamspy,129.0
RPG,329770,4089: Ghost Within,"Action, Indie, RPG, Roguelike",,,,Phr00t's Software,Phr00t's Software,0.0,steamspy,123.0
RPG,506870,Unexplored,"Action, Adventure, Indie, RPG, Roguelike",,,,Ludomotion,Ludomotion,4.0,steamspy,115.0
RPG,1437870,Heroes of the Three Kingdoms 6,"RPG, Simulation, Strategy",,,,"USERJOY Technology Co., Ltd.","USERJOY Technology Co., Ltd., Phoenix Game",20.0,steamspy,112.0
RPG,1546090,RAIDBORN,"Action, Adventure, RPG",,,,Phodex Games,Phodex Games,7.0,steamspy,104.0
RPG,624690,NEXT JUMP: Shmup Tactics,"Puzzle, RPG, Shooter, Strategy",,,,Post Mortem Pixels,GrabTheGames,41.0,steamspy,101.0
Racing,252950,Rocket League,"Action, Casual, Indie, Racing, Sports",,,,Psyonix LLC,Psyonix LLC,15303.0,steamspy,146902.0
Racing,1551360,Forza Horizon 5,"Action, Adventure, Racing, Simulation, Sports",,,,Playground Games,Xbox Game Studios,5264.0,steamspy,80745.0
Racing,1677740,Stumble Guys,"Action, Casual, Indie, Massively Multiplayer, Platformer, Racing, Survival",,,,Scopely,Scopely,1135.0,steamspy,43705.0
Racing,1692250,F1 22,"Action, Racing, Simulation, Sports",,,,Codemasters,Electronic Arts,88.0,steamspy,23763.0
Racing,1190000,Car Mechanic Simulator 2021,"Adventure, Indie, Puzzle, Racing, Simulation, Strategy",,,,Red Dot Games,PlayWay S.A.,1166.0,steamspy,22530.0
Racing,207140,SpeedRunners,"Action, Indie, Platformer, Racing, Sports",,,,DoubleDutch Games,tinyBuild,104.0,steamspy,17131.0
Racing,2625420,Drive Beyond Horizons,"Action, Adventure, Casual, Horror, Racing, Shooter, Simulation, Survival",,,,Drive Beyond Horizons,"Tacty Studio, Santor Games",525.0,steamspy,14797.0
Racing,9200,RAGE,"Action, Adventure, Horror, RPG, Racing, Shooter, Survival",,,,id Software,Bethesda Softworks,46.0,steamspy,10510.0
Racing,516750,My Summer Car,"Adventure, Horror, Indie, Racing, Simulation, Survival",,,,Amistech Games,Amistech Games,637.0,steamspy,5894.0
Racing,412880,Drift Streets Japan,"Action, Indie, Massively Multiplayer, Racing, Simulation, Sports",,,,JDM4iK Games,"SA Industry, BATYSTORE LTD",3.0,steamspy,5559.0
Racing,655500,MX Bikes,"Racing, Simulation, Sports",,,,PiBoSo,PiBoSo,3068.0,steamspy,5120.0
Racing,690790,DiRT Rally 2.0,"Action, Adventure, Racing, Simulation, Sports",,,,Codemasters,"Codemasters, Electronic Arts",502.0,steamspy,5074.0
Racing,2440510,Forza Motorsport,"Racing, Simulation, Sports",,,,Turn 10,Xbox Game Studios,378.0,steamspy,4507.0
Racing,320300,Car Mechanic Simulator 2015,"Action, Casual, Puzzle, Racing, Simulation",,,,Red Dot Games,PlayWay S.A.,14.0,steamspy,4326.0
Racing,307690,Sleeping Dogs: Definitive Edition,"Action, Adventure, Fighting, Racing, Shooter",,,,"United Front Games, Feral Interactive (Mac)","Square Enix, Feral Interactive (Mac)",416.0,steamspy,4000.0
Racing,450860,Andarilho,"Action, Adventure, Casual, Indie, Racing, Simulation, Survival",,,,SC Jogos,SC Jogos,0.0,steamspy,3904.0
Racing,1066890,Automobilista 2,"Action, Indie, Racing, Simulation, Sports",,,,Reiza Studios,Reiza Studios,623.0,steamspy,3855.0
Racing,3058630,Assetto Corsa EVO,"Racing, Simulation, Sports",,,,KUNOS Simulazioni,505 Games,145.0,steamspy,3680.0
Racing,1369670,Motor Town: Behind The Wheel,"Casual, Racing, Simulation",,,,P3 Games,P3 Games,762.0,steamspy,3619.0
Racing,232910,TrackMania² Stadium,"Action, Racing, Simulation, Sports",,,,Nadeo,Ubisoft,17.0,steamspy,3541.0
Racing,1911390,Knightfall: A Daring Journey,"Action, Adventure, Indie, Racing, Shooter",,,,Landfall,Landfall,4.0,steamspy,3312.0
Racing,705210,Cube Racer,"Action, Casual, Indie, Racing",,,,Simon Blasen,Simon Blasen,100.0,steamspy,3283.0
Racing,1259980,RIDE 4,"Racing, Simulation, Sports",,,,Milestone S.r.l.,Milestone S.r.l.,58.0,steamspy,2867.0
Racing,2477340,Expeditions: A MudRunner Game,"Racing, Simulation",,,,Saber Interactive,Focus Entertainment,32.0,steamspy,2726.0
Racing,552100,Brick Rigs,"Action, Racing, Simulation",,,,Fluppisoft GmbH,Fluppisoft GmbH,750.0,steamspy,2707.0
Racing,211500,RaceRoom Racing Experience,"Massively Multiplayer, Racing, Simulation, Sports",,,,KW Studios,"KW Studios, RaceRoom Entertainment AG",406.0,steamspy,2600.0
Racing,12900,AudioSurf,"Casual, Indie, Puzzle, Racing",,,,Dylan Fitterer,,16.0,steamspy,2286.0
Racing,292410,Street Racing Syndicate,"Action, Racing",,,,Eutechnyx,Funbox Media Ltd,7.0,steamspy,2191.0
Racing,228940,Carnage Racing ™,"Action, Racing",,,,,Jagex,0.0,steamspy,1548.0
Racing,397950,Clustertruck,"Action, Adventure, Casual, Indie, Platformer, Racing, Strategy",,,,Landfall,tinyBuild,44.0,steamspy,1480.0
Racing,11020,TrackMania Nations Forever,"Action, Adventure, Casual, Indie, Massively Multiplayer, Racing, Simulation, Sports",,,,Nadeo,Ubisoft,61.0,steamspy,1439.0
Racing,231120,Euro Truck Simulator 2 Demo,"Action, Adventure, Casual, Indie, RPG, Racing, Simulation",,,,SCS Software,SCS Software,212.0,steamspy,1310.0
Racing,1029550,Torque Drift,"Racing, Sports",,,,Grease Monkey Games,Grease Monkey Games,52.0,steamspy,1202.0
Racing,1038250,DIRT 5,"Action, Adventure, Casual, Racing, Sports",,,,Codemasters,"Codemasters, Electronic Arts",21.0,steamspy,1200.0
Racing,1797610,Barro 22,"Action, Casual, Indie, Racing, Simulation, Sports",,,,SC Jogos,SC Jogos,16.0,steamspy,1186.0
Racing,2354000,Slackers - Carts of Glory,"Casual, Indie, Racing, Simulation",,,,Falling Saints,Falling Saints,9.0,steamspy,1180.0
Racing,3077390,MotoGP25,"Racing, Simulation, Sports",,,,Milestone S.r.l.,Milestone S.r.l.,47.0,steamspy,1051.0
Racing,517710,Redout: Enhanced Edition,"Action, Racing, Simulation, Sports",,,,34BigThings srl,34BigThings srl,3.0,steamspy,1005.0
Racing,1451810,LEGO 2K Drive,"Racing, Sports",,,,Visual Concepts,2K,13.0,steamspy,1004.0
Racing,2581700,MotoGP24,"Racing, Simulation, Sports",,,,Milestone S.r.l.,Milestone S.r.l.,33.0,steamspy,995.0
Racing,785260,Team Sonic Racing,"Action, Adventure, Casual, Racing",,,,Sumo Digital,SEGA,5.0,steamspy,971.0
Racing,220820,Zombie Driver HD,"Adventure, Horror, Racing, Shooter, Survival",,,,Exor Studios,Exor Studios,2.0,steamspy,925.0
Racing,2990,FlatOut 2,"Action, Casual, Racing",,,,"Bugbear Entertainment, ZOOM Platform Media, Jordan Freeman Group",Strategy First,53.0,steamspy,914.0
Racing,249380,Carmageddon: Reincarnation,"Action, Indie, Racing, Simulation",,,,Stainless Games Ltd,Stainless Games Ltd,1.0,steamspy,863.0
Racing,457210,SEUM: Speedrunners from Hell,"Action, Horror, Indie, Platformer, Puzzle, Racing",,,,Pine Studio,Pine Studio,3.0,steamspy,841.0
Racing,324070,iO,"Action, Indie, Platformer, Puzzle, Racing",,,,Gamious,Gamious,1.0,steamspy,830.0
Racing,849100,Alaskan Road Truckers,"Action, Adventure, Indie, Racing, Simulation, Survival",,,,Road Studio S.A.,"Green Man Gaming Publishing, Movie Games S.A.",5.0,steamspy,815.0
Racing,497180,Street Legal Racing: Redline v2.3.1,"Racing, Simulation",,,,"Invictus Games Ltd., ImageCode","Activision Value Publishing Inc., ImageCode",16.0,steamspy,747.0
Racing,358270,Death Rally (Classic),"Action, Racing",,,,Remedy,3D Realms (Apogee Software),3.0,steamspy,699.0
Racing,381990,Dragon Saga,"Action, Adventure, Casual, Massively Multiplayer, RPG, Racing",,,,Gravity Interactive,Gravity Interactive,7.0,steamspy,597.0
Racing,505170,Carmageddon: Max Damage,"Action, Racing",,,,Stainless Games Ltd,THQ Nordic,5.0,steamspy,586.0
Racing,1170970,Marbles on Stream,"Casual, Massively Multiplayer, Racing, Simulation",,,,Pixel by Pixel Studios Inc.,Pixel by Pixel Studios Inc.,145.0,steamspy,584.0
Racing,732430,Superflight,"Action, Casual, Indie, Racing, Simulation, Sports",,,,GrizzlyGames,GrizzlyGames,18.0,steamspy,578.0
Racing,1085510,Garfield Kart - Furious Racing,"Action, Casual, Racing",,,,Artefacts Studio,Microids,18.0,steamspy,567.0
Racing,1070580,Drift86,"Action, Casual, Indie, Racing, Simulation",,,,RewindApp,RewindApp,4.0,steamspy,563.0
Racing,882020,Monster Energy Supercross - The Official Videogame 2,"Racing, Simulation, Sports",,,,Milestone S.r.l.,Milestone S.r.l.,6.0,steamspy,513.0
Racing,1668080,Pinchcliffe Grand Prix,"Action, Adventure, Card & Board, Casual, Puzzle, Racing",,,,"Ravn Studio, Rock Pocket Games, Invictus Games",Ravn Studio,2.0,steamspy,484.0
Racing,1664220,TRAIL OUT,"Action, Casual, Racing, Simulation, Sports",,,,GOOD BOYS,Crytivo,10.0,steamspy,483.0
Racing,99300,Renegade Ops,"Action, Racing, Shooter",,,,Avalanche Studios,SEGA,3.0,steamspy,483.0
Racing,431590,Earn to Die 2,"Action, Adventure, Indie, Racing",,,,Toffee Games,Not Doppler,9.0,steamspy,459.0
Racing,520010,Climbey,"Indie, Racing, Simulation",,,,Brian Lindenhof,ShadowBrain Games,0.0,steamspy,442.0
Racing,2058750,Monster Energy Supercross - The Official Videogame 6,"Racing, Simulation, Sports",,,,Milestone S.r.l.,Milestone S.r.l.,10.0,steamspy,428.0
Racing,626610,TT Isle of Man: Ride on the Edge,"Action, Racing, Simulation, Sports",,,,KT Racing,Nacon,4.0,steamspy,425.0
Racing,400800,MXGP2 - The Official Motocross Videogame,"Racing, Simulation, Sports",,,,Milestone S.r.l.,Milestone S.r.l.,4.0,steamspy,425.0
Racing,561610,MotoGP17,"Racing, Simulation, Sports",,,,Milestone S.r.l.,Milestone S.r.l.,1.0,steamspy,420.0
Racing,837880,You Suck at Parking - Complete Edition,"Action, Racing, Sports",,,,Happy Volcano,Curve Games,10.0,steamspy,409.0
Racing,2494340,Tour de France 2024,"Casual, Racing, Simulation, Sports, Strategy",,,,Cyanide Studio,Nacon,1.0,steamspy,395.0
Racing,1089830,Monster Energy Supercross - The Official Videogame 3,"Racing, Simulation, Sports",,,,Milestone S.r.l.,Milestone S.r.l.,10.0,steamspy,392.0
Racing,243800,Gas Guzzlers Extreme,"Action, Casual, Racing, Shooter, Sports",,,,Gamepires,Jagex Ltd,2.0,steamspy,365.0
Racing,320140,Absolute Drift,"Action, Casual, Racing, Simulation",,,,"Funselektor Labs Inc., FlippFly",Funselektor Labs Inc.,2.0,steamspy,342.0
Racing,320540,Coffin Dodgers,"Action, Casual, Indie, Racing",,,,Milky Tea Studios,Milky Tea Studios,0.0,steamspy,318.0
Racing,520940,MX vs ATV All Out,"Racing, Simulation, Sports",,,,Rainbow Studios,THQ Nordic,5.0,steamspy,307.0
Racing,7200,Trackmania United Forever,"Action, Racing, Simulation, Sports",,,,Nadeo,Ubisoft,28.0,steamspy,300.0
Racing,798290,MXGP PRO,"Racing, Simulation, Sports",,,,Milestone S.r.l.,Milestone S.r.l.,7.0,steamspy,293.0
Racing,1799930,Redout 2,"Racing, Simulation, Sports",,,,34BigThings srl,34BigThings srl,4.0,steamspy,286.0
Racing,2052040,Golden Lap,"Casual, Indie, Racing, Simulation, Sports, Strategy",,,,"Funselektor Labs Inc., Strelka Games",Funselektor Labs Inc.,13.0,steamspy,286.0
Racing,355130,MotoGP15,"Racing, Simulation, Sports",,,,Milestone S.r.l.,Milestone S.r.l.,5.0,steamspy,275.0
Racing,434030,Aerofly FS 2 Flight Simulator,"Indie, Racing, Simulation",,,,IPACS,IPACS,2.0,steamspy,266.0
Racing,727020,Arcade Moonlander,"Action, Adventure, Casual, Indie, Racing, Strategy",,,,Daniel Paul Griffin,Back Of Nowhere Studios,0.0,steamspy,246.0
Racing,256330,WRC 4 FIA World Rally Championship,"Racing, Simulation, Sports",,,,Milestone S.r.l.,Nacon,6.0,steamspy,245.0
Racing,356400,Thumper,"Action, Horror, Indie, Racing",,,,Drool,Drool,5.0,steamspy,237.0
Racing,2083210,Super Woden GP 2,"Indie, Racing, Sports",,,,ViJuDa,ViJuDa,2.0,steamspy,236.0
Racing,1881200,TRYP FPV: Drone Racer Simulator,"Indie, Racing, Simulation, Sports",,,,UNDEAD BATTERY,UNDEAD BATTERY,25.0,steamspy,234.0
Racing,844260,Rustler (Grand Theft Horse),"Action, Adventure, Indie, RPG, Racing, Shooter",,,,Jutsu Games,"Games Operators, Modus Games",6.0,steamspy,234.0
Racing,1440670,Zeepkist,"Racing, Sports",,,,Steelpan Interactive,Steelpan Interactive,25.0,steamspy,231.0
Racing,415600,Kart Racing Pro,"Racing, Simulation, Sports",,,,PiBoSo,PiBoSo,56.0,steamspy,226.0
Racing,1184480,Inertial Drift,"Casual, Indie, Racing, Sports",,,,Level 91 Entertainment,PQube,8.0,steamspy,226.0
Racing,2217580,New Star GP,"Racing, Sports",,,,New Star Games Ltd.,Five Aces Publishing Ltd.,10.0,steamspy,196.0
Racing,362930,Garfield Kart,"Action, Casual, Platformer, Racing, Sports",,,,Artefacts Studio,Microids,31.0,steamspy,182.0
Racing,354160,WRC 5 FIA World Rally Championship,"Racing, Simulation",,,,KT Racing,Nacon,9.0,steamspy,174.0
Racing,864060,Marble It Up! Ultra,"Action, Casual, Indie, Platformer, Puzzle, Racing",,,,"Blueteak, The Engine Company, Shapes and Lines, Arcturus Interactive, The Quantum Astrophysicists Guild","Alvios, Inc., Bad Habit Productions",6.0,steamspy,169.0
Racing,406350,KartKraft,"Action, Casual, Racing, Simulation, Sports, Strategy",,,,Motorsport Games,Motorsport Games,11.0,steamspy,165.0
Racing,2107090,KitHack Model Club,"Action, Indie, Racing, Simulation, Sports","1 Aug, 2024",False,"₩ 5,870",Floating Origin Interactive,"Floating Origin Interactive, Curve Games",13.0,appdetails,158.0
Racing,3281130,World of Outlaws: Dirt Racing 24 Gold Edition,"Racing, Simulation, Sports",,,,"Monster Games, Amber",iRacing.com Motorsport Simulations,44.0,steamspy,154.0
Racing,2113900,Touge Shakai,"Racing, Simulation",,,,Raiyon Studios Pte Ltd,Raiyon Studios Pte Ltd,27.0,steamspy,145.0
Racing,359350,Defunct,"Adventure, Casual, Indie, Platformer, Racing",,,,Freshly Squeezed,SOEDESCO,0.0,steamspy,137.0
Racing,938220,TAPSONIC BOLD,"Action, Casual, Racing",,,,NEOWIZ,NEOWIZ,2.0,steamspy,127.0
Racing,1383960,Nickelodeon Kart Racers 2: Grand Prix,"Action, Adventure, Casual, Racing",,,,Bamtang Games,GameMill Entertainment,2.0,steamspy,121.0
Racing,2503220,Karting Superstars,"Action, Racing, Sports",,,,Original Fire Games,Original Fire Games,0.0,steamspy,115.0
Racing,1491340,Marble World,"Casual, City Builder, Racing, Simulation",,,,Vector Interactive,Vector Interactive,23.0,steamspy,112.0
Roguelike,3241660,R.E.P.O.,"Action, Horror, Roguelike, Survival",,,,semiwork,semiwork,52372.0,steamspy,266908.0
Roguelike,250900,The Binding of Isaac: Rebirth,"Action, Horror, Indie, Roguelike",,,,"Nicalis, Inc., Edmund McMillen","Nicalis, Inc.",13044.0,steamspy,70483.0
Roguelike,1145360,Hades,"Action, Indie, RPG, Roguelike",,,,Supergiant Games,Supergiant Games,4895.0,steamspy,54015.0
Roguelike,2420510,HoloCure - Save the Fans!,"Action, Casual, Roguelike, Shooter",,,,KayAnimate,KayAnimate,436.0,steamspy,45173.0
Roguelike,1337520,Risk of Rain Returns,"Action, Roguelike, Shooter",,,,Hopoo Games,Gearbox Publishing,163.0,steamspy,41838.0
Roguelike,2427700,Backpack Battles,"Card & Board, Indie, Roguelike, Strategy",,,,PlayWithFurcifer,"IndieArk, Shochiku (Japan)",1388.0,steamspy,36348.0
Roguelike,2103140,Magicraft,"Action, Adventure, Indie, RPG, Roguelike, Shooter, Strategy",,,,Wave Games,bilibili,1160.0,steamspy,18834.0
Roguelike,2742830,Monster Train 2,"Card & Board, Indie, Roguelike, Strategy",,,,Shiny Shoe,Big Fan Games,2267.0,steamspy,18467.0
Roguelike,619820,Heroes of Hammerwatch II,"Action, Adventure, RPG, Roguelike",,,,Crackshell,Team17,477.0,steamspy,15540.0
Roguelike,1599600,PlateUp!,"Action, Casual, Roguelike, Strategy",,,,It's happening,"Yogscast Games, Gamersky Games",1183.0,steamspy,12406.0
Roguelike,269210,Hero Siege,"Action, Adventure, Indie, RPG, Roguelike",,,,Panic Art Studios Ltd,Panic Art Studios Ltd,289.0,steamspy,10406.0
Roguelike,586350,UBERMOSH:WRAITH,"Action, Indie, Roguelike, Shooter",,,,Walter Machado,Walter Machado,110.0,steamspy,9576.0
Roguelike,2719030,Meme Mayhem,"Card & Board, Casual, Roguelike, Strategy",,,,Cr3 Studio,Cr3 Studio,74.0,steamspy,6006.0
Roguelike,1492070,Sker Ritual,"Action, Horror, Indie, Roguelike, Shooter, Survival",,,,Wales Interactive,Wales Interactive,47.0,steamspy,5992.0
Roguelike,248820,Risk of Rain (2013),"Action, Indie, Platformer, RPG, Roguelike, Survival",,,,Hopoo Games,Gearbox Publishing,21.0,steamspy,5446.0
Roguelike,1811990,Wildfrost,"Card & Board, Roguelike, Strategy",,,,"Deadpan Games, Gaziter",Chucklefish,111.0,steamspy,5064.0
Roguelike,434650,Lost Castle / 失落城堡,"Action, RPG, Roguelike",,,,Hunter Studio,Neon Doctrine,40.0,steamspy,4604.0
Roguelike,268130,Heat Signature,"Action, Adventure, Indie, Roguelike, Shooter, Strategy",,,,Suspicious Developments,Suspicious Developments,39.0,steamspy,3825.0
Roguelike,3328720,Flash Doll,"Action, Casual, Indie, Roguelike, Strategy",,,,Game Star,Game Star,4.0,steamspy,2876.0
Roguelike,1178790,Shiren the Wanderer: The Tower of Fortune and the Dice of Fate,"JRPG, RPG, Roguelike",,,,"Spike Chunsoft Co., Ltd.","Spike Chunsoft Co., Ltd.",56.0,steamspy,2658.0
Roguelike,2151580,Infinite Tao,"Action, Adventure, Casual, Indie, Roguelike, Survival",,,,insomnia,insomnia,8.0,steamspy,2524.0
Roguelike,1076200,Roguebook,"Adventure, Card & Board, Indie, RPG, Roguelike, Strategy",,,,Abrakam Entertainment SA,Nacon,28.0,steamspy,2517.0
Roguelike,1280930,Astral Ascent,"Action, Indie, Platformer, Roguelike",,,,Hibernian Workshop,"Hibernian Workshop, MP2 Games",81.0,steamspy,2409.0
Roguelike,960690,One Step From Eden,"Action, Adventure, Card & Board, Indie, RPG, Roguelike, Strategy",,,,Thomas Moon Kang,"Humble Games, Maple Whispering Limited",14.0,steamspy,2360.0
Roguelike,2086430,NIMRODS,"Action, RPG, Roguelike, Shooter",,,,Fiveamp,Fiveamp,89.0,steamspy,2130.0
Roguelike,1944570,Boneraiser Minions,"Action, Casual, Indie, RPG, Roguelike",,,,caiys,caiysware,42.0,steamspy,1995.0
Roguelike,619780,The Swords of Ditto: Mormo's Curse,"Action, Adventure, Casual, Indie, RPG, Roguelike",,,,onebitbeyond,Devolver Digital,5.0,steamspy,1852.0
Roguelike,98800,Dungeons of Dredmor,"Adventure, Casual, Indie, RPG, Roguelike",,,,"Gaslamp Games, Inc.","Gaslamp Games, Inc.",10.0,steamspy,1845.0
Roguelike,2400510,Dungeons & Degenerate Gamblers,"Card & Board, Casual, RPG, Roguelike, Strategy",,,,Purple Moss Collectors,Yogscast Games,92.0,steamspy,1825.0
Roguelike,2116060,Epic Auto Towers,"Card & Board, Casual, Roguelike, Strategy, Tower Defense",,,,Aleksandr Golovkin,Aleksandr Golovkin,15.0,steamspy,1807.0
Roguelike,317820,Guild of Dungeoneering Ultimate Edition,"Card & Board, Indie, RPG, Roguelike, Strategy",,,,Gambrinous,Gambrinous,8.0,steamspy,1793.0
Roguelike,688420,Bad North: Jotunn Edition,"Action, Fighting, Roguelike, Simulation, Strategy, Survival, Tower Defense",,,,"Plausible Concept, Oskar Stålberg",Raw Fury,64.0,steamspy,1770.0
Roguelike,1699480,KLETKA,"Action, Adventure, Horror, Roguelike",,,,"Callback, ln404","Callback, ln404",108.0,steamspy,1701.0
Roguelike,2179850,Cobalt Core,"Card & Board, RPG, Roguelike, Strategy",,,,Rocket Rat Games,Brace Yourself Games,48.0,steamspy,1649.0
Roguelike,2178480,Shiren the Wanderer: The Mystery Dungeon of Serpentcoil Island,"RPG, Roguelike",,,,"Spike Chunsoft Co., Ltd.","Spike Chunsoft Co., Ltd.",84.0,steamspy,1472.0
Roguelike,2996040,Teenage Mutant Ninja Turtles: Splintered Fate,"Action, Adventure, Fighting, RPG, Roguelike, Strategy",,,,Super Evil Megacorp,Super Evil Megacorp,91.0,steamspy,1455.0
Roguelike,2097570,StarVaders,"Card & Board, Roguelike, Strategy, Visual Novel",,,,Pengonauts,"Joystick Ventures, Playworks",69.0,steamspy,1262.0
Roguelike,362490,Exanima,"Action, Adventure, Horror, Indie, RPG, Roguelike, Simulation",,,,Bare Mettle Entertainment,Bare Mettle Entertainment,106.0,steamspy,1251.0
Roguelike,1490610,METALLIC CHILD,"Action, Indie, Roguelike",,,,Action Square(STUDIO HG),HIKE Inc.,1.0,steamspy,1169.0
Roguelike,1137460,ALTF4,"Action, Adventure, Casual, Horror, Platformer, Roguelike, Survival",,,,PUMPKIM,PUMPKIM,0.0,steamspy,1159.0
Roguelike,2499520,Be My Horde,"Action, Casual, Indie, Roguelike",,,,Polished Games,Polished Games,9.0,steamspy,1149.0
Roguelike,364420,Roguelands,"Action, Adventure, Indie, Platformer, RPG, Roguelike, Survival",,,,Sean Young,SmashGames,6.0,steamspy,1111.0
Roguelike,1484720,Dead Estate,"Action, Horror, Roguelike, Shooter",,,,Milkbar Lads,2 Left Thumbs,85.0,steamspy,1079.0
Roguelike,1456820,Marfusha:Sentinel Girls ,"Action, Roguelike, Shooter, Tower Defense",,,,hinyari9,hinyari9,5.0,steamspy,1047.0
Roguelike,1290330,Time Wasters,"Action, Casual, RPG, Roguelike, Shooter",,,,Proton Studio,Proton Studio,4.0,steamspy,1012.0
Roguelike,2294130,Goobies,"Action, Casual, RPG, Roguelike, Shooter",,,,Höganäs Spel,Höganäs Spel,11.0,steamspy,1001.0
Roguelike,2343600,Endgame of Devil,"Card & Board, Casual, RPG, Roguelike, Strategy",,,,MiniWhale,Anotherindie,5.0,steamspy,984.0
Roguelike,255070,Abyss Odyssey,"Action, Adventure, Fighting, Indie, Metroidvania, Platformer, RPG, Roguelike",,,,ACE Team,SEGA,1.0,steamspy,905.0
Roguelike,2917350,Spin Hero,"Card & Board, Indie, RPG, Roguelike, Strategy",,,,Sphere Studios,"Goblinz Publishing, Maple Whispering Limited",102.0,steamspy,890.0
Roguelike,1062340,KATANA KAMI: A Way of the Samurai Story,"Action, RPG, Roguelike",,,,ACQUIRE Corp.,"Spike Chunsoft Co., Ltd.",2.0,steamspy,864.0
Roguelike,2939640,Broventure: The Wild Co-op,"Action, Adventure, Roguelike, Shooter, Survival",,,,Alice Games,Alice Games,20.0,steamspy,775.0
Roguelike,757320,Atomicrops,"Action, Indie, Roguelike, Shooter, Simulation, Survival",,,,Bird Bath Games,Raw Fury,91.0,steamspy,767.0
Roguelike,252610,Death Road to Canada,"Action, Indie, RPG, Roguelike, Survival",,,,"Rocketcat Games, Madgarden",Rocketcat Games,92.0,steamspy,733.0
Roguelike,2770460,Lunavania,"Action, Adventure, Indie, RPG, Roguelike, Shooter",,,,白狼游戏,Gamirror Games,3.0,steamspy,713.0
Roguelike,1803400,Beneath Oresa,"Adventure, Card & Board, Indie, Roguelike, Strategy",,,,Broken Spear Inc.,Goblinz Publishing,9.0,steamspy,704.0
Roguelike,843200,Alien Hominid Invasion,"Action, Casual, Platformer, RPG, Roguelike",,,,The Behemoth,The Behemoth,6.0,steamspy,625.0
Roguelike,2002220,Keeper's Toll,"Action, Indie, RPG, Roguelike, Survival",,,,Stingbot Games,"Stingbot Games, Doyoyo Games",5.0,steamspy,614.0
Roguelike,274500,Brigador: Up-Armored Edition,"Action, Indie, Roguelike, Shooter",,,,"Stellar Jockeys, Gausswerks",Stellar Jockeys,8.0,steamspy,594.0
Roguelike,595140,Immortal Redneck,"Action, Indie, Roguelike, Shooter",,,,Crema,Crema,2.0,steamspy,579.0
Roguelike,3069810,Rocket Rats,"Action, Casual, Roguelike, Shooter",,,,Gagonfe,Gagonfe,4.0,steamspy,540.0
Roguelike,323220,Vagante,"Action, Adventure, Indie, Metroidvania, Platformer, RPG, Roguelike",,,,Nuke Nine,Nuke Nine,30.0,steamspy,499.0
Roguelike,1479140,AK-xolotl: Together,"Action, Indie, RPG, Roguelike, Shooter",,,,2Awesome Studio,Playstack,79.0,steamspy,445.0
Roguelike,2852980,Necroking,"Adventure, Card & Board, Roguelike, Strategy",,,,KORO.GAMES,Alawar,7.0,steamspy,413.0
Roguelike,3091340,Metal Thunder,"Action, Roguelike, Shooter",,,,Dumbbell Games,Dumbbell Games,5.0,steamspy,405.0
Roguelike,403940,Dungelot: Shattered Lands,"Action, Indie, Puzzle, RPG, Roguelike, Strategy",,,,Red Winter Software,tinyBuild,0.0,steamspy,379.0
Roguelike,2942700,Seed of Heroes,"Action, Casual, Indie, Roguelike, Survival",,,,Vermillion Digital,Sekai Project,0.0,steamspy,369.0
Roguelike,290470,Onigiri,"Action, Adventure, JRPG, Massively Multiplayer, RPG, Roguelike",,,,"CyberStep, Inc.","CyberStep, Inc.",43.0,steamspy,368.0
Roguelike,1131240,Dungeons of Edera,"Action, Adventure, Indie, RPG, Roguelike",,,,Monster Tooth Studios,Monster Tooth Studios,1.0,steamspy,324.0
Roguelike,1608040,Castle Morihisa,"Adventure, Card & Board, RPG, Roguelike, Strategy",,,,Smokingbear Studio,Thermite Games,1.0,steamspy,323.0
Roguelike,2259260,Tyrant's Realm,"Action, Adventure, RPG, Roguelike",,,,Team Tyrant,Skystone Games,10.0,steamspy,315.0
Roguelike,2090760,X Invader,"Action, Roguelike, Shooter, Strategy",,,,ALLAF GAMES,ALLAF GAMES,1.0,steamspy,305.0
Roguelike,1402120,9 Years of Shadows,"Action, Adventure, Indie, Metroidvania, Platformer, RPG, Roguelike",,,,Halberd Studios,indie.io,13.0,steamspy,301.0
Roguelike,2006140,Withering Rooms,"Action, Adventure, Horror, Metroidvania, RPG, Roguelike, Survival",,,,Moonless Formless,Perp Games,13.0,steamspy,296.0
Roguelike,3159570,Lynked: Banner of the Spark,"Action, Adventure, Casual, RPG, Roguelike",,,,FuzzyBot,Dreamhaven,4.0,steamspy,289.0
Roguelike,2726450,Windowkill,"Action, Indie, Roguelike, Shooter",,,,torcado,torcado,19.0,steamspy,281.0
Roguelike,407560,Killing Room,"Action, Horror, Indie, RPG, Roguelike, Shooter, Survival",,,,Alda Games,Alda Games,2.0,steamspy,263.0
Roguelike,1688320,OneBit Adventure,"Adventure, Casual, RPG, Roguelike, Strategy",,,,"Galactic Slice, LLC","Galactic Slice, LLC",15.0,steamspy,258.0
Roguelike,2088650,Mist Slayer,"Action, Indie, RPG, Roguelike",,,,Moju Games,Moju Games,0.0,steamspy,258.0
Roguelike,1911860,Grit and Valor - 1949,"Action, Casual, Roguelike, Strategy, Tower Defense",,,,Milky Tea Studios,Megabit Publishing,0.0,steamspy,253.0
Roguelike,437570,GoNNER,"Action, Indie, Platformer, Roguelike, Shooter",,,,Art in Heart,Raw Fury,0.0,steamspy,247.0
Roguelike,297120,Heavy Bullets,"Action, Adventure, Horror, Indie, Roguelike, Shooter",,,,"Terri Vellmann, Doseone",Devolver Digital,1.0,steamspy,197.0
Roguelike,2441700,UNDERDOGS,"Action, Adventure, Fighting, Roguelike, Simulation",,,,One Hamsa,One Hamsa,5.0,steamspy,193.0
Roguelike,2630080,They Are Coming,"Action, Indie, Roguelike, Shooter, Strategy, Survival, Tower Defense",,,,OnHit Developments,OnHit Developments,2.0,steamspy,191.0
Roguelike,1840710,These Doomed Isles,"Card & Board, City Builder, Roguelike, Simulation, Strategy, Survival, Tower Defense",,,,Triplevision Games Limited,Fireshine Games,8.0,steamspy,189.0
Roguelike,1305300,Love Love School Days,"Action, Adventure, Horror, Platformer, Roguelike",,,,OTL GAME,"OTL GAME, Waku Waku Games",3.0,steamspy,180.0
Roguelike,1958340,Cube Chaos,"Card & Board, Roguelike, Strategy, Tower Defense",,,,Wunarg,Wunarg,6.0,steamspy,175.0
Roguelike,1016790,West of Dead,"Action, Adventure, Horror, Roguelike, Shooter, Survival",,,,Upstream Arcade,Raw Fury,5.0,steamspy,168.0
Roguelike,2776940,Echoes of Yi : Samsara,"Action, Adventure, RPG, Roguelike",,,,Runmeng,Runmeng,1.0,steamspy,159.0
Roguelike,1589570,Dunjungle,"Action, Adventure, Indie, Platformer, Roguelike",,,,Bruno Bombardi,Astrolabe Games,1.0,steamspy,155.0
Roguelike,2404510,Lucky Hero,"Casual, Indie, Roguelike, Strategy",,,,mora churrasco studio,Neverland Entertainment,1.0,steamspy,137.0
Roguelike,1098610,Crush the Industry,"Card & Board, Indie, RPG, Roguelike, Strategy",,,,Cognoggin Games,Cognoggin Games,128.0,steamspy,136.0
Roguelike,2905790,PROJECT TACHYON,"Action, Platformer, Roguelike",,,,STUDIO N9,HIKE Inc.,1.0,steamspy,132.0
Roguelike,402120,Deathstate: Abyssal Edition,"Action, Adventure, Indie, RPG, Roguelike",,,,Bread Machine Games,Bread Machine Games,1.0,steamspy,127.0
Roguelike,1167680,Orbital Bullet – The 360° Rogue-lite,"Action, Indie, Platformer, Roguelike",,,,SmokeStab,"Assemble Entertainment, WhisperGames, Mayflower Entertainment",0.0,steamspy,123.0
Roguelike,2099220,Mobmania,"Action, Casual, Indie, RPG, Roguelike",,,,"azndesserts, justjayem, wolfbyte131",azndesserts,3.0,steamspy,123.0
Roguelike,1285670,Post Void,"Action, Roguelike, Shooter",,,,YCJY Games,YCJY Games,8.0,steamspy,123.0
Roguelike,871420,Lovecraft's Untold Stories,"Action, Adventure, Horror, Indie, RPG, Roguelike, Shooter",,,,LLC Blini Games,Fulqrum Publishing,0.0,steamspy,121.0
Roguelike,2577760,Just Click The Button,"Action, Casual, Roguelike, Shooter",,,,Simon Eftestol,Simon Eftestol,4.0,steamspy,120.0
Roguelike,2516820,LuckLand,"Card & Board, Casual, Indie, Roguelike, Simulation, Strategy",,,,e-Jade,e-Jade,0.0,steamspy,104.0
Roguelike,1422410,Into the Pit,"Action, Indie, Roguelike, Shooter",,,,Nullpointer Games,Humble Games,0.0,steamspy,103.0
Shooter,2183900,"Warhammer 40,000: Space Marine 2","Action, Adventure, Shooter",,,,Saber Interactive,Focus Entertainment,7338.0,steamspy,186199.0
Shooter,680420,OUTRIDERS,"Action, Adventure, RPG, Shooter",,,,People Can Fly,Square Enix,108.0,steamspy,125123.0
Shooter,1517290,Battlefield 2042,"Action, Adventure, Casual, Shooter",,,,DICE,Electronic Arts,1374.0,steamspy,107006.0
Shooter,273350,Evolve Stage 2,"Action, Casual, Shooter, Strategy, Survival",,,,Turtle Rock Studios,2K,10.0,steamspy,51099.0
Shooter,209170,Call of Duty: Ghosts,"Action, Horror, Shooter, Survival",,,,Infinity Ward,Activision,33.0,steamspy,36922.0
Shooter,1832640,Mirror 2: Project X,"Adventure, Casual, Indie, Platformer, RPG, Shooter, Visual Novel",,,,KAGAMI Ⅱ WORKs,NIJICO,6.0,steamspy,33035.0
Shooter,686810,Hell Let Loose,"Action, Indie, Massively Multiplayer, Shooter, Simulation, Strategy",,,,Expression Games,Team17,2491.0,steamspy,21086.0
Shooter,581320,Insurgency: Sandstorm,"Action, Indie, Massively Multiplayer, Shooter, Simulation",,,,New World Interactive,Focus Entertainment,1061.0,steamspy,14474.0
Shooter,2231380,Tom Clancy's Ghost Recon Breakpoint,"Action, Adventure, Shooter",,,,Ubisoft Paris,Ubisoft,1110.0,steamspy,14335.0
Shooter,2406770,Bodycam,"Action, Horror, Shooter",,,,Reissad Studio,Reissad Studio,171.0,steamspy,13429.0
Shooter,505460,Foxhole,"Action, Massively Multiplayer, RPG, Shooter, Strategy",,,,Siege Camp,Siege Camp,2240.0,steamspy,11778.0
Shooter,12210,Grand Theft Auto IV: The Complete Edition,"Action, Adventure, Shooter",,,,"Rockstar North, Rockstar Toronto",Rockstar Games,2647.0,steamspy,11696.0
Shooter,224260,No More Room in Hell,"Action, Adventure, Horror, Indie, Massively Multiplayer, Shooter, Survival",,,,No More Room in Hell Team,Lever Games,235.0,steamspy,10869.0
Shooter,1645820,SurrounDead,"Action, Adventure, Indie, RPG, Shooter, Survival",,,,Zurvivor,PlaySurrounDead,1797.0,steamspy,10713.0
Shooter,3228590,Deadzone: Rogue,"Action, Horror, Roguelike, Shooter",,,,Prophecy Games,Prophecy Games,642.0,steamspy,8655.0
Shooter,8190,Just Cause 2,"Action, Adventure, Shooter",,,,Avalanche Studios,Square Enix,80.0,steamspy,7493.0
Shooter,2051620,Enlisted: Reinforced,"Action, Massively Multiplayer, Shooter, Simulation",,,,Darkflow Software,Gaijin Network Ltd,2087.0,steamspy,7492.0
Shooter,784080,MechWarrior 5: Mercenaries,"Action, Shooter, Simulation",,,,Piranha Games Inc.,Piranha Games Inc.,1661.0,steamspy,6472.0
Shooter,290300,Rebel Galaxy,"Action, Adventure, Indie, RPG, Shooter, Simulation, Strategy",,,,Double Damage Games,"Double Damage Games, SNEG",26.0,steamspy,5662.0
Shooter,20500,Red Faction Guerrilla Steam Edition,"Action, Adventure, Shooter, Survival",,,,"Volition, Reactor Zero, THQ Nordic",Deep Silver,5.0,steamspy,5570.0
Shooter,322500,SUPERHOT,"Action, Adventure, Casual, Indie, Puzzle, Shooter",,,,SUPERHOT Team,SUPERHOT Team,38.0,steamspy,5533.0
Shooter,915810,Midnight Ghost Hunt,"Action, Horror, Indie, Shooter",,,,Vaulted Sky Games,Coffee Stain Publishing,6.0,steamspy,4801.0
Shooter,242860,Verdun,"Action, Massively Multiplayer, Shooter, Simulation, Strategy",,,,BlackMill Games,BlackMill Games,51.0,steamspy,4504.0
Shooter,274190,Broforce,"Action, Adventure, Casual, Indie, Platformer, Shooter",,,,Free Lives,Devolver Digital,118.0,steamspy,4285.0
Shooter,444220,Asteroid Bounty Hunter,"Action, Adventure, Casual, Indie, RPG, Shooter",,,,EGAMER,SA Industry,0.0,steamspy,3999.0
Shooter,33220,Tom Clancy's Splinter Cell Conviction,"Action, Shooter",,,,Ubisoft Montreal,Ubisoft,26.0,steamspy,3856.0
Shooter,823500,BONEWORKS,"Action, Adventure, Horror, Indie, Puzzle, Shooter, Simulation",,,,Stress Level Zero,Stress Level Zero,28.0,steamspy,3820.0
Shooter,1030830,Mafia II: Definitive Edition,"Action, Adventure, Shooter",,,,"Hangar 13, D3T",2K,283.0,steamspy,3818.0
Shooter,287290,Resident Evil Revelations 2,"Action, Adventure, Horror, RPG, Shooter, Survival",,,,"CAPCOM Co., Ltd.","CAPCOM Co., Ltd.",189.0,steamspy,3659.0
Shooter,611660,Fallout 4 VR,"Action, Adventure, RPG, Shooter, Survival",,,,Bethesda Game Studios,Bethesda Softworks,59.0,steamspy,3619.0
Shooter,312990,The Expendabros,"Action, Adventure, Indie, Platformer, Shooter",,,,Free Lives,Devolver Digital,6.0,steamspy,2927.0
Shooter,287390,Metro: Last Light Redux,"Action, Adventure, Horror, Shooter, Survival",,,,4A Games,Deep Silver,207.0,steamspy,2819.0
Shooter,657200,Hand Simulator,"Action, Horror, Shooter, Simulation",,,,HFM Games,HFM Games,19.0,steamspy,2674.0
Shooter,2695490,Age of Water,"Action, Adventure, Massively Multiplayer, Shooter",,,,Three Whales Studio,Gaijin Network Ltd,38.0,steamspy,2188.0
Shooter,2218400,Greedland,"Action, Adventure, Casual, Indie, Roguelike, Shooter",,,,VaMP He,"Gamersky Games, 2P Games",80.0,steamspy,2172.0
Shooter,608800,Guns of Icarus Alliance,"Action, Adventure, Indie, Shooter, Simulation",,,,Muse Games,Muse Games,0.0,steamspy,2097.0
Shooter,562590,Galactic Junk League,"Action, Casual, Indie, Massively Multiplayer, RPG, Shooter",,,,Pixel Federation,Pixel Federation,0.0,steamspy,2054.0
Shooter,2078450,"Warhammer 40,000: Speed Freeks","Racing, Shooter",,,,Caged Element Inc.,Wired Productions,30.0,steamspy,2000.0
Shooter,1522870,Supraland Six Inches Under,"Action, Adventure, Metroidvania, Platformer, Puzzle, Shooter",,,,Supra Games,Supra Games,11.0,steamspy,1964.0
Shooter,732370,Juicy Realm,"Action, Adventure, Casual, Indie, RPG, Roguelike, Shooter",,,,SpaceCan,XD,4.0,steamspy,1944.0
Shooter,546930,Machine Hunt,"Action, Indie, Shooter",,,,Racing Bros,ANPA.US,0.0,steamspy,1910.0
Shooter,2780710,Asgard's Fall — Viking Survivors,"Action, Adventure, Casual, Indie, RPG, Roguelike, Shooter, Strategy",,,,Soulpotion,"Assemble Entertainment, INSTINCT3",8.0,steamspy,1906.0
Shooter,436180,Spacelords,"Action, Adventure, Shooter, Strategy",,,,MercurySteam,Mercury Steam Entertainment s.l.,3.0,steamspy,1825.0
Shooter,1679220,Portal Dungeon,"Action, Platformer, Roguelike, Shooter",,,,DuskDogStudio,"DuskDogStudio, IndieArk",17.0,steamspy,1753.0
Shooter,302670,Call to Arms,"Action, Indie, Shooter, Simulation, Strategy",,,,Digitalmindsoft,Digitalmindsoft,98.0,steamspy,1741.0
Shooter,467370,Escape This,"Action, Casual, Indie, Platformer, Puzzle, Shooter, Strategy",,,,Four Winged Studio,Conglomerate 5,0.0,steamspy,1686.0
Shooter,3126470,Ice World,"Adventure, Horror, Massively Multiplayer, Shooter, Survival",,,,CoolRabbit Games,CoolRabbit Games,2.0,steamspy,1671.0
Shooter,1592670,Soda Crisis,"Action, Platformer, Shooter",,,,Team Soda,bilibili,5.0,steamspy,1608.0
Shooter,501590,Bulletstorm: Full Clip Edition,"Action, Adventure, Shooter",,,,People Can Fly,Gearbox Publishing,22.0,steamspy,1547.0
Shooter,3177970,Bioweaver,"Action, Indie, RPG, Roguelike, Shooter",,,,"Emprom Game, Wild Kid Games",Emprom Game,2.0,steamspy,1430.0
Shooter,324810,TOXIKK,"Action, Indie, Massively Multiplayer, Shooter, Strategy",,,,Reakktor Studios,Schwiezer System GmbH,48.0,steamspy,1383.0
Shooter,1979440,SAND LAND,"Action, Adventure, RPG, Racing, Shooter",,,,"ILCA, Inc.",Bandai Namco Entertainment Inc.,13.0,steamspy,1350.0
Shooter,214250,I Am Alive,"Action, Adventure, Horror, Platformer, Shooter, Survival",,,,Ubisoft  Shanghaï,Ubisoft,3.0,steamspy,1228.0
Shooter,606960,CRIMSON METAL Classic 1999,"Action, Adventure, Horror, Indie, Shooter, Simulation, Survival",,,,Madbox Entertainment,Madbox Entertainment,0.0,steamspy,1187.0
Shooter,1227690,Severed Steel,"Action, Indie, Shooter",,,,Greylock Studio,Greylock Studio,56.0,steamspy,1159.0
Shooter,2131630,METAL GEAR SOLID - Master Collection Version,"Action, Adventure, Shooter",,,,KONAMI,KONAMI,51.0,steamspy,1037.0
Shooter,1494810,Mortal Sin,"Action, Horror, Indie, RPG, Roguelike, Shooter",,,,Nikola Todorovic,Nikola Todorovic,122.0,steamspy,1030.0
Shooter,485450,Ninja Stealth,"Action, Adventure, Casual, Indie, Puzzle, Shooter, Strategy",,,,SC Jogos,SC Jogos,1.0,steamspy,1014.0
Shooter,964440,Hell is Others,"Action, Adventure, Horror, RPG, Shooter, Survival",,,,"Strelka Games, Yonder",A List Games,0.0,steamspy,937.0
Shooter,200900,Cave Story+,"Action, Adventure, Indie, Metroidvania, Platformer, Shooter",,,,"Nicalis, Inc., Studio Pixel","Nicalis, Inc.",12.0,steamspy,924.0
Shooter,3193840,OUTLAWED,"Action, Indie, Shooter",,,,Okami Studio,Okami Studio,2.0,steamspy,836.0
Shooter,335430,Grimoire: Manastorm,"Action, Indie, Shooter",,,,Omniconnection,Omniconnection,4.0,steamspy,816.0
Shooter,2111190,MULLET MADJACK,"Action, Indie, Shooter",,,,HAMMER95,"Epopeia Games, HAMMER95",25.0,steamspy,784.0
Shooter,1836550,Tap Wizard 2,"Action, RPG, Shooter, Simulation",,,,TopCog,TopCog,18.0,steamspy,743.0
Shooter,1275350,Ninja Kiwi Archive,"Action, Casual, Platformer, Shooter, Strategy, Survival, Tower Defense",,,,Ninja Kiwi,Ninja Kiwi,165.0,steamspy,738.0
Shooter,115120,Iron Brigade,"Action, Shooter, Strategy, Tower Defense",,,,Double Fine Productions,Double Fine Productions,4.0,steamspy,702.0
Shooter,574090,MOTHERGUNSHIP,"Action, Indie, Roguelike, Shooter",,,,"Terrible Posture Games, Grip Digital",Terrible Posture Games,3.0,steamspy,591.0
Shooter,3281300,DUNGEON RAZE,"Action, Casual, JRPG, Platformer, RPG, Roguelike, Shooter",,,,KOTARO YOSHIDA,KOTARO YOSHIDA,5.0,steamspy,573.0
Shooter,2400160,Glyphica: Typing Survival,"Action, Roguelike, Shooter",,,,aliasBLACK,"aliasBLACK, Squeaky Wheel",37.0,steamspy,497.0
Shooter,35130,Lara Croft and the Guardian of Light,"Action, Adventure, Platformer, Puzzle, Shooter",,,,Crystal Dynamics,Crystal Dynamics,2.0,steamspy,490.0
Shooter,714070,Entropy : Zero,"Action, Adventure, Horror, Shooter",,,,Breadman,Breadman,13.0,steamspy,467.0
Shooter,1947500,The Walking Dead: Saints & Sinners - Chapter 2: Retribution,"Action, Adventure, Horror, RPG, Shooter, Survival",,,,Skydance Interactive,Skydance Interactive,10.0,steamspy,455.0
Shooter,824600,HROT,"Action, Horror, Indie, Shooter",,,,Spytihněv,Spytihněv,1.0,steamspy,438.0
Shooter,235780,MINERVA,"Action, Adventure, Horror, Shooter, Survival",,,,Adam Foster,Adam Foster,2.0,steamspy,426.0
Shooter,893680,Project Warlock,"Action, Horror, Indie, RPG, Shooter",,,,Buckshot Software,"Retrovibe, gaming company",5.0,steamspy,378.0
Shooter,2292260,STAR WARS: Dark Forces Remaster,"Action, Adventure, Shooter",,,,"Nightdive Studios, LucasArts",Nightdive Studios,7.0,steamspy,374.0
Shooter,1263550,Combat Arms: the Classic,"Action, Massively Multiplayer, RPG, Shooter",,,,"VALOFE, NEXON",VALOFE,48.0,steamspy,371.0
Shooter,2434730,EZ-Crosshair,"Action, Adventure, Shooter",,,,Lluis Vinent,Lluis Vinent,166.0,steamspy,368.0
Shooter,366250,METAL SLUG,"Action, Adventure, Platformer, Shooter",,,,Dotemu,SNK CORPORATION,14.0,steamspy,354.0
Shooter,2124780,Endoparasitic,"Action, Adventure, Horror, Puzzle, Shooter, Survival",,,,Deep Root Interactive,Deep Root Interactive,0.0,steamspy,346.0
Shooter,422970,Devil Daggers,"Action, Horror, Indie, Shooter, Survival",,,,Sorath,Sorath,29.0,steamspy,326.0
Shooter,880950,Maitetsu:Pure Station,"Adventure, Shooter, Simulation, Visual Novel",,,,Lose,HIKARI FIELD,13.0,steamspy,306.0
Shooter,1901200,FPS Game: Dev Test,"Action, Indie, Shooter",,,,jackal_dev_test,jackal_dev_test,1.0,steamspy,301.0
Shooter,995050,Havocado: Ragdoll Fighter,"Action, Fighting, Indie, Shooter",,,,Webble Games,Webble Games,0.0,steamspy,289.0
Shooter,1409200,HYPERVIOLENT,"Action, Horror, RPG, Shooter, Survival",,,,"nfoPRINCE, Terminist Arcade",Fulqrum Publishing,3.0,steamspy,283.0
Shooter,1694600,THE HOUSE OF THE DEAD: Remake,"Action, Horror, Shooter",,,,MegaPixel Studio S. A.,Forever Entertainment S. A.,5.0,steamspy,261.0
Shooter,2314160,Tactical Assault VR,"Action, Shooter, Simulation",,,,HammerFire Interactive,2080 Games,43.0,steamspy,255.0
Shooter,1640300,Project Warlock II,"Action, Shooter",,,,Buckshot Software,Retrovibe,6.0,steamspy,247.0
Shooter,10130,TimeShift,"Action, Shooter",,,,Saber Interactive,Activision,1.0,steamspy,204.0
Shooter,495050,Mega Man Legacy Collection 2,"Action, Platformer, Shooter",,,,"CAPCOM CO., LTD","CAPCOM CO., LTD",27.0,steamspy,180.0
Shooter,1872680,The Knight Witch,"Action, Adventure, Card & Board, Metroidvania, Shooter",,,,Super Mega Team,Team17,5.0,steamspy,167.0
Shooter,1378290,The Citadel,"Action, Casual, Indie, Shooter",,,,"doekuramori, Top Hat Studios Inc","doekuramori, Top Hat Studios Inc",7.0,steamspy,152.0
Shooter,1633370,Boat Crew,"Action, RPG, Shooter, Simulation, Strategy",,,,Tabbing Tabby,MicroProse Software,15.0,steamspy,148.0
Shooter,32380,STAR WARS Jedi Knight: Dark Forces II,"Action, Adventure, Shooter",,,,LucasArts,"LucasArts, Lucasfilm, Disney",5.0,steamspy,146.0
Shooter,1576240,The Shadow of Yidhra,"Action, Adventure, JRPG, Platformer, RPG, Shooter",,,,WhitePeach,WhitePeach,3.0,steamspy,141.0
Shooter,1155590,Warplanes: WW1 Sky Aces,"Action, Indie, Shooter",,,,Home Net Games,Home Net Games,2.0,steamspy,139.0
Shooter,1524630,KeepUp Survival,"Action, Adventure, Shooter, Simulation, Survival",,,,Witte Studio,Witte Studio,3.0,steamspy,133.0
Shooter,2609610,CONVRGENCE,"Action, Adventure, Horror, Shooter, Survival",,,,Monkey-With-a-Bomb,Monkey-With-a-Bomb,7.0,steamspy,127.0
Shooter,853770,Maximum Action,"Action, Indie, Shooter",,,,George Mandell,Balloon Moose Games,6.0,steamspy,123.0
Shooter,377260,Unearned Bounty,"Action, Indie, Shooter",,,,Extrokold Games,Extrokold Games,1.0,steamspy,121.0
Simulation,222880,Insurgency,"Action, Adventure, Indie, Shooter, Simulation, Strategy",,,,New World Interactive,New World Interactive,133.0,steamspy,121264.0
Simulation,1665460,eFootball,"Simulation, Sports",,,,KONAMI,KONAMI,8205.0,steamspy,27475.0
Simulation,1401590,Disney Dreamlight Valley,"Adventure, Casual, Simulation",,,,Gameloft,Gameloft,3080.0,steamspy,14314.0
Simulation,871720,Ultimate Custom Night,"Action, Horror, Indie, Simulation, Strategy, Survival",,,,Scott Cawthon,Scott Cawthon,133.0,steamspy,11094.0
Simulation,2399420,Le Mans Ultimate,"Racing, Simulation",,,,Studio 397,Studio 397,764.0,steamspy,8306.0
Simulation,942970,Unheard - Voices of Crime,"Horror, Indie, Puzzle, RPG, Simulation",,,,NEXT Studios,"NEXT Studios, 505 Games",36.0,steamspy,7624.0
Simulation,375910,Anno 2205,"4X, City Builder, Simulation, Strategy",,,,Blue Byte,Ubisoft,55.0,steamspy,7401.0
Simulation,1048370,Idle Skilling,"Casual, Indie, Simulation","15 Sep, 2022",True,,Lavaflame2,Lavaflame2,195.0,appdetails,6406.0
Simulation,2429860,Living With Sister: Monochrome Fantasy,"Horror, Indie, JRPG, RPG, Simulation, Visual Novel",,,,Inusuku,Kagura Games,94.0,steamspy,6246.0
Simulation,921570,OCTOPATH TRAVELER,"Adventure, Casual, JRPG, RPG, Simulation, Strategy",,,,"Square Enix, ACQUIRE Corp.",Square Enix,302.0,steamspy,6098.0
Simulation,1001270,Kebab Chefs! - Restaurant Simulator,"RPG, Simulation",,,,Biotech Gameworks,Biotech Gameworks,55.0,steamspy,5159.0
Simulation,1397920,Mr.Mine,"Adventure, Casual, Indie, RPG, Simulation, Strategy",,,,Playsaurus,Playsaurus,663.0,steamspy,5093.0
Simulation,2194530,Yog-Sothoth’s Yard,"City Builder, Horror, JRPG, RPG, Simulation, Strategy, Visual Novel",,,,Bone Nail,"Bone Nail, Shochiku (Japan)",107.0,steamspy,4971.0
Simulation,1239020,TOGETHER BnB,"Adventure, Casual, Indie, RPG, Simulation, Visual Novel",,,,AURORA Games,AURORA Games,57.0,steamspy,4910.0
Simulation,236370,Interstellar Marines,"Action, Horror, Indie, RPG, Shooter, Simulation",,,,Zero Point Software,Zero Point Software,0.0,steamspy,4398.0
Simulation,220160,Trials Evolution: Gold Edition,"Action, Platformer, Racing, Simulation, Sports",,,,"Redlynx Ltd, Ubisoft  Shanghaï",Ubisoft,7.0,steamspy,4300.0
Simulation,1009560,The Tenants,"Casual, City Builder, Indie, Simulation, Strategy",,,,Ancient Forge,Frozen District,106.0,steamspy,4258.0
Simulation,496300,Kingdom: New Lands,"Adventure, Simulation, Strategy, Survival, Tower Defense",,,,Noio,Raw Fury,58.0,steamspy,3495.0
Simulation,1457320,Techtonica,"City Builder, Simulation, Strategy",,,,Fire Hose Games,Fire Hose Games,46.0,steamspy,3442.0
Simulation,298630,The Escapists,"Action, Adventure, Indie, Simulation, Strategy","13 Feb, 2015",False,"₩ 19,000",Mouldy Toof Studios,Team17,28.0,appdetails,3295.0
Simulation,490110,The Precinct,"Action, Shooter, Simulation",,,,Fallen Tree Games Ltd,Kwalee,97.0,steamspy,3221.0
Simulation,629820,Maneater,"Action, Adventure, RPG, Simulation",,,,Tripwire Interactive,Tripwire Interactive,199.0,steamspy,2811.0
Simulation,466170,Idling to Rule the Gods,"Casual, Indie, RPG, Simulation, Strategy",,,,Shugasu GmbH,Shugasu GmbH,1115.0,steamspy,2771.0
Simulation,868360,Project Hospital,"City Builder, Indie, Simulation, Strategy",,,,Oxymoron Games,Oxymoron Games,239.0,steamspy,2648.0
Simulation,581980,Candy Machine,"Casual, Indie, Puzzle, Simulation, Strategy",,,,Colossal Wreck,Colossal Wreck,0.0,steamspy,2176.0
Simulation,895870,Project Wingman,"Action, Indie, Shooter, Simulation",,,,Sector D2,"Sector D2, Humble Games",139.0,steamspy,2089.0
Simulation,861650,Session: Skate Sim,"Action, Indie, Simulation, Sports, Strategy",,,,crea-ture Studios Inc.,Nacon,289.0,steamspy,1743.0
Simulation,2228280,MEMORIAPOLIS,"City Builder, Indie, Simulation, Strategy",,,,5PM Studio,5PM Studio,8.0,steamspy,1657.0
Simulation,388090,Five Nights at Freddy's 4,"Action, Horror, Indie, Simulation, Strategy, Survival",,,,Scott Cawthon,Scott Cawthon,38.0,steamspy,1637.0
Simulation,599460,Weapon Shop Fantasy,"Adventure, Casual, Indie, RPG, Simulation",,,,INDIECN,INDIECN,28.0,steamspy,1591.0
Simulation,34830,Sniper: Ghost Warrior,"Action, Adventure, Shooter, Simulation",,,,City Interactive,CI Games,28.0,steamspy,1586.0
Simulation,496240,Onward,"Action, Indie, Shooter, Simulation, Sports",,,,Downpour Interactive,Downpour Interactive,24.0,steamspy,1576.0
Simulation,239840,Dead State: Reanimated,"Horror, Indie, RPG, Simulation, Strategy, Survival",,,,DoubleBear Productions,DoubleBear Productions,5.0,steamspy,1408.0
Simulation,1150640,Yu-Gi-Oh! Legacy of the Duelist : Link Evolution,"Card & Board, Puzzle, Simulation, Strategy",,,,Other Ocean Emeryville,KONAMI,122.0,steamspy,1219.0
Simulation,817840,Max Gentlemen Sexy Business!,"Indie, Simulation, Visual Novel",,,,The Men Who Wear Many Hats,The Men Who Wear Many Hats,6.0,steamspy,1079.0
Simulation,678900,Farmer's Dynasty,"Casual, RPG, Simulation, Strategy",,,,UMEO Studios,Toplitz Productions,32.0,steamspy,1016.0
Simulation,1690730,Incremental Cubes,"RPG, Simulation",,,,"Idle System, Inc.","Idle System, Inc.",60.0,steamspy,1015.0
Simulation,1681060,Exogate Initiative,"4X, City Builder, Simulation, Strategy",,,,Xeno Bits,Xeno Bits,31.0,steamspy,949.0
Simulation,2604480,City Transport Simulator,Simulation,,,,ViewApp,ViewApp,9.0,steamspy,941.0
Simulation,591460,Parkasaurus,"Adventure, Casual, City Builder, Simulation, Strategy",,,,Washbear Studio,Washbear Studio,25.0,steamspy,937.0
Simulation,469610,Rick and Morty: Virtual Rick-ality,"Adventure, Horror, Indie, Puzzle, Simulation",,,,Owlchemy Labs,Adult Swim Games,7.0,steamspy,926.0
Simulation,254440,Pool Nation,"Casual, Indie, Simulation, Sports, Strategy",,,,Cherry Pop Games,Cherry Pop Games,6.0,steamspy,823.0
Simulation,1118310,RetroArch,"Adventure, RPG, Simulation",,,,Libretro,Libretro,504.0,steamspy,817.0
Simulation,726110,Overcrowd: A Commute 'Em Up,"City Builder, Indie, Simulation, Strategy, Survival",,,,SquarePlay Games,SquarePlay Games,12.0,steamspy,802.0
Simulation,568570,Force of Nature,"Action, Adventure, Indie, RPG, Simulation, Strategy, Survival",,,,A.Y.std,A.Y.std,6.0,steamspy,798.0
Simulation,735280,EMERGENCY 20,"Action, Adventure, Simulation, Strategy",,,,Sixteen Tons Entertainment,Sixteen Tons Entertainment,15.0,steamspy,754.0
Simulation,792100,7 Billion Humans,"Casual, Indie, Puzzle, Simulation",,,,Tomorrow Corporation,Tomorrow Corporation,11.0,steamspy,701.0
Simulation,2734450,Folie Fatale,"Adventure, Horror, Indie, Simulation, Visual Novel",,,,Kanmidoko (神海処),346lab Localization,6.0,steamspy,670.0
Simulation,1031120,Bakery Simulator,"Casual, Indie, Simulation",,,,Live Motion Games,"Ultimate Games S.A., Gaming Factory",9.0,steamspy,640.0
Simulation,1390190,APICO,"Casual, Indie, Simulation",,,,"ellraiser, TNgineers",Whitethorn Games,47.0,steamspy,635.0
Simulation,833040,Hiveswap Friendsim,"Adventure, Casual, Horror, Indie, RPG, Simulation, Visual Novel",,,,"What Pumpkin Games, Inc.",Fellow Traveller,7.0,steamspy,634.0
Simulation,1931010,Spirittea,"Adventure, RPG, Simulation",,,,Cheesemaster Games,No More Robots,16.0,steamspy,603.0
Simulation,1705180,"Gunner, HEAT, PC!","Action, Shooter, Simulation",,,,Radian Simulations LLC,Radian Simulations LLC,91.0,steamspy,593.0
Simulation,3441460,Fuel Harvest Together,"Casual, Simulation",,,,Say2Sun,Grejuva,19.0,steamspy,590.0
Simulation,1250790,Crafting Idle Clicker,"Casual, Indie, Simulation, Strategy",,,,Bling Bling Games GmbH,Bling Bling Games GmbH,73.0,steamspy,586.0
Simulation,839200,SpedV,Simulation,,,,Freie Programme Hohenstein,Freie Programme Hohenstein,27.0,steamspy,561.0
Simulation,2533960,SUMMERHOUSE,"Casual, City Builder, Indie, Simulation, Strategy",,,,Friedemann,Future Friends Games,3.0,steamspy,525.0
Simulation,1342890,Who Needs a Hero?,"Action, Adventure, Casual, Indie, RPG, Simulation",,,,"Henrique Faitta Chitolina, Pidro Soft",Baby Stone Studios,3.0,steamspy,498.0
Simulation,3357250,Corner Kitchen Fast Food Simulator,"Adventure, Casual, Simulation",,,,Purple Heads Games,Purple Heads Games,16.0,steamspy,492.0
Simulation,2649080,Coffee Caravan,"Action, Casual, Simulation, Strategy",,,,Broccoli Games,Broccoli Games,14.0,steamspy,486.0
Simulation,1307710,GRID Legends,"Action, Racing, Simulation, Sports",,,,Codemasters,Electronic Arts,45.0,steamspy,455.0
Simulation,634160,Cattails | Become a Cat!,"Casual, RPG, Simulation, Survival",,,,Falcon Development,Falcon Development,9.0,steamspy,433.0
Simulation,952040,MUSYNX,"Action, Casual, Indie, Racing, Simulation, Visual Novel",,,,I-Inferno,Wave Game,21.0,steamspy,424.0
Simulation,550320,art of rally,"Action, Indie, Racing, Simulation, Sports",,,,Funselektor Labs Inc.,Funselektor Labs Inc.,44.0,steamspy,421.0
Simulation,1859360,Dungeon Village,"Casual, City Builder, Platformer, Simulation",,,,"Kairosoft Co., Ltd","Kairosoft Co., Ltd",8.0,steamspy,412.0
Simulation,3615160,Teddy's Haven - A Fantasy Inspired Shop Simulator,"Casual, RPG, Simulation",,,,Teddy Bear Games LLC,Teddy Bear Games LLC,119.0,steamspy,388.0
Simulation,936720,Wrench,"Adventure, Indie, Racing, Simulation",,,,Missing Digit,Missing Digit,20.0,steamspy,387.0
Simulation,1330660,Train Life: A Railway Simulator,"Casual, Simulation, Strategy",,,,Simteract,Nacon,5.0,steamspy,386.0
Simulation,2445340,Love n Life: Lucky Teacher,"Casual, Horror, JRPG, RPG, Simulation, Visual Novel",,,,Reborn Entertainment,Reborn Entertainment,6.0,steamspy,367.0
Simulation,1252000,GOAL! The Club Manager,"Simulation, Sports, Strategy",,,,2tainment,2tainment,3.0,steamspy,360.0
Simulation,788770,Meteor 60 Seconds!,"Action, Casual, Horror, Indie, Simulation",,,,AvoCavo,AvoCavo,2.0,steamspy,346.0
Simulation,2109270,Preserve,"Card & Board, Casual, City Builder, Puzzle, Simulation, Strategy",,,,Bitmap Galaxy,Grindstone,11.0,steamspy,336.0
Simulation,1428100,Instruments of Destruction,"Action, Adventure, Casual, Racing, Shooter, Simulation",,,,Radiangames,Secret Mode,8.0,steamspy,335.0
Simulation,712730,SIMULACRA,"Adventure, Horror, Puzzle, Simulation, Visual Novel",,,,Kaigan Games OÜ,"Kaigan Games OÜ, Neon Doctrine",11.0,steamspy,333.0
Simulation,403120,THE GAME OF LIFE,"Adventure, Card & Board, Casual, Horror, Simulation, Strategy",,,,Marmalade Game Studio Ltd,Marmalade Game Studio Ltd,8.0,steamspy,325.0
Simulation,1477700,Project Wunderwaffe,"Action, Adventure, Simulation, Strategy, Survival",,,,Weasel Games,Weasel Games,2.0,steamspy,307.0
Simulation,492090,A-Train PC Classic,"City Builder, Simulation, Strategy",,,,ARTDINK,"STUDIOARTDINK, KOMODO",18.0,steamspy,306.0
Simulation,250600,The Plan,"Adventure, Casual, Indie, Simulation",,,,Krillbite Studio,Krillbite Studio,1.0,steamspy,298.0
Simulation,2517200,Repair this!,"Adventure, Casual, Simulation",,,,HGISoft,HGISoft,1.0,steamspy,284.0
Simulation,1087270,Franchise Hockey Manager 6,"Indie, Simulation, Sports, Strategy",,,,"Out of the Park Developments, Minos Games",Out of the Park Developments,1.0,steamspy,280.0
Simulation,29180,Osmos,"Casual, Indie, Puzzle, Simulation, Strategy",,,,Hemisphere Games,Hemisphere Games,2.0,steamspy,268.0
Simulation,1573630,Choice of Life: Middle Ages 2,"Adventure, Card & Board, Casual, Indie, RPG, Roguelike, Simulation, Strategy",,,,Blazing Planet Studio,Blazing Planet Studio,0.0,steamspy,257.0
Simulation,2240790,Sucker for Love: Date to Die For,"Horror, RPG, Simulation, Visual Novel",,,,Akabaka,DreadXP,4.0,steamspy,253.0
Simulation,2484130,Fruitbus,"Adventure, Casual, Indie, Simulation",,,,Krillbite Studio,"Krillbite Studio, The Iterative Collective",30.0,steamspy,250.0
Simulation,1947950,Boxing Gym Story,"Casual, City Builder, Indie, Platformer, Simulation, Sports, Strategy",,,,"Kairosoft Co., Ltd","Kairosoft Co., Ltd",1.0,steamspy,245.0
Simulation,2673490,Seifuku Kanojo,"Adventure, Casual, Platformer, Simulation, Visual Novel",,,,Entergram,HIKARI PULSE,3.0,steamspy,238.0
Simulation,2429350,myPOPGOES,"Casual, Horror, Puzzle, Simulation, Survival",,,,Kane Carter,Clickteam,0.0,steamspy,218.0
Simulation,2429190,Amerzone - The Explorer's Legacy,"Action, Adventure, Puzzle, Simulation",,,,Microids Studio Paris,Microids,4.0,steamspy,208.0
Simulation,834280,Fishing Sim World: Pro Tour,"Action, Adventure, Casual, Simulation, Sports, Strategy",,,,Dovetail Games,Dovetail Games,7.0,steamspy,207.0
Simulation,824720,Pure Rock Crawling,"Adventure, Racing, Simulation, Sports",,,,Maciej Kuzianik,Maciej Kuzianik,3.0,steamspy,194.0
Simulation,754500,Plutocracy,"Indie, RPG, Simulation, Strategy",,,,Redwood,Redwood,15.0,steamspy,162.0
Simulation,1168880,MOLEK-SYNTEZ,"Indie, Puzzle, Simulation",,,,Zachtronics,Zachtronics,7.0,steamspy,161.0
Simulation,2449430,Incremental Factory,"Casual, Simulation, Strategy",,,,Significant Steak,Significant Steak,2.0,steamspy,150.0
Simulation,1627350,DEAD LETTER DEPT.,"Adventure, Horror, Simulation",,,,"Mike Monroe, Belief Engine",Belief Engine,9.0,steamspy,149.0
Simulation,1187510,Rock Simulator,"Casual, Horror, Indie, Platformer, Puzzle, Simulation, Sports",,,,vinoo,vinoo,26.0,steamspy,136.0
Simulation,2520410,Dragons Legacy,"Indie, Simulation",,,,Beawesome Games,Beawesome Games,6.0,steamspy,131.0
Simulation,1502380,Combat Mission Black Sea,"Simulation, Strategy",,,,Battlefront,Matrix Games,11.0,steamspy,129.0
Simulation,3440120, Knights of the Crusades,"4X, Action, City Builder, Indie, Simulation, Strategy, Survival",,,,Reverie World Studios,indie.io,3.0,steamspy,124.0
Simulation,2505570,Burger Shop 3,"Action, Casual, Simulation",,,,GoBit Games,GoBit Games,59.0,steamspy,116.0
Simulation,1803390,Bounty: Drag Racing,"Action, Massively Multiplayer, Racing, Simulation, Sports",,,,KODgames,KODgames,35.0,steamspy,111.0
Sports,359550,Tom Clancy's Rainbow Six Siege,"Action, Shooter, Sports, Strategy",,,,Ubisoft Montreal,Ubisoft,31402.0,steamspy,200476.0
Sports,1100600,Football Manager 2020,"Simulation, Sports, Strategy",,,,Sports Interactive,SEGA,514.0,steamspy,189230.0
Sports,2669320,EA SPORTS FC 25,"Simulation, Sports",,,,"EA Canada, EA Romania",Electronic Arts,8811.0,steamspy,108534.0
Sports,1263850,Football Manager 2021,"Simulation, Sports, Strategy",,,,Sports Interactive,SEGA,569.0,steamspy,93775.0
Sports,1569040,Football Manager 2022,"Simulation, Sports, Strategy",,,,Sports Interactive,SEGA,875.0,steamspy,88706.0
Sports,1222680,Need for Speed Heat,"Action, Adventure, Racing, Sports",,,,Ghost Games,Electronic Arts,1054.0,steamspy,85230.0
Sports,378120,Football Manager 2016,"Simulation, Sports, Strategy",,,,SPORTS INTERACTIVE,SEGA,138.0,steamspy,82554.0
Sports,295270,Football Manager 2015,"Simulation, Sports, Strategy",,,,Sports Interactive,SEGA,144.0,steamspy,81485.0
Sports,436150,Governor of Poker 3,"Card & Board, Casual, Massively Multiplayer, Simulation, Sports, Strategy",,,,Playtika Ltd.,Playtika Ltd.,389.0,steamspy,53881.0
Sports,1778820,TEKKEN 8,"Action, Casual, Fighting, Sports",,,,Bandai Namco Studios Inc.,Bandai Namco Entertainment,4404.0,steamspy,46139.0
Sports,678950,DRAGON BALL FighterZ,"Action, Adventure, Fighting, Sports",,,,Arc System Works,Bandai Namco Entertainment,1288.0,steamspy,44234.0
Sports,321040,DiRT 3 Complete Edition,"Action, Racing, Simulation, Sports",,,,"Codemasters Racing Studio, Feral Interactive (Mac)","Codemasters, Feral Interactive (Mac)",15.0,steamspy,40603.0
Sports,44350,GRID 2,"Action, Casual, Racing, Simulation, Sports",,,,Codemasters Racing,Codemasters,28.0,steamspy,25574.0
Sports,611500,Quake Champions,"Action, Horror, Shooter, Sports",,,,id Software,Bethesda Softworks,97.0,steamspy,17332.0
Sports,310950,Street Fighter V,"Action, Fighting, Sports",,,,"CAPCOM Co., Ltd.","CAPCOM Co., Ltd.",142.0,steamspy,13807.0
Sports,234710,Poker Night 2,"Card & Board, Casual, Simulation, Sports, Strategy",,,,Telltale Games,Telltale Games,33.0,steamspy,11178.0
Sports,339610,Freestyle 2: Street Basketball,"Action, Casual, Massively Multiplayer, Platformer, Simulation, Sports, Strategy",,,,JOYCITY,JOYCITY,98.0,steamspy,10305.0
Sports,370240,NBA 2K16,"Action, RPG, Simulation, Sports",,,,Visual Concepts,2K,26.0,steamspy,9172.0
Sports,2315690,WWE 2K24,"Casual, Fighting, Simulation, Sports",,,,Visual Concepts,2K,133.0,steamspy,8721.0
Sports,223670,F1 2013,"Action, Racing, Simulation, Sports",,,,"Codemasters Birmingham, Feral Interactive (Mac)","Codemasters, Feral Interactive (Mac)",3.0,steamspy,8396.0
Sports,1372810,Teamfight Manager,"Indie, Simulation, Sports, Strategy",,,,Team Samoyed,Team Samoyed,60.0,steamspy,8048.0
Sports,2290180,Riders Republic,"Massively Multiplayer, Racing, Sports",,,,"Ubisoft Annecy, Ubisoft Belgrade, Ubisoft Kyiv, Ubisoft Pune, Ubisoft Odesa",Ubisoft Entertainment,184.0,steamspy,8043.0
Sports,2157560,Granblue Fantasy Versus: Rising,"Action, Fighting, JRPG, RPG, Sports",,,,"Cygames, Inc., Arc System Works","Cygames, Inc.",458.0,steamspy,7029.0
Sports,1451190,Undisputed,"Action, Fighting, Simulation, Sports",,,,Steel City Interactive,Deep Silver,604.0,steamspy,6858.0
Sports,415200,Motorsport Manager,"Action, Racing, Simulation, Sports, Strategy",,,,Playsport Games,Miniclip,162.0,steamspy,6196.0
Sports,2878960,WWE 2K25,"Fighting, Simulation, Sports",,,,Visual Concepts,2K,1198.0,steamspy,5719.0
Sports,1278540,Esports Godfather,"Card & Board, Casual, Indie, RPG, Simulation, Sports, Strategy",,,,Asteroid Game Studio,Asteroid Game Studio,234.0,steamspy,5141.0
Sports,2012510,Stormgate,"Action, Sports, Strategy",,,,Frost Giant Studios,Frost Giant Studios,18.0,steamspy,4456.0
Sports,375960,Pro Evolution Soccer 2016,"Action, Adventure, Simulation, Sports",,,,Konami Digital Entertainment,Konami Digital Entertainment,8.0,steamspy,4246.0
Sports,287680,Pro Evolution Soccer 2015,"Action, Simulation, Sports",,,,KONAMI Digital Entertainment,KONAMI Digital Entertainment,6.0,steamspy,4053.0
Sports,981890,Olympic Games Tokyo 2020 – The Official Video Game,"Casual, Sports",,,,SEGA,SEGA,2.0,steamspy,4022.0
Sports,1196470,WE ARE FOOTBALL,"Simulation, Sports, Strategy",,,,Winning Streak Games,THQ Nordic,12.0,steamspy,3822.0
Sports,2698940,The Crew Motorfest,"Racing, Simulation, Sports",,,,Ubisoft Ivory Tower,Ubisoft,910.0,steamspy,3724.0
Sports,520440,GUILTY GEAR Xrd REV 2,"Action, Fighting, Sports",,,,Arc System Works,Arc System Works,76.0,steamspy,3413.0
Sports,525920,Pro Cycling Manager 2017,"Simulation, Sports",,,,Cyanide Studio,Focus Entertainment,6.0,steamspy,3305.0
Sports,1153410,JDM: Japanese Drift Master,"Casual, Racing, Simulation, Sports",,,,Gaming Factory,"Gaming Factory, 4Divinity",240.0,steamspy,3230.0
Sports,417430,Moto Racer  4,"Action, Racing, Sports",,,,Artefacts Studio,Microids,2.0,steamspy,2988.0
Sports,571740,Golf It!,"Casual, Indie, Simulation, Sports, Strategy",,,,Perfuse Entertainment,Perfuse Entertainment,383.0,steamspy,2826.0
Sports,2063610,Pro Cycling Manager 2023,"Racing, Simulation, Sports, Strategy",,,,Cyanide Studio,Nacon,19.0,steamspy,2746.0
Sports,702890,BlazBlue: Cross Tag Battle,"Action, Fighting, Sports",,,,Arc System Works,Arc System Works,27.0,steamspy,2746.0
Sports,393430,Ice Lakes,"Casual, Indie, Simulation, Sports",,,,Iceflake Studios,Paradox Interactive,1.0,steamspy,2581.0
Sports,468920,Ultimate Fishing Simulator,"Casual, Simulation, Sports",,,,"Pancake Games, Bit Golem",Ultimate Games S.A.,45.0,steamspy,2476.0
Sports,2494350,Pro Cycling Manager 2024,"Adventure, Simulation, Sports",,,,Cyanide Studio,Nacon,48.0,steamspy,2440.0
Sports,618140,Barro,"Adventure, Card & Board, Casual, Indie, Racing, Simulation, Sports",,,,SC Jogos,SC Jogos,11.0,steamspy,2284.0
Sports,1477590,EZ2ON REBOOT : R,"Action, Casual, Sports",,,,"Neonovice Co., Ltd., SQUARE PIXELS","Neonovice Co., Ltd.",50.0,steamspy,2243.0
Sports,523150,Mahjong World Contest (麻将),"Card & Board, Casual, Indie, Puzzle, Sports, Strategy",,,,Creobit,8Floor,1.0,steamspy,2231.0
Sports,371460,Gnumz: Masters of Defense,"Action, Adventure, Casual, RPG, Simulation, Sports, Strategy, Tower Defense, Visual Novel",,,,Creobit,8Floor,0.0,steamspy,2056.0
Sports,1263860,Football Manager 2021 Touch,"Simulation, Sports",,,,Sports Interactive,SEGA,57.0,steamspy,1951.0
Sports,681280,Descenders,"Action, Racing, Simulation, Sports",,,,RageSquid,No More Robots,151.0,steamspy,1942.0
Sports,2334220,Home Sweet Home : Online,"Action, Horror, Indie, Sports, Strategy, Survival",,,,YGGDRAZIL GROUP PUBLIC COMPANY LIMITED,Shift Now,0.0,steamspy,1926.0
Sports,266410,iRacing,"Action, Massively Multiplayer, Racing, Simulation, Sports",,,,"iRacing.com Motorsport Simulations, iRacing","iRacing.com Motorsport Simulations, iRacing",406.0,steamspy,1901.0
Sports,2486740,Sledders,"Racing, Simulation, Sports",,,,Hanki Games,Bonus Stage Publishing,144.0,steamspy,1856.0
Sports,365960,rFactor 2,"Racing, Simulation, Sports",,,,Studio 397,Studio 397,135.0,steamspy,1758.0
Sports,1447000,MotoGP21,"Racing, Simulation, Sports",,,,Milestone S.r.l.,Milestone S.r.l.,9.0,steamspy,1731.0
Sports,3116890,Out of the Park Baseball 26,"Card & Board, Simulation, Sports, Strategy",,,,Out of the Park Developments,Out of the Park Developments,1503.0,steamspy,1676.0
Sports,673560,IOSoccer,"Indie, Massively Multiplayer, Sports",,,,IOSoccer Team,IOSoccer Team,25.0,steamspy,1170.0
Sports,1990740,Barro GT,"Casual, Indie, Racing, Simulation, Sports",,,,SC Jogos,SC Jogos,39.0,steamspy,1147.0
Sports,388750,BlazBlue: Chronophantasma Extend,"Action, Fighting, Sports, Visual Novel",,,,Arc System Works,"H2 Interactive Co., Ltd.",5.0,steamspy,1086.0
Sports,1389990,Oblivity - Find your perfect Sensitivity,"Action, Adventure, Indie, Shooter, Simulation, Sports",,,,Poly Games,Poly Games,25.0,steamspy,1020.0
Sports,301120,Eastside Hockey Manager,"Simulation, Sports, Strategy",,,,Sports Interactive,SEGA,125.0,steamspy,964.0
Sports,994910,Poker Master,"Card & Board, Massively Multiplayer, Simulation, Sports, Strategy",,,,NGIN LIMITED,NGIN LIMITED,159.0,steamspy,858.0
Sports,576740,FootRock 2,"Action, Indie, Sports",,,,nobodyshot,nobodyshot,0.0,steamspy,834.0
Sports,58520,Blood Bowl - Legendary Edition,"Action, Card & Board, RPG, Sports, Strategy",,,,Cyanide Studios,Cyanide Studios,1.0,steamspy,834.0
Sports,410340,Liftoff: FPV Drone Racing,"Indie, Racing, Simulation, Sports",,,,LuGus Studios,LuGus Studios,279.0,steamspy,826.0
Sports,1710580,MotoGP22,"Racing, Simulation, Sports",,,,Milestone S.r.l.,Milestone S.r.l.,13.0,steamspy,670.0
Sports,1072480,The Fisherman - Fishing Planet,"Adventure, Casual, Massively Multiplayer, Simulation, Sports",,,,Fishing Planet LLC,Fishing Planet LLC,6.0,steamspy,637.0
Sports,1474740,Horse Tales: Emerald Valley Ranch,"Action, Adventure, Casual, Simulation, Sports",,,,Aesir Interactive,Microids,4.0,steamspy,598.0
Sports,641960,BOXVR,"Action, Casual, Indie, Sports",,,,FitXR,FitXR,0.0,steamspy,572.0
Sports,488310,Eleven Table Tennis,"Casual, Simulation, Sports",,,,For Fun Labs,For Fun Labs,5.0,steamspy,547.0
Sports,1701380,Cricket 22,"Horror, Simulation, Sports",,,,Big Ant Studios,Nacon,21.0,steamspy,508.0
Sports,645260,Trophy Fishing 2,"Casual, Simulation, Sports",,,,Overgroup,Overgroup,102.0,steamspy,490.0
Sports,1044620,Aokana - Four Rhythms Across the Blue,"Adventure, Casual, Sports, Visual Novel",,,,"sprite, NekoNyan Ltd.","NekoNyan Ltd., HIKARI FIELD",31.0,steamspy,447.0
Sports,1072500,AO Tennis 2,"Action, Simulation, Sports",,,,Big Ant Studios,Nacon,17.0,steamspy,427.0
Sports,429780,Bunny Hop League,"Indie, Sports",,,,PolyDigital,PolyDigital,1.0,steamspy,421.0
Sports,399820,Kopanito All-Stars Soccer,"Action, Indie, Sports",,,,Merixgames,Merixgames,0.0,steamspy,413.0
Sports,314520,Euro Fishing,"Action, Simulation, Sports",,,,Dovetail Games,Dovetail Games,0.0,steamspy,406.0
Sports,626680,Kreedz Climbing,"Action, Indie, Platformer, Racing, Sports",,,,ObsessionSoft,ObsessionSoft,0.0,steamspy,376.0
Sports,505740,Eximius: Seize the Frontline,"Action, Shooter, Sports, Strategy",,,,Ammobox Studios,Ammobox Studios,2.0,steamspy,320.0
Sports,1726120,Cursed to Golf,"Action, Adventure, Platformer, Sports",,,,Chuhai Labs,Thunderful Publishing,4.0,steamspy,310.0
Sports,336250,Monster Jam Battlegrounds,"Action, Racing, Sports",,,,Team6 game studios B.V.,GameMill Entertainment,0.0,steamspy,298.0
Sports,2051120,HOT WHEELS UNLEASHED 2 - Turbocharged,"Action, Adventure, Racing, Simulation, Sports",,,,Milestone S.r.l.,Milestone S.r.l.,39.0,steamspy,296.0
Sports,3170410,Backyard Soccer '98,"Casual, Simulation, Sports",,,,Mega Cat Studios,Playground Productions,5.0,steamspy,267.0
Sports,240600,MotoGP13,"Action, Racing, Simulation, Sports",,,,Milestone S.r.l.,"Plug In Digital, Milestone S.r.l.",3.0,steamspy,255.0
Sports,1082180,TT Isle of Man: Ride on the Edge 2,"Action, RPG, Racing, Simulation, Sports",,,,KT Racing,Nacon,6.0,steamspy,250.0
Sports,2581370,Monster Energy Supercross 25 - The Official Video Game,"Racing, Sports",,,,Milestone S.r.l.,Milestone S.r.l.,19.0,steamspy,228.0
Sports,2564660,Frontline 1942: Battles of the World War 2,"Action, Adventure, Massively Multiplayer, Shooter, Simulation, Sports",,,,XDEVS LTD,XDEVS LTD,26.0,steamspy,214.0
Sports,1452830,Disc Space,"Massively Multiplayer, Sports",,,,Vadim Slyusarev,Vadim Slyusarev,4.0,steamspy,193.0
Sports,335070,VRC PRO,"Action, Casual, Indie, Racing, Simulation, Sports",,,,Virtual Racing Industries Ltd.,Virtual Racing Industries Ltd.,31.0,steamspy,192.0
Sports,1610470,MXGP 2021 - The Official Motocross Videogame,"Racing, Simulation, Sports",,,,Milestone S.r.l.,Milestone S.r.l.,23.0,steamspy,190.0
Sports,1488560,Football Simulator,"Simulation, Sports",,,,Refactor Games,Refactor Games,33.0,steamspy,181.0
Sports,922500,KILL la KILL -IF,"Action, Fighting, Sports",,,,"Arc System Works, APLUS Co., Ltd.",Arc System Works,1.0,steamspy,175.0
Sports,1924170,TT Isle Of Man: Ride on the Edge 3,"Action, Racing, Simulation, Sports",,,,Nacon Studio Milan,Nacon,9.0,steamspy,175.0
Sports,1040430,Adventure Climb VR,"Action, Adventure, Casual, Platformer, Puzzle, Simulation, Sports",,,,MXTreality,MXTreality,1.0,steamspy,164.0
Sports,1076640,Cricket Captain 2019,"Simulation, Sports",,,,Childish Things Ltd,Childish Things Ltd,0.0,steamspy,159.0
Sports,394260,Dance Magic,"Action, Casual, Simulation, Sports",,,,Targem Games,Targem Games,1.0,steamspy,149.0
Sports,671620,Beast Battle Simulator,"Action, Casual, Indie, Simulation, Sports, Strategy",,,,DOG HOGGLER,DOG HOGGLER,0.0,steamspy,137.0
Sports,940580,FIA European Truck Racing Championship,"Racing, Simulation, Sports",,,,N-RACING,Nacon,3.0,steamspy,115.0
Sports,377060,On a Roll,"Action, Indie, Simulation, Sports",,,,Creative Concepts,Creative Concepts,1.0,steamspy,107.0
Sports,243820,MotoGP 13 Demo,"Racing, Simulation, Sports",,,,Milestone S.r.l.,Milestone S.r.l.,0.0,steamspy,105.0
Sports,536560,CHAOS CODE -NEW SIGN OF CATASTROPHE-,"Action, Fighting, Sports",,,,"FK Digital, Arc System Works",Arc System Works,2.0,steamspy,101.0
Strategy,570,Dota 2,"Action, Strategy","9 Jul, 2013",True,,Valve,Valve,433387.0,appdetails,1291328.0
Strategy,3097560,Liar's Bar,"Card & Board, Casual, Horror, Indie, Puzzle, Strategy",,,,Curve Animation,Curve Animation,717.0,steamspy,109419.0
Strategy,872790,Football Manager 2019,"Casual, Simulation, Sports, Strategy",,,,Sports Interactive,SEGA,271.0,steamspy,75666.0
Strategy,209670,Cortex Command,"Action, Indie, Platformer, Strategy",,,,Data Realms,"Data Realms, LLC",3.0,steamspy,62137.0
Strategy,1124300,HUMANKIND,"4X, City Builder, Simulation, Strategy, Survival",,,,AMPLITUDE Studios,AMPLITUDE Studios,343.0,steamspy,55232.0
Strategy,1049590,Eternal Return,"Action, Indie, Massively Multiplayer, Sports, Strategy, Survival",,,,Nimble Neuron,"Nimble Neuron, SapStaR Games",4510.0,steamspy,52288.0
Strategy,504370,Battlerite,"Action, Fighting, RPG, Shooter, Sports, Strategy",,,,Stunlock Studios,Stunlock Studios,39.0,steamspy,44850.0
Strategy,1677280,Company of Heroes 3,"Action, Strategy",,,,Relic Entertainment,Relic Entertainment,1601.0,steamspy,30243.0
Strategy,218230,PlanetSide 2,"Action, Adventure, Massively Multiplayer, RPG, Shooter, Strategy",,,,Rogue Planet Games,Daybreak Game Company,558.0,steamspy,29449.0
Strategy,262060,Darkest Dungeon,"Horror, Indie, RPG, Strategy",,,,Red Hook Studios,Red Hook Studios,2583.0,steamspy,19737.0
Strategy,233450,Prison Architect,"Casual, City Builder, Indie, Simulation, Strategy",,,,"Introversion Software, Double Eleven",Paradox Interactive,631.0,steamspy,16211.0
Strategy,305620,The Long Dark,"Action, Adventure, Horror, Indie, Simulation, Strategy, Survival",,,,Hinterland Studio Inc.,Hinterland Studio Inc.,1752.0,steamspy,14411.0
Strategy,1062090,Timberborn,"City Builder, Simulation, Strategy, Survival",,,,Mechanistry,Mechanistry,3266.0,steamspy,13017.0
Strategy,641990,The Escapists 2,"Action, Indie, Puzzle, Simulation, Strategy",,,,"Team17, Mouldy Toof Studios",Team17,148.0,steamspy,11156.0
Strategy,4920,Natural Selection 2,"Action, Adventure, Indie, Shooter, Strategy",,,,Unknown Worlds Entertainment,"Unknown Worlds Entertainment, KRAFTON, Inc.",60.0,steamspy,9429.0
Strategy,1816570,江湖十一,"RPG, Strategy",,,,万象皆春,万象皆春,3.0,steamspy,7816.0
Strategy,669330,Mechabellum,"Action, Simulation, Strategy",,,,Game River,Dreamhaven,953.0,steamspy,7740.0
Strategy,2772750,Age of History 3,Strategy,,,,Łukasz Jakowski,Łukasz Jakowski Games,270.0,steamspy,7630.0
Strategy,2060160,The Farmer Was Replaced,"Puzzle, Simulation, Strategy",,,,Timon Herzog,"Metaroot, Timon Herzog",711.0,steamspy,7380.0
Strategy,1455840,Dorfromantik,"Card & Board, Casual, City Builder, Indie, Puzzle, Simulation, Strategy",,,,Toukana Interactive,Toukana Interactive,284.0,steamspy,7063.0
Strategy,592580,PRO EVOLUTION SOCCER 2018,"Simulation, Sports, Strategy",,,,"Konami Digital Entertainment Co., Ltd.",Konami Digital Entertainment,22.0,steamspy,6974.0
Strategy,285160,LEGO The Hobbit,"Action, Adventure, Puzzle, RPG, Strategy",,,,"Traveller's Tales, Feral Interactive (Mac)","Warner Bros. Interactive Entertainment, Feral Interactive (Mac)",63.0,steamspy,5549.0
Strategy,282800,100% Orange Juice,"Card & Board, Casual, Horror, Indie, Strategy, Survival",,,,Orange_Juice,Fruitbat Factory,244.0,steamspy,5432.0
Strategy,339800,HuniePop,"Casual, Indie, Puzzle, RPG, Strategy",,,,HuniePot,HuniePot,170.0,steamspy,5345.0
Strategy,2273980,Orcs Must Die! Deathtrap,"Action, Indie, Roguelike, Shooter, Strategy, Tower Defense",,,,Robot Entertainment,Robot Entertainment,201.0,steamspy,4894.0
Strategy,1606180,下一站江湖Ⅱ,"Action, Adventure, City Builder, Indie, RPG, Strategy, Survival",,,,白玉京工作室,白玉京工作室,128.0,steamspy,4637.0
Strategy,1840080,Homeworld 3,"Simulation, Strategy",,,,Blackbird Interactive,Gearbox Publishing,25.0,steamspy,4315.0
Strategy,436520,Line of Sight,"Action, Adventure, Indie, Shooter, Strategy, Survival",,,,BlackSpot Entertainment,BlackSpot Entertainment,3.0,steamspy,4020.0
Strategy,586790,Hold your houses,"Action, Shooter, Strategy, Survival, Tower Defense",,,,WhackAKey Games,Conglomerate 5,2.0,steamspy,2979.0
Strategy,1178400,Pro Cycling Manager 2020,"Casual, Racing, Simulation, Sports, Strategy",,,,Cyanide Studio,Nacon,8.0,steamspy,2830.0
Strategy,2346410,Border Pioneer,"Action, Card & Board, City Builder, Strategy, Tower Defense",,,,Yahzj Games,"Yogscast Games, Gamersky Games",71.0,steamspy,2750.0
Strategy,1318690,shapez,"Casual, Indie, Puzzle, Simulation, Strategy",,,,Tobias Springer,"tobspr Games, Doyoyo Games",167.0,steamspy,2582.0
Strategy,444640,Bloons TD Battles,"Action, Adventure, Casual, Indie, Massively Multiplayer, Strategy, Tower Defense",,,,Ninja Kiwi,Ninja Kiwi,182.0,steamspy,2577.0
Strategy,612020,Zombidle : REMONSTERED,"Casual, Indie, Strategy",,,,Berzerk Studio,Berzerk Studio,72.0,steamspy,2379.0
Strategy,1453850,Pro Cycling Manager 2021,"4X, Casual, Racing, Simulation, Sports, Strategy",,,,Cyanide Studio,Nacon,7.0,steamspy,2288.0
Strategy,434460,Rock of Ages 2: Bigger & Boulder,"Action, Indie, Racing, Strategy, Tower Defense",,,,ACE Team,SEGA,4.0,steamspy,2236.0
Strategy,2277320,Necrosmith 2,"Action, Simulation, Strategy, Tower Defense",,,,Alawar,Alawar,3.0,steamspy,2159.0
Strategy,98200,Frozen Synapse,"Indie, Strategy",,,,Mode 7,Mode 7,2.0,steamspy,2074.0
Strategy,9420,Supreme Commander: Forged Alliance,"Action, Adventure, Strategy",,,,Gas Powered Games,Square Enix,596.0,steamspy,2072.0
Strategy,566090,The Bard's Tale IV: Barrows Deep,"Adventure, Puzzle, RPG, Strategy",,,,inXile Entertainment,inXile Entertainment,1.0,steamspy,2071.0
Strategy,604040,Legion Tale,"Action, Adventure, Casual, RPG, Strategy",,,,Maulidan Games,Maulidan Games,0.0,steamspy,1926.0
Strategy,798510,SUPER DRAGON BALL HEROES WORLD MISSION,"Card & Board, Fighting, Strategy",,,,"Dimps Corporation, SAFARI GAMES Co., Ltd.",BANDAI NAMCO Entertainment,19.0,steamspy,1895.0
Strategy,369990,"Gremlins, Inc.","Card & Board, Strategy",,,,Charlie Oscar Lima Tango Interactive Entertainment,The Merchant Guild of Rund (Limited),65.0,steamspy,1709.0
Strategy,1434950,HighFleet,"Action, Adventure, Indie, RPG, Roguelike, Simulation, Strategy",,,,Konstantin Koshutin,MicroProse Software,61.0,steamspy,1683.0
Strategy,1904860,Legends of Kingdom Rush,"RPG, Strategy",,,,Ironhide Game Studio,Ironhide Game Studio,11.0,steamspy,1492.0
Strategy,1357210,Galactic Civilizations IV,"4X, Simulation, Strategy",,,,Stardock Entertainment,Stardock Entertainment,231.0,steamspy,1422.0
Strategy,2195410,Songs of Silence,"4X, Indie, RPG, Strategy",,,,Chimera Entertainment,"Chimera Entertainment, H2 Interactive (Korea and Japan)",18.0,steamspy,1406.0
Strategy,433530,Heliborne Collection,"Action, Indie, Massively Multiplayer, Shooter, Simulation, Strategy",,,,Klabater,Klabater,4.0,steamspy,1349.0
Strategy,2459550,Emberward,"Indie, Strategy, Tower Defense",,,,Refic Games,Refic Games,132.0,steamspy,1348.0
Strategy,1679290,Fire & Maneuver,Strategy,,,,"Armchair History Interactive, Targon Studios",Armchair History Interactive,8.0,steamspy,1287.0
Strategy,1612770,Sweet Transit,"City Builder, Simulation, Strategy",,,,Ernestas Norvaišas,Team17,6.0,steamspy,1199.0
Strategy,57740,Jagged Alliance - Back in Action,"Action, RPG, Simulation, Strategy",,,,"Coreplay GmbH, Bigmoon Studios",THQ Nordic,9.0,steamspy,1142.0
Strategy,809720,Rescue HQ - The Tycoon,"Casual, City Builder, Indie, Simulation, Strategy",,,,stillalive studios,Aerosoft GmbH,5.0,steamspy,1034.0
Strategy,313730,Sunrider: Mask of Arcadius,"Action, Indie, RPG, Strategy, Visual Novel",,,,Love in Space,Sekai Project,7.0,steamspy,1021.0
Strategy,3064290,Trizon,"Card & Board, Casual, Indie, Roguelike, Strategy",,,,Ling,Ling,5.0,steamspy,980.0
Strategy,531510,Just Shapes & Beats,"Action, Indie, Strategy",,,,Berzerk Studio,Berzerk Studio,51.0,steamspy,918.0
Strategy,24860,Battlefield 2,"Action, Adventure, Shooter, Simulation, Strategy",,,,DICE,Electronic Arts,4.0,steamspy,866.0
Strategy,654890,Grand Tactician: The Civil War (1861-1865),Strategy,,,,Grand Engineer Corps,Grand Engineer Corps,85.0,steamspy,860.0
Strategy,320340,Cosmonautica,"Adventure, Simulation, Strategy",,,,Chasing Carrots,Chasing Carrots,0.0,steamspy,816.0
Strategy,551860,Abandon Ship,"Adventure, RPG, Strategy, Survival",,,,Fireblade Software,Fireblade Software,5.0,steamspy,743.0
Strategy,1352330,Zoo 2: Animal Park,"Casual, City Builder, Platformer, Simulation, Strategy",,,,KING Art,upjers,84.0,steamspy,714.0
Strategy,515040,Make America Great Again: The Trump Presidency,"Action, Casual, Horror, Indie, Simulation, Strategy, Survival",,,,Maverick Game Studio,Three Guys Game Studio,4.0,steamspy,712.0
Strategy,73010,Cities in Motion,"City Builder, Simulation, Strategy",,,,Colossal Order Ltd.,Paradox Interactive,3.0,steamspy,712.0
Strategy,1025600,Battle Realms: Zen Edition,"Action, Strategy",,,,Ed Del Castillo,Ed Del Castillo,151.0,steamspy,699.0
Strategy,2513240,Hero Tale,"Indie, RPG, Strategy",,,,Weird Johnny Studio,Weird Johnny Studio,42.0,steamspy,684.0
Strategy,2518630,None Shall Intrude,"Card & Board, Indie, Strategy",,,,Aeterna Ludi,GrabTheGames,16.0,steamspy,657.0
Strategy,476240,KNIGHTS,"Casual, Indie, Puzzle, Simulation, Strategy",,,,Arzola's,Arzola's,0.0,steamspy,636.0
Strategy,1687530,Elder Ring,"Adventure, JRPG, RPG, Strategy",,,,Funny as Hell,2P Games,8.0,steamspy,629.0
Strategy,2206350,Farm Manager World,"Casual, City Builder, Simulation, Strategy",,,,Cleversan Games,"Sim Farm S.A., PlayWay S.A.",15.0,steamspy,563.0
Strategy,1368870,Field of Glory II: Medieval,"RPG, Simulation, Strategy",,,,Byzantine Games,Slitherine Ltd.,61.0,steamspy,537.0
Strategy,699330,The Iron Oath,"RPG, Strategy",,,,Curious Panda Games,Humble Games,2.0,steamspy,488.0
Strategy,1543280,Espresso Tycoon,"Adventure, Casual, Indie, Simulation, Strategy",,,,DreamWay Games,PlayWay S.A.,9.0,steamspy,453.0
Strategy,13560,Tom Clancy's Splinter Cell,"Action, Adventure, Shooter, Strategy",,,,Ubisoft,Ubisoft,28.0,steamspy,421.0
Strategy,1182020,WGT Golf,"Indie, Simulation, Sports, Strategy",,,,"World Golf Tour, LLC","World Golf Tour, LLC",193.0,steamspy,401.0
Strategy,1121420,Kingdom Under Fire: The Crusaders,"Action, Indie, RPG, Simulation, Strategy",,,,Blueside,"Blueside, Incredi Soft",9.0,steamspy,363.0
Strategy,1437840,Heroes of the Three Kingdoms 3,"Action, RPG, Simulation, Strategy",,,,"USERJOY Technology Co., Ltd.","USERJOY Technology Co., Ltd., Phoenix Game",51.0,steamspy,360.0
Strategy,46770,Making History II: The War of the World,"Indie, Simulation, Strategy",,,,Muzzy Lane Software,Factus Games,22.0,steamspy,345.0
Strategy,2384610,Franchise Hockey Manager 10,"Simulation, Sports, Strategy",,,,"Out of the Park Developments, game54 Software",Out of the Park Developments,30.0,steamspy,340.0
Strategy,1865060,14 Minesweeper Variants,"Casual, Horror, Indie, Puzzle, Strategy",,,,"Alith Games, Artless Games",Artless Games,87.0,steamspy,339.0
Strategy,579020,Constructor,"City Builder, Simulation, Strategy",,,,System 3,System 3,2.0,steamspy,328.0
Strategy,1148490,Second Front,"Card & Board, Indie, Simulation, Strategy",,,,Hexdraw,MicroProse Software,3.0,steamspy,326.0
Strategy,1428520,Mech Engineer,"Indie, Simulation, Strategy",,,,KiberKreker,MicroProse Software,5.0,steamspy,273.0
Strategy,260730,Desperados: Wanted Dead or Alive,"Action, Strategy",,,,Spellbound,THQ Nordic,18.0,steamspy,267.0
Strategy,3320,Insaniquarium Deluxe,"Action, Casual, Horror, Simulation, Strategy",,,,"PopCap Games, Inc.","PopCap Games, Inc., Electronic Arts",57.0,steamspy,264.0
Strategy,345460,War of Omens Card Game,"Card & Board, Indie, Strategy",,,,Fifth Column Games,Fifth Column Games,13.0,steamspy,243.0
Strategy,1159090,Zoria: Age of Shattering,"RPG, Strategy",,,,Tiny Trinket Games,"Anshar Publishing, Surefire.Games",6.0,steamspy,224.0
Strategy,2377280,Eriksholm: The Stolen Dream,"Action, Adventure, Strategy","15 Jul, 2025",False,"₩ 44,500",River End Games,Nordcurrent Labs,7.0,appdetails,220.0
Strategy,2936410,Franchise Hockey Manager 11,"Simulation, Sports, Strategy",,,,"game54 Software, Out of the Park Developments",Out of the Park Developments,69.0,steamspy,210.0
Strategy,3428620,Max Manos,"Action, Casual, Indie, Shooter, Simulation, Strategy",,,,Max Manos,Max Manos,8.0,steamspy,204.0
Strategy,421140,Blades of the Righteous,"Casual, Indie, RPG, Strategy",,,,"Vladimir Slav, Coldwild Games","Vladimir Slav, Coldwild Games",0.0,steamspy,199.0
Strategy,2311990,Rack and Slay,"Action, Indie, RPG, Roguelike, Strategy",,,,Ludokultur,2 Left Thumbs,4.0,steamspy,170.0
Strategy,956450,Rogue Fable III,"Adventure, Indie, RPG, Roguelike, Strategy",,,,Pixel Forge Games,Pixel Forge Games,13.0,steamspy,170.0
Strategy,2078910,汉尘：腐草为萤,"Action, Adventure, Indie, RPG, Simulation, Strategy, Survival",,,,"兰廷科技 Lanting Technology Co., Ltd.","兰廷科技 Lanting Technology Co., Ltd.",3.0,steamspy,149.0
Strategy,2945100,Idle Taoist Mage Warrior 2,"Indie, RPG, Strategy",,,,okyakusama,okyakusama,7.0,steamspy,149.0
Strategy,494720,Morphblade,"Casual, Indie, Puzzle, Strategy",,,,Suspicious Developments,Suspicious Developments,2.0,steamspy,146.0
Strategy,1446930,Merge & Blade,"Puzzle, RPG, Strategy",,,,Magic Cube,Magic Cube,1.0,steamspy,146.0
Strategy,1341160,Infinite Tournament Paintball,"Action, Indie, Shooter, Simulation, Sports, Strategy",,,,FiveTwo Games,FiveTwo Games,5.0,steamspy,139.0
Strategy,2184350,Guild Saga: Vanished Worlds,"Adventure, JRPG, RPG, Strategy",,,,Ocelot,Ocelot,5.0,steamspy,137.0
Strategy,201270,Total War: SHOGUN 2,"Action, Strategy",,,,"CREATIVE ASSEMBLY, Feral Interactive (Mac), Feral Interactive (Linux)","SEGA, Feral Interactive (Mac), Feral Interactive (Linux)",1.0,steamspy,117.0
Strategy,1842690,Station Manager,"Casual, City Builder, Indie, Platformer, Simulation, Strategy",,,,"Kairosoft Co., Ltd","Kairosoft Co., Ltd",8.0,steamspy,103.0
Survival,1063730,New World: Aeternum,"Action, Adventure, Massively Multiplayer, RPG, Survival",,,,Amazon Games,Amazon Games,3878.0,steamspy,913027.0
Survival,945360,Among Us,"Action, Casual, Survival",,,,Innersloth,Innersloth,4901.0,steamspy,438524.0
Survival,2622380,ELDEN RING NIGHTREIGN,"Action, RPG, Survival",,,,"FromSoftware, Inc.","FromSoftware, Inc., Bandai Namco Entertainment",11377.0,steamspy,240640.0
Survival,1196590,Resident Evil Village,"Action, Adventure, Horror, Survival",,,,"CAPCOM Co., Ltd.","CAPCOM Co., Ltd.",1662.0,steamspy,106631.0
Survival,617290,Remnant: From the Ashes,"Action, Adventure, Horror, RPG, Shooter, Survival",,,,Gunfire Games,Arc Games,190.0,steamspy,48194.0
Survival,1621690,Core Keeper,"Adventure, Casual, Simulation, Survival",,,,Pugstorm,"Fireshine Games, bilibili",2534.0,steamspy,46355.0
Survival,760160,Vampire: The Masquerade - Bloodhunt,"Action, Shooter, Survival",,,,Sharkmob AB,Sharkmob AB,159.0,steamspy,29008.0
Survival,1693980,Dead Space,"Action, Adventure, Horror, Shooter, Survival",,,,Motive,Electronic Arts,401.0,steamspy,28842.0
Survival,975370,Dwarf Fortress,"City Builder, Simulation, Strategy, Survival",,,,Bay 12 Games,Kitfox Games,1751.0,steamspy,28288.0
Survival,1259420,Days Gone,"Action, Adventure, Horror, Shooter, Survival",,,,Bend Studio,PlayStation Publishing LLC,985.0,steamspy,27380.0
Survival,518790,theHunter: Call of the Wild,"Shooter, Simulation, Sports, Survival",,,,Expansive Worlds,Avalanche Studios,4003.0,steamspy,24953.0
Survival,235540,Warhammer: End Times - Vermintide,"Action, Adventure, Horror, Indie, RPG, Survival",,,,Fatshark,Fatshark,14.0,steamspy,24594.0
Survival,236110,Dungeon Defenders II,"Action, RPG, Strategy, Survival, Tower Defense",,,,Chromatic Games,Chromatic Games,263.0,steamspy,18744.0
Survival,261030,The Walking Dead: Season Two,"Action, Adventure, Horror, Survival",,,,Telltale Games,Skybound Games,84.0,steamspy,18433.0
Survival,202970,Call of Duty: Black Ops II,"Action, Adventure, Horror, Massively Multiplayer, Shooter, Survival",,,,Treyarch,Activision,121.0,steamspy,18202.0
Survival,1898300,ASKA,"Action, Adventure, RPG, Simulation, Survival",,,,Sand Sailor Studio,Thunderful Publishing,3217.0,steamspy,10637.0
Survival,2909110,Nuclear Nightmare,"Action, Adventure, Horror, Survival",,,,BG Productions,BG Productions,305.0,steamspy,10404.0
Survival,1660080,Aloft,"Adventure, Casual, Simulation, Survival",,,,Astrolabe Interactive Inc.,Funcom,628.0,steamspy,7907.0
Survival,801800,Atomfall,"Action, Adventure, Horror, RPG, Survival",,,,Rebellion,Rebellion,66.0,steamspy,6072.0
Survival,313120,Stranded Deep,"Action, Adventure, Indie, Simulation, Strategy, Survival",,,,Beam Team Games,Beam Team Publishing,213.0,steamspy,5984.0
Survival,254700,Resident Evil 4 (2005),"Action, Adventure, Horror, Shooter, Survival",,,,Capcom,Capcom,695.0,steamspy,5343.0
Survival,536220,The Walking Dead: A New Frontier,"Action, Adventure, Casual, Horror, Survival, Visual Novel",,,,Telltale Games,Skybound Games,59.0,steamspy,4813.0
Survival,1850740,Ghost Watchers,"Action, Adventure, Horror, Puzzle, Survival",,,,Renderise,Renderise,53.0,steamspy,4666.0
Survival,1721060,Mandragora: Whispers of the Witch Tree,"Action, Metroidvania, Platformer, RPG, Survival",,,,Primal Game Studio,Knights Peak,50.0,steamspy,4387.0
Survival,952070,RESIDENT EVIL RESISTANCE,"Action, Horror, Strategy, Survival",,,,"CAPCOM Co., Ltd., NeoBards Entertainment Ltd.","CAPCOM Co., Ltd.",18.0,steamspy,4181.0
Survival,921800,Encased: A Sci-Fi Post-Apocalyptic RPG,"Adventure, Indie, RPG, Strategy, Survival",,,,Dark Crystal Games,Prime Matter,26.0,steamspy,3743.0
Survival,2059530,Dawn of Defiance,"Action, Adventure, Survival",,,,Traega Entertainment,Traega Entertainment,35.0,steamspy,3728.0
Survival,3373660,Look Outside,"Adventure, Horror, RPG, Survival",,,,Francis Coulombe,Devolver Digital,1416.0,steamspy,3365.0
Survival,354140,Five Nights at Freddy's 3,"Action, Horror, Indie, Simulation, Strategy, Survival",,,,Scott Cawthon,Scott Cawthon,23.0,steamspy,3184.0
Survival,552620,ATOM RPG: Post-apocalyptic indie game,"Indie, Puzzle, RPG, Simulation, Strategy, Survival",,,,AtomTeam,AtomTeam,104.0,steamspy,2916.0
Survival,951440,Volcanoids,"Action, Adventure, Shooter, Simulation, Survival",,,,Volcanoid,Volcanoid,35.0,steamspy,2750.0
Survival,2272900,Mirthwood,"Action, RPG, Simulation, Survival",,,,Bad Ridge Games,V Publishing,28.0,steamspy,2670.0
Survival,326990,Deep Eclipse: New Space Odyssey,"Action, Indie, Shooter, Survival",,,,Ultravision Interactive,Conglomerate 5,56.0,steamspy,2654.0
Survival,1021100,Aircraft Carrier Survival,"Action, Indie, Simulation, Strategy, Survival",,,,Gambit Games Studio,CreativeForge Games,18.0,steamspy,2342.0
Survival,1766060,HumanitZ,"Action, Adventure, Horror, RPG, Shooter, Survival",,,,Yodubzz Studios,indie.io,274.0,steamspy,2293.0
Survival,706990,BLOCKPOST,"Action, Indie, Massively Multiplayer, Shooter, Simulation, Survival",,,,Skullcap Studios,Skullcap Studios,8.0,steamspy,2288.0
Survival,412730,Days Under Custody,"Adventure, Horror, Indie, Platformer, Puzzle, Survival",,,,Abraham Carreola,Groupees Interactive,0.0,steamspy,2206.0
Survival,1593350,Increlution,"Casual, Indie, RPG, Strategy, Survival",,,,Gniller,Gniller,376.0,steamspy,2117.0
Survival,1049800,BLOCKADE,"Action, Casual, Horror, Indie, Massively Multiplayer, Shooter, Survival",,,,Novalink,Novalink,26.0,steamspy,2026.0
Survival,17470,Dead Space (2008),"Action, Adventure, Horror, Shooter, Survival",,,,EA Redwood Shores,Electronic Arts,54.0,steamspy,1754.0
Survival,1226510,Trigon: Space Story,"Adventure, Indie, Strategy, Survival",,,,Sernur.tech,Gameforge 4D GmbH,1.0,steamspy,1680.0
Survival,3094010,HENPRI,"Adventure, Casual, Survival, Visual Novel",,,,Qruppo,Shiravune,28.0,steamspy,1660.0
Survival,3042190,Nomad Idle,"Casual, Survival",,,,The Fox Knocks,The Fox Knocks,230.0,steamspy,1624.0
Survival,1556200,Predator: Hunting Grounds,"Action, Shooter, Survival",,,,IllFonic,IllFonic Publishing,73.0,steamspy,1491.0
Survival,366090,Colony Survival,"Action, Adventure, City Builder, Indie, Strategy, Survival",,,,Pipliz,Pipliz,105.0,steamspy,1488.0
Survival,332950,Dark Deception,"Action, Adventure, Horror, Indie, RPG, Survival",,,,Glowstick Entertainment,Glowstick Entertainment,82.0,steamspy,1419.0
Survival,729720,Zomborg,"Action, Adventure, Horror, Indie, Shooter, Strategy, Survival",,,,GameDevLab,GrabTheGames,12.0,steamspy,1384.0
Survival,606230,Thea 2: The Shattering,"4X, Card & Board, Indie, RPG, Strategy, Survival",,,,"MuHa Games, Eerie Forest Studio",MuHa Games,22.0,steamspy,1334.0
Survival,2708450,Oh Deer,"Action, Casual, Horror, Survival",,,,Cozy Cabin Studios,Cozy Cabin Studios,28.0,steamspy,1316.0
Survival,274520,Darkwood,"Action, Adventure, Horror, Indie, RPG, Survival",,,,Acid Wizard Studio,Acid Wizard Studio,131.0,steamspy,1295.0
Survival,1713350,Project Castaway,"Action, Adventure, Casual, RPG, Survival",,,,Mardonpol Inc.,Mardonpol Inc.,29.0,steamspy,1167.0
Survival,10680,Aliens vs. Predator,"Action, Adventure, Horror, Shooter, Strategy, Survival",,,,Rebellion,SEGA,81.0,steamspy,1154.0
Survival,324510,Boundless,"Action, Adventure, Indie, Massively Multiplayer, RPG, Simulation, Survival",,,,"Monumental, LLC","Monumental, LLC",21.0,steamspy,1150.0
Survival,2614070,NUKITASHI 2,"Adventure, Casual, Survival, Visual Novel",,,,Qruppo,Shiravune,25.0,steamspy,1146.0
Survival,1293860,The Riftbreaker: Prologue,"Action, Adventure, Indie, RPG, Simulation, Strategy, Survival, Tower Defense",,,,EXOR Studios,"EXOR Studios, Surefire.Games",1.0,steamspy,1101.0
Survival,1238060,Dead Space 3,"Action, Horror, Shooter, Survival",,,,Visceral Games,Electronic Arts,93.0,steamspy,1083.0
Survival,440650,Niche - a genetics survival game,"Adventure, Card & Board, Puzzle, RPG, Simulation, Strategy, Survival",,,,Stray Fawn Studio,"Stray Fawn Publishing, WhisperGames",70.0,steamspy,1026.0
Survival,427190,DEAD RISING,"Action, Adventure, Horror, Survival",,,,Capcom,Capcom,47.0,steamspy,993.0
Survival,2427430,S.T.A.L.K.E.R.: Call of Prypiat - Enhanced Edition,"Action, Adventure, RPG, Shooter, Survival",,,,GSC Game World,GSC Game World,74.0,steamspy,889.0
Survival,1104330,Founders' Fortune,"City Builder, Indie, Simulation, Strategy, Survival",,,,Dionic Software,Dionic Software,9.0,steamspy,834.0
Survival,1262460,Zompiercer,"Action, Adventure, Casual, Horror, RPG, Shooter, Survival",,,,DDDimanN,DDDimanN,51.0,steamspy,781.0
Survival,1713810,Lumencraft,"Action, Indie, RPG, Roguelike, Shooter, Strategy, Survival, Tower Defense",,,,2Dynamic Games,"Star Drifters, Surefire.Games",6.0,steamspy,774.0
Survival,2061440,Oxygen: First Breath,"City Builder, Indie, Simulation, Strategy, Survival",,,,Turquoise Revival Games,"GrabTheGames, UpgradePoint",3.0,steamspy,746.0
Survival,951430,Dead Age 2: The Zombie Survival RPG,"Adventure, Casual, Horror, Indie, RPG, Strategy, Survival",,,,Silent Dreams,Headup,4.0,steamspy,742.0
Survival,2186360,IDUN - Frontline Survival,"Action, Adventure, Simulation, Strategy, Survival, Tower Defense",,,,IDUN Interactive,Surefire.Games,11.0,steamspy,703.0
Survival,594160,The Last Patient,"Action, Adventure, Casual, Horror, Indie, Shooter, Survival",,,,NGV Studio,NGV Studio,0.0,steamspy,693.0
Survival,1515900,Heaven Dust 2,"Action, Adventure, Horror, Puzzle, RPG, Shooter, Survival",,,,One Gruel Studio,indienova,1.0,steamspy,644.0
Survival,2625510,Don't Shout Together,"Action, Adventure, Horror, Indie, Simulation, Survival",,,,SinisterGames,SinisterGames,4.0,steamspy,542.0
Survival,1573100,Subterrain: Mines of Titan,"Action, Adventure, Indie, RPG, Survival",,,,Pixellore Inc,indie.io,2.0,steamspy,493.0
Survival,253430,CastleMiner Z,"Action, Adventure, Horror, Indie, Shooter, Survival",,,,DigitalDNA Games,DigitalDNA Games,38.0,steamspy,452.0
Survival,3133060,Gnomes,"City Builder, Strategy, Survival, Tower Defense",,,,DYSTOPIAN,"DYSTOPIAN, Gamersky Games",17.0,steamspy,435.0
Survival,715560,Eastshade,"Adventure, Casual, Indie, RPG, Survival",,,,Eastshade Studios,Eastshade Studios,8.0,steamspy,431.0
Survival,3311740,The Cabin Factory,"Adventure, Horror, Indie, Simulation, Survival",,,,International Cat Studios,Future Friends Games,17.0,steamspy,428.0
Survival,2378910,Settlements Rising,"City Builder, Simulation, Strategy, Survival",,,,The Catalyst Crew,The Catalyst Crew,4.0,steamspy,424.0
Survival,3168310,True Fear: Forsaken Souls Part 3,"Adventure, Casual, Horror, Indie, Puzzle, Survival",,,,Goblinz Enterprises Ltd,The Digital Lounge,10.0,steamspy,408.0
Survival,3243190,Psychopomp GOLD,"Action, Adventure, Horror, Indie, Survival",,,,Fading Club,Fading Club,21.0,steamspy,385.0
Survival,409510,Genesis Online,"Action, Adventure, Massively Multiplayer, Shooter, Simulation, Survival",,,,Shumkov Dmitriy,Shumkov Dmitriy,0.0,steamspy,357.0
Survival,1315980,Tin Can,"Horror, Indie, Puzzle, Simulation, Strategy, Survival",,,,Tin Can Studio,Tin Can Studio,3.0,steamspy,349.0
Survival,1269300,This Means Warp,"Action, Strategy, Survival",,,,Outlier,Jagex Ltd,2.0,steamspy,308.0
Survival,310370,The Way of Life Free Edition,"Action, Adventure, Indie, Simulation, Strategy, Survival",,,,"CyberCoconut, Fabio Ferrara",CyberCoconut,2.0,steamspy,305.0
Survival,458000,March of the Living,"Horror, RPG, Strategy, Survival",,,,Machine 22,Creaky Corpse Ltd,1.0,steamspy,298.0
Survival,2532430,Supernormal,"Action, Adventure, Horror, Survival",,,,Hitori de Productions,Hitori de Productions,0.0,steamspy,257.0
Survival,3449590,Murim Survival,"Action, Adventure, Casual, Indie, RPG, Roguelike, Survival",,,,Sunwood Games,Sunwood Games,4.0,steamspy,245.0
Survival,1451470,El Dorado: The Golden City Builder,"City Builder, Simulation, Strategy, Survival",,,,"Hobo Bunch, Gameparic","Gameparic, Games Incubator",0.0,steamspy,244.0
Survival,1644490,Occult,"Action, Adventure, Horror, Indie, Massively Multiplayer, Puzzle, Survival",,,,Renderise,Renderise,1.0,steamspy,244.0
Survival,1394960,Winter Survival,"Action, Adventure, Horror, Survival",,,,DRAGO entertainment,"DRAGO entertainment, HeartBeat Games",8.0,steamspy,234.0
Survival,431180,WolfQuest: Classic,"Action, Adventure, RPG, Simulation, Survival",,,,eduweb,eduweb,2.0,steamspy,230.0
Survival,35480,Dwarfs!?,"Indie, Platformer, Simulation, Strategy, Survival, Tower Defense",,,,Power of 2,Tripwire Interactive,4.0,steamspy,219.0
Survival,3140990,Backrooms Cleanup Crew,"Action, Adventure, Horror, Simulation, Survival",,,,On The Bridge Games,On The Bridge Games,8.0,steamspy,211.0
Survival,1295900,Draconia,"Action, Adventure, Casual, Indie, Massively Multiplayer, RPG, Simulation, Survival",,,,Draconia Dev Team,Draconia Dev Team,2.0,steamspy,206.0
Survival,2373290,The Game of Annie 安妮的游戏,"Action, Indie, Shooter, Survival",,,,potentknight,potentknight,0.0,steamspy,195.0
Survival,1782330,Green Hell VR,"Action, Adventure, Simulation, Survival",,,,Incuvo,Incuvo,6.0,steamspy,179.0
Survival,1232460,Onee Chanbara ORIGIN,"Action, Horror, RPG, Survival",,,,Tamsoft,D3PUBLISHER,5.0,steamspy,164.0
Survival,2243110,EMPTY SHELL,"Action, Adventure, Horror, Roguelike, Shooter, Survival",,,,CC ARTS,Hyperstrange,3.0,steamspy,121.0
Survival,469800,Evolution Board Game,"Card & Board, Casual, Simulation, Strategy, Survival",,,,North Star Digital Studios,North Star Games,3.0,steamspy,119.0
Survival,2655590,Kingdom's Deck,"Card & Board, City Builder, RPG, Roguelike, Simulation, Strategy, Survival, Tower Defense",,,,Ivan Aco,"Rogue Duck Interactive, Gamersky Games",3.0,steamspy,119.0
Survival,704510,Mercury Fallen,"Casual, Simulation, Strategy, Survival",,,,Nitrous Butterfly,indie.io,4.0,steamspy,117.0
Survival,691450,Misao - 2024 HD Remaster,"Adventure, Casual, Horror, Puzzle, RPG, Survival",,,,sen,PLAYISM,2.0,steamspy,109.0
Survival,1672310,Decarnation,"Action, Adventure, Casual, Horror, Indie, Puzzle, Survival",,,,Atelier QDB,"Shiro Unlimited, East2West Games(Greater China)",0.0,steamspy,104.0
Survival,618360,Aesthetic Melody,"Action, Adventure, Casual, Indie, Platformer, Survival",,,,Adam DeLease,Adam DeLease,0.0,steamspy,101.0
Tower Defense,1504570,Cultivation Tales,"Action, Adventure, Massively Multiplayer, Platformer, RPG, Roguelike, Strategy, Survival, Tower Defense",,,,Ac Games,Ac Games,3.0,steamspy,34664.0
Tower Defense,1566690,Outpost: Infinity Siege,"Action, Shooter, Strategy, Survival, Tower Defense",,,,Team Ranger,Lightning Games,65.0,steamspy,17128.0
Tower Defense,3590,Plants vs. Zombies GOTY Edition,"Adventure, Casual, Indie, Puzzle, Strategy, Survival, Tower Defense",,,,"PopCap Games, Inc.","PopCap Games, Inc., Electronic Arts",2919.0,steamspy,16225.0
Tower Defense,210770,Sanctum 2,"Action, Indie, RPG, Shooter, Strategy, Survival, Tower Defense",,,,Coffee Stain Studios,Coffee Stain Publishing,13.0,steamspy,13560.0
Tower Defense,262280,Dungeons 2,"Adventure, RPG, Simulation, Strategy, Tower Defense",,,,Realmforge Studios,Kalypso Media Digital,7.0,steamspy,11691.0
Tower Defense,2647230,HoloParade,"Indie, Strategy, Tower Defense",,,,Roboqlo,holo Indie,7.0,steamspy,10106.0
Tower Defense,2140020,Stronghold: Definitive Edition,"City Builder, Simulation, Strategy, Tower Defense",,,,Firefly Studios,Firefly Studios,102.0,steamspy,9555.0
Tower Defense,1202130,Starship Troopers: Terran Command,"Action, Simulation, Strategy, Tower Defense",,,,The Artistocrats,Slitherine Ltd.,227.0,steamspy,8089.0
Tower Defense,1485590,ENDLESS Dungeon - Definitive Edition,"Action, RPG, Roguelike, Shooter, Strategy, Tower Defense",,,,AMPLITUDE Studios,AMPLITUDE Studios,8.0,steamspy,7935.0
Tower Defense,498660,Mind Spheres,"Action, Casual, Indie, Platformer, Puzzle, Simulation, Sports, Strategy, Tower Defense",,,,Microblast Games,SA Industry,0.0,steamspy,7862.0
Tower Defense,385770,Time Clickers,"Action, Adventure, Casual, Indie, RPG, Shooter, Simulation, Strategy, Tower Defense",,,,Proton Studio Inc,,122.0,steamspy,6968.0
Tower Defense,1105670,The Last Spell,"RPG, Strategy, Tower Defense",,,,Ishtar Games,"Nacon, The Arcade Crew, Gamera Games, DANGEN Entertainment",211.0,steamspy,6723.0
Tower Defense,1426450,Age of Darkness: Final Stand,"Action, Strategy, Survival, Tower Defense",,,,PlaySide,PlaySide,105.0,steamspy,6458.0
Tower Defense,3226530,Tower Dominion,"Strategy, Tower Defense",,,,Parallel 45 Games,Parallel 45 Games,554.0,steamspy,5486.0
Tower Defense,102600,Orcs Must Die!,"Action, Adventure, Indie, RPG, Shooter, Strategy, Tower Defense",,,,Robot Entertainment,Robot Entertainment,11.0,steamspy,4548.0
Tower Defense,1949190,Necrosmith,"Action, Roguelike, Simulation, Strategy, Tower Defense",,,,Alawar,Alawar,6.0,steamspy,4475.0
Tower Defense,1843760,Rogue Tower,"Casual, Indie, Strategy, Tower Defense",,,,Die of Death Games,Die of Death Games,114.0,steamspy,4276.0
Tower Defense,1262240,Plants vs. Zombies: Battle for Neighborville,"Action, Casual, Shooter, Strategy, Tower Defense",,,,PopCap,Electronic Arts,73.0,steamspy,3966.0
Tower Defense,503770,Elven Assassin,"Action, Adventure, Indie, Simulation, Tower Defense",,,,Wenkly Studio Sp. z o.o.,Wenkly Studio Sp. z o.o.,2.0,steamspy,3489.0
Tower Defense,1127400,Mindustry,"Action, Indie, Strategy, Survival, Tower Defense",,,,AnukenDev,AnukenDev,331.0,steamspy,3348.0
Tower Defense,809140,Cliff Empire,"City Builder, Simulation, Strategy, Tower Defense",,,,Lion's Shade,Lion's Shade,21.0,steamspy,3083.0
Tower Defense,218410,Defender's Quest: Valley of the Forgotten (DX edition),"Adventure, RPG, Strategy, Tower Defense",,,,"Level Up Labs, LLC",Level Up Labs,5.0,steamspy,2944.0
Tower Defense,1101190,Dungeon Defenders: Awakened,"Action, RPG, Strategy, Survival, Tower Defense",,,,Chromatic Games,Chromatic Games,62.0,steamspy,2839.0
Tower Defense,2181610,Heretic's Fork,"Action, Card & Board, Casual, Roguelike, Shooter, Strategy, Tower Defense",,,,9FingerGames,Ravenage Games,206.0,steamspy,2731.0
Tower Defense,357780,Defend Your Life: TD,"Casual, Indie, Puzzle, Strategy, Survival, Tower Defense",,,,Alda Games,Alda Games,0.0,steamspy,2587.0
Tower Defense,2821800,Drill Core,"Action, City Builder, Strategy, Tower Defense",,,,Hungry Couch Games,tinyBuild,135.0,steamspy,2523.0
Tower Defense,1197570,Until We Die,"Action, Adventure, Simulation, Strategy, Survival, Tower Defense",,,,Pixeye Games,Pixeye Games,2.0,steamspy,2318.0
Tower Defense,937310,Infinitode 2 - Infinite Tower Defense,"Casual, Strategy, Tower Defense",,,,Prineside,Prineside,182.0,steamspy,2184.0
Tower Defense,1291010,Warpips,"Action, Indie, Strategy, Tower Defense",,,,Skirmish Mode Games,Daedalic Entertainment,38.0,steamspy,2095.0
Tower Defense,408410,X-Morph: Defense,"Action, Indie, Shooter, Strategy, Tower Defense",,,,EXOR Studios,EXOR Studios,12.0,steamspy,2057.0
Tower Defense,2411910,miniBONG,"Casual, RPG, Shooter, Simulation, Strategy, Tower Defense",,,,Game Star,Game Star,53.0,steamspy,2016.0
Tower Defense,246420,Kingdom Rush  - Tower Defense,"Action, Adventure, Casual, Indie, RPG, Strategy, Tower Defense",,,,Ironhide Game Studio,Ironhide Game Studio,132.0,steamspy,1950.0
Tower Defense,2322440,METAL SLUG ATTACK RELOADED,"Horror, Platformer, RPG, Simulation, Strategy, Survival, Tower Defense",,,,SNK CORPORATION,SNK CORPORATION,30.0,steamspy,1894.0
Tower Defense,91200,Anomaly: Warzone Earth,"Action, Indie, Strategy, Tower Defense",,,,11 bit studios,11 bit studios,0.0,steamspy,1793.0
Tower Defense,2093920,Dread Dawn,"Action, Adventure, Horror, RPG, Shooter, Survival, Tower Defense",,,,Kioop,Kioop,6.0,steamspy,1782.0
Tower Defense,1956040,Kingdom Eighties,"Action, Adventure, Casual, City Builder, Strategy, Survival, Tower Defense",,,,Fury Studios,Raw Fury,14.0,steamspy,1712.0
Tower Defense,18500,Defense Grid: The Awakening,"Action, Adventure, Indie, Strategy, Tower Defense",,,,Hidden Path Entertainment,Hidden Path Entertainment,54.0,steamspy,1674.0
Tower Defense,306020,Bloons TD 5,"Action, Casual, Indie, Strategy, Survival, Tower Defense",,,,Ninja Kiwi,Ninja Kiwi,125.0,steamspy,1630.0
Tower Defense,2510710,Kunitsu-Gami: Path of the Goddess,"Action, Strategy, Tower Defense",,,,"CAPCOM Co., Ltd.","CAPCOM Co., Ltd.",8.0,steamspy,1567.0
Tower Defense,227860,Castle Story,"Adventure, Casual, Indie, Simulation, Strategy, Survival, Tower Defense",,,,Sauropod Studio,Sauropod Studio,21.0,steamspy,1565.0
Tower Defense,2400770,Dungeon Tycoon,"City Builder, Simulation, Strategy, Tower Defense",,,,Lunheim Studios,"Goblinz Publishing, Maple Whispering Limited",13.0,steamspy,1518.0
Tower Defense,1108370,Ratropolis,"Card & Board, Casual, City Builder, Indie, Roguelike, Simulation, Strategy, Survival, Tower Defense",,,,Cassel Games,Cassel Games,21.0,steamspy,1428.0
Tower Defense,345330,Eden Rising,"Action, Adventure, Indie, RPG, Strategy, Survival, Tower Defense",,,,"The Wall Productions Inc., Meridian4",The Wall Productions Inc.,3.0,steamspy,1372.0
Tower Defense,1868000,Resist the succubus—The end of the female Knight,"Adventure, Card & Board, RPG, Strategy, Tower Defense, Visual Novel",,,,BoRoBoRoGame,"OTAKU Plan, BoRoBoRoGame",1.0,steamspy,1256.0
Tower Defense,2853160,SHOOPER NOVA,"Action, Casual, Indie, Roguelike, Strategy, Tower Defense",,,,Jamesika,Jamesika,5.0,steamspy,1237.0
Tower Defense,1252780,Bloons Monkey City,"Action, Casual, City Builder, Strategy, Tower Defense",,,,Ninja Kiwi,Ninja Kiwi,193.0,steamspy,1166.0
Tower Defense,243780,PixelJunk Monsters Ultimate,"Indie, Strategy, Tower Defense",,,,"Double Eleven, Q-Games Ltd.",Double Eleven,9.0,steamspy,955.0
Tower Defense,422900,Particle Fleet: Emergence,"Indie, Simulation, Strategy, Tower Defense",,,,Knuckle Cracker,Knuckle Cracker,33.0,steamspy,927.0
Tower Defense,454870,Magic Quest,"Action, Casual, Indie, Strategy, Tower Defense",,,,Stereo7 Games,Stereo7 Games,0.0,steamspy,850.0
Tower Defense,235360,Prime World: Defenders,"Action, Adventure, Card & Board, Casual, Indie, RPG, Strategy, Survival, Tower Defense",,,,Nival,Nival,2.0,steamspy,808.0
Tower Defense,1709900,Tower Tactics: Liberation,"Card & Board, Indie, Roguelike, Strategy, Tower Defense",,,,asraworks,"asraworks, Team17",14.0,steamspy,784.0
Tower Defense,2055050,Cavalry Girls,"JRPG, RPG, Shooter, Strategy, Tower Defense",,,,中子星游戏研究所,OKJOY,79.0,steamspy,751.0
Tower Defense,254200,FortressCraft Evolved!,"Adventure, Casual, Indie, RPG, Simulation, Strategy, Survival, Tower Defense",,,,ProjectorGames,Digital Tribe,19.0,steamspy,715.0
Tower Defense,2182630,Mob Factory,"Simulation, Strategy, Tower Defense",,,,LiterallyEveryone Games,"LiterallyEveryone Games, IndieArk",7.0,steamspy,707.0
Tower Defense,698540,Dungeon Warfare 2,"Indie, Strategy, Tower Defense",,,,Valsar,Valsar,14.0,steamspy,670.0
Tower Defense,449710,REDCON,"Indie, Simulation, Strategy, Tower Defense",,,,Hexage,Hexage,4.0,steamspy,667.0
Tower Defense,215710, Fieldrunners 2,"Action, Casual, Indie, Strategy, Tower Defense",,,,Subatomic Studios LLC,Subatomic Studios LLC,7.0,steamspy,646.0
Tower Defense,2118250,Kitchen Crisis,"Casual, Indie, Tower Defense",,,,Team Samoyed,Team Samoyed,1.0,steamspy,635.0
Tower Defense,1227780,Taur,"Action, Indie, Shooter, Strategy, Tower Defense",,,,Echo Entertainment,Echo Entertainment,2.0,steamspy,629.0
Tower Defense,947300,Grim Nights,"Strategy, Survival, Tower Defense",,,,Edym Pixels,Edym Pixels,3.0,steamspy,613.0
Tower Defense,647960,Rusted Warfare - RTS,"Action, Indie, Strategy, Tower Defense",,,,Corroding Games,Corroding Games,149.0,steamspy,581.0
Tower Defense,2162680,Doom Sweeper,"Action, Casual, RPG, Roguelike, Strategy, Tower Defense",,,,Paper Dog,Paper Dog,2.0,steamspy,568.0
Tower Defense,1076750,Dream Engines: Nomad Cities,"City Builder, RPG, Simulation, Strategy, Survival, Tower Defense",,,,Suncrash,"Suncrash, Gamirror Games",3.0,steamspy,516.0
Tower Defense,227220,Sang-Froid - Tales of Werewolves,"Action, Adventure, Indie, RPG, Strategy, Tower Defense",,,,Artifice Studio,Artifice Studio,3.0,steamspy,493.0
Tower Defense,2287970,Dungeon's Legion,"Adventure, Casual, Indie, JRPG, RPG, Tower Defense",,,,LunaSoft,Kagura Games,3.0,steamspy,488.0
Tower Defense,355980,Dungeon Warfare,"Indie, Puzzle, Strategy, Tower Defense",,,,Valsar,Valsar,11.0,steamspy,455.0
Tower Defense,1671350,Touhou Monster TD ~ 幻想乡妖怪塔防,"Action, Casual, RPG, Strategy, Tower Defense",,,,MyACG Studio,MyACG Studio,5.0,steamspy,435.0
Tower Defense,3054090,Idle Tower Defense,"Casual, Indie, Strategy, Tower Defense",,,,ZNZ Games,ZNZ Games,9.0,steamspy,430.0
Tower Defense,1487680,Broken Universe - Tower Defense,"Casual, Indie, Simulation, Strategy, Survival, Tower Defense",,,,Jinthree Studio,Jinthree Studio,1.0,steamspy,377.0
Tower Defense,562500,Warstone TD,"Casual, Indie, Strategy, Tower Defense",,,,Battlecruiser Games,Battlecruiser Games,9.0,steamspy,337.0
Tower Defense,266390,Farm for your Life,"Casual, Indie, Simulation, Strategy, Survival, Tower Defense",,,,Hammer Labs,Hammer Labs,0.0,steamspy,337.0
Tower Defense,1067600,The Defender: Farm and Castle,"Action, Indie, Shooter, Strategy, Tower Defense",,,,Kobsoft Kitti,Kobsoft Kitti,1.0,steamspy,335.0
Tower Defense,2223590,2112TD: Tower Defense Survival,"Action, Strategy, Survival, Tower Defense",,,,Refinery Games,Refinery Games,3.0,steamspy,332.0
Tower Defense,1011590,Night is Coming,"City Builder, Indie, RPG, Simulation, Strategy, Survival, Tower Defense",,,,Wild Forest Studio,101XP,4.0,steamspy,321.0
Tower Defense,2751050,clickyland,"City Builder, Strategy, Survival, Tower Defense",,,,Sokpop Collective,Sokpop Collective,7.0,steamspy,305.0
Tower Defense,1516750,Alien Marauder,"Strategy, Survival, Tower Defense",,,,Vexan Studio,Vexan Studio,4.0,steamspy,262.0
Tower Defense,1945990,Minion Raid: Epic Monsters,"Action, Casual, Platformer, Simulation, Strategy, Tower Defense",,,,NeoBird,upjers GmbH,0.0,steamspy,250.0
Tower Defense,2330870,CD 2: Trap Master,"Adventure, Card & Board, Casual, Indie, Strategy, Tower Defense",,,,ACE ENTERTAINMENT,"ACE ENTERTAINMENT, Erabit",1.0,steamspy,244.0
Tower Defense,2086680,Castle Craft,"Action, City Builder, RPG, Simulation, Strategy, Survival, Tower Defense",,,,Twin Earth,Astra Logical,5.0,steamspy,234.0
Tower Defense,457730,Mushroom Wars 2,"Action, Indie, Strategy, Tower Defense",,,,Zillion Whales,Azur Games,3.0,steamspy,229.0
Tower Defense,1137320,Screeps: Arena,"Simulation, Sports, Strategy, Tower Defense",,,,"Screeps, LLC","Screeps, LLC",10.0,steamspy,206.0
Tower Defense,2209680,Beach Invasion 1944,"Action, Casual, Shooter, Simulation, Tower Defense",,,,AIx2 Games,AIx2 Games,1.0,steamspy,194.0
Tower Defense,2607060,From Glory To Goo,"Action, City Builder, Strategy, Survival, Tower Defense",,,,Stratagem Blue,Stratagem Blue,78.0,steamspy,191.0
Tower Defense,3139620,Frontline Crisis,"Action, Shooter, Strategy, Tower Defense",,,,BCQT,Gamersky Games,0.0,steamspy,184.0
Tower Defense,2745870,Warfare Legacy Collection,"Action, Casual, Strategy, Tower Defense",,,,Con Artist Games,Armor Games Studios,23.0,steamspy,181.0
Tower Defense,1252680,SENTRY,"Action, Shooter, Strategy, Survival, Tower Defense",,,,Fireblade Software,Fireblade Software,5.0,steamspy,175.0
Tower Defense,1269690,Attack on Toys,"Action, Shooter, Strategy, Survival, Tower Defense",,,,N7T-GAMES,N7T-GAMES,26.0,steamspy,175.0
Tower Defense,2361460,Toy Shire,"Action, Strategy, Tower Defense",,,,Bluespy Studios,Catoptric Games,3.0,steamspy,173.0
Tower Defense,412520,Evil Defenders,"Casual, Indie, Strategy, Tower Defense",,,,CP Decision,CP Decision,0.0,steamspy,171.0
Tower Defense,205530,Gratuitous Tank Battles,"Indie, Simulation, Strategy, Tower Defense",,,,Positech Games,Positech Games,1.0,steamspy,170.0
Tower Defense,422910,Creeper World: Anniversary Edition,"Indie, Simulation, Strategy, Tower Defense",,,,Knuckle Cracker,Knuckle Cracker,28.0,steamspy,168.0
Tower Defense,2050510,Oriental Dynasty - Silk Road defense war,"Adventure, Casual, Indie, Platformer, Simulation, Strategy, Tower Defense",,,,星环游戏,星环游戏,1.0,steamspy,166.0
Tower Defense,525620,Octogeddon,"Action, Casual, Indie, Roguelike, Strategy, Tower Defense",,,,All Yes Good,All Yes Good,8.0,steamspy,154.0
Tower Defense,2849680,Utopia Must Fall,"Action, Shooter, Tower Defense",,,,Pixeljam,Pixeljam,15.0,steamspy,144.0
Tower Defense,209690,Fieldrunners,"Casual, Indie, Strategy, Tower Defense",,,,Subatomic Studios LLC,Subatomic Studios LLC,4.0,steamspy,144.0
Tower Defense,2310160,Operation: Polygon Storm,"Action, Simulation, Strategy, Tower Defense",,,,Toxic Studio,"Toxic Studio, Untold Tales",3.0,steamspy,143.0
Tower Defense,1101360,Rock of Ages 3: Make & Break,"Action, Adventure, Casual, Indie, Puzzle, Racing, Strategy, Tower Defense",,,,"ACE Team, Giant Monkey Robot","Maximum Entertainment, 3goo",1.0,steamspy,129.0
Tower Defense,3001330,Forest Heroes,"Action, Card & Board, Casual, Roguelike, Strategy, Tower Defense",,,,Hoochoo Game Studios,Hoochoo Game Studios,11.0,steamspy,121.0
Tower Defense,378260,Fortify,"Action, Indie, Strategy, Tower Defense",,,,Holgersson Entertainment,Holgersson Entertainment,0.0,steamspy,104.0
Tower Defense,1368850,Cursed Treasure 2 Ultimate Edition - Tower Defense,"Action, Casual, Platformer, Strategy, Tower Defense",,,,IriySoft,Surefire.Games,8.0,steamspy,101.0
Visual Novel,491950,Orwell: Keeping an Eye On You,"Adventure, Indie, Simulation, Visual Novel",,,,Osmotic Studios,Daedalic Entertainment,4.0,steamspy,150575.0
Visual Novel,1687950,Persona 5 Royal,"Adventure, JRPG, RPG, Strategy, Visual Novel",,,,ATLUS,SEGA,3825.0,steamspy,35298.0
Visual Novel,654880,Dream Daddy: A Dad Dating Simulator,"Casual, Indie, Simulation, Visual Novel",,,,Game Grumps,Game Grumps,20.0,steamspy,14336.0
Visual Novel,1256670,Library Of Ruina,"Action, Card & Board, Horror, Indie, RPG, Strategy, Visual Novel",,,,ProjectMoon,ProjectMoon,1565.0,steamspy,7211.0
Visual Novel,420740,The Deed,"Adventure, Casual, Indie, RPG, Simulation, Visual Novel",,,,"Pilgrim Adventures, GrabTheGames Studios","GrabTheGames, WhisperGames, TheGamesFortress",44.0,steamspy,3975.0
Visual Novel,994730,Banner of the Maid,"Indie, JRPG, RPG, Strategy, Visual Novel",,,,Azure Flame Studio,2P Games,41.0,steamspy,3737.0
Visual Novel,1451940,NEEDY STREAMER OVERLOAD,"Adventure, Horror, Visual Novel",,,,"WSS playground, xemono","WSS playground, Alliance Arts",322.0,steamspy,3627.0
Visual Novel,1207650,Suzerain,"Adventure, RPG, Strategy, Visual Novel",,,,Torpor Games,Torpor Games,187.0,steamspy,3333.0
Visual Novel,607890,Sword Art Online: Hollow Realization Deluxe Edition,"Action, Adventure, Casual, JRPG, Massively Multiplayer, RPG, Visual Novel",,,,AQURIA,BANDAI NAMCO Entertainment,33.0,steamspy,3234.0
Visual Novel,1108320,妄想破绽 Broken Delusion,"Adventure, Indie, Visual Novel",,,,,bilibili,0.0,steamspy,2990.0
Visual Novel,1449200,AI: THE SOMNIUM FILES - nirvanA Initiative,"Adventure, Visual Novel",,,,"Spike Chunsoft Co., Ltd.","Spike Chunsoft Co., Ltd.",42.0,steamspy,2815.0
Visual Novel,2190220,Touhou Danmaku Kagura Phantasia Lost,"Action, Adventure, Casual, Indie, Visual Novel",,,,"Alliance Arts, UnknownX",Alliance Arts,38.0,steamspy,2805.0
Visual Novel,1684350,The Thaumaturge,"Adventure, RPG, Visual Novel",,,,Fool's Theory,11 bit studios,46.0,steamspy,2733.0
Visual Novel,568720,The Agony,"Adventure, Casual, Horror, Indie, Survival, Visual Novel",,,,KishMish Games,KishMish Games,0.0,steamspy,2480.0
Visual Novel,2865490,恋爱单选题,"Adventure, Simulation, Visual Novel",,,,无忧传媒,"无忧传媒, 指间宇宙",9.0,steamspy,2469.0
Visual Novel,2826180,Chill Pulse,"Casual, Simulation, Visual Novel",,,,Catos Game,Catos Game,429.0,steamspy,2146.0
Visual Novel,675260,Batman: The Enemy Within - The Telltale Series,"Action, Adventure, Visual Novel",,,,Telltale,Telltale,70.0,steamspy,2024.0
Visual Novel,1129190,Our Life: Beginnings & Always,"Adventure, Casual, Indie, Visual Novel",,,,GB Patch Games,GB Patch Games,130.0,steamspy,1937.0
Visual Novel,331470,Everlasting Summer,"Adventure, Casual, Indie, Visual Novel",,,,Soviet Games,Soviet Games,115.0,steamspy,1907.0
Visual Novel,413420,Danganronpa 2: Goodbye Despair,"Adventure, Horror, Puzzle, Visual Novel",,,,"Spike Chunsoft Co., Ltd., Abstraction Games","Spike Chunsoft Co., Ltd.",224.0,steamspy,1848.0
Visual Novel,1394800,Rebirth:Mr Wang,"Casual, Indie, Puzzle, RPG, Visual Novel",,,,DSGame,DSGame,2.0,steamspy,1722.0
Visual Novel,2869860,Monster Prom 4: Monster Con,"Adventure, Casual, Indie, Visual Novel",,,,Beautiful Glitch,Beautiful Glitch,42.0,steamspy,1662.0
Visual Novel,423550,Day D: Tower Rush,"Action, Adventure, Casual, Indie, Puzzle, RPG, Simulation, Sports, Strategy, Survival, Tower Defense, Visual Novel",,,,Creobit,8Floor,1.0,steamspy,1614.0
Visual Novel,1967430,Ghost Trick: Phantom Detective,"Action, Adventure, Puzzle, Visual Novel",,,,"CAPCOM Co., Ltd.","CAPCOM Co., Ltd.",22.0,steamspy,1459.0
Visual Novel,1213300,Rebellion GODSOUL: Awakening,"Card & Board, JRPG, RPG, Strategy, Visual Novel",,,,U-Secret Studio,U-Secret Studio,15.0,steamspy,1426.0
Visual Novel,3319980,"The Legend of Heroes: Kai no Kiseki -Farewell, O Zemuria-","JRPG, RPG, Visual Novel",,,,Nihon Falcom,Clouded Leopard Entertainment,44.0,steamspy,1392.0
Visual Novel,648100,Raging Loop,"Adventure, Horror, Indie, Visual Novel",,,,KEMCO,KEMCO,93.0,steamspy,1270.0
Visual Novel,420110,NEKOPARA Vol. 2,"Adventure, Indie, Visual Novel",,,,NEKO WORKs,Sekai Project,9.0,steamspy,1206.0
Visual Novel,1140270,Monster Prom 2: Monster Camp,"Adventure, Casual, Indie, Simulation, Visual Novel",,,,Beautiful Glitch,Beautiful Glitch,29.0,steamspy,1153.0
Visual Novel,1433420,Love n War: Hero by Chance,"Casual, RPG, Simulation, Strategy, Tower Defense, Visual Novel",,,,Reborn Entertainment,Reborn Entertainment,1.0,steamspy,1102.0
Visual Novel,2901520,An alt girl for skoof,"Casual, Horror, Indie, Visual Novel",,,,"Terletski Games, RIKANIMATION",Terletski Games,2.0,steamspy,1006.0
Visual Novel,353270,Hyperdimension Neptunia Re;Birth3 V Generation,"Action, Adventure, JRPG, RPG, Strategy, Visual Novel",,,,"Idea Factory, Compile Heart, Felistella","Idea Factory, Idea Factory International",11.0,steamspy,1005.0
Visual Novel,801630,UNDER NIGHT IN-BIRTH Exe:Late[cl-r],"Action, Fighting, Sports, Visual Novel",,,,FRENCH-BREAD,Arc System Works,4.0,steamspy,959.0
Visual Novel,2757330,Class of '09: The Flip Side,"Adventure, Casual, Horror, Indie, Visual Novel",,,,SBN3,Wrath Club,11.0,steamspy,928.0
Visual Novel,601570,Fix Me Fix You,"Casual, Indie, Simulation, Visual Novel",,,,Sapphire Dragon Productions,Sapphire Dragon Productions,0.0,steamspy,828.0
Visual Novel,876850,WhiteLily 1：丽丽公主,"Adventure, Casual, Horror, Indie, Puzzle, RPG, Strategy, Visual Novel",,,,游学者狐狸,游学者狐狸,2.0,steamspy,782.0
Visual Novel,825630,STEINS;GATE 0,"Adventure, Horror, Visual Novel",,,,MAGES. Inc.,"Spike Chunsoft Co., Ltd.",52.0,steamspy,774.0
Visual Novel,1895350,I Wani Hug that Gator!,"Adventure, Casual, Indie, Visual Novel",,,,Cavemanon,Cavemanon,30.0,steamspy,759.0
Visual Novel,1277930,Riddle Joker,"Adventure, Casual, Visual Novel",,,,YUZUSOFT,"NekoNyan Ltd., HIKARI FIELD",40.0,steamspy,703.0
Visual Novel,2976720,1 to 1 humanoid edible toys,"Adventure, Casual, Indie, Simulation, Visual Novel",,,,"汉谟拉比炒面, 我的屁是香哒",无,5.0,steamspy,689.0
Visual Novel,2075070,KinitoPET,"Casual, Horror, Indie, Simulation, Visual Novel",,,,troy_en,troy_en,18.0,steamspy,655.0
Visual Novel,779640,妄想症：Deliver Me,"Adventure, Casual, Horror, Indie, Simulation, Visual Novel",,,,属音制作组,SakuraGame,5.0,steamspy,640.0
Visual Novel,1609230,Scarlet Hollow,"Adventure, Horror, RPG, Visual Novel",,,,Black Tabby Games,Black Tabby Games,60.0,steamspy,619.0
Visual Novel,1859280,7 Days to End with You,"Adventure, Casual, Puzzle, Simulation, Visual Novel",,,,Lizardry,PLAYISM,9.0,steamspy,617.0
Visual Novel,2704110,Aliya: Timelink,"Indie, RPG, Visual Novel",,,,TDGame Studio,AnotherIndie,44.0,steamspy,613.0
Visual Novel,1181840,HIVESWAP: ACT 2,"Adventure, Indie, Puzzle, RPG, Visual Novel",,,,"What Pumpkin Games, Inc.","What Pumpkin Games, Inc.",8.0,steamspy,610.0
Visual Novel,1510030,Knights College,"Adventure, Casual, Simulation, Visual Novel",,,,KAIJYU-09,KAIJYU-09,5.0,steamspy,570.0
Visual Novel,2071200,The Bad Kids,"Adventure, Horror, Indie, Platformer, Puzzle, Visual Novel",,,,Aluba Van+,LightOn Game,1.0,steamspy,563.0
Visual Novel,648580,428: Shibuya Scramble,"Adventure, Visual Novel",,,,"Spike Chunsoft Co., Ltd., Abstraction Games","Spike Chunsoft Co., Ltd.",19.0,steamspy,555.0
Visual Novel,501300,What Remains of Edith Finch,"Adventure, Horror, Indie, Puzzle, Visual Novel",,,,Giant Sparrow,Annapurna Interactive,46.0,steamspy,550.0
Visual Novel,1504500,OPUS: Echo of Starsong - Full Bloom Edition,"Adventure, Indie, JRPG, Platformer, Puzzle, RPG, Visual Novel",,,,SIGONO INC.,SIGONO INC.,6.0,steamspy,544.0
Visual Novel,1202900,Assemble with Care,"Casual, Indie, Puzzle, Simulation, Visual Novel",,,,ustwo games,ustwo games,7.0,steamspy,533.0
Visual Novel,849740,Love Esquire - RPG/Dating Sim/Visual Novel,"Adventure, Indie, RPG, Simulation, Visual Novel",,,,Yangyang Mobile,Yangyang Mobile,3.0,steamspy,528.0
Visual Novel,1952250,SAMURAI MAIDEN,"Action, Adventure, JRPG, Platformer, RPG, Visual Novel",,,,SHADE Inc.,D3PUBLISHER,5.0,steamspy,526.0
Visual Novel,1817940,Love Delivery,"Casual, Indie, Simulation, Visual Novel",,,,Cometsoft Inc.,Smilegate,3.0,steamspy,522.0
Visual Novel,2460980,Tide—1927—,"Action, Indie, Puzzle, RPG, Visual Novel",,,,咕咕制作组,咕咕制作组,1.0,steamspy,477.0
Visual Novel,899970,NEKOPARA Extra,"Action, Adventure, Casual, Indie, Visual Novel",,,,NEKO WORKs,Sekai Project,9.0,steamspy,473.0
Visual Novel,347620,Gaokao.Love.100Days,"Adventure, Casual, Horror, Indie, Simulation, Visual Novel",,,,"高考恋爱委员会, 橘子班",NVLMaker,4.0,steamspy,444.0
Visual Novel,2781750,Sisters: Last Day of Summer,"Adventure, Casual, Visual Novel",,,,Jellyfish,JAST,1.0,steamspy,412.0
Visual Novel,600090,The Coma: Recut,"Action, Adventure, Horror, Indie, Survival, Visual Novel",,,,"Dvora Studio Co., Ltd.",Headup,4.0,steamspy,410.0
Visual Novel,2185770,Aonatsu Line,"Adventure, Casual, Platformer, Visual Novel",,,,"GIGA, Entergram",HIKARI FIELD,3.0,steamspy,408.0
Visual Novel,1555110,Chasing Tails ~A Promise in the Snow~,"Adventure, Horror, Visual Novel",,,,"the last evil wizard, Nupu Neko Dev",Nupu Neko Dev,6.0,steamspy,392.0
Visual Novel,1604380,Hamidashi Creative,"Adventure, Casual, Platformer, RPG, Visual Novel",,,,madosoft,"TamaMako gaming, Sekai Project",20.0,steamspy,373.0
Visual Novel,312790,Agarest: Generations of War 2,"Adventure, JRPG, RPG, Strategy, Visual Novel",,,,Idea Factory,Ghostlight LTD,0.0,steamspy,371.0
Visual Novel,2812850,Love Chase,"Adventure, RPG, Visual Novel",,,,Topgame,Topgame,0.0,steamspy,352.0
Visual Novel,1788780,VenusBlood HOLLOW International,"RPG, Strategy, Visual Novel",,,,"Ninetail, Dualtail","JAST, Kagura Games (Chinese Version)",5.0,steamspy,340.0
Visual Novel,3227760,Paper Bride 6 Nightmare,"Adventure, Casual, Horror, Platformer, Puzzle, RPG, Strategy, Visual Novel",,,,HeartBeat Plus,HeartBeat Plus,5.0,steamspy,337.0
Visual Novel,251870,Go! Go! Nippon! ~My First Trip to Japan~,"Adventure, Casual, Visual Novel",,,,OVERDRIVE,MangaGamer,1.0,steamspy,294.0
Visual Novel,1642580,明星志願2000,"Casual, Platformer, Simulation, Visual Novel",,,,SOFTSTAR ENTERTAINMENT,SOFTSTAR ENTERTAINMENT,9.0,steamspy,288.0
Visual Novel,787370,Fable of the Sword,"Adventure, Indie, RPG, Visual Novel",,,,蔷薇千墨游戏组,SakuraGame,0.0,steamspy,277.0
Visual Novel,1956600,Yusetsu,"JRPG, Platformer, RPG, Visual Novel",,,,DSGame,DSGame,4.0,steamspy,260.0
Visual Novel,604330,The Crown of Leaves,"Adventure, Casual, Indie, Puzzle, Visual Novel",,,,Lingrimm,The Broken Horn,1.0,steamspy,254.0
Visual Novel,523000,Princess Maker 2 Refine,"JRPG, RPG, Simulation, Visual Novel",,,,"CFK Co., Ltd.",Bliss Brain,11.0,steamspy,237.0
Visual Novel,2258770,The Shell Part I: Inferno,"Adventure, Horror, Visual Novel",,,,Innocent Grey,Shiravune,4.0,steamspy,231.0
Visual Novel,1460040,Love Fantasy,"Adventure, Casual, Puzzle, RPG, Visual Novel",,,,Mature Games,Mature Games,0.0,steamspy,217.0
Visual Novel,1430420,CBT With Yuuka Kazami,"Casual, Horror, Survival, Visual Novel",,,,Sigyaad Team,Sigyaad Team,4.0,steamspy,212.0
Visual Novel,528060,東周列萌志 Philosophic Love,"Casual, Indie, Visual Novel",,,,"IWPLAY WORLD INTERACTIVE ENTERTAINMENT TECHNOLOGY CO., LTD.","IWPLAY WORLD INTERACTIVE ENTERTAINMENT TECHNOLOGY CO., LTD.",0.0,steamspy,207.0
Visual Novel,453730,Borstal,"Adventure, Indie, RPG, Survival, Visual Novel",,,,The Secret Pie,The Secret Pie,0.0,steamspy,200.0
Visual Novel,2127430,Loop8: Summer of Gods,"JRPG, RPG, Visual Novel",,,,Marvelous Inc.,"XSEED Games, Marvelous USA, Inc., Marvelous Europe",0.0,steamspy,194.0
Visual Novel,925470,Endless Jade Sea -Midori no Umi-,"Adventure, Indie, RPG, Visual Novel",,,,Cabbit,SakuraGame,1.0,steamspy,193.0
Visual Novel,1065100,Golden Treasure: The Great Green,"Adventure, Indie, RPG, Simulation, Visual Novel",,,,Dreaming Door Studios,Dreaming Door Studios,3.0,steamspy,187.0
Visual Novel,862440,Angel Wings,"Adventure, Casual, Simulation, Strategy, Visual Novel",,,,RumR Design,RumR Design,0.0,steamspy,185.0
Visual Novel,1279630,Vampire: The Masquerade - Shadows of New York,"Horror, Indie, RPG, Visual Novel",,,,Draw Distance,Dear Villagers,1.0,steamspy,181.0
Visual Novel,2986260,Dreamlike Love with Seira,"Casual, Indie, Visual Novel",,,,るび様崇める会,JAST,2.0,steamspy,170.0
Visual Novel,1491670,Venba,"Casual, Indie, Puzzle, Visual Novel",,,,Visai Games,Visai Games,2.0,steamspy,153.0
Visual Novel,1331210,Wolfstride,"Action, JRPG, RPG, Strategy, Visual Novel",,,,OTA IMON Studios,Raw Fury,2.0,steamspy,147.0
Visual Novel,938860,"Get In The Car, Loser!","Horror, Indie, JRPG, RPG, Visual Novel",,,,Love Conquers All Games,Love Conquers All Games,1.0,steamspy,144.0
Visual Novel,345370,TyranoBuilder Visual Novel Studio,Visual Novel,,,,STRIKEWORKS,STRIKEWORKS,34.0,steamspy,137.0
Visual Novel,1465190,古代人生 Ancient Life,"Casual, Indie, RPG, Simulation, Visual Novel",,,,Wingjoy Games,Wingjoy Games,3.0,steamspy,137.0
Visual Novel,293680,Cinders,"Adventure, Casual, Indie, RPG, Visual Novel",,,,MoaCube,MoaCube,0.0,steamspy,133.0
Visual Novel,1590230,Tyrion Cuthbert: Attorney of the Arcane,"Adventure, Casual, Indie, Puzzle, Visual Novel",,,,Diamondhenge Entertainment,Diamondhenge Entertainment,3.0,steamspy,130.0
Visual Novel,2515070,AQUARIUM,"Adventure, Visual Novel",,,,"ENTERGRAM, INC.","ENTERGRAM, INC.",3.0,steamspy,123.0
Visual Novel,2712550,The Shell Part II: Purgatorio,"Adventure, Horror, Simulation, Visual Novel",,,,Innocent Grey,Shiravune,7.0,steamspy,120.0
Visual Novel,2544760,Kuroinu 2 Redux,"Adventure, Horror, Visual Novel",,,,Liquid,Shiravune,0.0,steamspy,115.0
Visual Novel,2349140,KONOSUBA - God's Blessing on this Wonderful World! Love For These Clothes Of Desire!,"Action, Adventure, Casual, Visual Novel",,,,MAGES. Inc.,PQube,2.0,steamspy,111.0
Visual Novel,453340,Hustle Cat,"Casual, Indie, Visual Novel",,,,Date Nighto,Date Nighto,0.0,steamspy,109.0
Visual Novel,1697700,Who's Lila?,"Adventure, Casual, Horror, Puzzle, Visual Novel",,,,Garage Heathen,"Garage Heathen, IndieArk",43.0,steamspy,108.0
Visual Novel,787510,Muv-Luv Alternative Total Eclipse Remastered,"Adventure, Casual, Visual Novel",,,,"aNCHOR Inc., fuzz, Inc.",aNCHOR Inc.,2.0,steamspy,107.0
Visual Novel,2303800,My Life as a Cult Leader,"Adventure, Indie, JRPG, RPG, Visual Novel",,,,Orcsoft,Kagura Games,0.0,steamspy,103.0
Visual Novel,1575980,UsoNatsu ~The Summer Romance Bloomed From A Lie~,"Adventure, Casual, Visual Novel",,,,LYCORIS,Sekai Project,1.0,steamspy,103.0
