Selected_Genre,appid,name,genres,release_date,is_free,price,developers,publishers,concurrent_players,source,peak_players,is_non_game
4X,1363080,Manor Lords,"4X, City Builder, Simulation, Strategy, Survival",,,,Slavic Magic,Hooded Horse,2160.0,steamspy,172605.0,False
4X,289070,Sid Meier’s Civilization VI,"4X, City Builder, Simulation, Strategy",,,,"Firaxis Games, Aspyr (Mac), Aspyr (Linux)","2K, Aspyr (Mac), Aspyr (Linux)",25573.0,steamspy,162314.0,False
4X,232050,Eador. Masters of the Broken World,"4X, Adventure, Indie, RPG, Strategy",,,,Snowbird Games,Snowbird Games,18.0,steamspy,115993.0,False
4X,1158310,Crusader Kings III,"4X, RPG, Simulation, Strategy",,,,Paradox Development Studio,Paradox Interactive,22699.0,steamspy,98474.0,False
4X,204880,Sins of a Solar Empire: Rebellion,"4X, Simulation, Strategy",,,,"Ironclad Games Corporation, Stardock Entertainment",Stardock Entertainment,292.0,steamspy,91159.0,False
4X,8930,Sid Meier's Civilization V,"4X, Simulation, Strategy",,,,"Firaxis Games, Aspyr (Mac), Aspyr (Linux)","2K, Aspyr (Mac), Aspyr (Linux)",11960.0,steamspy,91020.0,False
4X,289130,ENDLESS Legend,"4X, Adventure, Indie, RPG, Strategy",,,,AMPLITUDE Studios,AMPLITUDE Studios,121.0,steamspy,88785.0,False
4X,1295660,Sid Meier's Civilization VII,"4X, City Builder, Simulation, Strategy",,,,Firaxis Games,2K,8032.0,steamspy,84558.0,False
4X,281990,Stellaris,"4X, Simulation, Strategy",,,,Paradox Development Studio,Paradox Interactive,9552.0,steamspy,68517.0,False
4X,1124300,HUMANKIND,"4X, City Builder, Simulation, Strategy, Survival",,,,AMPLITUDE Studios,AMPLITUDE Studios,343.0,steamspy,55232.0,False
4X,392110,ENDLESS Space 2,"4X, Action, Indie, RPG, Strategy",,,,AMPLITUDE Studios,AMPLITUDE Studios,328.0,steamspy,53435.0,False
4X,236850,Europa Universalis IV,"4X, Simulation, Strategy",,,,"Paradox Development Studio, Paradox Tinto",Paradox Interactive,6161.0,steamspy,47844.0,False
4X,1669000,Age of Wonders 4,"4X, RPG, Strategy",,,,Triumph Studios,Paradox Interactive,1948.0,steamspy,42826.0,False
4X,208140,ENDLESS Space - Definitive Edition,"4X, Indie, Simulation, Strategy",,,,AMPLITUDE Studios,AMPLITUDE Studios,32.0,steamspy,41009.0,False
4X,466560,Northgard,"4X, City Builder, Simulation, Strategy",,,,Shiro Games,Shiro Games,1015.0,steamspy,20083.0,False
4X,226840,Age of Wonders III,"4X, Action, Adventure, RPG, Strategy",,,,Triumph Studios,Paradox Interactive,153.0,steamspy,18477.0,False
4X,885970,Total War: ROME REMASTERED,"4X, Action, Strategy",,,,"Creative Assembly, Feral Interactive",SEGA,671.0,steamspy,18407.0,False
4X,1575940,Sins of a Solar Empire II,"4X, Strategy",,,,"Ironclad Games Corporation, Stardock Entertainment",Stardock Entertainment,653.0,steamspy,13330.0,False
4X,48240,Anno 2070,"4X, City Builder, Simulation, Strategy",,,,"Blue Byte, Related Designs",Ubisoft,38.0,steamspy,11140.0,False
4X,1176470,Terra Invicta,"4X, Simulation, Strategy",,,,Pavonis Interactive,Hooded Horse,358.0,steamspy,9826.0,False
4X,4700,Total War: MEDIEVAL II – Definitive Edition,"4X, Action, Simulation, Strategy",,,,"CREATIVE ASSEMBLY, Feral Interactive (Mac), Feral Interactive (Linux)","SEGA, Feral Interactive (Mac), Feral Interactive (Linux)",2340.0,steamspy,8419.0,False
4X,1605220,Dune: Spice Wars,"4X, Indie, Simulation, Strategy",,,,Shiro Games,"Funcom, Shiro Games",143.0,steamspy,7986.0,False
4X,2328480,Ascension,"4X, RPG, Strategy",,,,Element Game 微元游戏,Element  Game 微元游戏,56.0,steamspy,7867.0,False
4X,375910,Anno 2205,"4X, City Builder, Simulation, Strategy",,,,Blue Byte,Ubisoft,55.0,steamspy,7401.0,False
4X,463530,Empires of the Undergrowth,"4X, City Builder, Simulation, Strategy, Survival",,,,Slug Disco,"Hooded Horse, Slug Disco",240.0,steamspy,6356.0,False
4X,226860,Galactic Civilizations III,"4X, Strategy",,,,Stardock Entertainment,Stardock Entertainment,122.0,steamspy,6225.0,False
4X,736820,Knights of Honor II: Sovereign,"4X, City Builder, Simulation, Strategy",,,,Black Sea Games,THQ Nordic,163.0,steamspy,6034.0,False
4X,1268590,Millennia,"4X, Simulation, Strategy",,,,C Prompt Games,Paradox Interactive,26.0,steamspy,5907.0,False
4X,32470,STAR WARS Empire at War - Gold Pack,"4X, Action, Adventure, Simulation, Strategy",,,,Petroglyph,"LucasArts, Lucasfilm, Disney",1210.0,steamspy,5686.0,False
4X,1531540,Distant Worlds 2,"4X, Simulation, Strategy",,,,CodeForce,Slitherine Ltd.,60.0,steamspy,4974.0,False
4X,1937780,Total War: PHARAOH,"4X, Action, Horror, Strategy",,,,CREATIVE ASSEMBLY,SEGA,30.0,steamspy,4858.0,False
4X,1622900,Star Trek: Infinite,"4X, Simulation, Strategy",,,,Nimble Giant Entertainment,Paradox Interactive,26.0,steamspy,4752.0,False
4X,1099410,A Total War Saga: TROY,"4X, Action, Adventure, Massively Multiplayer, Simulation, Strategy",,,,"CREATIVE ASSEMBLY, Feral Interactive (Mac)","SEGA, Feral Interactive (Mac)",128.0,steamspy,4638.0,False
4X,3910,Sid Meier's Civilization III Complete,"4X, City Builder, Simulation, Strategy",,,,Firaxis Games,2K,1321.0,steamspy,4571.0,False
4X,4760,Rome: Total War - Collection,"4X, Action, Simulation, Strategy",,,,CREATIVE ASSEMBLY,SEGA,461.0,steamspy,4399.0,False
4X,867210,Songs of Conquest,"4X, RPG, Strategy",,,,Lavapotion,Coffee Stain Publishing,171.0,steamspy,4167.0,False
4X,202200,Galactic Civilizations II: Ultimate Edition,"4X, Strategy",,,,Stardock Entertainment,Stardock Entertainment,26.0,steamspy,3986.0,False
4X,252450,StarDrive 2,"4X, Indie, Strategy",,,,Zero Sum Games,Iceberg Interactive,7.0,steamspy,3571.0,False
4X,597180,Old World,"4X, Simulation, Strategy",,,,Mohawk Games,Hooded Horse,449.0,steamspy,3565.0,False
4X,538030,Xenonauts 2,"4X, RPG, Simulation, Strategy",,,,Goldhawk Interactive,Hooded Horse,86.0,steamspy,3464.0,False
4X,2021880,Ara History Untold: Anniversary Edition ,"4X, City Builder, Strategy",,,,Oxide Games,Xbox Game Studios,39.0,steamspy,3449.0,False
4X,203630,Warlock - Master of the Arcane,"4X, RPG, Strategy",,,,Ino-Co Plus,Paradox Interactive,16.0,steamspy,3403.0,False
4X,282210,Sid Meier's Starships,"4X, Casual, Strategy",,,,Firaxis Games,2K,21.0,steamspy,3387.0,False
4X,1422440,Cataclismo,"4X, City Builder, Simulation, Strategy",,,,Digital Sun,Hooded Horse,43.0,steamspy,3129.0,False
4X,220660,StarDrive,"4X, Indie, Strategy",,,,Zero Sum Games,,1.0,steamspy,3091.0,False
4X,8800,Civilization IV: Beyond the Sword,"4X, Simulation, Strategy",,,,Firaxis Games,2K,1340.0,steamspy,2744.0,False
4X,2233790,Legendary Creatures 2,"4X, Adventure, RPG, Strategy",,,,HideChara,Thermite Games,1.0,steamspy,2346.0,False
4X,427940,Industries of Titan,"4X, City Builder, Simulation, Strategy",,,,Brace Yourself Games,Brace Yourself Games,5.0,steamspy,2209.0,False
4X,544610,Battlestar Galactica Deadlock,"4X, Action, Adventure, Simulation, Strategy",,,,Black Lab Games,Slitherine Ltd.,231.0,steamspy,2125.0,False
4X,702320,March of Empires,"4X, Action, City Builder, Massively Multiplayer, RPG, Strategy",,,,Gameloft,Gameloft,627.0,steamspy,2031.0,False
4X,2511500,Dominions 6 - Rise of the Pantokrator,"4X, Strategy",,,,Illwinter Game Design,Illwinter Game Design,283.0,steamspy,1881.0,False
4X,887570,NEBULOUS: Fleet Command,"4X, Simulation, Strategy",,,,Eridanus Industries,Hooded Horse,86.0,steamspy,1814.0,False
4X,1822550,Microcivilization,"4X, City Builder, Indie, Strategy",,,,Ondrej Homola,Ondrej Homola,16.0,steamspy,1728.0,False
4X,378720,Thea: The Awakening,"4X, Card & Board, Indie, RPG, Strategy, Survival",,,,MuHa Games,MuHa Games,15.0,steamspy,1696.0,False
4X,245370,Etherium,"4X, Action, Strategy",,,,Tindalos Interactive,Focus Entertainment,0.0,steamspy,1672.0,False
4X,1025440,Fantasy General II,"4X, Strategy",,,,Owned by Gravity,Slitherine Ltd.,104.0,steamspy,1556.0,False
4X,1119700,As Far As The Eye,"4X, Card & Board, City Builder, Strategy, Survival",,,,Unexpected,"Goblinz Publishing, Maple Whispering Limited, Unexpected",3.0,steamspy,1499.0,False
4X,1357210,Galactic Civilizations IV,"4X, Simulation, Strategy",,,,Stardock Entertainment,Stardock Entertainment,231.0,steamspy,1422.0,False
4X,2195410,Songs of Silence,"4X, Indie, RPG, Strategy",,,,Chimera Entertainment,"Chimera Entertainment, H2 Interactive (Korea and Japan)",18.0,steamspy,1406.0,False
4X,3900,Sid Meier's Civilization IV,"4X, Simulation, Strategy",,,,Firaxis Games,2K,561.0,steamspy,1389.0,False
4X,606230,Thea 2: The Shattering,"4X, Card & Board, Indie, RPG, Strategy, Survival",,,,"MuHa Games, Eerie Forest Studio",MuHa Games,22.0,steamspy,1334.0,False
4X,342560,Airships: Conquer the Skies,"4X, Strategy",,,,David Stark,David Stark,51.0,steamspy,1313.0,False
4X,25800,Europa Universalis III Complete,"4X, Simulation, Strategy",,,,Paradox Development Studio,Paradox Interactive,43.0,steamspy,1299.0,False
4X,419480,Starpoint Gemini Warlords,"4X, Indie, RPG, Simulation, Strategy",,,,Little Green Men Games,Little Green Men Games,7.0,steamspy,1246.0,False
4X,261470,Distant Worlds: Universe,"4X, Adventure, Indie, Simulation, Strategy",,,,Code Force,Slitherine Ltd.,5.0,steamspy,1239.0,False
4X,718560,Scythe: Digital Edition,"4X, Card & Board, Strategy",,,,The Knights of Unity,The Knights of Unity,48.0,steamspy,1201.0,False
4X,1606340,Conquest of Elysium 5,"4X, Indie, Strategy",,,,Illwinter Game Design,Illwinter Game Design,179.0,steamspy,1171.0,False
4X,722060,Dominions 5 - Warriors of the Faith,"4X, Indie, Strategy",,,,Illwinter Game Design,Illwinter Game Design,23.0,steamspy,1065.0,False
4X,1075190,A Game of Thrones: The Board Game - Digital Edition,"4X, Card & Board, Strategy",,,,Dire Wolf,Twin Sails Interactive,26.0,steamspy,1062.0,False
4X,2820,X3: Terran Conflict,"4X, Action, Simulation, Strategy",,,,Egosoft,Egosoft,23.0,steamspy,1019.0,False
4X,1481170,ZEPHON,"4X, Horror, RPG, Simulation, Strategy",,,,Proxy Studios,Proxy Studios,132.0,steamspy,1016.0,False
4X,1768280,Ozymandias: Bronze Age Empire Sim,"4X, City Builder, Simulation, Strategy",,,,The Secret Games Company,"Goblinz Publishing, IndieArk",12.0,steamspy,1012.0,False
4X,1264280,Slipways,"4X, Indie, Puzzle, Strategy",,,,Beetlewing,Beetlewing,12.0,steamspy,1012.0,False
4X,205990,Warlock 2: The Exiled,"4X, Adventure, RPG, Strategy",,,,Ino-Co Plus,Paradox Interactive,18.0,steamspy,978.0,False
4X,2118810,Breachway,"4X, Simulation, Strategy",,,,Edgeflow Studio,Hooded Horse,45.0,steamspy,969.0,False
4X,2001070,Heart of the Machine,"4X, City Builder, Simulation, Strategy",,,,Arcen Games,Hooded Horse,21.0,steamspy,949.0,False
4X,1681060,Exogate Initiative,"4X, City Builder, Simulation, Strategy",,,,Xeno Bits,Xeno Bits,31.0,steamspy,949.0,False
4X,42990,Sword of the Stars II: Enhanced Edition,"4X, Strategy",,,,Kerberos Productions,Paradox Interactive,5.0,steamspy,932.0,False
4X,357310,Oriental Empires,"4X, Adventure, Indie, Simulation, Strategy, Survival",,,,Shining Pixel Studios,Iceberg Interactive,25.0,steamspy,866.0,False
4X,265970,Worlds of Magic,"4X, Adventure, Indie, RPG, Strategy",,,,Wastelands Interactive,Conglomerate 5,2.0,steamspy,805.0,False
4X,577230,Three Kingdoms The Last Warlord,"4X, Simulation, Strategy, Survival",,,,LongYou Game Studio,LongYou Tech Ltd,38.0,steamspy,785.0,False
4X,2420880,WitchHand,"4X, Card & Board, Simulation, Strategy, Survival",,,,Jon Nielsen,HopFrog,3.0,steamspy,747.0,False
4X,659540,Warsim: The Realm of Aslona,"4X, Action, Adventure, Indie, RPG, Simulation, Strategy",,,,Huw Millward,Huw Millward,12.0,steamspy,741.0,False
4X,201290,Sins of a Solar Empire: Trinity,"4X, Strategy",,,,"Ironclad Games Corporation, Stardock Entertainment",Stardock Entertainment,12.0,steamspy,733.0,False
4X,1623070,Master of Magic,"4X, City Builder, RPG, Strategy",,,,"MuHa Games, Eerie Forest Studio",Slitherine Ltd.,45.0,steamspy,732.0,False
4X,1395760,Reshaping Mars,"4X, City Builder, Indie, Simulation, Strategy",,,,Tholus,Yooreka Studio,2.0,steamspy,640.0,False
4X,1356810,Hexarchy,"4X, Card & Board, Simulation, Strategy",,,,Main Tank Software,"Yogscast Games, Gamersky Games",46.0,steamspy,630.0,False
4X,241000,Jon Shafer's At the Gates,"4X, Indie, Strategy",,,,Conifer Games,Conifer Games,1.0,steamspy,628.0,False
4X,1683320,Power & Revolution 2021 Edition,"4X, Simulation, Strategy",,,,Eversim,Eversim,5.0,steamspy,603.0,False
4X,1154840,Shadow Empire,"4X, RPG, Simulation, Strategy",,,,VR Designs,Matrix Games,42.0,steamspy,594.0,False
4X,1901910,Ultimate General: American Revolution,"4X, Simulation, Strategy",,,,Game-Labs,Game-Labs,38.0,steamspy,559.0,False
4X,1116880,The Heroic Legend of Eagarlnia,"4X, Indie, Strategy",,,,HongShou Studio,Pixmain,7.0,steamspy,558.0,False
4X,2340500,Three Kingdoms: Innovatory,"4X, RPG, Strategy",,,,瞬息万变工作室,Moment HK,14.0,steamspy,555.0,False
4X,499660,Medieval Kingdom Wars,"4X, Action, City Builder, Simulation, Strategy, Survival",,,,Reverie World Studios,indie.io,4.0,steamspy,544.0,False
4X,418250,Polaris Sector,"4X, RPG, Simulation, Strategy",,,,SoftWarWare,Slitherine Ltd.,3.0,steamspy,542.0,False
4X,718650,Driftland: The Magic Revival,"4X, City Builder, Strategy, Survival",,,,Star Drifters,Star Drifters,4.0,steamspy,541.0,False
4X,874390,The Battle of Polytopia,"4X, Action, Simulation, Strategy",,,,Midjiwan AB,Midjiwan AB,172.0,steamspy,535.0,False
4X,16810,Sid Meier's Civilization IV: Colonization,"4X, City Builder, Simulation, Strategy",,,,Firaxis Games,2K,215.0,steamspy,522.0,False
4X,1011390,Field of Glory: Empires,"4X, Strategy",,,,Ageod,Slitherine Ltd.,20.0,steamspy,466.0,False
4X,464880,Stars in Shadow,"4X, Indie, Strategy",,,,Ashdar Games,Iceberg Interactive,20.0,steamspy,464.0,False
4X,1597310,Airship: Kingdoms Adrift,"4X, Action, Adventure, RPG, Simulation, Strategy",,,,Revolution Industry,"indie.io, Gamersky Games",15.0,steamspy,417.0,False
4X,651660,Halcyon 6: Starbase Commander (LIGHTSPEED EDITION),"4X, RPG, Simulation, Strategy",,,,"Massive Damage, Inc.","Massive Damage, Inc.",3.0,steamspy,409.0,False
4X,3990,Civilization IV: Warlords,"4X, Strategy",,,,Firaxis Games,2K,150.0,steamspy,335.0,False
4X,346810,Marble Age,"4X, Casual, City Builder, Indie, Simulation, Strategy, Survival",,,,Clarus Victoria,Clarus Victoria,1.0,steamspy,319.0,False
4X,327400,Sid Meier's Colonization (Classic),"4X, Adventure, Simulation, Strategy",,,,"MicroProse Software, Inc","Atari, Nightdive Studios",100.0,steamspy,316.0,False
4X,573410,AI War 2,"4X, Simulation, Strategy, Tower Defense",,,,Arcen Games,Arcen Games,14.0,steamspy,310.0,False
4X,2810,X3: Reunion,"4X, Action, Simulation, Strategy",,,,Egosoft,Egosoft,3.0,steamspy,309.0,False
4X,461620,Predynastic Egypt,"4X, City Builder, Indie, Simulation, Strategy, Survival",,,,Clarus Victoria,Clarus Victoria,5.0,steamspy,295.0,False
4X,287580,Pandora: First Contact,"4X, Simulation, Strategy",,,,Proxy Studios,Slitherine Ltd.,3.0,steamspy,295.0,False
4X,410980,Master of Orion 2,"4X, Strategy",,,,SimTex,Wargaming Labs,159.0,steamspy,283.0,False
4X,1145340,Rogue State Revolution,"4X, Simulation, Strategy",,,,"LRDGames, Inc.",Modern Wolf,7.0,steamspy,281.0,False
4X,1823600,Power & Revolution 2022 Edition,"4X, Simulation, Strategy",,,,Eversim,Eversim,7.0,steamspy,272.0,False
4X,1245250,Thrive: Heavy Lies The Crown,"4X, Casual, City Builder, RPG, Strategy",,,,Zugalu Entertainment,PlaySide,3.0,steamspy,271.0,False
4X,1983990,Nexus 5X,"4X, Card & Board, Simulation, Strategy",,,,Whatboy Games,Paradox Arc,6.0,steamspy,257.0,False
4X,1189100,Rise Of The White Sun - 白日升,"4X, RPG, Simulation, Strategy",,,,Maestro Cinetik,"Gaming at Work, Cinetique",6.0,steamspy,257.0,False
4X,1521070,The Pegasus Expedition,"4X, Simulation, Strategy",,,,Kalla Gameworks,Fulqrum Publishing,2.0,steamspy,250.0,False
4X,1638300,Solargene,"4X, City Builder, Simulation, Strategy",,,,Alexander Semenov,Alexander Semenov,11.0,steamspy,244.0,False
4X,477730,Eador. Imperium,"4X, Indie, RPG, Strategy",,,,Snowbird Games,Snowbird Games,3.0,steamspy,231.0,False
4X,403950,Conquest of Elysium 4,"4X, Indie, Strategy",,,,Illwinter Game Design,Illwinter Game Design,2.0,steamspy,231.0,False
4X,975270,军团战棋Legion War,"4X, Adventure, Indie, JRPG, RPG, Strategy",,,,Bear & Cat Studio,Bear & Cat Studio,7.0,steamspy,224.0,False
4X,2147380,Heroes of Science and Fiction,"4X, Indie, RPG, Strategy",,,,Oxymoron Games,Oxymoron Games,9.0,steamspy,210.0,False
4X,984680,Interstellar Space: Genesis,"4X, Indie, Strategy",,,,Praxis Games,Praxis Games,15.0,steamspy,196.0,False
4X,235660,Eador: Genesis,"4X, Indie, RPG, Strategy",,,,"Alexey Bokulev, Snowbird Games",Snowbird Games,5.0,steamspy,193.0,False
4X,1812910,Great Houses of Calderia,"4X, Indie, RPG, Simulation, Strategy",,,,Resistance Games,Firesquid,1.0,steamspy,186.0,False
4X,474020,Ragnorium,"4X, City Builder, RPG, Simulation, Strategy, Survival",,,,Vitali Kirpu,Devolver Digital,1.0,steamspy,178.0,False
4X,1700300,World Warfare & Economics,"4X, Simulation, Strategy",,,,Okron Studio,Okron Studio,2.0,steamspy,171.0,False
4X,559310,Illyriad - Grand Strategy MMO,"4X, City Builder, Indie, Massively Multiplayer, RPG, Simulation, Strategy",,,,Illyriad Games,Illyriad Games,9.0,steamspy,161.0,False
4X,490370,Imperium Galactica II,"4X, Strategy",,,,"Digital Reality, Gyroscope Games",THQ Nordic,14.0,steamspy,155.0,False
4X,34440,Sid Meier's Civilization IV,"4X, Simulation, Strategy",,,,Firaxis Games,2K,3.0,steamspy,155.0,False
4X,1183470,Imperiums: Greek Wars,"4X, Simulation, Strategy",,,,Kube Games,Kube Games,2.0,steamspy,152.0,False
4X,1146370,Master of Magic Classic,"4X, Strategy",,,,SimTex,Slitherine Ltd.,39.0,steamspy,146.0,False
4X,2275940,Rogue Hex,"4X, Card & Board, City Builder, Roguelike, Simulation, Strategy",,,,Topstitch Games,Topstitch Games,5.0,steamspy,144.0,False
4X,42890,Sword of the Stars: Complete Collection,"4X, Strategy",,,,Kerberos Productions Inc.,Paradox Interactive,23.0,steamspy,138.0,False
4X,338810,Demise of Nations,"4X, Casual, Horror, Indie, Strategy",,,,Noble Master LLC,Noble Master LLC,4.0,steamspy,137.0,False
4X,1690,Space Empires V,"4X, Strategy",,,,Malfador Machinations,Strategy First,13.0,steamspy,137.0,False
4X,61520,Age of Wonders Shadow Magic,"4X, RPG, Strategy",,,,Triumph Studios,Paradox Interactive,16.0,steamspy,121.0,False
4X,1305310,Drox Operative 2,"4X, Action, Indie, RPG, Strategy",,,,Soldak Entertainment,Soldak Entertainment,3.0,steamspy,112.0,False
4X,279140,Making History: The Great War,"4X, Indie, Simulation, Strategy",,,,"Muzzy Lane Software, Factus Games",Factus Games,2.0,steamspy,109.0,False
4X,1537910,Chaos Galaxy 2,"4X, JRPG, RPG, Simulation, Strategy",,,,Han Zhiyu,"ChaosGalaxyStudio, 2P Games",8.0,steamspy,104.0,False
4X,2799350,Emperor of the Fading Suns Enhanced,"4X, Strategy",,,,"Holistic Design, Inc.","Holistic Design, Inc., V Publishing",7.0,steamspy,103.0,False
Action,1085660,Destiny 2,"Action, Adventure, Massively Multiplayer, Shooter",,,,Bungie,Bungie,12827.0,steamspy,316651.0,False
Action,304390,FOR HONOR,"Action, Fighting, RPG, Strategy",,,,"Ubisoft Montreal, Ubisoft Quebec, Ubisoft Toronto, Blue Byte",Ubisoft,2849.0,steamspy,216499.0,False
Action,1174180,Red Dead Redemption 2,"Action, Adventure, Shooter",,,,Rockstar Games,Rockstar Games,27939.0,steamspy,99759.0,False
Action,601150,Devil May Cry 5,"Action, Adventure",,,,"CAPCOM Co., Ltd.","CAPCOM Co., Ltd.",820.0,steamspy,88735.0,False
Action,1254120,Bless Unleashed,"Action, Adventure, Massively Multiplayer, RPG",,,,VALOFE,VALOFE,218.0,steamspy,76273.0,False
Action,2384580,DYNASTY WARRIORS: ORIGINS,"Action, RPG, Strategy",,,,"KOEI TECMO GAMES CO., LTD.","KOEI TECMO GAMES CO., LTD.",783.0,steamspy,69318.0,False
Action,1172620,Sea of Thieves: 2025 Edition,"Action, Adventure, Massively Multiplayer",,,,Rare Ltd,Xbox Game Studios,2805.0,steamspy,66632.0,False
Action,2993780,FANTASY LIFE i: The Girl Who Steals Time,"Action, Adventure, Casual, City Builder, JRPG, RPG",,,,LEVEL5 Inc.,LEVEL5 Inc.,373.0,steamspy,65347.0,False
Action,848450,Subnautica: Below Zero,"Action, Adventure, Horror, Indie, Survival",,,,Unknown Worlds Entertainment,Unknown Worlds Entertainment,574.0,steamspy,42057.0,False
Action,1942280,Brotato,"Action, Casual, RPG, Roguelike, Shooter, Survival",,,,Blobfish,Blobfish,5176.0,steamspy,38761.0,False
Action,678960,CODE VEIN,"Action, Adventure, JRPG, RPG",,,,Bandai Namco Studios,Bandai Namco Entertainment,435.0,steamspy,33804.0,False
Action,1693980,Dead Space,"Action, Adventure, Horror, Shooter, Survival",,,,Motive,Electronic Arts,401.0,steamspy,28842.0,False
Action,221380,Age of Empires II (Retired),"Action, Adventure, City Builder, Strategy",,,,"Skybox Labs, Hidden Path Entertainment, Ensemble Studios, Forgotten Empires",Xbox Game Studios,2167.0,steamspy,27618.0,False
Action,48000,LIMBO,"Action, Adventure, Casual, Horror, Indie, Platformer, Puzzle",,,,Playdead,Playdead,54.0,steamspy,27454.0,False
Action,240760,Wasteland 2: Director's Cut,"Action, Adventure, Indie, RPG, Strategy, Survival",,,,inXile Entertainment,inXile Entertainment,4.0,steamspy,18576.0,False
Action,555160,Pavlov,"Action, Indie, Shooter, Simulation",,,,Vankrupt Games,Vankrupt Games,74.0,steamspy,17629.0,False
Action,2849080,Kingdom Rush 5: Alliance TD,"Action, Adventure, Indie, Strategy, Tower Defense",,,,Ironhide Game Studio,Ironhide Game Studio,292.0,steamspy,15843.0,False
Action,102500,Kingdoms of Amalur: Reckoning,"Action, Adventure, RPG",,,,"Big Huge Games, 38 Studios","38 Studios, Electronic Arts",19.0,steamspy,12787.0,False
Action,274940,Depth,"Action, Adventure, Horror, Shooter, Survival",,,,Digital Confectioners,Digital Confectioners,21.0,steamspy,10775.0,False
Action,1645820,SurrounDead,"Action, Adventure, Indie, RPG, Shooter, Survival",,,,Zurvivor,PlaySurrounDead,1797.0,steamspy,10713.0,False
Action,292120,FINAL FANTASY XIII,"Action, Adventure, JRPG, RPG, Strategy",,,,Square Enix,Square Enix,248.0,steamspy,8320.0,False
Action,1498570,THE KING OF FIGHTERS XV,Action,"12 Dec, 2024",False,"₩ 31,400",SNK CORPORATION,SNK CORPORATION,205.0,appdetails,8205.0,False
Action,826630,Iron Harvest,"Action, Casual, Strategy",,,,KING Art,Prime Matter,61.0,steamspy,8145.0,False
Action,265300,Lords Of The Fallen 2014,"Action, Adventure, RPG",,,,"CI Games, Deck 13",CI Games,32.0,steamspy,8014.0,False
Action,699130,World War Z,"Action, Horror, Shooter, Survival",,,,Saber Interactive Inc,Saber Interactive Inc,871.0,steamspy,7943.0,False
Action,1485590,ENDLESS Dungeon - Definitive Edition,"Action, RPG, Roguelike, Shooter, Strategy, Tower Defense",,,,AMPLITUDE Studios,AMPLITUDE Studios,8.0,steamspy,7935.0,False
Action,1798010,Mega Man Battle Network Legacy Collection Vol. 1,"Action, JRPG, RPG",,,,"CAPCOM Co., Ltd.","CAPCOM Co., Ltd.",107.0,steamspy,7747.0,False
Action,669330,Mechabellum,"Action, Simulation, Strategy",,,,Game River,Dreamhaven,953.0,steamspy,7740.0,False
Action,487120,Citadel: Forged with Fire,"Action, Adventure, Indie, Massively Multiplayer, RPG, Survival",,,,Blue Isle Studios,Blue Isle Publishing,9.0,steamspy,7720.0,False
Action,1256670,Library Of Ruina,"Action, Card & Board, Horror, Indie, RPG, Strategy, Visual Novel",,,,ProjectMoon,ProjectMoon,1565.0,steamspy,7211.0,False
Action,42160,War of the Roses,"Action, Adventure, Fighting, Massively Multiplayer, RPG, Strategy",,,,Fatshark,Paradox Interactive,2.0,steamspy,6331.0,False
Action,385400,Weapons Genius,"Action, Casual, Indie, Shooter, Simulation, Strategy, Survival",,,,"JDM4iK, Droid Riot",Conglomerate 5,3.0,steamspy,5985.0,False
Action,640380,UBERMOSH Vol.5,"Action, Indie, Roguelike, Shooter",,,,Walter Machado,Walter Machado,16.0,steamspy,5932.0,False
Action,412880,Drift Streets Japan,"Action, Indie, Massively Multiplayer, Racing, Simulation, Sports",,,,JDM4iK Games,"SA Industry, BATYSTORE LTD",3.0,steamspy,5559.0,False
Action,285160,LEGO The Hobbit,"Action, Adventure, Puzzle, RPG, Strategy",,,,"Traveller's Tales, Feral Interactive (Mac)","Warner Bros. Interactive Entertainment, Feral Interactive (Mac)",63.0,steamspy,5549.0,False
Action,2000890,MechWarrior 5: Clans,"Action, Shooter, Simulation",,,,Piranha Games Inc.,Piranha Games Inc.,149.0,steamspy,5548.0,False
Action,2294660,The Quinfall,"Action, Adventure, Massively Multiplayer, RPG",,,,Vawraek Technology Inc.,Vawraek Technology Inc.,354.0,steamspy,5184.0,False
Action,617830,SUPERHOT VR,"Action, Adventure, Puzzle, Shooter",,,,SUPERHOT Team,SUPERHOT Team,16.0,steamspy,4734.0,False
Action,450860,Andarilho,"Action, Adventure, Casual, Indie, Racing, Simulation, Survival",,,,SC Jogos,SC Jogos,0.0,steamspy,3904.0,False
Action,1150530,Wizard with a Gun,"Action, Adventure, Shooter",,,,Galvanic Games,Devolver Digital,76.0,steamspy,3844.0,False
Action,268130,Heat Signature,"Action, Adventure, Indie, Roguelike, Shooter, Strategy",,,,Suspicious Developments,Suspicious Developments,39.0,steamspy,3825.0,False
Action,239250,Castlevania: Lords of Shadow 2,"Action, Adventure, Horror, Metroidvania, RPG",,,,MercurySteam,KONAMI,20.0,steamspy,3784.0,False
Action,911400,Assassin's Creed III Remastered,"Action, Adventure, RPG",,,,Ubisoft Entertainment,Ubisoft Entertainment,230.0,steamspy,3473.0,False
Action,1016950,Blood Bowl 3,"Action, Card & Board, RPG, Sports, Strategy",,,,Cyanide Studio,Nacon,184.0,steamspy,3076.0,False
Action,404410,Endless Sky,"Action, Adventure, Casual, Indie, RPG, Simulation, Strategy",,,,Michael Zahniser,Michael Zahniser,149.0,steamspy,2950.0,False
Action,312990,The Expendabros,"Action, Adventure, Indie, Platformer, Shooter",,,,Free Lives,Devolver Digital,6.0,steamspy,2927.0,False
Action,339340,Resident Evil 0,"Action, Adventure, Horror, Puzzle, Shooter, Survival",,,,"CAPCOM Co., Ltd.","CAPCOM Co., Ltd.",156.0,steamspy,2924.0,False
Action,462780,Darksiders Warmastered Edition,"Action, Adventure, Metroidvania, Puzzle, RPG",,,,"KAIKO, Vigil Games",THQ Nordic,85.0,steamspy,2890.0,False
Action,3328720,Flash Doll,"Action, Casual, Indie, Roguelike, Strategy",,,,Game Star,Game Star,4.0,steamspy,2876.0,False
Action,513610,Madrobot X,"Action, Casual, Indie",,,,NetoX,Sometimes You,0.0,steamspy,2604.0,False
Action,420560,Firefighting Simulator - The Squad,"Action, Adventure, Casual, Simulation, Strategy",,,,Chronos Unterhaltungssoftware,astragon Entertainment,13.0,steamspy,2582.0,False
Action,1740720,Have a Nice Death,"Action, Indie, Metroidvania, Platformer, Roguelike",,,,Magic Design Studios,Arc Games,39.0,steamspy,2481.0,False
Action,1815570,Aces & Adventures,"Action, Adventure, Card & Board, RPG, Roguelike, Strategy",,,,Triple.B.Titles,Yogscast Games,14.0,steamspy,2431.0,False
Action,345180,Victor Vran ARPG,"Action, Adventure, Indie, RPG",,,,Haemimont Games,"Haemimont Games, EuroVideo Medien",9.0,steamspy,2410.0,False
Action,533780,Zombie Defense,"Action, Casual, Horror, Indie, Shooter, Strategy, Survival, Tower Defense",,,,Home Net Games,Home Net Games,10.0,steamspy,2356.0,False
Action,58610,Wargame: European Escalation,"Action, Indie, Simulation, Strategy",,,,Eugen Systems,Eugen Systems,9.0,steamspy,2197.0,False
Action,2695490,Age of Water,"Action, Adventure, Massively Multiplayer, Shooter",,,,Three Whales Studio,Gaijin Network Ltd,38.0,steamspy,2188.0,False
Action,1699480,KLETKA,"Action, Adventure, Horror, Roguelike",,,,"Callback, ln404","Callback, ln404",108.0,steamspy,1701.0,False
Action,272470,The Incredible Adventures of Van Helsing II,"Action, Adventure, Indie, RPG, Tower Defense",,,,NeocoreGames,NeocoreGames,3.0,steamspy,1688.0,False
Action,326120,Horizon Shift,"Action, Indie, Shooter",,,,Flump Studios,Funbox Media Ltd,0.0,steamspy,1577.0,False
Action,2510710,Kunitsu-Gami: Path of the Goddess,"Action, Strategy, Tower Defense",,,,"CAPCOM Co., Ltd.","CAPCOM Co., Ltd.",8.0,steamspy,1567.0,False
Action,314710,Mighty No. 9,"Action, Casual, Indie, Platformer",,,,"Comcept, Inti Creates",Deep Silver,0.0,steamspy,1556.0,False
Action,312780,Way of the Samurai 4,"Action, Adventure, JRPG, RPG",,,,ACQUIRE Corp.,"Spike Chunsoft Co., Ltd.",13.0,steamspy,1534.0,False
Action,418030,Subsistence,"Action, Adventure, Indie, Shooter, Survival",,,,ColdGames,ColdGames,183.0,steamspy,1527.0,False
Action,366090,Colony Survival,"Action, Adventure, City Builder, Indie, Strategy, Survival",,,,Pipliz,Pipliz,105.0,steamspy,1488.0,False
Action,1934570,South of Midnight,"Action, Adventure, Horror, Platformer",,,,Compulsion Games,Xbox Game Studios,29.0,steamspy,1438.0,False
Action,375850,Island Defense,"Action, Casual, Indie, Strategy, Tower Defense",,,,Stereo7 Games,Stereo7 Games,0.0,steamspy,1373.0,False
Action,1634860,Minishoot' Adventures,"Action, Adventure, Casual, Metroidvania, RPG, Shooter",,,,SoulGame Studio,"SoulGame Studio, IndieArk",83.0,steamspy,1340.0,False
Action,485440,Call Of The Mighty Warriors,"Action, Adventure, Casual, Indie, Simulation, Strategy, Tower Defense",,,,"Jaison Robson Gusava, SC Jogos",SC Jogos,0.0,steamspy,1274.0,False
Action,598700,The Vagrant,"Action, Adventure, Indie, Metroidvania, Platformer, RPG",,,,O.T.K Games,SakuraGame,10.0,steamspy,1249.0,False
Action,1627570,The Plucky Squire,"Action, Adventure, Indie, Platformer, Puzzle",,,,All Possible Futures,Devolver Digital,24.0,steamspy,1231.0,False
Action,227180,Kingdom Wars,"Action, City Builder, Indie, Massively Multiplayer, RPG, Simulation, Strategy",,,,Reverie World Studios,Space Bullet Dynamics Corporation,4.0,steamspy,1217.0,False
Action,35700,Trine Enchanted Edition,"Action, Adventure, Casual, Indie, Platformer, Puzzle",,,,Frozenbyte,Frozenbyte,8.0,steamspy,1186.0,False
Action,367270,Angels Fall First,"Action, Indie, Shooter, Simulation",,,,Strangely Interactive Ltd,Strangely Interactive Ltd,2.0,steamspy,1100.0,False
Action,598330,SimAirport,"Action, Casual, City Builder, Indie, Simulation, Strategy",,,,LVGameDev LLC,LVGameDev LLC,31.0,steamspy,1062.0,False
Action,458710,Kingdom Rush Frontiers - Tower Defense,"Action, Adventure, Casual, Indie, Strategy, Tower Defense",,,,Ironhide Game Studio,Ironhide Game Studio,137.0,steamspy,1002.0,False
Action,965200,Walking Zombie 2,"Action, Adventure, RPG, Shooter, Survival",,,,Alda Games,Alda Games,36.0,steamspy,962.0,False
Action,1975580,Wild Woods,"Action, Casual, Roguelike",,,,Octofox Games,Daedalic Entertainment,14.0,steamspy,920.0,False
Action,384490,NECROPOLIS: BRUTAL EDITION,"Action, Adventure, Casual, Indie, RPG, Roguelike",,,,Harebrained Schemes,"Paradox Interactive, Bandai Namco",4.0,steamspy,872.0,False
Action,1375900,Swarm Grinder,"Action, Casual, RPG, Roguelike",,,,Last Bite Games,"Null State Protocol, Gamersky Games",2.0,steamspy,839.0,False
Action,1920480,River City Girls 2,"Action, Adventure, RPG",,,,WayForward,"WayForward, Arc System Works",28.0,steamspy,826.0,False
Action,2616140,Sunset Motel,"Action, Casual, Simulation",,,,Efkey Studios,RockGame S.A.,46.0,steamspy,801.0,False
Action,3084280,Threefold Recital,"Action, Adventure, Indie, Platformer, Puzzle, Visual Novel",,,,Everscape Games,indienova,26.0,steamspy,664.0,False
Action,1832220,Blind Fate: Edo no Yami — Dojo,"Action, Adventure, RPG, Simulation",,,,Troglobytes Games,101XP,0.0,steamspy,653.0,False
Action,1051310,Paper Dolls: Original / 纸人,"Action, Adventure, Horror, Indie, Puzzle, Survival",,,,"Beijing Litchi Culture Media Co., Ltd.","Beijing Litchi Culture Media Co., Ltd., Gamera Game",10.0,steamspy,635.0,False
Action,1227780,Taur,"Action, Indie, Shooter, Strategy, Tower Defense",,,,Echo Entertainment,Echo Entertainment,2.0,steamspy,629.0,False
Action,2658450,LOLLIPOP CHAINSAW RePOP,"Action, Adventure, Casual",,,,"DRAGAMI GAMES, LTD.","DRAGAMI GAMES, LTD.",21.0,steamspy,625.0,False
Action,1961600,Darfall,"Action, City Builder, RPG, Simulation, Strategy, Survival",,,,SquareNite,Paradox Arc,7.0,steamspy,611.0,False
Action,298030,Total Annihilation,"Action, Strategy",,,,Cavedog Entertainment,Wargaming.net,91.0,steamspy,608.0,False
Action,396480,Battlevoid: Harbinger,"Action, Indie, Simulation, Strategy, Survival",,,,Bugbyte Ltd.,Bugbyte Ltd.,1.0,steamspy,563.0,False
Action,2021210,DRAGON QUEST TREASURES,"Action, Casual, JRPG, RPG",,,,"Square Enix, TOSE CO., LTD.",Square Enix,2.0,steamspy,562.0,False
Action,246580,The Typing of The Dead: Overkill,"Action, Horror, Shooter",,,,Modern Dream,SEGA,7.0,steamspy,559.0,False
Action,410710,System Shock: Enhanced Edition,"Action, Adventure, Horror, Metroidvania, RPG, Shooter",,,,"Looking Glass Studios, Nightdive Studios",Nightdive Studios,3.0,steamspy,548.0,False
Action,2085370,Classified: France '44,"Action, RPG, Strategy",,,,Absolutely Games,Team17,19.0,steamspy,537.0,False
Action,1055430,Swords and Sandals Classic Collection,"Action, Adventure, Card & Board, Casual, RPG, Strategy",,,,Whiskeybarrel Studios,eGames.com,41.0,steamspy,536.0,False
Action,1952250,SAMURAI MAIDEN,"Action, Adventure, JRPG, Platformer, RPG, Visual Novel",,,,SHADE Inc.,D3PUBLISHER,5.0,steamspy,526.0,False
Action,2602030,Entropy Survivors,"Action, Casual, RPG, Roguelike, Shooter",,,,Moving Pieces Interactive,First Break Labs,9.0,steamspy,500.0,False
Action,1573100,Subterrain: Mines of Titan,"Action, Adventure, Indie, RPG, Survival",,,,Pixellore Inc,indie.io,2.0,steamspy,493.0,False
Action,2236070,Peaks of Yore,"Action, Adventure, Horror, Indie, Platformer",,,,Anders Grube Jensen,TraipseWare,74.0,steamspy,467.0,False
Action,581630,Sword With Sauce,"Action, Casual, Indie, Shooter, Strategy",,,,Diatomic Studios,Diatomic Studios,3.0,steamspy,454.0,False
Action,503620,Fictorum,"Action, Adventure, Indie, RPG, Roguelike, Shooter",,,,Scraping Bottom Games,Scraping Bottom Games,1.0,steamspy,452.0,False
Action,311770,LEGO Pirates of the Caribbean: The Video Game,"Action, Adventure, Horror",,,,Traveller's Tales,Disney,41.0,steamspy,450.0,False
Action,528550,Drunkn Bar Fight,"Action, Fighting, Indie",,,,The Munky,The Munky,0.0,steamspy,438.0,False
Action,640890,Will Glow the Wisp,"Action, Casual, Platformer",,,,PartTimeIndie,PartTimeIndie,183.0,steamspy,405.0,False
Action,2056220,Bloody Hell,"Action, Adventure, Indie, Metroidvania, Shooter",,,,Pun Intended,Pun Intended,8.0,steamspy,400.0,False
Action,1451480,The Greatest Penguin Heist of All Time,"Action, Adventure, Casual, Shooter",,,,"That Fish, That Other Fish","That Fish, That Other Fish",15.0,steamspy,391.0,False
Action,945710,DreadOut 2,"Action, Adventure, Horror, RPG, Survival",,,,Digital Happiness,Digital Happiness,2.0,steamspy,372.0,False
Action,2234150,BACKROOMS: APPREHENSION,"Action, Adventure, Horror, Shooter, Survival",,,,DMNT Interactive,DMNT Interactive,38.0,steamspy,357.0,False
Action,417890,Apotheon Arena,"Action, Indie",,,,Alientrap,Alientrap,0.0,steamspy,339.0,False
Action,578930,LOVE 2: kuso,"Action, Indie, Platformer",,,,Fred Wood,Fred Wood,0.0,steamspy,337.0,False
Action,1620540,Pixel Cup Soccer - Ultimate Edition,"Action, Simulation, Sports",,,,BATOVI Games,BATOVI Games,2.0,steamspy,330.0,False
Action,2354600,Renfield: Bring Your Own Blood,"Action, Casual, Indie, RPG, Roguelike, Shooter",,,,Mega Cat Studios,Skybound Games,4.0,steamspy,329.0,False
Action,248310,Freedom Planet,"Action, Adventure, Indie, Platformer",,,,GalaxyTrail,GalaxyTrail,2.0,steamspy,329.0,False
Action,598550,HUNTDOWN,"Action, Platformer, Shooter",,,,Easy Trigger Games,Coffee Stain Publishing,7.0,steamspy,319.0,False
Action,1590910,Forgive Me Father,"Action, Indie, Shooter",,,,Byte Barrel,Fulqrum Publishing,7.0,steamspy,319.0,False
Action,1477700,Project Wunderwaffe,"Action, Adventure, Simulation, Strategy, Survival",,,,Weasel Games,Weasel Games,2.0,steamspy,307.0,False
Action,1018800,DEEEER Simulator: Your Average Everyday Deer Game,"Action, Adventure, Casual, Indie, Simulation",,,,Gibier Games,PLAYISM,9.0,steamspy,304.0,False
Action,1157250,Anomaly Zone,"Action, Indie, Massively Multiplayer, RPG, Shooter, Survival",,,,NEW STORY GAMES,MALSER LLC,14.0,steamspy,293.0,False
Action,843390,Vertigo 2,"Action, Adventure, Indie, Shooter",,,,Zach Tsiakalis-Brown,Zulubo Productions,5.0,steamspy,264.0,False
Action,320590,Warside,"Action, Massively Multiplayer, Platformer, RPG, Shooter",,,,Kraken Games,Kraken Games,0.0,steamspy,258.0,False
Action,2014550,Voidwrought,"Action, Adventure, Horror, Metroidvania, Platformer",,,,Powersnake,Kwalee,3.0,steamspy,253.0,False
Action,2119590,Deducto 2,"Action, Casual, Simulation, Strategy, Survival",,,,Red Fox Studios,Red Fox Studios,0.0,steamspy,245.0,False
Action,1644490,Occult,"Action, Adventure, Horror, Indie, Massively Multiplayer, Puzzle, Survival",,,,Renderise,Renderise,1.0,steamspy,244.0,False
Action,743350,Slay.one,"Action, Shooter, Strategy",,,,"Beijing AMPBox Technology Co., Ltd., Slay.one",Slay.one,1.0,steamspy,236.0,False
Action,2969160,除邪(CHUXIE),"Action, Adventure, Horror, Platformer, Survival",,,,LCGaming,LCGaming,9.0,steamspy,226.0,False
Action,1079800,Pistol Whip,"Action, Shooter",,,,Cloudhead Games Ltd.,Cloudhead Games Ltd.,5.0,steamspy,194.0,False
Action,3075800,Subterranauts,"Action, Adventure, Horror",,,,Asa Longino,Asa Longino,6.0,steamspy,180.0,False
Action,263620,Mitsurugi Kamui Hikae,"Action, Fighting",,,,Zenith Blue,PLAYISM,1.0,steamspy,180.0,False
Action,1200230,Ludus,"Action, Adventure, Indie, RPG, Simulation, Strategy","20 Feb, 2020",False,"₩ 11,000",Cheesecake Dev,Cheesecake Dev,1.0,appdetails,177.0,False
Action,668210,Super Fancy Pants Adventure,"Action, Adventure, Casual, Indie, Platformer",,,,Borne Games,2 Left Thumbs,1.0,steamspy,168.0,False
Action,787850,Heroine Anthem Zero 2 : Scalescars Oath,"Action, Adventure, Indie, Metroidvania, Platformer, RPG",,,,WindThunder Studio,Skywalker HK,3.0,steamspy,167.0,False
Action,1944140,Lys and Ruka's Magical Bag,"Action, Indie, RPG, Roguelike",,,,desunoya,Sekai Project,0.0,steamspy,161.0,False
Action,488730,God's Trigger,"Action, Adventure, Fighting, Platformer, Roguelike, Shooter",,,,One More Level,Techland Publishing,0.0,steamspy,161.0,False
Action,1069530,Narita Boy,"Action, Adventure, Platformer",,,,Studio Koba,Team17,1.0,steamspy,159.0,False
Action,525620,Octogeddon,"Action, Casual, Indie, Roguelike, Strategy, Tower Defense",,,,All Yes Good,All Yes Good,8.0,steamspy,154.0,False
Action,1733250,Turbo Kid,"Action, Adventure, Metroidvania, Platformer",,,,Outerminds Inc.,Outerminds Inc.,6.0,steamspy,151.0,False
Action,1536080,Sword and Fairy 3 Ex,"Action, Adventure, Platformer, RPG",,,,SOFTSTAR TECHNOLOGY(SHANGHAI),SOFTSTAR ENTERTAINMENT,11.0,steamspy,149.0,False
Action,885150,Capcom Beat 'Em Up Bundle,Action,,,,"CAPCOM Co., Ltd.","CAPCOM Co., Ltd.",5.0,steamspy,143.0,False
Action,2618840,末世少女 Zombie Girl,"Action, Adventure, Indie, RPG, Shooter",,,,Utopia Studio,Utopia Game,0.0,steamspy,137.0,False
Action,2565550,Beyond Hanwell,"Action, Adventure, Horror, Shooter, Survival",,,,Steel Arts Software Ltd,Steel Arts Software Ltd,2.0,steamspy,133.0,False
Action,455910,STAR WARS: Rogue Squadron 3D,"Action, Simulation",,,,"Factor 5, LucasArts","LucasArts, Lucasfilm, Disney",5.0,steamspy,129.0,False
Action,22120,Penumbra: Black Plague Gold Edition,"Action, Adventure, Horror, Indie, Puzzle, Survival",,,,Frictional Games,Frictional Games,4.0,steamspy,121.0,False
Action,303690,FATE: The Cursed King,"Action, Adventure, Casual, Horror, RPG, Strategy, Survival",,,,WildTangent,"WildTangent, gamigo group",12.0,steamspy,119.0,False
Action,3331320,Back in Service: a Metro Driver,"Action, Adventure, Casual, Simulation",,,,Dominik Vojta,Dominik Vojta,0.0,steamspy,118.0,False
Action,260790,1001 Spikes,"Action, Adventure, Indie, Platformer",,,,"Nicalis, Inc.","Nicalis, Inc.",0.0,steamspy,116.0,False
Action,2505570,Burger Shop 3,"Action, Casual, Simulation",,,,GoBit Games,GoBit Games,59.0,steamspy,116.0,False
Action,1175360,Doomsday Hunters,"Action, Indie, Roguelike, Shooter",,,,Moregames,Moregames,1.0,steamspy,111.0,False
Action,1271100,Deadly Premonition 2: A Blessing in Disguise,"Action, Adventure, Horror, Survival",,,,"Toy Box Inc., White Owls Inc.",Rising Star Games,3.0,steamspy,103.0,False
Action,1432320,Liftoff: Micro Drones,"Action, Racing, Simulation, Sports",,,,LuGus Studios,LuGus Studios,45.0,steamspy,102.0,False
Action,1368850,Cursed Treasure 2 Ultimate Edition - Tower Defense,"Action, Casual, Platformer, Strategy, Tower Defense",,,,IriySoft,Surefire.Games,8.0,steamspy,101.0,False
Adventure,1623730,Palworld,"Action, Adventure, RPG, Shooter, Survival",,,,Pocketpair,Pocketpair,26271.0,steamspy,2101535.0,False
Adventure,346110,ARK: Survival Evolved,"Action, Adventure, Indie, Massively Multiplayer, RPG, Survival",,,,"Studio Wildcard, Instinct Games, Efecto Studios, Virtual Basement LLC","Studio Wildcard, Snail Games USA",12360.0,steamspy,247292.0,False
Adventure,1468810,鬼谷八荒 Tale of Immortal,"Action, Adventure, RPG, Simulation, Strategy",,,,鬼谷工作室,"鬼谷工作室, Lightning Games",2262.0,steamspy,183985.0,False
Adventure,1222670,The Sims 4,"Adventure, Casual, Simulation",,,,Maxis,Electronic Arts,20194.0,steamspy,96185.0,False
Adventure,2215430,Ghost of Tsushima DIRECTOR'S CUT,"Action, Adventure, RPG",,,,"Sucker Punch Productions, Nixxes Software",PlayStation Publishing LLC,3553.0,steamspy,77154.0,False
Adventure,202990,Call of Duty: Black Ops II,"Action, Adventure, Horror, Massively Multiplayer, Shooter, Survival",,,,Treyarch,Activision,90.0,steamspy,70819.0,False
Adventure,1364780,Street Fighter 6,"Action, Adventure, Fighting, RPG, Sports",,,,"CAPCOM Co., Ltd.","CAPCOM Co., Ltd.",11307.0,steamspy,70540.0,False
Adventure,834910,ATLAS,"Action, Adventure, Massively Multiplayer, RPG, Survival",,,,"Grapeshot Games, Instinct Games","Grapeshot Games, Snail Games USA",345.0,steamspy,58788.0,False
Adventure,2072450,Like a Dragon: Infinite Wealth,"Action, Adventure, JRPG, RPG",,,,Ryu Ga Gotoku Studio,SEGA,970.0,steamspy,46029.0,False
Adventure,1113560,NieR Replicant ver.1.22474487139...,"Action, Adventure, JRPG, RPG",,,,"Square Enix, Toylogic Inc.",Square Enix,155.0,steamspy,28509.0,False
Adventure,346900,AdVenture Capitalist,"Adventure, Casual, Simulation, Strategy",,,,Hyper Hippo Games,Hyper Hippo Games,1278.0,steamspy,22927.0,False
Adventure,1084600,My Time at Sandrock,"Adventure, Casual, Indie, RPG, Simulation",,,,Pathea Games,"Pathea Games, Focus Entertainment, PM Studios, Inc., DMM Games",1051.0,steamspy,21620.0,False
Adventure,383180,Dead Island: Riptide Definitive Edition,"Action, Adventure, Horror, RPG, Survival",,,,Techland,Deep Silver,59.0,steamspy,20450.0,False
Adventure,298110,Far Cry® 4,"Action, Adventure","17 Nov, 2014",False,"₩ 33,000","Ubisoft Montreal, Red Storm, Shanghai, Toronto, Kiev",Ubisoft,458.0,appdetails,16946.0,False
Adventure,2375550,Like a Dragon Gaiden: The Man Who Erased His Name,"Action, Adventure, JRPG, RPG",,,,Ryu Ga Gotoku Studio,SEGA,103.0,steamspy,13737.0,False
Adventure,700330,SCP: Secret Laboratory,"Action, Adventure, Horror, Indie, Shooter, Strategy, Survival",,,,Northwood Studios,Northwood Studios,1955.0,steamspy,13662.0,False
Adventure,751780,Forager,"Adventure, Casual, Indie, RPG, Simulation, Survival",,,,HopFrog,Humble Games,199.0,steamspy,13403.0,False
Adventure,324800,Shadow Warrior 2,"Action, Adventure, Shooter",,,,Flying Wild Hog,Devolver Digital,50.0,steamspy,12484.0,False
Adventure,527230,For The King,"Adventure, Card & Board, Indie, RPG, Strategy",,,,IronOak Games,Curve Games,891.0,steamspy,9840.0,False
Adventure,365360,Battle Brothers,"Action, Adventure, RPG, Simulation, Strategy",,,,Overhype Studios,Overhype Studios,1142.0,steamspy,8055.0,False
Adventure,1041720,Kingdoms of Amalur: Re-Reckoning,"Action, Adventure, Fighting, RPG",,,,"KAIKO, Big Huge Games, 38 Studios",THQ Nordic,119.0,steamspy,6219.0,False
Adventure,614570,Dishonored: Death of the Outsider,"Action, Adventure",,,,Arkane Studios,Bethesda Softworks,49.0,steamspy,6036.0,False
Adventure,414340,Hellblade: Senua's Sacrifice,"Action, Adventure, Horror, Indie",,,,Ninja Theory,Ninja Theory,35.0,steamspy,5619.0,False
Adventure,32370,STAR WARS Knights of the Old Republic,"Action, Adventure, RPG",,,,"BioWare, Aspyr (Mac)","LucasArts, Aspyr (Mac), Disney, Lucasfilm",255.0,steamspy,5593.0,False
Adventure,20500,Red Faction Guerrilla Steam Edition,"Action, Adventure, Shooter, Survival",,,,"Volition, Reactor Zero, THQ Nordic",Deep Silver,5.0,steamspy,5570.0,False
Adventure,822240,Animal Jam,"Adventure, Casual, Massively Multiplayer, Simulation",,,,"WildWorks, Inc.","WildWorks, Inc.",75.0,steamspy,5448.0,False
Adventure,1239020,TOGETHER BnB,"Adventure, Casual, Indie, RPG, Simulation, Visual Novel",,,,AURORA Games,AURORA Games,57.0,steamspy,4910.0,False
Adventure,2776450,Multiverse Loot Hunter,"Adventure, Casual, Indie, RPG, Simulation, Strategy",,,,游戏养家工作室,游戏养家工作室,833.0,steamspy,4139.0,False
Adventure,419270,Elite Dangerous: Horizons,"Action, Adventure, Massively Multiplayer, RPG, Simulation, Strategy",,,,Frontier Developments,Frontier Developments,0.0,steamspy,4088.0,False
Adventure,636480,Ravenfield,"Action, Adventure, Indie, Shooter, Simulation, Strategy",,,,SteelRaven7,SteelRaven7,553.0,steamspy,3927.0,False
Adventure,50620,Darksiders,"Action, Adventure, Metroidvania, Platformer, Puzzle, RPG",,,,Vigil Games,THQ Nordic,13.0,steamspy,3888.0,False
Adventure,1796470,Haste,"Action, Adventure, Casual, Platformer, Racing, Roguelike",,,,Landfall,Landfall,220.0,steamspy,3831.0,False
Adventure,365420,Apollo4x,"4X, Action, Adventure, Casual, Indie, RPG, Simulation, Strategy",,,,Digital Entertainment,Volens Nolens Games,0.0,steamspy,3766.0,False
Adventure,397060,Faeria,"Action, Adventure, Card & Board, Casual, Indie, Massively Multiplayer, RPG, Strategy, Survival",,,,Abrakam Entertainment SA,Versus Evil,19.0,steamspy,3638.0,False
Adventure,247000,Talisman: Digital Edition,"Adventure, Card & Board, Casual, Indie, RPG, Strategy",,,,Nomad Games,Nomad Games,80.0,steamspy,3590.0,False
Adventure,33230,Assassin's Creed 2,"Action, Adventure",,,,Ubisoft Montreal,Ubisoft,184.0,steamspy,3582.0,False
Adventure,269770,Secrets of Grindea,"Action, Adventure, Indie, JRPG, RPG",,,,Pixel Ferrets,Pixel Ferrets,52.0,steamspy,3397.0,False
Adventure,1816300,HARVESTELLA,"Action, Adventure, JRPG, RPG, Simulation",,,,Square Enix,Square Enix,37.0,steamspy,3354.0,False
Adventure,396160,Secret Of Magia,"Action, Adventure, Indie, RPG, Strategy",,,,,Senpai Industrial Studios,6.0,steamspy,2956.0,False
Adventure,407130,Tank Mechanic Simulator,"Action, Adventure, Casual, Indie, Simulation",,,,DeGenerals S.A.,PlayWay S.A.,38.0,steamspy,2934.0,False
Adventure,1726400,The Death | Thần Trùng,"Adventure, Casual, Horror, Indie, Puzzle",,,,DUT Studio,DUT Studio,1.0,steamspy,2882.0,False
Adventure,239350,Spelunky,"Action, Adventure, Indie, Platformer, Roguelike",,,,Mossmouth,Mossmouth,72.0,steamspy,2854.0,False
Adventure,937170,Otaku's Adventure,"Adventure, Indie, Puzzle, RPG, Visual Novel",,,,Spacelight Studio,Spacelight Studio,8.0,steamspy,2787.0,False
Adventure,581600,The Albatross,"Action, Adventure, Indie",,,,FlagmanJeremy,FlagmanJeremy,0.0,steamspy,2515.0,False
Adventure,291170,Royal Defense,"Adventure, Casual, Indie, Strategy, Tower Defense, Visual Novel",,,,"Good Games, Creobit",8Floor,1.0,steamspy,2375.0,False
Adventure,1466640,Road 96 ,"Action, Adventure",,,,Digixart,Deep Silver,80.0,steamspy,2260.0,False
Adventure,203350,King's Bounty: Warriors of the North,"Adventure, RPG, Strategy",,,,Fulqrum Publishing,Fulqrum Publishing,41.0,steamspy,2198.0,False
Adventure,1140440,OMON Simulator,"Action, Adventure, Indie, Massively Multiplayer, RPG, Racing, Simulation, Strategy",,,,"Ukrainian Bears, Hideo Milos","United Nations, Putin The Best, Ukrainian Bears",1.0,steamspy,2049.0,False
Adventure,1120810,Eastern Exorcist,"Action, Adventure, Indie, Metroidvania, Platformer, RPG, Strategy",,,,Wildfire Game（无锡野火数字科技有限公司）,Wildfire Game（无锡野火数字科技有限公司）,11.0,steamspy,2037.0,False
Adventure,2369900,Castlevania Dominus Collection,"Action, Adventure, Horror, Metroidvania, Platformer, RPG",,,,KONAMI,KONAMI,97.0,steamspy,1781.0,False
Adventure,547680,Guild Quest,"Action, Adventure, Card & Board, Casual, Indie, RPG, Simulation, Strategy",,,,Hyper Hippo Games,Hyper Hippo Games,7.0,steamspy,1691.0,False
Adventure,1530160,Digimon World: Next Order,"Action, Adventure, Casual, JRPG, RPG, Simulation",,,,"HYDE, Inc.",Bandai Namco Entertainment,423.0,steamspy,1669.0,False
Adventure,538680,The Legend of Heroes: Trails of Cold Steel,"Action, Adventure, JRPG, RPG, Visual Novel",,,,Nihon Falcom,"XSEED Games, Marvelous USA, Inc.",112.0,steamspy,1601.0,False
Adventure,593280,Cat Quest,"Action, Adventure, Casual, Indie, RPG",,,,The Gentlebros,Kepler Interactive,48.0,steamspy,1509.0,False
Adventure,275670,Space Run,"Action, Adventure, Indie, Strategy, Tower Defense",,,,Passtech Games,Focus Entertainment,4.0,steamspy,1466.0,False
Adventure,2827230,Wild Assault,"Action, Adventure, Massively Multiplayer, Shooter",,,,Combat Cat Studio,Combat Cat Studio,169.0,steamspy,1441.0,False
Adventure,356040,Sheltered,"Adventure, Horror, Indie, RPG, Simulation, Strategy, Survival",,,,"Unicube, Team 17 Digital Ltd",Team17 Digital Ltd,31.0,steamspy,1385.0,False
Adventure,1282150,SpongeBob SquarePants: The Cosmic Shake,"Action, Adventure, Platformer",,,,Purple Lamp,THQ Nordic,41.0,steamspy,1334.0,False
Adventure,1069160,SKALD: Against the Black Priory,"Adventure, Horror, RPG, Strategy",,,,High North Studios AS,Raw Fury,28.0,steamspy,1321.0,False
Adventure,221540,DG2: Defense Grid 2,"Adventure, Indie, Strategy, Tower Defense",,,,Hidden Path Entertainment,"Hidden Path Entertainment, 505 Games",29.0,steamspy,1315.0,False
Adventure,3069120,Love Curse: Find Your Soulmate,"Adventure, Indie, RPG, Visual Novel",,,,Xso,Xso,13.0,steamspy,1264.0,False
Adventure,2514960,Refind Self: The Personality Test Game,"Action, Adventure, Casual, Simulation, Visual Novel",,,,Lizardry,PLAYISM,7.0,steamspy,1239.0,False
Adventure,714020,Idle Adventure,"Adventure, Indie, RPG",,,,"zha7, Phaedruns, Yingke Wu",zha7,2.0,steamspy,1045.0,False
Adventure,1574260,My Friendly Neighborhood,"Action, Adventure, Horror, Puzzle, Shooter, Survival",,,,"John Szymanski, Evan Szymanski",DreadXP,12.0,steamspy,1009.0,False
Adventure,948740,AI: The Somnium Files,"Adventure, Horror, Puzzle, Visual Novel",,,,"Spike Chunsoft Co., Ltd.","Spike Chunsoft Co., Ltd.",50.0,steamspy,983.0,False
Adventure,1324530,"Warhammer 40,000: Shootas, Blood & Teef","Action, Adventure, Platformer, Shooter",,,,Rogueside,Rogueside,7.0,steamspy,929.0,False
Adventure,24880,The Saboteur,"Action, Adventure",,,,Pandemic Studios,Electronic Arts,24.0,steamspy,864.0,False
Adventure,864700,Dinosaur Fossil Hunter,"Adventure, Simulation",,,,▲ Pyramid Games,"▲ Pyramid Games, PlayWay S.A.",10.0,steamspy,855.0,False
Adventure,235360,Prime World: Defenders,"Action, Adventure, Card & Board, Casual, Indie, RPG, Strategy, Survival, Tower Defense",,,,Nival,Nival,2.0,steamspy,808.0,False
Adventure,735280,EMERGENCY 20,"Action, Adventure, Simulation, Strategy",,,,Sixteen Tons Entertainment,Sixteen Tons Entertainment,15.0,steamspy,754.0,False
Adventure,202750,Alan Wake's American Nightmare,"Action, Adventure, Horror, Shooter, Survival",,,,Remedy Entertainment,Remedy Entertainment,36.0,steamspy,738.0,False
Adventure,388880,Oxenfree,"Adventure, Horror, Indie",,,,Night School Studio,Night School Studio,8.0,steamspy,709.0,False
Adventure,111800,Blocks That Matter,"Adventure, Casual, Indie, Platformer, Puzzle, Strategy",,,,Swing Swing Submarine,Swing Swing Submarine,0.0,steamspy,700.0,False
Adventure,813540,Scheming Through The Zombie Apocalypse: The Beginning,"Adventure, Visual Novel",,,,Entertainment Forge,GrabTheGames,24.0,steamspy,688.0,False
Adventure,295250,Stranded,"Adventure, Indie",,,,Peter Moorhead,Curve Games,40.0,steamspy,675.0,False
Adventure,397550,Deus Ex: Revision,"Action, Adventure, Casual, RPG, Shooter",,,,Ion Storm,Caustic Creative,36.0,steamspy,675.0,False
Adventure,951240,Obenseuer,"Adventure, Horror, Indie, RPG, Strategy, Survival",,,,Loiste Interactive,Loiste Interactive,74.0,steamspy,665.0,False
Adventure,1296360,Archvale,"Action, Adventure, Indie, RPG, Roguelike",,,,idoz & phops,Humble Games,1.0,steamspy,648.0,False
Adventure,1859280,7 Days to End with You,"Adventure, Casual, Puzzle, Simulation, Visual Novel",,,,Lizardry,PLAYISM,9.0,steamspy,617.0,False
Adventure,2138090,Atelier Marie Remake: The Alchemist of Salburg,"Adventure, Casual, JRPG, RPG, Simulation",,,,"KOEI TECMO GAMES CO., LTD.","KOEI TECMO GAMES CO., LTD.",2.0,steamspy,588.0,False
Adventure,205610,Port Royale 3,"Action, Adventure, City Builder, Simulation, Strategy",,,,Gaming Minds Studios,Kalypso Media Digital,23.0,steamspy,582.0,False
Adventure,286100,You Have to Win the Game,"Action, Adventure, Indie, Metroidvania, Platformer",,,,Minor Key Games,Minor Key Games,3.0,steamspy,578.0,False
Adventure,2071200,The Bad Kids,"Adventure, Horror, Indie, Platformer, Puzzle, Visual Novel",,,,Aluba Van+,LightOn Game,1.0,steamspy,563.0,False
Adventure,2100,Dark Messiah of Might & Magic,"Action, Adventure, RPG",,,,Arkane Studios,Ubisoft,23.0,steamspy,546.0,False
Adventure,612570,Fort Triumph,"Adventure, RPG, Strategy",,,,CookieByte Entertainment,CookieByte Entertainment,2.0,steamspy,539.0,False
Adventure,1008710,Wet Girl,"Adventure, Casual, Horror, Indie, RPG",,,,Wet Girl,Shoot Girl,6.0,steamspy,534.0,False
Adventure,2512930,Guardians of the Sanctree,"Adventure, City Builder, Simulation, Strategy, Survival, Tower Defense",,,,HuCang Studio,"HuCang Studio, SilkeyGames",0.0,steamspy,526.0,False
Adventure,1342890,Who Needs a Hero?,"Action, Adventure, Casual, Indie, RPG, Simulation",,,,"Henrique Faitta Chitolina, Pidro Soft",Baby Stone Studios,3.0,steamspy,498.0,False
Adventure,1082430,Before Your Eyes,"Adventure, Indie",,,,GoodbyeWorld Games,Skybound Games,23.0,steamspy,491.0,False
Adventure,618470,Qbik,"Adventure, Casual, Indie, Puzzle",,,,Norbert Palacz,Forever Entertainment S. A.,1.0,steamspy,473.0,False
Adventure,635200,Distrust: Polar Survival,"Adventure, Horror, Strategy, Survival",,,,Cheerdealers,Alawar,2.0,steamspy,459.0,False
Adventure,421120,Samorost 3,"Adventure, Casual, Puzzle",,,,Amanita Design,Amanita Design,6.0,steamspy,455.0,False
Adventure,1276800,CONVERGENCE: A League of Legends Story,"Action, Adventure, Indie, Metroidvania, Platformer",,,,Double Stallion,Riot Forge,2.0,steamspy,442.0,False
Adventure,1363350,Monster Harvest,"Action, Adventure, Casual, RPG",,,,Maple Powered Games,Silver Lining Interactive,2.0,steamspy,442.0,False
Adventure,260130,Agarest: Generations of War Zero,"Action, Adventure, JRPG, RPG, Strategy, Visual Novel",,,,Idea Factory,Ghostlight LTD,4.0,steamspy,435.0,False
Adventure,809890,Shining Resonance Refrain,"Action, Adventure, JRPG, RPG, Visual Novel",,,,SEGA,SEGA,12.0,steamspy,416.0,False
Adventure,638650,Sword Art Online Re: Hollow Fragment,"Action, Adventure, JRPG, Massively Multiplayer, RPG, Visual Novel",,,,"AQURIA Co., Ltd.",BANDAI NAMCO Entertainment,17.0,steamspy,411.0,False
Adventure,1013870,Leanna's Slice of Life,"Adventure, Indie, JRPG, RPG",,,,Acerola,Kagura Games,1.0,steamspy,401.0,False
Adventure,2470300,Hookah Haze,"Adventure, Visual Novel",,,,ACQUIRE Corp.,Aniplex Inc.,6.0,steamspy,393.0,False
Adventure,998400,Trans-Siberian Railway Simulator,"Action, Adventure, Casual, Indie, Simulation, Survival",,,,Pentacle,PlayWay S.A.,5.0,steamspy,391.0,False
Adventure,1604380,Hamidashi Creative,"Adventure, Casual, Platformer, RPG, Visual Novel",,,,madosoft,"TamaMako gaming, Sekai Project",20.0,steamspy,373.0,False
Adventure,2764750,The Other Side,"Action, Adventure, Horror, Indie",,,,DeevoTe,DeevoTe,71.0,steamspy,352.0,False
Adventure,33320,Prince of Persia: The Forgotten Sands,"Action, Adventure, Platformer",,,,Ubisoft Montreal,Ubisoft,7.0,steamspy,348.0,False
Adventure,322290,Gurumin: A Monstrous Adventure,"Action, Adventure, Indie, JRPG, Platformer, RPG",,,,"Nihon Falcom, Mastiff",Mastiff,1.0,steamspy,346.0,False
Adventure,2863640,The Midnight Walk,"Action, Adventure, Horror, Puzzle",,,,MoonHood,Fast Travel Games,16.0,steamspy,343.0,False
Adventure,296830,Lucius II,"Action, Adventure, Horror, Indie, Puzzle, Simulation",,,,Shiver Games,Shiver Games,1.0,steamspy,329.0,False
Adventure,1082710,Bug Fables: The Everlasting Sapling,"Action, Adventure, Indie, JRPG, RPG",,,,Moonsprout Games,DANGEN Entertainment,41.0,steamspy,316.0,False
Adventure,12150,Max Payne 2: The Fall of Max Payne,"Action, Adventure, Shooter",,,,Remedy Entertainment,Rockstar Games,42.0,steamspy,315.0,False
Adventure,1726120,Cursed to Golf,"Action, Adventure, Platformer, Sports",,,,Chuhai Labs,Thunderful Publishing,4.0,steamspy,310.0,False
Adventure,1125510,Snacko,"Adventure, Simulation",,,,Bluecurse Studios,Armor Games Studios,26.0,steamspy,304.0,False
Adventure,1967260,Double Dragon Gaiden: Rise Of The Dragons,"Action, Adventure, Casual, Roguelike",,,,Secret Base,"Maximum Entertainment, Joystick",12.0,steamspy,298.0,False
Adventure,2685900,Mind Over Magnet,"Adventure, Indie, Platformer, Puzzle",,,,Game Maker's Toolkit,Game Maker's Toolkit,2.0,steamspy,296.0,False
Adventure,342380,Sakura Angels,"Action, Adventure, Casual, Indie, Simulation, Visual Novel",,,,Winged Cloud,Winged Cloud,0.0,steamspy,296.0,False
Adventure,251870,Go! Go! Nippon! ~My First Trip to Japan~,"Adventure, Casual, Visual Novel",,,,OVERDRIVE,MangaGamer,1.0,steamspy,294.0,False
Adventure,1457620,幻想三国志,"Action, Adventure, Casual, RPG, Strategy",,,,"USERJOY Technology Co., Ltd.","USERJOY Technology Co., Ltd., Phoenix Game",9.0,steamspy,292.0,False
Adventure,2579280,子归 - Blossom,"Adventure, Horror, Indie, Puzzle, RPG, Visual Novel",,,,糯米团子工作室,糯米团子工作室,1.0,steamspy,277.0,False
Adventure,2075100,Chernobylite 2: Exclusion Zone,"Action, Adventure, Horror, RPG, Survival",,,,The Farm 51,The Farm 51,11.0,steamspy,262.0,False
Adventure,2727650,WHAT THE CAR?,"Action, Adventure, Indie, Platformer, Racing",,,,Triband,Triband,6.0,steamspy,257.0,False
Adventure,2752520,Warrior Maiden Lecia and the Lost Fortress,"Action, Adventure, Indie, JRPG, RPG",,,,Kuroto Zakka,OTAKU Plan,2.0,steamspy,257.0,False
Adventure,1377450,圣歌德嘉的晚钟,"Adventure, Indie, Puzzle, RPG, Strategy, Visual Novel",,,,二律背反,旅人计划,6.0,steamspy,254.0,False
Adventure,1062110,UNSIGHTED,"Action, Adventure, Indie, Metroidvania, Platformer, Puzzle, RPG, Shooter",,,,Studio Pixel Punk,Humble Games,7.0,steamspy,233.0,False
Adventure,2351860,Tower of Kalemonvo,"Action, Adventure, Horror, RPG, Survival",,,,osur,2 Left Thumbs,6.0,steamspy,232.0,False
Adventure,2535440,Shadows of the Damned: Hella Remastered,"Action, Adventure, Horror, Shooter",,,,GRASSHOPPER MANUFACTURE INC.,GRASSHOPPER MANUFACTURE INC.,4.0,steamspy,227.0,False
Adventure,2143680,Noctuary,"Adventure, JRPG, RPG, Visual Novel",,,,Gratesca,"Serenity Forge, Gratesca",22.0,steamspy,226.0,False
Adventure,897220,Summer Pockets,"Adventure, Casual, Simulation, Visual Novel",,,,VisualArts/Key,VisualArts,30.0,steamspy,220.0,False
Adventure,1152300,Atelier Ayesha: The Alchemist of Dusk DX,"Adventure, Casual, JRPG, RPG, Simulation",,,,"KOEI TECMO GAMES CO., LTD.","KOEI TECMO GAMES CO., LTD.",5.0,steamspy,217.0,False
Adventure,2663950,再见断刀,"Adventure, Horror, RPG, Visual Novel",,,,非侠游戏,LoveStoryProject,21.0,steamspy,216.0,False
Adventure,1435670,Song of Farca,"Adventure, Indie, Simulation, Visual Novel",,,,Wooden Monkeys,Alawar,4.0,steamspy,204.0,False
Adventure,3073470,MY DIRECT DAMAG 7 TRILLION,"Adventure, Card & Board, Casual, Platformer, Strategy",,,,真香工作室,真香工作室,0.0,steamspy,191.0,False
Adventure,633360,Remothered: Tormented Fathers,"Action, Adventure, Horror, Indie, Survival",,,,Stormind Games,Stormind Games,2.0,steamspy,188.0,False
Adventure,1261520,Asterix & Obelix XXL: Romastered,"Action, Adventure, Horror, Platformer",,,,OSome Studio,Microids,1.0,steamspy,172.0,False
Adventure,1377360,Vampires' Melody,"Adventure, Casual, JRPG, RPG, Visual Novel",,,,AsicxArt,SakuraGame,4.0,steamspy,167.0,False
Adventure,419460,"That Dragon, Cancer","Adventure, Casual, Indie",,,,Numinous Games,Numinous Games,1.0,steamspy,159.0,False
Adventure,270310,Dominique Pamplemousse,"Adventure, Casual, Horror, Indie",,,,Squinkifer Productions,Squinkifer Productions,0.0,steamspy,158.0,False
Adventure,1081670,Fitforce,"Action, Adventure, Casual, Indie, Sports",,,,Runnex Technology,Runnex Technology,0.0,steamspy,150.0,False
Adventure,552280,Tayutama 2-you're the only one-,"Adventure, Casual, Visual Novel",,,,"Lump of Sugar, HIKARI FIELD",HIKARI FIELD,2.0,steamspy,150.0,False
Adventure,614630,Tiny Rails,"Adventure, Casual, Indie, Simulation, Strategy",,,,Trophy Games,Trophy Games,13.0,steamspy,148.0,False
Adventure,1880470,The Inquisitor,"Action, Adventure, RPG",,,,The Dust S.A.,Kalypso Media,0.0,steamspy,147.0,False
Adventure,1639790,Northern Journey,"Action, Adventure, Horror, Shooter",,,,Slid Studio,Slid Studio,5.0,steamspy,143.0,False
Adventure,1819460,Mika and The Witch's Mountain,"Adventure, Casual, RPG, Visual Novel",,,,"Chibig, Nukefist",Chibig,2.0,steamspy,142.0,False
Adventure,2078350,Bluey: The Videogame,"Action, Adventure, Casual, Horror",,,,"Artax Games., Casual Brothers Ltd.",Outright Games Ltd.,16.0,steamspy,138.0,False
Adventure,567010,Game Royale 2 - The Secret of Jannis Island,Adventure,,,,btf,Headup Publishing,0.0,steamspy,128.0,False
Adventure,402120,Deathstate: Abyssal Edition,"Action, Adventure, Indie, RPG, Roguelike",,,,Bread Machine Games,Bread Machine Games,1.0,steamspy,127.0,False
Adventure,610570,Paradox Soul,"Action, Adventure, Indie, Metroidvania, Platformer, Shooter",,,,Ritual Games,GrabTheGames,23.0,steamspy,123.0,False
Adventure,2840190,Great God Grove,"Adventure, Casual, Puzzle",,,,LimboLane,"LimboLane, Fellow Traveller",8.0,steamspy,121.0,False
Adventure,871420,Lovecraft's Untold Stories,"Action, Adventure, Horror, Indie, RPG, Roguelike, Shooter",,,,LLC Blini Games,Fulqrum Publishing,0.0,steamspy,121.0,False
Adventure,1916970,Tree Simulator 2023,"Action, Adventure, Casual, Indie, Simulation","1 Apr, 2022",False,"₩ 8,900",Revmatek,Remvatek,4.0,appdetails,115.0,False
Adventure,1866320,Baladins,"Adventure, RPG",,,,Seed by Seed,Armor Games Studios,4.0,steamspy,112.0,False
Adventure,510650,Eventide 2: The Sorcerers Mirror,"Adventure, Casual, Horror, Indie, Puzzle",,,,The House of Fables,Artifex Mundi,2.0,steamspy,111.0,False
Adventure,1961520,FIND ALL 3: Travel,"Adventure, Casual, Indie, Puzzle",,,,Very Very LITTLE Studio,Very Very LITTLE Studio,3.0,steamspy,102.0,False
Card & Board,3097560,Liar's Bar,"Card & Board, Casual, Horror, Indie, Puzzle, Strategy",,,,Curve Animation,Curve Animation,717.0,steamspy,109419.0,False
Card & Board,2427700,Backpack Battles,"Card & Board, Indie, Roguelike, Strategy",,,,PlayWithFurcifer,"IndieArk, Shochiku (Japan)",1388.0,steamspy,36348.0,False
Card & Board,2622000,Astral Party ,"Card & Board, Casual, Indie, RPG, Strategy",,,,STAR ENGINE PROJECT,Neverland Entertainment,1321.0,steamspy,34336.0,False
Card & Board,1676840,For The King II,"Adventure, Card & Board, RPG, Strategy",,,,IronOak Games,Curve Games,721.0,steamspy,28528.0,False
Card & Board,1189490,觅长生,"Card & Board, Indie, Platformer, RPG, Simulation, Strategy",,,,Chalcedony Network,Chalcedony Network,1200.0,steamspy,26379.0,False
Card & Board,880940,Pummel Party,"Action, Card & Board, Casual, Indie",,,,Rebuilt Games,Rebuilt Games,749.0,steamspy,20334.0,False
Card & Board,2742830,Monster Train 2,"Card & Board, Indie, Roguelike, Strategy",,,,Shiny Shoe,Big Fan Games,2267.0,steamspy,18467.0,False
Card & Board,211050,Battle vs Chess,"Card & Board, Casual, Strategy",,,,,,0.0,steamspy,11017.0,False
Card & Board,434170,The Jackbox Party Pack 3,"Card & Board, Casual, Indie, Strategy",,,,"Jackbox Games, Inc.","Jackbox Games, Inc.",227.0,steamspy,10894.0,False
Card & Board,544810,KARDS - The WWII Card Game,"Card & Board, Casual, Strategy",,,,1939 Games,1939 Games,1575.0,steamspy,8913.0,False
Card & Board,3400930,Guilty as Sock!,"Card & Board, Casual, Simulation",,,,Demon Max,Demon Max,247.0,steamspy,8137.0,False
Card & Board,2103130,Matchmaking Inc.,"Card & Board, Casual, Horror, RPG",,,,Wave Games,"Lightning Games, Wave Games",94.0,steamspy,7357.0,False
Card & Board,1526490,Fear Surrounds,"Card & Board, Casual, Horror, Massively Multiplayer, RPG, Survival",,,,SaltyEgg Studio,Yooreka Studio,73.0,steamspy,7355.0,False
Card & Board,780290,Gloomhaven,"Card & Board, RPG, Strategy",,,,"Flaming Fowl Studios, Saber Interactive",Twin Sails Interactive,559.0,steamspy,6900.0,False
Card & Board,1005300,The Jackbox Party Pack 6,"Card & Board, Casual, Horror, Indie, Strategy",,,,"Jackbox Games, Inc.","Jackbox Games, Inc.",108.0,steamspy,6387.0,False
Card & Board,2088160,天外武林 (Traveler of Wuxia),"Card & Board, RPG, Strategy, Survival",,,,香港商河洛互動娛樂股份有限公司,香港商河洛互動娛樂股份有限公司,8.0,steamspy,5839.0,False
Card & Board,1785150,Friends vs Friends,"Action, Card & Board, Indie, Shooter",,,,Brainwash Gang,Raw Fury,93.0,steamspy,5531.0,False
Card & Board,1811990,Wildfrost,"Card & Board, Roguelike, Strategy",,,,"Deadpan Games, Gaziter",Chucklefish,111.0,steamspy,5064.0,False
Card & Board,1874490,Potionomics,"Card & Board, Indie, RPG, Simulation, Strategy",,,,Voracious Games,"XSEED Games, Marvelous USA, Inc.",63.0,steamspy,4570.0,False
Card & Board,39150,FINAL FANTASY VIII,"Action, Adventure, Card & Board, JRPG, RPG",,,,Square Enix,Square Enix,94.0,steamspy,4457.0,False
Card & Board,331670,The Jackbox Party Pack,"Card & Board, Casual, Indie, Strategy",,,,"Jackbox Games, Inc.","Jackbox Games, Inc.",26.0,steamspy,3896.0,False
Card & Board,610180,The Jackbox Party Pack 4,"Card & Board, Casual, Indie, Strategy",,,,"Jackbox Games, Inc.","Jackbox Games, Inc.",75.0,steamspy,3829.0,False
Card & Board,2525310,Drop Duchy,"Action, Adventure, Card & Board, Indie, Puzzle, Simulation, Strategy",,,,Sleepy Mill Studio,The Arcade Crew,78.0,steamspy,3684.0,False
Card & Board,1232580,Knock on the Coffin Lid,"Card & Board, Casual, Indie, RPG, Roguelike, Strategy",,,,RedBoon,RedBoon,33.0,steamspy,3663.0,False
Card & Board,663390,Rento Fortune: Online Dice Board Game (大富翁),"Card & Board, Casual, Horror, Indie, Massively Multiplayer, Strategy",,,,LAN - GAMES LTD,LAN - GAMES LTD,13.0,steamspy,3440.0,False
Card & Board,362400,Regimental Chess,"Card & Board, Strategy",,,,Regimental Chess Dev.,Regimental Chess Inc.,3.0,steamspy,3271.0,False
Card & Board,1533420,Neon White,"Action, Adventure, Card & Board, Indie, Platformer, Shooter",,,,Angel Matrix,Annapurna Interactive,108.0,steamspy,3238.0,False
Card & Board,978520,Legend of Keepers: Career of a Dungeon Manager,"Card & Board, RPG, Strategy",,,,Goblinz Studio,Goblinz Publishing,22.0,steamspy,3116.0,False
Card & Board,329110,Gems of War - Puzzle RPG,"Adventure, Card & Board, Casual, Puzzle, RPG, Strategy",,,,Infinity Plus 2,505 Games,687.0,steamspy,2965.0,False
Card & Board,456670,Hand of Fate 2,"Action, Card & Board, Indie, RPG, Roguelike, Strategy",,,,Defiant Development,Defiant Development,17.0,steamspy,2868.0,False
Card & Board,351510,Quiplash,"Card & Board, Casual, Indie, Strategy",,,,"Jackbox Games, Inc.","Jackbox Games, Inc.",37.0,steamspy,2831.0,False
Card & Board,276810,Mordheim: City of the Damned,"Card & Board, Indie, RPG, Strategy",,,,Rogue Factor,Nacon,132.0,steamspy,2715.0,False
Card & Board,2667120,Ballionaire,"Card & Board, Casual, Simulation, Strategy",,,,newobject,Raw Fury,63.0,steamspy,2661.0,False
Card & Board,1076200,Roguebook,"Adventure, Card & Board, Indie, RPG, Roguelike, Strategy",,,,Abrakam Entertainment SA,Nacon,28.0,steamspy,2517.0,False
Card & Board,1360810,Office Life,"Card & Board, Horror, RPG, Simulation, Strategy",,,,LeiYun Games,2P Games,44.0,steamspy,2354.0,False
Card & Board,1028310,BOOK OF HOURS,"Card & Board, RPG, Simulation, Strategy",,,,Weather Factory,Weather Factory,142.0,steamspy,2335.0,False
Card & Board,1850960,The Jackbox Party Pack 9,"Card & Board, Casual, Indie, Strategy",,,,"Jackbox Games, Inc.","Jackbox Games, Inc.",23.0,steamspy,2301.0,False
Card & Board,769560,月圆之夜 (Night of Full Moon),"Adventure, Card & Board, Indie, RPG, Roguelike, Strategy",,,,Giant Games,Giant Games,303.0,steamspy,2283.0,False
Card & Board,1711610,Dungeon 100,"Card & Board, Indie, RPG, Strategy",,,,可布和常常诶,可布和常常诶,5.0,steamspy,2196.0,False
Card & Board,1954420,Riichi City,"Card & Board, Casual, Horror, JRPG, RPG, Sports, Strategy",,,,"Formirai Co., Ltd.","Formirai Co., Ltd.",306.0,steamspy,1921.0,False
Card & Board,1550180,9th Dawn Remake,"Action, Adventure, Card & Board, RPG",,,,Valorware,Valorware,15.0,steamspy,1867.0,False
Card & Board,2084000,Shogun Showdown,"Card & Board, RPG, Roguelike, Strategy",,,,Roboatino,"Goblinz Publishing, Gamirror Games",214.0,steamspy,1844.0,False
Card & Board,1244800,Terraformers,"Card & Board, Simulation, Strategy, Survival",,,,Asteroid Lab,"Goblinz Publishing, IndieArk",66.0,steamspy,1837.0,False
Card & Board,1138660,Black Book,"Card & Board, RPG, Strategy",,,,Morteshka,HypeTrain Digital,15.0,steamspy,1817.0,False
Card & Board,317820,Guild of Dungeoneering Ultimate Edition,"Card & Board, Indie, RPG, Roguelike, Strategy",,,,Gambrinous,Gambrinous,8.0,steamspy,1793.0,False
Card & Board,431640,Doodle Kingdom,"Action, Card & Board, Casual, Indie, Puzzle, Simulation",,,,JoyBits Ltd.,JoyBits Ltd.,0.0,steamspy,1768.0,False
Card & Board,369990,"Gremlins, Inc.","Card & Board, Strategy",,,,Charlie Oscar Lima Tango Interactive Entertainment,The Merchant Guild of Rund (Limited),65.0,steamspy,1709.0,False
Card & Board,444280,Alice's Patchwork,"Card & Board, Casual, Puzzle, Strategy",,,,Creobit,8Floor,0.0,steamspy,1690.0,False
Card & Board,502520,Ultimate General: Civil War,"Card & Board, Indie, RPG, Simulation, Strategy",,,,Game-Labs,Game-Labs,449.0,steamspy,1678.0,False
Card & Board,3116890,Out of the Park Baseball 26,"Card & Board, Simulation, Sports, Strategy",,,,Out of the Park Developments,Out of the Park Developments,1503.0,steamspy,1676.0,False
Card & Board,800270,Terraforming Mars,"Card & Board, Strategy",,,,Artefacts Studio,Twin Sails Interactive,262.0,steamspy,1645.0,False
Card & Board,480650,Yu-Gi-Oh! Legacy of the Duelist,"Action, Adventure, Card & Board, Casual, Simulation, Strategy",,,,Other Ocean Interactive,KONAMI,34.0,steamspy,1610.0,False
Card & Board,1668690,Alina of the Arena,"Card & Board, Indie, RPG, Roguelike, Strategy",,,,PINIX,"PINIX, IndieArk",16.0,steamspy,1609.0,False
Card & Board,2531940,Stray Path,"Adventure, Card & Board, Casual, Indie, Strategy",,,,zidong games,"Yogscast Games, Gamersky Games",29.0,steamspy,1562.0,False
Card & Board,1330000,Stolen Realm,"Adventure, Card & Board, RPG, Strategy",,,,Burst2Flame Entertainment,Burst2Flame Entertainment,178.0,steamspy,1506.0,False
Card & Board,1054490,Wingspan,"Card & Board, Casual, Strategy",,,,Monster Couch,"Monster Couch, Stonemaier Games, indienova",698.0,steamspy,1452.0,False
Card & Board,1213300,Rebellion GODSOUL: Awakening,"Card & Board, JRPG, RPG, Strategy, Visual Novel",,,,U-Secret Studio,U-Secret Studio,15.0,steamspy,1426.0,False
Card & Board,720620,TaleSpire,"Card & Board, Indie, RPG, Simulation",,,,Bouncyrock Entertainment,Bouncyrock Entertainment,446.0,steamspy,1403.0,False
Card & Board,2230280,Tiny Civilization,"Card & Board, Strategy",,,,喜人一个,喜人一个,10.0,steamspy,1397.0,False
Card & Board,3077020,DOKAPON! Sword of Fury,"Card & Board, Casual, JRPG, RPG, Strategy",,,,Sting,Sting,32.0,steamspy,1367.0,False
Card & Board,1619520,Cross Blitz,"Adventure, Card & Board, RPG, Strategy",,,,Tako Boy Studios LLC,"The Arcade Crew, Gamirror Games",7.0,steamspy,1356.0,False
Card & Board,1652250,Tales & Tactics,"Adventure, Card & Board, RPG, Strategy",,,,Table 9 Studio,"Yogscast Games, Gamersky Games",42.0,steamspy,1346.0,False
Card & Board,898920,Axis & Allies 1942 Online,"Card & Board, Strategy",,,,Beamdog,Beamdog,526.0,steamspy,1190.0,False
Card & Board,1839810,Out Of Hands,"Adventure, Card & Board, Horror, Indie, RPG, Strategy",,,,Game River,Game River,5.0,steamspy,1189.0,False
Card & Board,2315400,Knights in Tight Spaces,"Adventure, Card & Board, Puzzle, RPG, Strategy",,,,Ground Shatter,Raw Fury,25.0,steamspy,1150.0,False
Card & Board,1893810,Solium Infernum,"Card & Board, Horror, Strategy",,,,League of Geeks,League of Geeks,26.0,steamspy,1108.0,False
Card & Board,638510,dotAGE,"Card & Board, City Builder, Simulation, Strategy, Survival",,,,Michele Pirovano,Michele Pirovano,31.0,steamspy,1040.0,False
Card & Board,598810,Carcassonne - Tiles & Tactics,"Card & Board, Casual, Platformer, Puzzle, Strategy",,,,Artefacts Studio,Twin Sails Interactive,65.0,steamspy,1038.0,False
Card & Board,440650,Niche - a genetics survival game,"Adventure, Card & Board, Puzzle, RPG, Simulation, Strategy, Survival",,,,Stray Fawn Studio,"Stray Fawn Publishing, WhisperGames",70.0,steamspy,1026.0,False
Card & Board,2305500,FAIRY TAIL: DUNGEONS,"Adventure, Card & Board, Indie, RPG, Roguelike, Strategy",,,,ginolabo,Kodansha,4.0,steamspy,1016.0,False
Card & Board,358130,Curious Expedition,"Card & Board, RPG, Strategy",,,,Maschinen-Mensch,Maschinen-Mensch,20.0,steamspy,1003.0,False
Card & Board,1478220,Puzzle Together,"Card & Board, Casual, Horror, Indie, Puzzle",,,,IronZog,IronZog,199.0,steamspy,991.0,False
Card & Board,3023190,Deduce Together,"Card & Board, Casual",,,,PushForward,PushForward,14.0,steamspy,954.0,False
Card & Board,253510,WARMACHINE: Tactics,"Adventure, Card & Board, Indie, RPG, Strategy",,,,WhiteMoon Dreams,Privateer Press Interactive,1.0,steamspy,871.0,False
Card & Board,1131620,Dominion,"Card & Board, Strategy",,,,Temple Gates Games,Temple Gates Games,141.0,steamspy,845.0,False
Card & Board,979920,Supremacy 1914: World War 1,"Card & Board, Massively Multiplayer, Simulation, Strategy",,,,Bytro Labs GmbH,Bytro Labs GmbH,145.0,steamspy,838.0,False
Card & Board,58520,Blood Bowl - Legendary Edition,"Action, Card & Board, RPG, Sports, Strategy",,,,Cyanide Studios,Cyanide Studios,1.0,steamspy,834.0,False
Card & Board,1883000,HEART of CROWN Online,"Card & Board, Indie, Strategy",,,,"illuCalab, FLIPFLOPs",illuCalab,46.0,steamspy,795.0,False
Card & Board,2154230,AI: Art Impostor,"Card & Board, Casual, Simulation",,,,Pocketpair,Pocketpair,0.0,steamspy,772.0,False
Card & Board,2688680,Girls of The Tower,"Adventure, Card & Board, Indie, JRPG, RPG, Strategy, Visual Novel",,,,Robo Cat,OKJOY,5.0,steamspy,740.0,False
Card & Board,758370,Through the Ages,"Card & Board, Simulation, Strategy",,,,CGE Digital,CGE Digital,59.0,steamspy,730.0,False
Card & Board,2693930,Dice & Fold,"Card & Board, Casual, RPG, Roguelike, Strategy",,,,Tinymice Entertainment,"Rogue Duck Interactive, Gamersky Games",39.0,steamspy,721.0,False
Card & Board,3188550,Trainee Death Simulator,"Card & Board, Indie, JRPG, Platformer, RPG, Simulation, Strategy",,,,Bone Nail,Bone Nail,3.0,steamspy,696.0,False
Card & Board,429680,Spellweaver,"Card & Board, Indie, Massively Multiplayer, Strategy",,,,Dream Reactor,Dream Reactor,5.0,steamspy,694.0,False
Card & Board,1148760,I Was a Teenage Exocolonist,"Adventure, Card & Board, Indie, RPG, Simulation, Visual Novel",,,,Northway Games,Finji,101.0,steamspy,682.0,False
Card & Board,1031140,The Horus Heresy: Legions,"Adventure, Card & Board, Strategy",,,,Everguild Ltd.,Everguild Ltd.,88.0,steamspy,639.0,False
Card & Board,3085950,Banana-Shaped,"Card & Board, Casual, Indie",,,,SeluGames,SeluGames,47.0,steamspy,594.0,False
Card & Board,1269260,Artifact Foundry,"Card & Board, Puzzle, Strategy",,,,Valve,Valve,11.0,steamspy,539.0,False
Card & Board,1455630,THE GAME OF LIFE 2,"Adventure, Card & Board, Casual, Simulation, Strategy",,,,Marmalade Game Studio Ltd,Marmalade Game Studio Ltd,69.0,steamspy,523.0,False
Card & Board,238930,7 Grand Steps: What Ancients Begat,"Adventure, Card & Board, Casual, Indie, Puzzle, Simulation",,,,Mousechief,Mousechief,0.0,steamspy,496.0,False
Card & Board,1042380,Hundred Days - Winemaking Simulator,"Card & Board, Puzzle, Strategy",,,,Broken Arms Games,Broken Arms Games,6.0,steamspy,478.0,False
Card & Board,2198070,Cardboard Town,"Card & Board, Casual, City Builder, Roguelike, Simulation, Strategy",,,,"Stratera Games, cukuto","Rogue Duck Interactive, Gamersky Games",19.0,steamspy,474.0,False
Card & Board,1049280,Pilgrims,"Adventure, Card & Board, Casual, Indie, Puzzle",,,,Amanita Design,Amanita Design,3.0,steamspy,473.0,False
Card & Board,681730,Nowhere Prophet,"Card & Board, RPG, Strategy",,,,Sharkbomb Studios,No More Robots,2.0,steamspy,469.0,False
Card & Board,3013550,Yu-Gi-Oh! EARLY DAYS COLLECTION,"Card & Board, RPG, Simulation, Strategy",,,,Digital Eclipse,KONAMI,24.0,steamspy,460.0,False
Card & Board,2092850,Krzyżacy - The Knights of the Cross,"Adventure, Card & Board, Indie, RPG, Strategy",,,,Olive Panda Studio,"Olive Panda Studio, Neverland Entertainment",2.0,steamspy,451.0,False
Card & Board,2125540,Kādomon: Hyper Auto Battlers,"Card & Board, RPG, Roguelike, Strategy",,,,Dino Rocket,Fireshine Games,1.0,steamspy,440.0,False
Card & Board,1156060,Railroads & Catacombs,"Card & Board, RPG, Roguelike, Strategy",,,,MadRails,IndieArk,2.0,steamspy,425.0,False
Card & Board,509580,The Lord of the Rings: Adventure Card Game - Definitive Edition,"Adventure, Card & Board, RPG, Strategy",,,,,Twin Sails Interactive,6.0,steamspy,417.0,False
Card & Board,480640,Pathfinder Adventures,"Card & Board, RPG, Strategy",,,,Obsidian Entertainment,Twin Sails Interactive,6.0,steamspy,402.0,False
Card & Board,2114370,Takoyaki Party Survival,"Card & Board, Casual, Indie, Simulation, Survival",,,,KIMIDORI SOFT,KIMIDORI SOFT,0.0,steamspy,401.0,False
Card & Board,1484280,Demeo,"Adventure, Card & Board, RPG, Strategy",,,,Resolution Games,Resolution Games,27.0,steamspy,386.0,False
Card & Board,644390,D&D Lords of Waterdeep,"Card & Board, Strategy",,,,"Playdek, Inc.","Playdek, Inc.",34.0,steamspy,373.0,False
Card & Board,2464880,Terracards,"Card & Board, Casual, Indie, Roguelike, Strategy",,,,Pixel Purrfect,Pixel Purrfect,7.0,steamspy,363.0,False
Card & Board,2229560,Zet Zillions,"Card & Board, Roguelike, Strategy",,,,OTA IMON Studios,Raw Fury,4.0,steamspy,352.0,False
Card & Board,319050,Chaos Reborn,"Adventure, Card & Board, Indie, RPG, Strategy",,,,Snapshot Games Inc.,Snapshot Games Inc.,1.0,steamspy,343.0,False
Card & Board,2109270,Preserve,"Card & Board, Casual, City Builder, Puzzle, Simulation, Strategy",,,,Bitmap Galaxy,Grindstone,11.0,steamspy,336.0,False
Card & Board,1140740,Chroma: Bloom And Blight,"Card & Board, Casual, Puzzle, Sports, Strategy",,,,Clarity Games,"Philipp Baumgart, WhisperGames",0.0,steamspy,323.0,False
Card & Board,376680,Splendor,"Card & Board, Casual, Strategy",,,,Days of Wonder,"Twin Sails Interactive, Days of Wonder",38.0,steamspy,322.0,False
Card & Board,264690,Coin Crypt,"Card & Board, Indie, RPG, Roguelike",,,,"Wishes Ultd., Greg Lobanov",Greg Lobanov,1.0,steamspy,320.0,False
Card & Board,3265280,Pic-Me!,"Card & Board, Casual, Strategy",,,,GoofGames,GoofGames,8.0,steamspy,308.0,False
Card & Board,2438990,Ark Nova,"Card & Board, Strategy",,,,Dire Wolf,Dire Wolf,139.0,steamspy,285.0,False
Card & Board,1146230,DungeonTop,"Card & Board, RPG, Roguelike, Strategy",,,,One Up Plus Entertainment,One Up Plus Entertainment,4.0,steamspy,270.0,False
Card & Board,539300,Solitaire,"Card & Board, Casual",,,,Sanuk Games,Nacon,7.0,steamspy,264.0,False
Card & Board,351090,Regency Solitaire,"Card & Board, Casual, Puzzle, Strategy, Visual Novel",,,,Grey Alien Games,Grey Alien Games,7.0,steamspy,258.0,False
Card & Board,2477010,Ticket to Ride,"Card & Board, Casual, Simulation, Strategy",,,,Marmalade Game Studio Ltd,Marmalade Game Studio Ltd,125.0,steamspy,256.0,False
Card & Board,790600,Stormbound,"Card & Board, Strategy",,,,"Paladin Studios, Stormbound Games",Stormbound B.V.,6.0,steamspy,252.0,False
Card & Board,2348090,Crop Rotation,"Card & Board, Indie, Puzzle, Roguelike, Simulation, Strategy, Survival",,,,Sprouting Potato,Sprouting Potato,13.0,steamspy,251.0,False
Card & Board,3220730,JAMs,"Card & Board, Casual, Horror, Strategy",,,,BlackSails.com,BlackSails.com,6.0,steamspy,251.0,False
Card & Board,345460,War of Omens Card Game,"Card & Board, Indie, Strategy",,,,Fifth Column Games,Fifth Column Games,13.0,steamspy,243.0,False
Card & Board,1036950,Super Jigsaw Puzzle: Generations,"Card & Board, Casual, Indie, Puzzle",,,,Flat Cat Games,Flat Cat Games,109.0,steamspy,237.0,False
Card & Board,427490,Shadowhand: RPG Card Game,"Card & Board, Casual, Puzzle, RPG, Strategy, Visual Novel",,,,Grey Alien Games,Positech Games,2.0,steamspy,231.0,False
Card & Board,438140,Star Realms,"Action, Card & Board, Indie, Strategy",,,,"Wise Wizard Games, LLC","Wise Wizard Games, LLC",51.0,steamspy,229.0,False
Card & Board,1592750,Anode Heart,"Adventure, Card & Board, Indie, JRPG, RPG",,,,Stove Powered Games,Stove Powered Games,7.0,steamspy,219.0,False
Card & Board,1060670,Taboos: Cracks,"Card & Board, Casual, Indie, Puzzle, Shooter, Visual Novel",,,,DSGame,DSGame,1.0,steamspy,217.0,False
Card & Board,1611300,Happy Guy,"Card & Board, Casual, Puzzle, Strategy",,,,HappyGames,"HappyGames, Tora Creatives",0.0,steamspy,214.0,False
Card & Board,2789810,Bingle Bingle,"Card & Board, Indie, Roguelike, Strategy",,,,Knitting Games,Knitting Games,85.0,steamspy,205.0,False
Card & Board,2427360,Idle Taoist Mage Warrior,"Card & Board, Indie, RPG",,,,okyakusama,okyakusama,2.0,steamspy,190.0,False
Card & Board,926520,Love Letter,"Card & Board, Casual, Strategy",,,,Nomad Games,Twin Sails Interactive,4.0,steamspy,187.0,False
Card & Board,1533680,Dead Grid,"Card & Board, Indie, RPG, Strategy",,,,Atom Void,Atom Void,3.0,steamspy,185.0,False
Card & Board,1993180,Quilts and Cats of Calico,"Card & Board, Casual, Puzzle, Strategy",,,,Monster Couch,"Monster Couch, Flatout Games",18.0,steamspy,176.0,False
Card & Board,2467190,三國立志傳3,"Card & Board, RPG, Strategy",,,,"T-Time Technology CO., LTD.","T-Time Technology CO., LTD.",11.0,steamspy,176.0,False
Card & Board,1722870,Clank!,"Card & Board, Strategy",,,,Dire Wolf,Dire Wolf,45.0,steamspy,170.0,False
Card & Board,1073320,Meteorfall: Krumit's Tale,"Card & Board, Casual, Indie, Puzzle, RPG, Roguelike, Strategy",,,,Slothwerks,"Slothwerks, indienova",3.0,steamspy,168.0,False
Card & Board,3330280,Free Solitaire,"Card & Board, Casual, Puzzle",,,,WMGames,WMGames,101.0,steamspy,165.0,False
Card & Board,2336580,Mareld,"Card & Board, Indie, RPG, Strategy",,,,Renka,Renka,0.0,steamspy,164.0,False
Card & Board,1516400,Gaia Project,"Card & Board, Casual, Strategy",,,,DIGIDICED,DIGIDICED,8.0,steamspy,156.0,False
Card & Board,2020520,風色幻想5:赤月戰爭,"Adventure, Card & Board, RPG, Strategy",,,,弘煜科技事業股份有限公司,Phoenix Game,2.0,steamspy,143.0,False
Card & Board,1722840,Everdell,"Card & Board, Casual, Strategy",,,,Dire Wolf,Dire Wolf,41.0,steamspy,136.0,False
Card & Board,2519990,Idle Build RPG,"Card & Board, Platformer, RPG",,,,okyakusama,okyakusama,1.0,steamspy,132.0,False
Card & Board,556820,Warbands: Bushido,"Card & Board, Indie, RPG, Strategy",,,,Red Unit Studios,Red Unit Studios,2.0,steamspy,129.0,False
Card & Board,2850220,The Girl's Moving Castle,"Adventure, Card & Board, Casual, JRPG, RPG, Strategy",,,,Monkeygames Studio,Monkeygames Studio,3.0,steamspy,128.0,False
Card & Board,758980,Poker Legends: Texas Hold'em Poker Tournaments,"Card & Board, Casual, Indie, Massively Multiplayer, Simulation",,,,DYNAMICNEXT,DYNAMICNEXT,12.0,steamspy,125.0,False
Card & Board,893050,Hasbro's BATTLESHIP,"Action, Adventure, Card & Board, Casual, Puzzle, Strategy",,,,Marmalade Game Studio Ltd,Marmalade Game Studio Ltd,8.0,steamspy,121.0,False
Card & Board,658970,CasinoRPG,"Card & Board, Casual, City Builder, Indie, Massively Multiplayer, RPG, Simulation",,,,GoldFire Studios,GoldFire Studios,10.0,steamspy,117.0,False
Card & Board,477200,Descent: Road to Legend,"Adventure, Card & Board, RPG",,,,Fantasy Flight Games,Fantasy Flight Games,3.0,steamspy,112.0,False
Card & Board,680310,Poker World - Single Player,"Card & Board, Casual, Simulation",,,,Playtika Ltd.,Playtika Ltd.,7.0,steamspy,112.0,False
Card & Board,2400960,SolForge Fusion,"Card & Board, Casual, Roguelike, Strategy",,,,"Justin Gary, Richard Garfield",Stone Blade Entertainment,12.0,steamspy,110.0,False
Card & Board,908060,Talisman: Digital 5th Edition,"Card & Board, Strategy",,,,Nomad Games,Nomad Games,4.0,steamspy,108.0,False
Card & Board,2657930,Erannorth Renaissance,"Adventure, Card & Board, RPG",,,,Spyridon Thalassinos,Spyridon Thalassinos,5.0,steamspy,108.0,False
Casual,1046930,Dota Underlords,"Casual, Strategy","20 Jun, 2019",True,,Valve,Valve,723.0,appdetails,202254.0,False
Casual,1621690,Core Keeper,"Adventure, Casual, Simulation, Survival",,,,Pugstorm,"Fireshine Games, bilibili",2534.0,steamspy,46355.0,False
Casual,620980,Beat Saber,"Action, Casual, Indie, Sports",,,,Beat Games,Beat Games,350.0,steamspy,42095.0,False
Casual,1079310,Elemental Girls,"Casual, Indie, Puzzle",,,,Zloy Krot Studio,IR Studio,6.0,steamspy,27388.0,False
Casual,2296990,We Were Here Expeditions: The FriendShip,"Adventure, Casual, Indie, Puzzle",,,,Total Mayhem Games,Total Mayhem Games,74.0,steamspy,22179.0,False
Casual,585690,Minimalism,"Action, Adventure, Casual, Indie, Platformer",,,,PixelMouse,PixelMouse,72.0,steamspy,18691.0,False
Casual,2185060,Two Point Museum,"Casual, City Builder, Simulation, Strategy",,,,Two Point Studios,SEGA,817.0,steamspy,17237.0,False
Casual,2780980,LOCKDOWN Protocol,"Action, Casual, Puzzle, Strategy",,,,Mirage Creative Lab,Mirage Creative Lab,483.0,steamspy,9318.0,False
Casual,1341290,We Were Here Forever,"Action, Adventure, Casual, Horror, Puzzle",,,,Total Mayhem Games,Total Mayhem Games,73.0,steamspy,8369.0,False
Casual,644560,Mirror,"Adventure, Casual, Indie, JRPG, Puzzle, RPG, Shooter, Visual Novel",,,,KAGAMI WORKS,Paradise Project,56.0,steamspy,8116.0,False
Casual,1201240,BLEACH Brave Souls,"Action, Casual, RPG","17 Aug, 2020",True,,KLab Inc.,KLab Inc.,754.0,appdetails,8084.0,False
Casual,1649080,Two Point Campus,"Casual, City Builder, Indie, Simulation, Strategy",,,,Two Point Studios,SEGA,426.0,steamspy,7510.0,False
Casual,673950,Farm Together,"Casual, Simulation",,,,Milkstone Studios,Milkstone Studios,203.0,steamspy,6843.0,False
Casual,562360,"Planes, Bullets and Vodka","Action, Casual, Shooter",,,,NukGames,NukGames,62.0,steamspy,6758.0,False
Casual,1703340,The Stanley Parable: Ultra Deluxe,"Adventure, Casual, Horror",,,,Crows Crows Crows,Crows Crows Crows,151.0,steamspy,6477.0,False
Casual,1245560,Roots of Pacha,"Casual, Indie, RPG, Simulation",,,,Soda Den,Soda Den,184.0,steamspy,6062.0,False
Casual,564710,Soda Dungeon,"Action, Adventure, Casual, Indie, RPG, Strategy",,,,"AN Productions, Poxpower",Armor Games Studios,60.0,steamspy,5669.0,False
Casual,389570,Mitos.is: The Game,"Casual, Indie, Massively Multiplayer, Simulation, Strategy, Survival",,,,Freakinware Studios,Freakinware Studios,26.0,steamspy,5229.0,False
Casual,1278540,Esports Godfather,"Card & Board, Casual, Indie, RPG, Simulation, Sports, Strategy",,,,Asteroid Game Studio,Asteroid Game Studio,234.0,steamspy,5141.0,False
Casual,397460,The Jackbox Party Pack 2,"Card & Board, Casual, Indie, Strategy",,,,"Jackbox Games, Inc.","Jackbox Games, Inc.",58.0,steamspy,4929.0,False
Casual,1594940,Little Witch in the Woods,"Adventure, Casual, Indie, Puzzle, RPG, Simulation",,,,SUNNY SIDE UP,SUNNY SIDE UP,521.0,steamspy,4748.0,False
Casual,450390,The Lab,"Action, Adventure, Casual, Puzzle, Shooter, Simulation, Strategy",,,,Valve,Valve,9.0,steamspy,4467.0,False
Casual,1009560,The Tenants,"Casual, City Builder, Indie, Simulation, Strategy",,,,Ancient Forge,Frozen District,106.0,steamspy,4258.0,False
Casual,533540,MONMUSU,"Casual, Horror, Indie, Visual Novel",,,,Tentacle Games,NEKO WORKs,10.0,steamspy,4239.0,False
Casual,1651560,Fabledom,"Casual, City Builder, Simulation, Strategy",,,,Grenaa Games,"Dear Villagers, Doyoyo Games",140.0,steamspy,4228.0,False
Casual,493540,Figment,"Action, Adventure, Casual, Indie, Puzzle",,,,Bedtime Digital Games,Bedtime Digital Games,2.0,steamspy,4205.0,False
Casual,1147860,UFO 50,"Action, Adventure, Casual, Indie, Platformer, Puzzle, RPG, Sports, Strategy",,,,Mossmouth,Mossmouth,208.0,steamspy,4034.0,False
Casual,621060,PC Building Simulator,"Casual, Indie, Puzzle, Simulation",,,,"Claudiu Kiss, The Irregular Corporation",The Irregular Corporation,110.0,steamspy,3883.0,False
Casual,1296610,Peglin,"Casual, Indie, RPG, Strategy",,,,Red Nexus Games Inc.,"Red Nexus Games Inc., IndieArk",434.0,steamspy,3748.0,False
Casual,1988550,To The Core,"Adventure, Casual, Indie",,,,SomethingExtra,SomethingExtra,58.0,steamspy,3465.0,False
Casual,341800,Keep Talking and Nobody Explodes,"Card & Board, Casual, Indie, Puzzle, Simulation, Strategy",,,,Steel Crate Games,Steel Crate Games,126.0,steamspy,3359.0,False
Casual,1629520,A Little to the Left,"Casual, Indie, Puzzle",,,,Max Inferno,Secret Mode,340.0,steamspy,3128.0,False
Casual,428430,Endorlight,"Action, Adventure, Casual, Indie, Platformer, Puzzle, Roguelike",,,,Old Games,Old Games,1.0,steamspy,3101.0,False
Casual,448830,ASMR Universe,"Casual, Indie, Simulation",,,,Colossal Wreck,Colossal Wreck,0.0,steamspy,2707.0,False
Casual,97000,Solar 2,"Casual, Indie, Simulation",,,,Murudai,Murudai,4.0,steamspy,2687.0,False
Casual,745740,Reflex,"Action, Casual, Indie, Puzzle",,,,Easy game,Game for people,8.0,steamspy,2611.0,False
Casual,1536090,Echoes of the Plum Grove,"Casual, Simulation",,,,Unwound Games,indie.io,107.0,steamspy,2581.0,False
Casual,602520,NEKOPARA Vol. 3,"Adventure, Casual, Indie, Visual Novel",,,,NEKO WORKs,Sekai Project,15.0,steamspy,2542.0,False
Casual,1214470,Hotel Renovator,"Adventure, Casual, City Builder, Simulation",,,,Two Horizons,Focus Entertainment,60.0,steamspy,2472.0,False
Casual,683320,GRIS,"Adventure, Casual, Indie, Platformer, Puzzle",,,,Nomada Studio,Devolver Digital,71.0,steamspy,2467.0,False
Casual,221810,The Cave,"Adventure, Casual, Indie, Platformer, Puzzle",,,,Double Fine Productions,Double Fine Productions,3.0,steamspy,2279.0,False
Casual,237630,DuckTales: Remastered,"Action, Adventure, Casual, Platformer",,,,WayForward,Capcom,8.0,steamspy,1974.0,False
Casual,98800,Dungeons of Dredmor,"Adventure, Casual, Indie, RPG, Roguelike",,,,"Gaslamp Games, Inc.","Gaslamp Games, Inc.",10.0,steamspy,1845.0,False
Casual,485870,Super Duper Party Pooper,"Casual, Horror, Indie, Simulation, Strategy",,,,K Bros Games,K Bros Games,1.0,steamspy,1843.0,False
Casual,1901370,Ib,"Adventure, Casual, Horror, Indie, Puzzle, RPG, Survival",,,,kouri,PLAYISM,12.0,steamspy,1822.0,False
Casual,209270,Hero Academy,"Casual, Indie, Strategy",,,,Robot Entertainment,Robot Entertainment,0.0,steamspy,1756.0,False
Casual,1316680,VLADiK BRUTAL,"Action, Adventure, Casual, Horror, Platformer, Puzzle, Shooter",,,,BRUTAL SOFTWARE,BRUTAL SOFTWARE,10.0,steamspy,1511.0,False
Casual,2594540,Motel Manager Simulator,"Casual, Simulation",,,,Denzone Games,Denzone Games,24.0,steamspy,1461.0,False
Casual,3066570,Aotenjo: Infinite Hands,"Card & Board, Casual, Indie, Roguelike, Simulation, Strategy",,,,XO Cat,XD,16.0,steamspy,1430.0,False
Casual,231740,Knights of Pen and Paper +1 Edition,"Adventure, Casual, Indie, RPG, Strategy",,,,Behold Studios,Paradox Interactive,7.0,steamspy,1328.0,False
Casual,491530,Notruf 112 | Emergency Call 112,"Action, Adventure, Casual, Simulation, Strategy",,,,Crenetic GmbH Studios,Aerosoft GmbH,3.0,steamspy,1263.0,False
Casual,1205520,Pentiment,"Adventure, Casual",,,,Obsidian Entertainment,Xbox Game Studios,40.0,steamspy,1250.0,False
Casual,1866180,Hooked on You: A Dead by Daylight Dating Sim,"Adventure, Casual, Horror, Visual Novel",,,,Psyop,Behaviour Interactive Inc.,4.0,steamspy,1188.0,False
Casual,1084520,雀姬/姫麻雀,"Card & Board, Casual, RPG, Strategy",,,,Jack Tech,Smile Tech,55.0,steamspy,1175.0,False
Casual,2955840,Kitchen Wars,"Action, Casual, Fighting, Shooter",,,,Silent Owl,"Perfect Gen, GrabTheGames",56.0,steamspy,1130.0,False
Casual,855740,Bum Simulator,"Action, Adventure, Casual, Simulation, Survival",,,,Ragged Games,"Ragged Games, PlayWay S.A.",5.0,steamspy,1115.0,False
Casual,2830150,Super Mining Mechs,"Adventure, Casual",,,,Delayed Victory,Delayed Victory,36.0,steamspy,1050.0,False
Casual,481870,Mini Thief,"Casual, Indie, Simulation",,,,"Stranga, TommahGames",GrabTheGames,30.0,steamspy,1011.0,False
Casual,834740,Circle Empires,"Casual, Indie, Strategy",,,,Luminous,Iceberg Interactive,44.0,steamspy,1003.0,False
Casual,1364210,City Bus Manager,"Casual, Simulation, Strategy",,,,PeDePe GbR,Aerosoft GmbH,74.0,steamspy,973.0,False
Casual,2950340,LEGO® Harry Potter™ Collection,"Action, Adventure, Casual","8 Oct, 2024",False,"₩ 52,800","TT Games, Double Eleven",Warner Bros. Games,127.0,appdetails,926.0,False
Casual,994220,NEOVERSE,"Adventure, Card & Board, Casual, Indie, JRPG, RPG, Strategy",,,,Tinogames Inc.,Tinogames Inc.,3.0,steamspy,896.0,False
Casual,3313310,Fishing The Abyss,"Casual, Horror, Indie",,,,umaaaaaa studio,umaaaaaa studio,6.0,steamspy,878.0,False
Casual,359260,Green Moon,"Adventure, Casual, Indie, Puzzle",,,,Absolutist Ltd.,Absolutist Ltd.,0.0,steamspy,874.0,False
Casual,348360,Doodle God,"Adventure, Card & Board, Casual, Indie, Puzzle, Simulation",,,,JoyBits Ltd.,JoyBits Ltd.,5.0,steamspy,812.0,False
Casual,40700,Machinarium,"Adventure, Casual, Indie, Puzzle",,,,Amanita Design,Amanita Design,12.0,steamspy,766.0,False
Casual,283230,Spoiler Alert,"Adventure, Casual, Indie, Platformer",,,,MEGAFUZZ,tinyBuild,1.0,steamspy,719.0,False
Casual,1352330,Zoo 2: Animal Park,"Casual, City Builder, Platformer, Simulation, Strategy",,,,KING Art,upjers,84.0,steamspy,714.0,False
Casual,1277930,Riddle Joker,"Adventure, Casual, Visual Novel",,,,YUZUSOFT,"NekoNyan Ltd., HIKARI FIELD",40.0,steamspy,703.0,False
Casual,1636710,The Brew Barons,"Action, Adventure, Casual, RPG, Shooter, Simulation",,,,Lifetap Studios,Lifetap Studios,2.0,steamspy,665.0,False
Casual,1407860,Space Travel Idle,"Adventure, Card & Board, Casual",,,,Ayatsuji_San,Spaceive,22.0,steamspy,663.0,False
Casual,2521600,Little-Known Galaxy,"Adventure, Casual, RPG, Simulation",,,,Carbon & Kay,Carbon & Kay,17.0,steamspy,645.0,False
Casual,2653940,Star Trek: Resurgence,"Action, Adventure, Casual, Visual Novel",,,,Dramatic Labs,Bruner House,13.0,steamspy,645.0,False
Casual,476240,KNIGHTS,"Casual, Indie, Puzzle, Simulation, Strategy",,,,Arzola's,Arzola's,0.0,steamspy,636.0,False
Casual,1252560,Love Breakout,"Action, Casual, Indie",,,,Neko Game,Neko Game,2.0,steamspy,624.0,False
Casual,1251930,My Lovely Wife,"Adventure, Casual, Horror, Strategy, Visual Novel",,,,"GameChanger Studio, Toge Productions",Neon Doctrine,5.0,steamspy,599.0,False
Casual,468700,NVIDIA VR Funhouse,"Action, Casual, Horror",,,,Lightspeed Studios™,Lightspeed Studios™,1.0,steamspy,592.0,False
Casual,2162680,Doom Sweeper,"Action, Casual, RPG, Roguelike, Strategy, Tower Defense",,,,Paper Dog,Paper Dog,2.0,steamspy,568.0,False
Casual,1714320,Find Love or Die Trying,"Adventure, Casual, Horror, Indie, Visual Novel",,,,Sunseeker Games,Sunseeker Games,5.0,steamspy,542.0,False
Casual,991560,ONE PUNCH MAN: A HERO NOBODY KNOWS,"Action, Casual, Fighting",,,,Spike Chunsoft Co. Ltd.,BANDAI NAMCO Entertainment,7.0,steamspy,502.0,False
Casual,1216200,Coloring Game 2,"Casual, Indie, Puzzle",,,,L. Stotch,L. Stotch,9.0,steamspy,493.0,False
Casual,2091250,Koishi Navigation Desktop Youkai,Casual,,,,地霊研究院,"地霊研究院, ZRIGN",4.0,steamspy,478.0,False
Casual,2539350,Myths of Rules,"Adventure, Casual, Horror, Indie, Puzzle, RPG",,,,Sugarcane Games,Sugarcane Games,0.0,steamspy,464.0,False
Casual,1722860,Munchkin Digital,"Action, Adventure, Card & Board, Casual, RPG, Strategy",,,,Dire Wolf,Dire Wolf,32.0,steamspy,458.0,False
Casual,1543280,Espresso Tycoon,"Adventure, Casual, Indie, Simulation, Strategy",,,,DreamWay Games,PlayWay S.A.,9.0,steamspy,453.0,False
Casual,352520,The Silent Age,"Adventure, Casual, Horror, Puzzle",,,,House On Fire,,1.0,steamspy,452.0,False
Casual,2914480,Welcome to Maison Chichigami,"Casual, Indie, JRPG, RPG, Visual Novel",,,,Kamichichi,Kagura Games,2.0,steamspy,441.0,False
Casual,2292650,Escape From Mystwood Mansion,"Adventure, Casual, Indie, Puzzle",,,,Lost Sock Studio,Lost Sock Studio,7.0,steamspy,386.0,False
Casual,2401680,Pet Shop Simulator,"Adventure, Casual, Simulation",,,,Games Incubator,"Games Incubator, PlayWay S.A.",2.0,steamspy,384.0,False
Casual,3376990,Kabuto Park,"Card & Board, Casual, RPG, Simulation, Strategy",,,,"Doot, Zakku",Doot Tiny Games,19.0,steamspy,376.0,False
Casual,220050,The Walking Dead: Survival Instinct,"Action, Adventure, Casual, Horror, Shooter, Survival",,,,"Terminal Reality, Inc.",Activision,2.0,steamspy,375.0,False
Casual,604500,Tank Force,"Action, Casual, Massively Multiplayer, RPG, Shooter, Simulation",,,,XDEVS LTD,XDEVS LTD,68.0,steamspy,374.0,False
Casual,772430,Hero of the Kingdom III,"Adventure, Casual, Indie, RPG, Strategy",,,,Lonely Troops,Lonely Troops,0.0,steamspy,370.0,False
Casual,1070710,Kind Words (lo fi chill beats to write to),"Casual, Indie",,,,Popcannibal,Popcannibal,6.0,steamspy,360.0,False
Casual,259810,Home Sheep Home: Farmageddon Party Edition,"Action, Adventure, Casual, Indie, Platformer, Puzzle",,,,"Aardman Animations, Mobile Pie, Black Smoke Studios",Greenlight Games,10.0,steamspy,358.0,False
Casual,397090,Wind Child,"Adventure, Casual, Indie, JRPG, RPG",,,,Valkyria Games,Valkyria Games,0.0,steamspy,354.0,False
Casual,1291500,Kill It With Fire: Ignition,"Action, Casual, Horror, Simulation, Survival",,,,Casey Donnellan Games LLC,tinyBuild,1.0,steamspy,347.0,False
Casual,2449040,Cursorblade,"Action, Casual, Roguelike",,,,RealPeach,RealPeach,0.0,steamspy,346.0,False
Casual,393200,Bad Rats Show,"Action, Adventure, Casual, Indie, Puzzle, Simulation",,,,Invent4 Entertainment,Strategy First,0.0,steamspy,345.0,False
Casual,266390,Farm for your Life,"Casual, Indie, Simulation, Strategy, Survival, Tower Defense",,,,Hammer Labs,Hammer Labs,0.0,steamspy,337.0,False
Casual,582330,Warriors: Rise to Glory,"Casual, Indie, RPG, Strategy",,,,Gavra Games,Gavra Games,5.0,steamspy,332.0,False
Casual,2213300,Might & Magic: Clash of Heroes - Definitive Edition,"Adventure, Card & Board, Casual, Puzzle, RPG, Strategy",,,,"Dotemu, Capybara Games","Dotemu, Gamirror Games",16.0,steamspy,306.0,False
Casual,829420,Fun Hospital,"Casual, Indie, Simulation, Strategy",,,,OrangesGame Technology Limited,OrangesGame Technology Limited,71.0,steamspy,302.0,False
Casual,2753620,Fruit Mountain,"Casual, Indie, Platformer, Puzzle",,,,BeXide Inc.,BeXide Inc.,5.0,steamspy,298.0,False
Casual,250600,The Plan,"Adventure, Casual, Indie, Simulation",,,,Krillbite Studio,Krillbite Studio,1.0,steamspy,298.0,False
Casual,3159570,Lynked: Banner of the Spark,"Action, Adventure, Casual, RPG, Roguelike",,,,FuzzyBot,Dreamhaven,4.0,steamspy,289.0,False
Casual,846470,Moss,"Action, Adventure, Casual, Indie, Platformer, Puzzle",,,,Polyarc,Polyarc,1.0,steamspy,280.0,False
Casual,2479290,Computer Repair Shop,"Casual, Indie, Simulation",,,,Cheesecake Dev,Cheesecake Dev,1.0,steamspy,280.0,False
Casual,527470,Donuts'n'Justice,"Action, Casual, Indie, Shooter",,,,FobTi interactive,FobTi interactive,0.0,steamspy,274.0,False
Casual,717640,Reigns: Her Majesty,"Adventure, Card & Board, Casual, Indie, Simulation, Strategy",,,,"Nerial, Synaptic Insight Technology Systems",Devolver Digital,2.0,steamspy,269.0,False
Casual,3697240,Idle Cultivation,"Casual, Indie, RPG",,,,Linmios,Linmios,151.0,steamspy,258.0,False
Casual,1251210,Dungeon No Dungeon,"Adventure, Card & Board, Casual, Indie, RPG, Strategy",,,,302 Studio,302 GAMES INC,0.0,steamspy,257.0,False
Casual,2853130,Astrodle,"Casual, Indie, Shooter",,,,Robin Nicolet,Robin Nicolet,5.0,steamspy,247.0,False
Casual,1127110,Outpost,"Action, Adventure, Casual, Indie, Strategy, Survival, Tower Defense",,,,Open Mid Interactive,Open Mid Interactive,5.0,steamspy,239.0,False
Casual,3057760,CROPS!,"Casual, Indie, Strategy",,,,Bocary Studios,Bocary Studios,0.0,steamspy,238.0,False
Casual,832360,Hotel Magnate,"Casual, City Builder, Indie, Simulation, Strategy, Survival",,,,Arcade Oven,Arcade Oven,1.0,steamspy,237.0,False
Casual,1662850,Renai Karichaimashita: Koikari - Love For Hire,"Adventure, Casual, Visual Novel",,,,ASa Project,NekoNyan Ltd.,5.0,steamspy,236.0,False
Casual,1917850,Haunted House Renovator,"Adventure, Casual, Horror, Indie, Simulation",,,,Image Power S.A.,"PlayWay S.A., Image Power S.A.",1.0,steamspy,234.0,False
Casual,476460,Picross Touch,"Casual, Indie, Puzzle, Strategy",,,,Jon Gallant,jgallant,89.0,steamspy,223.0,False
Casual,1724140,Craftomation 101: Programming & Craft,"Casual, Indie, Puzzle, Simulation, Strategy, Survival",,,,Luden.io,Luden.io,3.0,steamspy,221.0,False
Casual,352700,Subspace Continuum,"Action, Casual, Massively Multiplayer",,,,"Virgin Interactive Entertainment, PriitK",Subspace Continuum,33.0,steamspy,202.0,False
Casual,1304470,降妖神兵,"Action, Adventure, Casual, Indie, RPG, Simulation",,,,易远游戏,易远游戏,2.0,steamspy,201.0,False
Casual,1208260,Hentai Vs Furries,"Action, Adventure, Casual, Indie, Shooter",,,,SeedWall,SeedWall,1.0,steamspy,199.0,False
Casual,789100,My Little Farmies,"Casual, City Builder, Simulation",,,,upjers,upjers,67.0,steamspy,198.0,False
Casual,3087650,A Shelter Full of Cats,"Adventure, Casual, Puzzle",,,,Devcats,Devcats,3.0,steamspy,196.0,False
Casual,364930,Koi-Koi Japan [Hanafuda playing cards],"Card & Board, Casual, Platformer, Puzzle, Strategy",,,,Zoo Corporation,Zoo Corporation,7.0,steamspy,178.0,False
Casual,436160,The Panic Room,"Action, Adventure, Casual, Horror, Puzzle, RPG, Visual Novel",,,,GameXP.com,GameXP.com,10.0,steamspy,173.0,False
Casual,2064810,CityDriver,"Casual, Indie, Simulation",,,,ViewApp,Aerosoft GmbH,1.0,steamspy,171.0,False
Casual,1518770,Re: LieF ~ Shin'ainaru Anata e~,"Adventure, Casual, Visual Novel",,,,RASK,HIKARI FIELD,1.0,steamspy,163.0,False
Casual,2928330,MASH VP! Re:VISION,"Action, Casual",,,,"AXTORM Co., Ltd.","AXTORM Co., Ltd.",2.0,steamspy,154.0,False
Casual,322950,Pure Hold'em,"Card & Board, Casual, Indie, Simulation, Sports, Strategy",,,,VooFoo Studios,Ripstone,4.0,steamspy,151.0,False
Casual,885810,The Witch's House MV,"Adventure, Casual, Horror, Indie, Puzzle, RPG, Survival",,,,Fummy,DANGEN Entertainment,7.0,steamspy,151.0,False
Casual,245150,The Novelist,"Adventure, Casual, Indie",,,,Orthogonal Games,Orthogonal Games,2.0,steamspy,147.0,False
Casual,2304440,Creatures of Ava,"Action, Adventure, Casual",,,,Inverge Studios,11 bit studios,0.0,steamspy,145.0,False
Casual,209690,Fieldrunners,"Casual, Indie, Strategy, Tower Defense",,,,Subatomic Studios LLC,Subatomic Studios LLC,4.0,steamspy,144.0,False
Casual,1581480,HUMANITY,"Action, Adventure, Casual, Platformer, Puzzle",,,,"tha ltd., Enhance",Enhance,1.0,steamspy,140.0,False
Casual,3064670,Mushroom Season,"Casual, Simulation, Survival",,,,Actus Games,Actus Games,0.0,steamspy,135.0,False
Casual,2414110,Builderment,"Casual, City Builder, Indie, Simulation, Strategy",,,,Builderment LLC,Builderment LLC,4.0,steamspy,131.0,False
Casual,445110,Tasty Planet: Back for Seconds,"Action, Adventure, Casual, Indie, Survival",,,,Dingo Games,Dingo Games,1.0,steamspy,130.0,False
Casual,2798600,Bagel Love Story,"Adventure, Casual, Indie, Visual Novel",,,,橘子班,NVLMaker,1.0,steamspy,124.0,False
Casual,1502990,Atelier Lydie & Suelle: The Alchemists and the Mysterious Paintings DX,"Adventure, Casual, JRPG, RPG, Simulation",,,,"KOEI TECMO GAMES CO., LTD.","KOEI TECMO GAMES CO., LTD.",13.0,steamspy,124.0,False
Casual,809850,Sudoku Zenkai / 数独全卡,"Casual, Strategy",,,,ImaginationOverflow,ImaginationOverflow,1.0,steamspy,123.0,False
Casual,668590,Omen Exitio: Plague,"Adventure, Casual, Horror, Indie, RPG, Visual Novel",,,,Tiny Bull Studios,"Tiny Bull Studios, 2P Games",2.0,steamspy,123.0,False
Casual,367550,Rugby League Team Manager 2015,"Action, Casual, Simulation, Sports, Strategy",,,,Alternative Software Ltd,Alternative Software Ltd,1.0,steamspy,116.0,False
Casual,489900,Bayla Bunny,"Casual, Platformer",,,,EnsenaSoft,EnsenaSoft,0.0,steamspy,113.0,False
Casual,453340,Hustle Cat,"Casual, Indie, Visual Novel",,,,Date Nighto,Date Nighto,0.0,steamspy,109.0,False
Casual,440420,True Fear: Forsaken Souls Part 1,"Adventure, Casual, Horror, Puzzle, Survival",,,,Goblinz Enterprises Ltd,The Digital Lounge,12.0,steamspy,108.0,False
Casual,1697700,Who's Lila?,"Adventure, Casual, Horror, Puzzle, Visual Novel",,,,Garage Heathen,"Garage Heathen, IndieArk",43.0,steamspy,108.0,False
Casual,1370170,Diorama Builder,"Casual, Indie, Puzzle, Simulation",,,,Virtual Arts Studio,Virtual Arts Studio,1.0,steamspy,101.0,False
Casual,1512940,Malody V,"Casual, Indie, Massively Multiplayer, Simulation",,,,Mugzone,Mugzone,29.0,steamspy,100.0,False
City Builder,1466860,Age of Empires IV: Anniversary Edition,"Action, City Builder, Strategy",,,,"World's Edge, Relic Entertainment, Forgotten Empires, Climax Studios",Xbox Game Studios,8256.0,steamspy,73629.0,False
City Builder,255710,Cities: Skylines,"Action, Casual, City Builder, Simulation, Strategy",,,,Colossal Order Ltd.,Paradox Interactive,6899.0,steamspy,57421.0,False
City Builder,703080,Planet Zoo,"Casual, City Builder, Simulation, Strategy",,,,Frontier Developments,Frontier Developments,2127.0,steamspy,38457.0,False
City Builder,916440,Anno 1800,"Adventure, City Builder, Simulation, Strategy",,,,Ubisoft Mainz,Ubisoft,2249.0,steamspy,25214.0,False
City Builder,242920,Banished,"City Builder, Indie, Simulation, Strategy, Survival",,,,Shining Rock Software LLC,Shining Rock Software LLC,483.0,steamspy,24568.0,False
City Builder,493340,Planet Coaster,"Casual, City Builder, Simulation, Strategy",,,,"Frontier Developments, Aspyr (Mac)","Frontier Developments, Aspyr (Mac)",436.0,steamspy,21828.0,False
City Builder,1244460,Jurassic World Evolution 2,"Action, Casual, City Builder, Simulation, Strategy, Survival",,,,Frontier Developments,Frontier Developments,715.0,steamspy,20921.0,False
City Builder,1465460,Infection Free Zone,"City Builder, Simulation, Strategy, Survival",,,,Jutsu Games,Games Operators,712.0,steamspy,19378.0,False
City Builder,933110,Age of Empires III: Definitive Edition,"City Builder, Strategy",,,,"World's Edge, Tantalus Media, Forgotten Empires",Xbox Game Studios,2756.0,steamspy,18142.0,False
City Builder,233450,Prison Architect,"Casual, City Builder, Indie, Simulation, Strategy",,,,"Introversion Software, Double Eleven",Paradox Interactive,631.0,steamspy,16211.0,False
City Builder,492720,Tropico 6,"City Builder, Simulation, Strategy",,,,"Limbic Entertainment, Realmforge Studios",Kalypso Media,656.0,steamspy,15170.0,False
City Builder,1601580,Frostpunk 2,"City Builder, Horror, Simulation, Strategy, Survival",,,,11 bit studios,11 bit studios,410.0,steamspy,14925.0,False
City Builder,2688950,Planet Coaster 2,"City Builder, Horror, Simulation, Strategy",,,,Frontier Developments,Frontier Developments,783.0,steamspy,13648.0,False
City Builder,1062090,Timberborn,"City Builder, Simulation, Strategy, Survival",,,,Mechanistry,Mechanistry,3266.0,steamspy,13017.0,False
City Builder,1937500,Let's School,"City Builder, Indie, Simulation, Strategy",,,,Pathea Games,"Pathea Games, PM Studios, inc.",152.0,steamspy,7240.0,False
City Builder,1455840,Dorfromantik,"Card & Board, Casual, City Builder, Indie, Puzzle, Simulation, Strategy",,,,Toukana Interactive,Toukana Interactive,284.0,steamspy,7063.0,False
City Builder,933820,Endzone - A World Apart,"City Builder, Indie, Simulation, Strategy, Survival",,,,Gentlymad Studios,"Assemble Entertainment, WhisperGames",63.0,steamspy,6374.0,False
City Builder,1509510,Settlement Survival,"City Builder, Indie, Simulation, Strategy, Survival",,,,Gleamer Studio,"Team17, Gleamer Studio",196.0,steamspy,5597.0,False
City Builder,333420,Cossacks 3,"Action, City Builder, Strategy",,,,GSC Game World,GSC Game World,228.0,steamspy,5533.0,False
City Builder,503940,Railway Empire,"City Builder, Simulation, Strategy",,,,Gaming Minds Studios,Kalypso Media,119.0,steamspy,5404.0,False
City Builder,3028310,Nordhold,"Casual, City Builder, Indie, Strategy, Tower Defense",,,,StunForge,"HypeTrain Digital, StunForge",76.0,steamspy,5383.0,False
City Builder,1525700,Tavern Master,"Adventure, Casual, City Builder, Indie, Simulation, Strategy",,,,Untitled Studio,Untitled Studio,82.0,steamspy,5171.0,False
City Builder,1465470,The Crust,"City Builder, Indie, Simulation, Strategy, Survival",,,,VEOM Studio,Crytivo,110.0,steamspy,5101.0,False
City Builder,2194530,Yog-Sothoth’s Yard,"City Builder, Horror, JRPG, RPG, Simulation, Strategy, Visual Novel",,,,Bone Nail,"Bone Nail, Shochiku (Japan)",107.0,steamspy,4971.0,False
City Builder,620590,Ancestors Legacy,"Action, City Builder, Strategy",,,,Destructive Creations,Destructive Creations,20.0,steamspy,4962.0,False
City Builder,1112790,Automation Empire,"City Builder, Indie, Simulation, Strategy",,,,DOG HOGGLER,DOG HOGGLER,16.0,steamspy,4669.0,False
City Builder,1593030,Terra Nil,"Casual, City Builder, Puzzle, Strategy",,,,"Free Lives, Clockwork Acorn",Devolver Digital,84.0,steamspy,4540.0,False
City Builder,907650,Stronghold: Warlords,"City Builder, Simulation, Strategy",,,,Firefly Studios,Firefly Studios,22.0,steamspy,4122.0,False
City Builder,2198510,New Cycle,"City Builder, Simulation, Strategy, Survival",,,,Core Engage,Daedalic Entertainment,10.0,steamspy,3758.0,False
City Builder,1956800,Thriving City: Song,"Casual, City Builder, RPG, Simulation, Strategy",,,,White Star Studio,IndieArk,250.0,steamspy,3758.0,False
City Builder,1963040,The Lost Village,"Action, Adventure, City Builder, RPG, Simulation, Strategy",,,,FunYoo Games,FunYoo Games,45.0,steamspy,3703.0,False
City Builder,2292800,Blacksmith Master,"Casual, City Builder, Simulation, Strategy, Survival",,,,Untitled Studio,Hooded Horse,88.0,steamspy,3699.0,False
City Builder,979120,Autonauts,"Casual, City Builder, Indie, Simulation, Strategy",,,,Denki,Curve Games,58.0,steamspy,3598.0,False
City Builder,2680550,Hollywood Animal,"Adventure, City Builder, Simulation, Strategy",,,,Weappy Wholesome,Weappy Studio,150.0,steamspy,3521.0,False
City Builder,1457320,Techtonica,"City Builder, Simulation, Strategy",,,,Fire Hose Games,Fire Hose Games,46.0,steamspy,3442.0,False
City Builder,304730,Train Fever,"Adventure, Casual, City Builder, Indie, Simulation, Strategy",,,,Urban Games,Good Shepherd Entertainment,5.0,steamspy,3319.0,False
City Builder,758690,Occupy Mars: The Game,"City Builder, Indie, Simulation, Survival",,,,▲ Pyramid Games,"▲ Pyramid Games, PlayWay S.A.",123.0,steamspy,3318.0,False
City Builder,1043260,Gladiator Guild Manager,"City Builder, Indie, RPG, Strategy",,,,Entertainment Forge,"GrabTheGames, Gamirror Games, UpgradePoint",54.0,steamspy,3309.0,False
City Builder,979110,Space Haven,"City Builder, Indie, Simulation, Strategy, Survival",,,,Bugbyte Ltd.,Bugbyte Ltd.,156.0,steamspy,3186.0,False
City Builder,1643310,Dungeons 4,"City Builder, RPG, Simulation, Strategy",,,,Realmforge Studios,Kalypso Media,84.0,steamspy,3122.0,False
City Builder,1644320,Railway Empire 2,"City Builder, Simulation, Strategy",,,,Gaming Minds Studios,Kalypso Media,206.0,steamspy,3095.0,False
City Builder,809140,Cliff Empire,"City Builder, Simulation, Strategy, Tower Defense",,,,Lion's Shade,Lion's Shade,21.0,steamspy,3083.0,False
City Builder,40970,Stronghold Crusader HD (2012),"City Builder, Simulation, Strategy, Tower Defense",,,,Firefly Studios,Firefly Studios,350.0,steamspy,2930.0,False
City Builder,1700870,Clanfolk,"City Builder, Simulation, Strategy, Survival",,,,MinMax Games Ltd.,Hooded Horse,163.0,steamspy,2770.0,False
City Builder,673610,Airport CEO,"City Builder, Simulation, Strategy",,,,Apog Labs,Apog Labs,130.0,steamspy,2719.0,False
City Builder,1450900,Desynced,"City Builder, Simulation, Strategy, Survival",,,,Stage Games Inc.,Forklift Interactive,45.0,steamspy,2714.0,False
City Builder,1017900,Age of Empires: Definitive Edition,"Action, Adventure, City Builder, Strategy",,,,"World's Edge, Forgotten Empires, Tantalus",Xbox Game Studios,509.0,steamspy,2705.0,False
City Builder,271240,Offworld Trading Company,"City Builder, Simulation, Strategy, Survival",,,,Mohawk Games,Stardock Entertainment,16.0,steamspy,2698.0,False
City Builder,860890,Factory Town,"City Builder, Indie, Simulation, Strategy",,,,Erik Asmussen,Erik Asmussen,42.0,steamspy,2629.0,False
City Builder,1073910,Before We Leave,"Casual, City Builder, Simulation, Strategy",,,,Balancing Monkey Games,Team17,17.0,steamspy,2290.0,False
City Builder,2195120,Go-Go Town!,"City Builder, Indie, Simulation, Strategy",,,,Prideful Sloth,"CULT Games, Prideful Sloth",45.0,steamspy,2234.0,False
City Builder,1817800,Oddsparks: An Automation Adventure,"Action, Adventure, City Builder",,,,Massive Miniteam,HandyGames,60.0,steamspy,1979.0,False
City Builder,496460,Life is Feudal: Forest Village,"City Builder, Indie, Simulation, Strategy, Survival",,,,Mindillusion,Bitbox Ltd.,37.0,steamspy,1935.0,False
City Builder,1360000,The Infected,"Action, City Builder, Horror, Simulation, Survival",,,,DigX Studios,DigX Studios,61.0,steamspy,1930.0,False
City Builder,534370,Pure Farming 2018,"Casual, City Builder, RPG, Simulation",,,,Ice Flames,Techland Publishing,5.0,steamspy,1861.0,False
City Builder,728730,Holyday City: Reloaded,"Casual, City Builder, Simulation",,,,Holyday Studios,Holyday Studios,34.0,steamspy,1823.0,False
City Builder,253250,Stonehearth,"Adventure, City Builder, Indie, RPG, Simulation, Strategy, Survival",,,,Radiant Entertainment,(none),77.0,steamspy,1821.0,False
City Builder,2262080,Omega Crafter,"Action, Adventure, City Builder, Indie, RPG, Survival",,,,Preferred Networks,Preferred Networks,9.0,steamspy,1797.0,False
City Builder,225420,Cities in Motion 2,"City Builder, Simulation, Strategy",,,,Colossal Order Ltd.,Paradox Interactive,7.0,steamspy,1736.0,False
City Builder,2020710,Havendock,"Casual, City Builder, Simulation, Strategy",,,,YYZ Studio,"Pretty Soon, IndieArk",51.0,steamspy,1675.0,False
City Builder,2228280,MEMORIAPOLIS,"City Builder, Indie, Simulation, Strategy",,,,5PM Studio,5PM Studio,8.0,steamspy,1657.0,False
City Builder,894940,Littlewood,"Casual, City Builder, RPG, Simulation",,,,Sean Young,SmashGames,25.0,steamspy,1644.0,False
City Builder,231140,Cities XL Platinum,"City Builder, Simulation, Strategy",,,,Focus Entertainment,Focus Entertainment,3.0,steamspy,1638.0,False
City Builder,1547890,Let's Build a Zoo,"City Builder, Indie, Simulation, Strategy",,,,Springloaded,No More Robots,163.0,steamspy,1619.0,False
City Builder,1538570,Patron,"City Builder, Simulation, Strategy, Survival",,,,Overseer Games,Overseer Games,18.0,steamspy,1593.0,False
City Builder,2290000,TerraScape,"Card & Board, Casual, City Builder, Puzzle, Simulation, Strategy",,,,Bitfall Studios,"Stray Fawn Publishing, INSTINCT3",15.0,steamspy,1587.0,False
City Builder,2013240,Immortal Family,"Casual, City Builder, Indie, RPG, Simulation, Strategy",,,,一起来修仙工作室,方块游戏(CubeGame),63.0,steamspy,1587.0,False
City Builder,2834600,My Little Life,"Casual, City Builder, Simulation",,,,9FingerGames,9FingerGames,307.0,steamspy,1521.0,False
City Builder,2400770,Dungeon Tycoon,"City Builder, Simulation, Strategy, Tower Defense",,,,Lunheim Studios,"Goblinz Publishing, Maple Whispering Limited",13.0,steamspy,1518.0,False
City Builder,39680,The Guild II Renaissance,"City Builder, RPG, Simulation, Strategy",,,,Runeforge Game Studio,THQ Nordic,18.0,steamspy,1244.0,False
City Builder,1875060,Reus 2,"City Builder, Indie, Puzzle, Simulation, Strategy",,,,Abbey Games,Firesquid,14.0,steamspy,1215.0,False
City Builder,1252780,Bloons Monkey City,"Action, Casual, City Builder, Strategy, Tower Defense",,,,Ninja Kiwi,Ninja Kiwi,193.0,steamspy,1166.0,False
City Builder,1291340,Townscaper,"Casual, City Builder, Indie, Simulation",,,,Oskar Stålberg,Raw Fury,37.0,steamspy,1162.0,False
City Builder,1281630,Anno 1404 - History Edition,"City Builder, Simulation, Strategy",,,,Ubisoft Mainz,Ubisoft,125.0,steamspy,1152.0,False
City Builder,1882500,Cattails: Wildwood Story,"City Builder, RPG, Simulation",,,,Falcon Development,Falcon Development,43.0,steamspy,1142.0,False
City Builder,1024650,Port Royale 4,"Action, Adventure, City Builder, Simulation, Strategy",,,,Gaming Minds,Kalypso Media,35.0,steamspy,1107.0,False
City Builder,1254320,Surviving the Abyss,"City Builder, Simulation, Strategy, Survival",,,,Rocket Flair Studios,Paradox Arc,7.0,steamspy,1069.0,False
City Builder,1157220,Nebuchadnezzar,"City Builder, Indie, Simulation, Strategy",,,,Nepos Games,Astra Logical,8.0,steamspy,908.0,False
City Builder,521150,Another Brick in The Mall,"City Builder, Indie, Simulation, Strategy",,,,The Quadsphere,The Quadsphere,24.0,steamspy,896.0,False
City Builder,2750080,The Settlers: New Allies,"City Builder, Simulation, Strategy",,,,Ubisoft Düsseldorf,Ubisoft,70.0,steamspy,888.0,False
City Builder,1104330,Founders' Fortune,"City Builder, Indie, Simulation, Strategy, Survival",,,,Dionic Software,Dionic Software,9.0,steamspy,834.0,False
City Builder,1134710,NIMBY Rails,"City Builder, Simulation, Strategy",,,,Weird and Wry,Weird and Wry,119.0,steamspy,824.0,False
City Builder,1743830,One Military Camp,"City Builder, RPG, Simulation, Strategy",,,,Abylight Barcelona,Abylight Studios,8.0,steamspy,804.0,False
City Builder,2144640,Endzone 2,"City Builder, Simulation, Strategy, Survival",,,,Gentlymad Studios,Assemble Entertainment,33.0,steamspy,803.0,False
City Builder,1336180,Floodland,"City Builder, Strategy, Survival",,,,Vile Monarch,Ravenscourt,5.0,steamspy,789.0,False
City Builder,351860,Cultures - Northland,"Adventure, City Builder, Simulation, Strategy",,,,Funatics Software,Daedalic Entertainment,3.0,steamspy,788.0,False
City Builder,2807150,Worshippers of Cthulhu,"City Builder, Horror, Simulation, Strategy",,,,Crazy Goat Games,Crytivo,20.0,steamspy,773.0,False
City Builder,1074070,Dust to the End,"Adventure, City Builder, Indie, RPG, Simulation, Strategy, Survival",,,,"Haojoy Game, Zjoy Game",2P Games,6.0,steamspy,752.0,False
City Builder,789660,Buggos,"Casual, City Builder, Indie, Simulation, Strategy",,,,Intrepid Marmot,Intrepid Marmot,10.0,steamspy,688.0,False
City Builder,840390,Spacebase Startopia,"Casual, City Builder, Simulation, Strategy",,,,Realmforge Studios,Kalypso Media,3.0,steamspy,647.0,False
City Builder,1489970,Highrise City,"City Builder, Simulation, Strategy",,,,Fourexo Entertainment,Deck13,2.0,steamspy,646.0,False
City Builder,2012190,KAISERPUNK,"City Builder, Simulation, Strategy",,,,Overseer Games,"Overseer Games, Elda Entertainment",24.0,steamspy,632.0,False
City Builder,591370,Production Line : Car factory simulation,"City Builder, Indie, Simulation, Strategy",,,,Positech Games,Positech Games,7.0,steamspy,631.0,False
City Builder,1304430,Viking Frontiers,"Action, Adventure, City Builder, RPG, Simulation, Strategy",,,,BLUM Entertainment,"GameHunters, PlayWay S.A.",11.0,steamspy,625.0,False
City Builder,2103470,Republic of Pirates,"City Builder, Simulation, Strategy",,,,Crazy Goat Games,PQube,6.0,steamspy,608.0,False
City Builder,2678990,Minami Lane,"Casual, City Builder, Indie, Simulation, Strategy",,,,"Doot, Blibloop, Zakku","Doot Tiny Games, Wholesome Games Presents",24.0,steamspy,587.0,False
City Builder,1864880,Roman Triumph: Survival City Builder,"City Builder, Simulation, Strategy, Survival",,,,Coreffect Interactive,Forklift Interactive,24.0,steamspy,572.0,False
City Builder,1847240,Game Dev Story,"Casual, City Builder, Indie, Platformer, Simulation, Strategy",,,,"Kairosoft Co., Ltd","Kairosoft Co., Ltd",11.0,steamspy,571.0,False
City Builder,1730250,Pan'orama,"Casual, City Builder, Indie, Simulation, Strategy",,,,Chicken Launcher,Awaken Realms,14.0,steamspy,567.0,False
City Builder,2206350,Farm Manager World,"Casual, City Builder, Simulation, Strategy",,,,Cleversan Games,"Sim Farm S.A., PlayWay S.A.",15.0,steamspy,563.0,False
City Builder,667610,Ancient Cities,"City Builder, Simulation, Strategy, Survival",,,,Uncasual Games,Uncasual Games,10.0,steamspy,539.0,False
City Builder,2197680,That Time I Got Reincarnated as a Slime ISEKAI Chronicles,"Action, Adventure, City Builder, JRPG, RPG",,,,"ZOC Co., Ltd.",Bandai Namco Entertainment Inc.,2.0,steamspy,526.0,False
City Builder,2533960,SUMMERHOUSE,"Casual, City Builder, Indie, Simulation, Strategy",,,,Friedemann,Future Friends Games,3.0,steamspy,525.0,False
City Builder,1076750,Dream Engines: Nomad Cities,"City Builder, RPG, Simulation, Strategy, Survival, Tower Defense",,,,Suncrash,"Suncrash, Gamirror Games",3.0,steamspy,516.0,False
City Builder,1409830,Sons of Valhalla,"Action, Adventure, City Builder, RPG, Simulation, Strategy, Survival",,,,Pixel Chest,Hooded Horse,1.0,steamspy,472.0,False
City Builder,2378910,Settlements Rising,"City Builder, Simulation, Strategy, Survival",,,,The Catalyst Crew,The Catalyst Crew,4.0,steamspy,424.0,False
City Builder,517790,Caesar 3,"City Builder, Simulation, Strategy",,,,Impressions Games,Activision,81.0,steamspy,418.0,False
City Builder,835650,Rising Lords,"City Builder, Indie, Simulation, Strategy",,,,Argonwood,"Deck13, WhisperGames",1.0,steamspy,415.0,False
City Builder,290100,Bulwark: Falconeer Chronicles,"Casual, City Builder, Strategy",,,,Tomas Sala,Wired Productions,25.0,steamspy,396.0,False
City Builder,876650,Aground,"Casual, City Builder, RPG, Survival",,,,"Fancy Fish Games, SnöBox Studio","Fancy Fish Games, Whitethorn Games",22.0,steamspy,376.0,False
City Builder,2707490,Tower Factory,"Action, City Builder, Simulation, Strategy, Tower Defense",,,,Gius Caminiti,Gius Caminiti,66.0,steamspy,366.0,False
City Builder,1273100,Builders of Greece,"City Builder, Indie, Simulation, Strategy",,,,"BLUM Entertainment, Strategy Labs","CreativeForge Games, PlayWay S.A.",5.0,steamspy,338.0,False
City Builder,2102490,Basketball Club Story,"Casual, City Builder, Indie, Simulation, Sports, Strategy",,,,"Kairosoft Co., Ltd","Kairosoft Co., Ltd",5.0,steamspy,337.0,False
City Builder,579020,Constructor,"City Builder, Simulation, Strategy",,,,System 3,System 3,2.0,steamspy,328.0,False
City Builder,280720,Imagine Earth,"City Builder, Simulation",,,,Serious Bros.,Serious Bros.,4.0,steamspy,323.0,False
City Builder,23450,Grand Ages: Rome,"City Builder, Simulation, Strategy",,,,Haemimont Games,Kalypso Media Digital,7.0,steamspy,308.0,False
City Builder,2751050,clickyland,"City Builder, Strategy, Survival, Tower Defense",,,,Sokpop Collective,Sokpop Collective,7.0,steamspy,305.0,False
City Builder,2379910,Dystopika,"Casual, City Builder, Simulation, Strategy",,,,Voids Within,"Voids Within, UNIKAT Label",20.0,steamspy,301.0,False
City Builder,1952170,Cafeteria Nipponica,"Adventure, City Builder, Indie, Platformer, RPG, Simulation",,,,"Kairosoft Co., Ltd","Kairosoft Co., Ltd",0.0,steamspy,280.0,False
City Builder,57600,Tropico 3: Absolute Power,"City Builder, Simulation, Strategy",,,,Haemimont Games,Kalypso Media Digital,3.0,steamspy,260.0,False
City Builder,2488340,Dream Town Island,"Casual, City Builder, Platformer, Simulation, Strategy",,,,"Kairosoft Co., Ltd","Kairosoft Co., Ltd",29.0,steamspy,258.0,False
City Builder,876470,Tentlan,"Casual, City Builder, Strategy",,,,Lionmoon UG,Lionmoon UG,2.0,steamspy,254.0,False
City Builder,3132250,Heian City Story,"Casual, City Builder, Indie, Platformer, Simulation, Strategy",,,,"Kairosoft Co., Ltd","Kairosoft Co., Ltd",7.0,steamspy,252.0,False
City Builder,1501690,Dice Kingdoms,"Card & Board, Casual, City Builder, Indie, Strategy",,,,Fivemid Studio,Fivemid Studio,1.0,steamspy,251.0,False
City Builder,2169830,How a Retired Strategist Saved the Country,"Adventure, City Builder, RPG, Simulation, Strategy, Visual Novel",,,,tomadan,OTAKU Plan,2.0,steamspy,251.0,False
City Builder,1733110,Of Life and Land,"City Builder, Simulation, Strategy, Survival",,,,Kerzoven,"Metaroot, Kerzoven",13.0,steamspy,246.0,False
City Builder,1451470,El Dorado: The Golden City Builder,"City Builder, Simulation, Strategy, Survival",,,,"Hobo Bunch, Gameparic","Gameparic, Games Incubator",0.0,steamspy,244.0,False
City Builder,877080,Seeds of Resilience,"City Builder, Indie, Simulation, Strategy, Survival",,,,Subtle Games,"Goblinz Publishing, Maple Whispering Limited",1.0,steamspy,240.0,False
City Builder,1318740,Farlanders,"City Builder, Simulation, Strategy, Survival",,,,Andriy Bychkovskyi,Crytivo,1.0,steamspy,240.0,False
City Builder,1269710,Kainga: Seeds of Civilization,"City Builder, Indie, Strategy",,,,Erik Rempen,Silk Softworks,3.0,steamspy,229.0,False
City Builder,2677310,GRIDROAD,"City Builder, Indie, Puzzle, Simulation, Strategy",,,,RAJACORP,RAJACORP,2.0,steamspy,225.0,False
City Builder,1226970,Disco Simulator,"Casual, City Builder, Indie, Simulation, Strategy",,,,"Games Incubator, Frozen Cave Studio","Games Incubator, PlayWay S.A.",0.0,steamspy,216.0,False
City Builder,297920,Space Colony: Steam Edition,"City Builder, Simulation, Strategy",,,,Firefly Studios,Firefly Studios,3.0,steamspy,212.0,False
City Builder,19930,The Settlers: Rise Of An Empire Gold Edition,"City Builder, Strategy",,,,Blue Byte,Ubisoft,3.0,steamspy,201.0,False
City Builder,2473640,EcoGnomix,"Action, City Builder, Roguelike, Simulation, Strategy",,,,Irox Games,"Untold Tales, Gamersky Games, Irox Games",5.0,steamspy,194.0,False
City Builder,2607060,From Glory To Goo,"Action, City Builder, Strategy, Survival, Tower Defense",,,,Stratagem Blue,Stratagem Blue,78.0,steamspy,191.0,False
City Builder,434520,Simutrans,"City Builder, Indie, Simulation, Strategy",,,,The Simutrans Team,The Simutrans Team,15.0,steamspy,188.0,False
City Builder,1573590,Colonize,"Action, Adventure, City Builder, Strategy, Survival",,,,Rembrosoft,CreativeForge Games,2.0,steamspy,188.0,False
City Builder,1158420,SimCasino,"Casual, City Builder, Simulation, Strategy",,,,LVGameDev LLC,LVGameDev LLC,9.0,steamspy,181.0,False
City Builder,2857000,refarm,"City Builder, Simulation",,,,otterhands,otterhands,1.0,steamspy,168.0,False
City Builder,1957760,Islands & Trains,"Casual, City Builder, Indie, Simulation",,,,Akos Makovics,Future Friends Games,10.0,steamspy,167.0,False
City Builder,2191490,Pocket Academy 3,"Casual, City Builder, Indie, Platformer, Simulation, Strategy",,,,"Kairosoft Co., Ltd","Kairosoft Co., Ltd",9.0,steamspy,160.0,False
City Builder,1766720,Outlanders,"Casual, City Builder, Simulation, Strategy",,,,Pomelo Games,Pomelo Games,27.0,steamspy,159.0,False
City Builder,1129570,Industry Giant 4.0,"City Builder, Simulation, Strategy",,,,Don VS Dodo,Toplitz Productions,4.0,steamspy,158.0,False
City Builder,2820130,Anno 1602 History Edition,"Action, City Builder, Simulation, Strategy",,,,Ubisoft Mainz,Ubisoft,16.0,steamspy,151.0,False
City Builder,2532490,Rise of Industry 2,"City Builder, Simulation, Strategy",,,,SomaSim,Kasedo Games,4.0,steamspy,146.0,False
City Builder,49300,Commander: Conquest of the Americas,"Adventure, City Builder, Strategy",,,,Nitro Games,Nitro Games,2.0,steamspy,140.0,False
City Builder,3487770,Idle Commonwealth,"Casual, City Builder, Indie, Strategy",,,,Qbusik Games,Qbusik Games,39.0,steamspy,126.0,False
City Builder,290970,1849,"Casual, City Builder, Indie, Simulation, Strategy",,,,SomaSim,SomaSim,0.0,steamspy,121.0,False
City Builder,1273790,Empires and Tribes,"City Builder, RPG, Simulation, Strategy",,,,White Vertex Studios,White Vertex Studios,1.0,steamspy,117.0,False
Fighting,1515950,Capcom Arcade Stadium,"Action, Fighting, Platformer",,,,"CAPCOM Co., Ltd.","CAPCOM Co., Ltd.",28.0,steamspy,481088.0,False
Fighting,1755910,Capcom Arcade 2nd Stadium,"Action, Fighting, Platformer",,,,"CAPCOM Co., Ltd.","CAPCOM Co., Ltd.",25.0,steamspy,458580.0,False
Fighting,1203220,NARAKA: BLADEPOINT,"Action, Adventure, Fighting, Massively Multiplayer, Survival",,,,24 Entertainment,NetEase Games Global,25589.0,steamspy,385770.0,False
Fighting,1790600,DRAGON BALL: Sparking! ZERO,"Action, Adventure, Fighting",,,,"Spike Chunsoft Co., Ltd.",Bandai Namco Entertainment,786.0,steamspy,120000.0,False
Fighting,629760,MORDHAU,"Action, Fighting, Indie, Survival",,,,Triternion,Triternion,450.0,steamspy,60204.0,False
Fighting,1778820,TEKKEN 8,"Action, Casual, Fighting, Sports",,,,Bandai Namco Studios Inc.,Bandai Namco Entertainment,4404.0,steamspy,46139.0,False
Fighting,678950,DRAGON BALL FighterZ,"Action, Adventure, Fighting, Sports",,,,Arc System Works,Bandai Namco Entertainment,1288.0,steamspy,44234.0,False
Fighting,1384160,GUILTY GEAR -STRIVE-,"Action, Casual, Fighting",,,,Arc System Works,Arc System Works,1266.0,steamspy,30939.0,False
Fighting,1971870,Mortal Kombat 1,"Action, Fighting, Horror",,,,"NetherRealm Studios, QLOC",Warner Bros. Games,1019.0,steamspy,26576.0,False
Fighting,851850,DRAGON BALL Z: KAKAROT,"Action, Adventure, Fighting, JRPG, RPG",,,,CyberConnect2 Co. Ltd.,Bandai Namco Entertainment Inc.,355.0,steamspy,25715.0,False
Fighting,208650,Batman: Arkham Knight,"Action, Adventure, Fighting, Horror, Puzzle, Strategy",,,,Rocksteady Studios,WB Games,1802.0,steamspy,25623.0,False
Fighting,323470,DRAGON BALL XENOVERSE,"Action, Adventure, Fighting, RPG",,,,DIMPS,BANDAI NAMCO Entertainment,141.0,steamspy,22782.0,False
Fighting,473690,Absolver,"Action, Adventure, Fighting, Indie, Massively Multiplayer, RPG",,,,Sloclap,Devolver Digital,22.0,steamspy,18921.0,False
Fighting,544750,SOULCALIBUR VI,"Action, Fighting",,,,"BANDAI NAMCO Studios Inc., Dimps Corporation",BANDAI NAMCO Entertainment,176.0,steamspy,14486.0,False
Fighting,775500,SCARLET NEXUS,"Action, Adventure, Fighting, JRPG, RPG, Strategy",,,,BANDAI NAMCO Studios Inc.,BANDAI NAMCO Entertainment,51.0,steamspy,14479.0,False
Fighting,454650,DRAGON BALL XENOVERSE 2,"Action, Adventure, Casual, Fighting, Massively Multiplayer, RPG",,,,"QLOC, DIMPS",Bandai Namco Entertainment,1147.0,steamspy,13570.0,False
Fighting,1216060,DNF Duel,"Action, Casual, Fighting, Sports, Strategy",,,,"NEOPLE Inc., Arc System Works, EIGHTING Co., Ltd.",NEXON,3.0,steamspy,12324.0,False
Fighting,202170,Sleeping Dogs,"Action, Adventure, Fighting, RPG, Shooter",,,,United Front Games,Square Enix,6.0,steamspy,12032.0,False
Fighting,844870,KurtzPel,"Action, Fighting, Massively Multiplayer",,,,KOG,KOG,12.0,steamspy,11878.0,False
Fighting,1742020,Idol Showdown,"Action, Fighting, Horror, Indie",,,,Besto Game Team,holo Indie,27.0,steamspy,10655.0,False
Fighting,242700,Injustice: Gods Among Us Ultimate Edition,"Action, Fighting",,,,"NetherRealm Studios, High Voltage Software",Warner Bros. Interactive Entertainment,40.0,steamspy,10262.0,False
Fighting,629730,Blade and Sorcery,"Action, Adventure, Fighting, Indie, RPG, Simulation",,,,WarpFrog,WarpFrog,487.0,steamspy,10235.0,False
Fighting,349040,NARUTO SHIPPUDEN: Ultimate Ninja STORM 4,"Action, Adventure, Fighting",,,,CyberConnect2 Co. Ltd.,BANDAI NAMCO Entertainment,274.0,steamspy,8372.0,False
Fighting,1206610,Rubber Bandits,"Action, Casual, Fighting",,,,Flashbulb,Flashbulb,29.0,steamspy,8346.0,False
Fighting,1089090,ONE PIECE: PIRATE WARRIORS 4,"Action, Adventure, Fighting, RPG",,,,Koei Tecmo,BANDAI NAMCO Entertainment,307.0,steamspy,7222.0,False
Fighting,1451190,Undisputed,"Action, Fighting, Simulation, Sports",,,,Steel City Interactive,Deep Silver,604.0,steamspy,6858.0,False
Fighting,200260,Batman: Arkham City - Game of the Year Edition,"Action, Adventure, Fighting, Metroidvania",,,,Rocksteady Studios,WB Games,789.0,steamspy,6822.0,False
Fighting,35140,Batman: Arkham Asylum Game of the Year Edition,"Action, Adventure, Fighting, Horror, Metroidvania, Puzzle",,,,Rocksteady Studios,WB Games,511.0,steamspy,6739.0,False
Fighting,1689620,BLEACH Rebirth of Souls,"Action, Fighting",,,,TAMSOFT CORPORATION,Bandai Namco Entertainment Inc.,96.0,steamspy,6611.0,False
Fighting,1602010,Persona 4 Arena Ultimax,"Action, Fighting, JRPG, RPG, Visual Novel",,,,"Arc System Works, ATLUS",SEGA,51.0,steamspy,5628.0,False
Fighting,578620,GORN,"Action, Fighting, Horror, Indie",,,,Free Lives,Devolver Digital,1.0,steamspy,5261.0,False
Fighting,1372110,JoJo's Bizarre Adventure: All-Star Battle R,"Action, Fighting, Platformer",,,,CyberConnect2 Co. Ltd.,Bandai Namco Entertainment,153.0,steamspy,5023.0,False
Fighting,234670,NARUTO SHIPPUDEN: Ultimate Ninja STORM 3 Full Burst HD,"Action, Adventure, Fighting, RPG",,,,CyberConnect2 Co. Ltd.,BANDAI NAMCO Entertainment,27.0,steamspy,4677.0,False
Fighting,2492040,FATAL FURY: City of the Wolves,"Action, Fighting, Platformer",,,,SNK CORPORATION,SNK CORPORATION,470.0,steamspy,4592.0,False
Fighting,394310,Punch Club,"Action, Fighting, RPG, Simulation, Sports",,,,Lazy Bear Games,tinyBuild,72.0,steamspy,4277.0,False
Fighting,331600,One Piece Pirate Warriors 3,"Action, Adventure, Fighting, JRPG, RPG",,,,"KOEI TECMO GAMES CO., LTD.",BANDAI NAMCO Entertainment,41.0,steamspy,4242.0,False
Fighting,202090,Magicka: Wizard Wars,"Action, Adventure, Fighting, Indie, Massively Multiplayer, RPG, Strategy",,,,Paradox North,Paradox Interactive,3.0,steamspy,4156.0,False
Fighting,245170,Skullgirls 2nd Encore,"Action, Fighting, Indie",,,,Hidden Variable Studios,Autumn Games,84.0,steamspy,3916.0,False
Fighting,2918150,ONE PIECE Bounty Rush,"Action, Fighting",,,,SEGA,Bandai Namco Entertainment Inc.,873.0,steamspy,3891.0,False
Fighting,278080,DYNASTY WARRIORS 8: Xtreme Legends Complete Edition,"Action, Adventure, Casual, Fighting, JRPG, RPG, Strategy",,,,"KOEI TECMO GAMES CO., LTD.","KOEI TECMO GAMES CO., LTD.",160.0,steamspy,3851.0,False
Fighting,1163550,Captain Tsubasa: Rise of New Champions,"Action, Card & Board, Casual, Fighting, RPG, Sports",,,,TAMSOFT CORPORATION,BANDAI NAMCO Entertainment,47.0,steamspy,3630.0,False
Fighting,493840,Marvel vs. Capcom: Infinite,"Action, Fighting",,,,Capcom,Capcom,19.0,steamspy,3592.0,False
Fighting,495910,Dungeon Fighter Online,"Action, Adventure, Fighting, Massively Multiplayer, RPG",,,,Neople,Neople,103.0,steamspy,3441.0,False
Fighting,1335200,Action Taimanin,"Action, Adventure, Fighting, RPG",,,,LiLith,Infini-Brain inc.,971.0,steamspy,3400.0,False
Fighting,1090630,Granblue Fantasy: Versus,"Action, Fighting, JRPG, RPG",,,,"Cygames, Inc., Arc System Works","XSEED Games, Marvelous USA, Inc.",2.0,steamspy,3367.0,False
Fighting,418340,RWBY: Grimm Eclipse,"Action, Adventure, Fighting, Indie, RPG",,,,"Rooster Teeth Games, FarBridge",FarBridge,1.0,steamspy,3224.0,False
Fighting,1343240,Thymesia,"Action, Fighting, Horror, RPG",,,,OverBorder Studio,Team17,16.0,steamspy,3194.0,False
Fighting,1123770,Curse of the Dead Gods,"Action, Adventure, Fighting, Horror, Indie, Roguelike",,,,Passtech Games,Focus Entertainment,43.0,steamspy,2971.0,False
Fighting,285900,Gang Beasts,"Casual, Fighting, Indie",,,,"Boneloaf, Rocket Science",Boneloaf,189.0,steamspy,2946.0,False
Fighting,3027930,Karate Survivor,"Action, Casual, Fighting, Roguelike",,,,Alawar,Alawar,9.0,steamspy,2923.0,False
Fighting,383980,Rivals of Aether,"Action, Fighting, Indie, Platformer",,,,Aether Studios,Aether Studios,366.0,steamspy,2828.0,False
Fighting,702890,BlazBlue: Cross Tag Battle,"Action, Fighting, Sports",,,,Arc System Works,Arc System Works,27.0,steamspy,2746.0,False
Fighting,248570,Toribash,"Action, Fighting, Indie, Simulation, Strategy",,,,Nabi Studios,"Nicalis, Inc.",51.0,steamspy,2648.0,False
Fighting,348550,GUILTY GEAR XX ACCENT CORE PLUS R,"Action, Fighting, Sports",,,,Arc System Works,Arc System Works,78.0,steamspy,2330.0,False
Fighting,6020,STAR WARS Jedi Knight - Jedi Academy,"Action, Adventure, Fighting, RPG, Shooter",,,,Raven Software,"LucasArts, Lucasfilm, Disney",76.0,steamspy,2306.0,False
Fighting,1557740,ROUNDS,"Action, Card & Board, Fighting, Indie, Platformer, Roguelike, Shooter",,,,Landfall,Landfall,748.0,steamspy,2208.0,False
Fighting,2076010,UNDER NIGHT IN-BIRTH II Sys:Celes,"Action, Fighting",,,,"FRENCH-BREAD, Arc System Works",Arc System Works,147.0,steamspy,2165.0,False
Fighting,627270,Injustice 2,"Action, Fighting",,,,"NetherRealm Studios, QLOC",WB Games,181.0,steamspy,2093.0,False
Fighting,576480,Drunken Fight Simulator,"Action, Fighting, Indie, Simulation",,,,Volens Nolens Games,Volens Nolens Games,0.0,steamspy,2019.0,False
Fighting,2634890,MARVEL vs. CAPCOM Fighting Collection: Arcade Classics,"Action, Fighting",,,,"CAPCOM Co., Ltd.","CAPCOM Co., Ltd.",106.0,steamspy,2019.0,False
Fighting,411370,Melty Blood Actress Again Current Code,"Action, Fighting, Sports, Visual Novel",,,,FRENCH-BREAD,Arc System Works,16.0,steamspy,2015.0,False
Fighting,921590,DISSIDIA FINAL FANTASY NT Free Edition,"Action, Fighting",,,,"Square Enix, KOEI TECMO GAMES CO., LTD.",Square Enix,9.0,steamspy,1981.0,False
Fighting,597170,Clone Drone in the Danger Zone,"Action, Fighting, Indie, Survival",,,,Doborog Games,Doborog Games,184.0,steamspy,1921.0,False
Fighting,798510,SUPER DRAGON BALL HEROES WORLD MISSION,"Card & Board, Fighting, Strategy",,,,"Dimps Corporation, SAFARI GAMES Co., Ltd.",BANDAI NAMCO Entertainment,19.0,steamspy,1895.0,False
Fighting,264200,One Finger Death Punch,"Action, Casual, Fighting, Indie",,,,Silver Dollar Games,Silver Dollar Games,7.0,steamspy,1857.0,False
Fighting,1259790,Puyo Puyo Tetris 2,"Action, Casual, Fighting, Puzzle",,,,SEGA,SEGA,93.0,steamspy,1826.0,False
Fighting,746580,HARDCORE MECHA,"Action, Fighting, Indie, Platformer, Shooter",,,,RocketPunch Games,"RocketPunch Games, Lightning Games",3.0,steamspy,1754.0,False
Fighting,586200,Street Fighter 30th Anniversary Collection,"Action, Fighting",,,,Digital Eclipse,"Capcom U.S.A, Inc.",37.0,steamspy,1737.0,False
Fighting,357190,ULTIMATE MARVEL VS. CAPCOM 3,"Action, Fighting, Horror",,,,"CAPCOM CO., LTD.","CAPCOM U.S.A., INC.",124.0,steamspy,1706.0,False
Fighting,564230,Fire Pro Wrestling World,"Action, Fighting, Simulation, Sports",,,,"Spike Chunsoft Co., Ltd.","Spike Chunsoft Co., Ltd.",89.0,steamspy,1675.0,False
Fighting,1020790,NARUTO X BORUTO Ultimate Ninja STORM CONNECTIONS,"Action, Adventure, Fighting",,,,"CyberConnect2 Co., Ltd.",Bandai Namco Entertainment,119.0,steamspy,1663.0,False
Fighting,214770,Guacamelee! Gold Edition,"Action, Adventure, Fighting, Indie, Metroidvania, Platformer",,,,Drinkbox Studios,"Drinkbox Studios, Kepler Ghost",7.0,steamspy,1643.0,False
Fighting,716710,東方憑依華　～ Antinomy of Common Flowers.,"Action, Fighting, Indie",,,,黄昏フロンティア,"SUNFISH Co., Ltd.",3.0,steamspy,1442.0,False
Fighting,3112260, Virtua Fighter 5 R.E.V.O. World Stage,"Action, Fighting, JRPG, RPG",,,,Ryu Ga Gotoku Studio,SEGA,169.0,steamspy,1395.0,False
Fighting,337320,Paint the Town Red,"Action, Adventure, Fighting, Indie",,,,South East Games,South East Games,160.0,steamspy,1365.0,False
Fighting,3920,Sid Meier's Pirates!,"Action, Adventure, Fighting, RPG, Strategy",,,,Firaxis Games,2K,142.0,steamspy,1333.0,False
Fighting,424280,Iron Snout,"Action, Casual, Fighting, Indie, Survival",,,,SnoutUp,SnoutUp,7.0,steamspy,1332.0,False
Fighting,209120,Street Fighter X Tekken,"Action, Fighting",,,,"Capcom U.S.A., Inc.","Capcom U.S.A., Inc.",2.0,steamspy,1287.0,False
Fighting,758330,Shenmue I & II,"Action, Adventure, Fighting, JRPG, RPG, Simulation",,,,D3T,SEGA,17.0,steamspy,1280.0,False
Fighting,748360,MY HERO ONE'S JUSTICE,"Action, Fighting",,,,Byking Inc.,BANDAI NAMCO Entertainment,3.0,steamspy,1243.0,False
Fighting,314030,Guilty Gear X2 #Reload,"Action, Fighting",,,,Arc System Works,Arc System Works,3.0,steamspy,1230.0,False
Fighting,755500,ONE PIECE World Seeker,"Action, Adventure, Fighting, JRPG, RPG",,,,"GANBARION Co., Ltd.",BANDAI NAMCO Entertainment,17.0,steamspy,1213.0,False
Fighting,571260,THE KING OF FIGHTERS XIV STEAM EDITION,"Action, Fighting",,,,"SNK CORPORATION, Abstraction Games",SNK CORPORATION,9.0,steamspy,1173.0,False
Fighting,1215390,Animal Revolt Battle Simulator,"Action, Casual, Fighting, Indie, Simulation, Strategy",,,,VDimension,VDimension,97.0,steamspy,1034.0,False
Fighting,667530,Drunken Wrestlers 2,"Action, Fighting, Simulation, Sports",,,,Oleg Skutte,,30.0,steamspy,1018.0,False
Fighting,411830,SENRAN KAGURA SHINOVI VERSUS,"Action, Fighting, JRPG, RPG",,,,Tamsoft,"XSEED Games, Marvelous USA, Inc., Marvelous",7.0,steamspy,1017.0,False
Fighting,801630,UNDER NIGHT IN-BIRTH Exe:Late[cl-r],"Action, Fighting, Sports, Visual Novel",,,,FRENCH-BREAD,Arc System Works,4.0,steamspy,959.0,False
Fighting,425220,One Piece Burning Blood,"Action, Fighting, RPG",,,,"Spike Chunsoft Co., Ltd.",BANDAI NAMCO Entertainment,11.0,steamspy,850.0,False
Fighting,577940,Killer Instinct,"Action, Adventure, Fighting, Horror",,,,Iron Galaxy Studios,Xbox Game Studios,25.0,steamspy,823.0,False
Fighting,347630,16 Bit Arena,"Action, Card & Board, Casual, Fighting, Indie, Massively Multiplayer, RPG, Strategy",,,,islesofciphar.com,16bitarena.com,0.0,steamspy,799.0,False
Fighting,1390410,Midnight Fight Express,"Action, Fighting, Indie",,,,Jacob Dzwinel,Humble Games,10.0,steamspy,765.0,False
Fighting,601220,Zup! F,"Card & Board, Casual, Fighting, Indie, Platformer, Puzzle",,,,Quiet River,Quiet River,2.0,steamspy,751.0,False
Fighting,1835240,Spiritfall,"Action, Fighting, Platformer, RPG, Roguelike, Survival",,,,Gentle Giant,Gentle Giant,5.0,steamspy,738.0,False
Fighting,804490,Creed: Rise to Glory,"Action, Fighting, Indie, Simulation, Sports",,,,Survios,Survios,3.0,steamspy,719.0,False
Fighting,1116960,UNDEFEATED,"Action, Fighting, Indie",,,,"UNDEFEATED Games, Indie-us Games",Vantan Game Academy,7.0,steamspy,687.0,False
Fighting,205350,Mortal Kombat Kollection,"Action, Fighting",,,,"NetherRealm Studios, High Voltage",Warner Bros. Interactive Entertainment,0.0,steamspy,678.0,False
Fighting,1021770, Wanba Warriors,"Action, Fighting, Sports",,,,Wanba Studio,"Wanba Studio, Wave Games",2.0,steamspy,665.0,False
Fighting,25000,Overgrowth,"Action, Adventure, Fighting, Indie",,,,Wolfire Games,Wolfire Games,40.0,steamspy,601.0,False
Fighting,222440,THE KING OF FIGHTERS 2002 UNLIMITED MATCH,"Action, Fighting",,,,"SNK CORPORATION, Code Mystics",SNK CORPORATION,92.0,steamspy,589.0,False
Fighting,1420350,Fraymakers,"Action, Fighting, Indie",,,,"Team Fray, McLeodGaming","Team Fray, McLeodGaming",8.0,steamspy,561.0,False
Fighting,495140,NARUTO: Ultimate Ninja STORM,"Action, Adventure, Fighting",,,,CyberConnect2 Co. Ltd.,BANDAI NAMCO Entertainment,25.0,steamspy,550.0,False
Fighting,1669170,Northend Tower Defense,"Action, Fighting, Indie, Simulation, Strategy, Tower Defense",,,,Northend Games,"Northend Games, Gamersky Games",9.0,steamspy,545.0,False
Fighting,1685750,Capcom Fighting Collection,"Action, Fighting, Puzzle",,,,"CAPCOM Co., Ltd.","CAPCOM Co., Ltd.",21.0,steamspy,537.0,False
Fighting,2536260,Mayhemers,"Action, Casual, Fighting, Indie",,,,Anigtas,Anigtas,2.0,steamspy,489.0,False
Fighting,1000360,Hellish Quart,"Action, Fighting",,,,Kubold,Kubold,38.0,steamspy,484.0,False
Fighting,1664200,Duelists of Eden,"Action, Card & Board, Fighting, Indie",,,,Thomas Moon Kang,Thomas Moon Kang,1.0,steamspy,478.0,False
Fighting,691260,POPULATION: ONE,"Action, Fighting, Shooter",,,,"BigBox VR, Inc.","BigBox VR, Inc.",24.0,steamspy,442.0,False
Fighting,727850,ELDERBORN,"Action, Fighting, RPG",,,,Hyperstrange,Hyperstrange,1.0,steamspy,381.0,False
Fighting,390560,Fantasy Strike,"Action, Casual, Fighting, Indie",,,,Sirlin Games,Sirlin Games,3.0,steamspy,377.0,False
Fighting,255370,KickBeat Steam Edition,"Action, Fighting, Indie",,,,Zen Studios,Zen Studios,0.0,steamspy,376.0,False
Fighting,1110100,Power Rangers: Battle for the Grid,"Action, Fighting",,,,"nWay, INC","nWay, INC",4.0,steamspy,363.0,False
Fighting,390710,Acceleration of SUGURI 2,"Action, Fighting, Shooter",,,,Orange_Juice,Fruitbat Factory,0.0,steamspy,357.0,False
Fighting,971620,Puyo Puyo Champions,"Casual, Fighting, Horror, Puzzle, Sports",,,,Sonic Team,SEGA,52.0,steamspy,355.0,False
Fighting,251470,TowerFall Ascension,"Action, Adventure, Fighting, Indie, Platformer",,,,"Maddy Makes Games Inc., Extremely OK Games, Ltd.",Maddy Makes Games Inc.,10.0,steamspy,348.0,False
Fighting,878670,Shenmue III,"Action, Adventure, Fighting, JRPG, RPG, Simulation",,,,YS Net,ININ,3.0,steamspy,327.0,False
Fighting,22200,Zeno Clash,"Action, Adventure, Fighting, Indie",,,,ACE Team,ACE Team,12.0,steamspy,316.0,False
Fighting,294810,BlazBlue: Continuum Shift Extend,"Action, Fighting, Visual Novel",,,,Arc System Works,"H2 Interactive Co., Ltd.",8.0,steamspy,315.0,False
Fighting,535520,Nidhogg 2,"Action, Casual, Fighting, Horror, Indie, Platformer, Sports",,,,Messhof,Messhof,4.0,steamspy,296.0,False
Fighting,1546400,GigaBash,"Action, Casual, Fighting",,,,Passion Republic Games,Passion Republic Games,15.0,steamspy,291.0,False
Fighting,995050,Havocado: Ragdoll Fighter,"Action, Fighting, Indie, Shooter",,,,Webble Games,Webble Games,0.0,steamspy,289.0,False
Fighting,2463800,Iron Saga VS,"Action, Fighting",,,,Gameduchy,Gameduchy,5.0,steamspy,278.0,False
Fighting,1527910,Gladio and Glory,"Action, Fighting, Simulation, Strategy",,,,Adi Zhavo,Adi Zhavo,8.0,steamspy,271.0,False
Fighting,3391450,GORN 2,"Action, Fighting",,,,"Cortopia, Free Lives",Devolver Digital,7.0,steamspy,260.0,False
Fighting,2689120,Gladio Mori,Fighting,,,,Plebeian Studio,"Bonus Stage Publishing, Korgi Digital (China)",54.0,steamspy,240.0,False
Fighting,482450,Nitroplus Blasterz: Heroines Infinite Duel,"Action, Casual, Fighting, Visual Novel",,,,EXAMU,"XSEED Games, Marvelous USA, Inc., Marvelous",1.0,steamspy,228.0,False
Fighting,674520,Fight'N Rage,"Action, Fighting, Indie",,,,sebagamesdev,sebagamesdev,15.0,steamspy,206.0,False
Fighting,871200,FIGHTING EX LAYER,"Action, Fighting",,,,ARIKA,ARIKA,38.0,steamspy,204.0,False
Fighting,889510,SENRAN KAGURA Burst Re:Newal,"Action, Fighting, Visual Novel",,,,Tamsoft,"XSEED Games, Marvelous USA, Inc., Marvelous",10.0,steamspy,198.0,False
Fighting,2441700,UNDERDOGS,"Action, Adventure, Fighting, Roguelike, Simulation",,,,One Hamsa,One Hamsa,5.0,steamspy,193.0,False
Fighting,550340,Umineko: Golden Fantasia,"Action, Fighting, Horror, Indie, JRPG, RPG, Sports, Visual Novel",,,,07th Expansion,MangaGamer,3.0,steamspy,189.0,False
Fighting,965680,Boomerang Fu,"Action, Casual, Fighting",,,,Cranky Watermelon,Cranky Watermelon,35.0,steamspy,183.0,False
Fighting,543870,NARUTO SHIPPUDEN: Ultimate Ninja STORM 2,"Action, Adventure, Fighting, Strategy",,,,CyberConnect2 Co. Ltd.,BANDAI NAMCO Entertainment,19.0,steamspy,181.0,False
Fighting,780350,Unruly Heroes,"Action, Adventure, Fighting, Indie, Platformer, Puzzle",,,,Magic Design Studios,Magic Design Studios,3.0,steamspy,173.0,False
Fighting,715310,Urban Rivals,"Action, Card & Board, Fighting, Massively Multiplayer, RPG",,,,Acute Games,Acute Games,9.0,steamspy,170.0,False
Fighting,2193490,First Cut: Samurai Duel,"Action, Fighting",,,,Night Eyes Interactive,Night Eyes Interactive,6.0,steamspy,169.0,False
Fighting,1116540,DAVIGO: VR vs. PC,"Action, Fighting, Indie, Shooter",,,,Davigo Studio,Davigo Studio,14.0,steamspy,160.0,False
Fighting,728240,Adventure Time: Pirates of the Enchiridion,"Action, Adventure, Fighting, RPG",,,,Climax Studios,Outright Games Ltd.,9.0,steamspy,152.0,False
Fighting,314150,Double Dragon Trilogy,"Action, Fighting",,,,Dotemu,Dotemu,0.0,steamspy,152.0,False
Fighting,792570,BattleCON: Online,"Card & Board, Fighting, Indie, Strategy",,,,Level 99 Games,Level 99 Games,0.0,steamspy,147.0,False
Fighting,971690,Cake Bash,"Action, Casual, Fighting",,,,High Tea Frog,Coatsink,1.0,steamspy,144.0,False
Fighting,858260,Until You Fall,"Action, Adventure, Fighting, Indie, Roguelike",,,,Schell Games,Schell Games,1.0,steamspy,136.0,False
Fighting,437000,GUILTY GEAR 2 -OVERTURE-,"Action, Fighting, Strategy",,,,Arc System Works,Arc System Works,1.0,steamspy,132.0,False
Fighting,556050,Hyper Jam,"Action, Fighting, Indie, Shooter",,,,Bit Dragon,Bit Dragon,1.0,steamspy,129.0,False
Fighting,21010,Watchmen: The End is Nigh,"Action, Adventure, Fighting",,,,Deadline Games,Warner Bros. Games,8.0,steamspy,123.0,False
Fighting,1428470,Stowaway,"Casual, Fighting, Indie, Survival",,,,Sandstorm Studios Inc.,Sandstorm Studios Inc.,0.0,steamspy,114.0,False
Fighting,795510,Koihime Enbu RyoRaiRai,"Action, Fighting",,,,"UNKNOWN GAMES, M2 Co., LTD",KOMODO,1.0,steamspy,112.0,False
Fighting,1004770,Maiden and Spell,"Action, Fighting, Indie",,,,mino_dev,"mino_dev, Maple Whispering Limited",4.0,steamspy,107.0,False
Fighting,326340,River City Super Sports Challenge ~All Stars Special~,"Action, Adventure, Fighting, Sports",,,,Arc System Works,"H2 Interactive Co., Ltd.",2.0,steamspy,103.0,False
Fighting,614090,Deadbeat Heroes,"Action, Fighting, Indie",,,,Upstream Arcade,Square Enix,0.0,steamspy,101.0,False
Fighting,536560,CHAOS CODE -NEW SIGN OF CATASTROPHE-,"Action, Fighting, Sports",,,,"FK Digital, Arc System Works",Arc System Works,2.0,steamspy,101.0,False
Horror,232770,POSTAL,"Action, Horror, Shooter",,,,Running With Scissors,Running With Scissors,25.0,steamspy,408008.0,False
Horror,1966720,Lethal Company,"Action, Adventure, Horror, Survival",,,,Zeekerss,Zeekerss,4850.0,steamspy,239369.0,False
Horror,395170,DISTRAINT: Deluxe Edition,"Adventure, Horror, Indie, Puzzle",,,,Jesse Makkonen,Jesse Makkonen,2.0,steamspy,162795.0,False
Horror,391720,Layers of Fear (2016),"Adventure, Horror, Indie, Puzzle, Survival",,,,Bloober Team SA,Bloober Team SA,12.0,steamspy,143872.0,False
Horror,782330,DOOM Eternal,"Action, Adventure, Horror, Shooter",,,,id Software,Bethesda Softworks,713.0,steamspy,84865.0,False
Horror,976310,Mortal Kombat 11,"Action, Fighting, Horror",,,,"NetherRealm Studios, QLOC, Shiver","Warner Bros. Games, Warner Bros. Interactive Entertainment",997.0,steamspy,27301.0,False
Horror,418460,Rising Storm 2: Vietnam,"Action, Horror, Massively Multiplayer, Simulation",,,,"Antimatter Games, Tripwire Interactive",Tripwire Interactive,334.0,steamspy,24518.0,False
Horror,2531310,The Last of Us Part II Remastered,"Action, Adventure, Horror, Shooter, Survival",,,,"Naughty Dog LLC, Nixxes Software, Iron Galaxy Studios",PlayStation Publishing LLC,1248.0,steamspy,18345.0,False
Horror,418370,Resident Evil 7 Biohazard,"Action, Adventure, Horror, Puzzle, Shooter, Survival",,,,"CAPCOM Co., Ltd.","CAPCOM Co., Ltd.",1058.0,steamspy,18211.0,False
Horror,1987080,Inside the Backrooms,"Adventure, Horror, Puzzle, Survival",,,,MrFatcat,"MrFatcat, Dropsiick",91.0,steamspy,14807.0,False
Horror,2625420,Drive Beyond Horizons,"Action, Adventure, Casual, Horror, Racing, Shooter, Simulation, Survival",,,,Drive Beyond Horizons,"Tacty Studio, Santor Games",525.0,steamspy,14797.0,False
Horror,307780,Mortal Kombat X,"Action, Fighting, Horror",,,,"NetherRealm Studios, QLOC","Warner Bros. Games, Warner Bros. Interactive Entertainment",368.0,steamspy,13649.0,False
Horror,1562430,DREDGE,"Adventure, Horror, Indie, RPG, Simulation, Survival",,,,Black Salt Games,Team17,618.0,steamspy,12686.0,False
Horror,934700,Dead Island 2,"Action, Adventure, Horror, RPG, Survival",,,,Dambuster Studios,Deep Silver,455.0,steamspy,12054.0,False
Horror,2095300,Breakout 13,"Adventure, Casual, Horror, Puzzle, RPG, Strategy",,,,ALT Lab,ALT Lab,13.0,steamspy,11925.0,False
Horror,221040,Resident Evil 6,"Action, Adventure, Horror, Shooter, Survival",,,,Capcom,Capcom,913.0,steamspy,11836.0,False
Horror,3014080,The Hundred Line -Last Defense Academy-,"Adventure, Horror, Simulation, Strategy, Survival, Visual Novel",,,,"Too Kyo Games, Media.Vision Inc.",Aniplex Inc.,311.0,steamspy,9977.0,False
Horror,2644470,PICO PARK 2,"Action, Casual, Horror, Platformer, Puzzle",,,,"TECOPARK, Gemdrops, Inc.",TECOPARK,102.0,steamspy,9579.0,False
Horror,963330,Nya Nya Nya Girls (ʻʻʻ)_(=^･ω･^=)_(ʻʻʻ),"Casual, Horror, Indie, Puzzle",,,,Zloy Krot Studio,Zloy Krot Studio,12.0,steamspy,8543.0,False
Horror,282350,NBA 2K15,"Action, Adventure, Horror, RPG, Simulation, Sports, Strategy",,,,Visual Concepts,2K,26.0,steamspy,8197.0,False
Horror,813230,ANIMAL WELL,"Action, Adventure, Horror, Indie, Metroidvania, Platformer, Puzzle",,,,Billy Basso,Bigmode,71.0,steamspy,8107.0,False
Horror,568220,Lobotomy Corporation | Monster Management Simulation,"Horror, Indie, Simulation, Strategy, Visual Novel",,,,ProjectMoon,ProjectMoon,1198.0,steamspy,7920.0,False
Horror,393530,Insanity Clicker,"Action, Adventure, Casual, Horror, Indie, RPG, Simulation, Strategy",,,,PlayFlock,PlayFlock,26.0,steamspy,6795.0,False
Horror,1063660,Bendy and the Dark Revival,"Action, Adventure, Casual, Horror, Indie, Puzzle, Strategy, Survival",,,,Joey Drew Studios,Joey Drew Studios,74.0,steamspy,5686.0,False
Horror,282800,100% Orange Juice,"Card & Board, Casual, Horror, Indie, Strategy, Survival",,,,Orange_Juice,Fruitbat Factory,244.0,steamspy,5432.0,False
Horror,1552350,The Jackbox Party Pack 8,"Card & Board, Casual, Horror, Indie, Strategy",,,,"Jackbox Games, Inc.","Jackbox Games, Inc.",71.0,steamspy,4635.0,False
Horror,1963370,No One Survived,"Adventure, Horror, RPG, Survival",,,,Cat Play Studio,Cat Play Studio,96.0,steamspy,4599.0,False
Horror,404590,Vikings - Wolves of Midgard,"Action, Adventure, Horror, RPG",,,,Games Farm,Kalypso Media Digital,1.0,steamspy,4043.0,False
Horror,1766740,Choo-Choo Charles,"Action, Adventure, Horror, Indie, Shooter, Survival",,,,Two Star Games,Two Star Games,48.0,steamspy,4033.0,False
Horror,752590,A Plague Tale: Innocence,"Action, Adventure, Horror, Puzzle, Survival",,,,Asobo Studio,Focus Entertainment,123.0,steamspy,4030.0,False
Horror,282140,SOMA,"Action, Adventure, Horror, Indie, Puzzle, Survival",,,,Frictional Games,Frictional Games,114.0,steamspy,4015.0,False
Horror,1419170,My Singing Monsters,"Casual, Horror, Simulation",,,,Big Blue Bubble,Big Blue Bubble,597.0,steamspy,3909.0,False
Horror,1608450,Hellslave,"Action, Adventure, Horror, Indie, RPG, Strategy",,,,Ars Goetia,"Dear Villagers, Gamersky Games",57.0,steamspy,3763.0,False
Horror,320240,We Happy Few,"Action, Adventure, Horror, Indie, Survival",,,,Compulsion Games,Gearbox Publishing,44.0,steamspy,3498.0,False
Horror,227100,Sniper Elite: Nazi Zombie Army,"Action, Adventure, Horror, Shooter, Survival",,,,Rebellion,Rebellion,3.0,steamspy,3168.0,False
Horror,2021910,FPS Chess,"Action, Card & Board, Casual, Horror, Shooter, Sports, Strategy",,,,Meta Fork,DigiPen Institute of Technology,189.0,steamspy,2997.0,False
Horror,21690,Resident Evil 5,"Action, Adventure, Horror, Shooter, Survival",,,,Capcom,Capcom,1069.0,steamspy,2568.0,False
Horror,1839950,Terminator: Dark Fate - Defiance,"Horror, Strategy",,,,Slitherine Ltd.,Slitherine Ltd.,149.0,steamspy,2382.0,False
Horror,321270,UNLOVED,"Action, Horror, Indie, Shooter, Survival",,,,BlueEagle Productions,Paul Schneider,23.0,steamspy,2323.0,False
Horror,429570,The Walking Dead: Michonne - A Telltale Miniseries,"Action, Adventure, Horror, Survival",,,,Telltale Games,Skybound Games,12.0,steamspy,2203.0,False
Horror,543460,Dead Rising 4,"Action, Casual, Horror, Survival",,,,"Capcom Game Studio Vancouver, Inc.",Capcom,60.0,steamspy,2178.0,False
Horror,338170,Ratz Instagib,"Action, Horror, Indie, Shooter",,,,Lino Slahuschek,Rarebyte,11.0,steamspy,2037.0,False
Horror,1049800,BLOCKADE,"Action, Casual, Horror, Indie, Massively Multiplayer, Shooter, Survival",,,,Novalink,Novalink,26.0,steamspy,2026.0,False
Horror,637100,Sonic Forces,"Action, Adventure, Horror, Platformer",,,,"Sonic Team, Hardlight",SEGA,16.0,steamspy,2020.0,False
Horror,520720,Dear Esther: Landmark Edition,"Adventure, Casual, Horror, Indie, Puzzle",,,,"The Chinese Room, Robert Briscoe",Secret Mode,3.0,steamspy,2004.0,False
Horror,604010,Chimpology,"Casual, Horror, Puzzle, Simulation",,,,"themorfeus, Junkhive",Junkhive,0.0,steamspy,1971.0,False
Horror,2322440,METAL SLUG ATTACK RELOADED,"Horror, Platformer, RPG, Simulation, Strategy, Survival, Tower Defense",,,,SNK CORPORATION,SNK CORPORATION,30.0,steamspy,1894.0,False
Horror,628670,Hellpoint,"Action, Adventure, Horror, Indie, RPG",,,,Cradle Games,tinyBuild,21.0,steamspy,1862.0,False
Horror,1840,Source Filmmaker,"Horror, Survival",,,,Valve,Valve,886.0,steamspy,1837.0,False
Horror,332800,Five Nights at Freddy's 2,"Horror, Indie, Strategy, Survival",,,,Scott Cawthon,Scott Cawthon,86.0,steamspy,1686.0,False
Horror,588160,Pizza Connection 3,"Action, Casual, City Builder, Horror, Indie, Simulation, Strategy",,,,Gentlymad Studios,Assemble Entertainment,1.0,steamspy,1652.0,False
Horror,388090,Five Nights at Freddy's 4,"Action, Horror, Indie, Simulation, Strategy, Survival",,,,Scott Cawthon,Scott Cawthon,38.0,steamspy,1637.0,False
Horror,2497920,A Difficult Game About Climbing,"Action, Adventure, Casual, Horror, Platformer, Survival",,,,Pontypants,Pontypants,27.0,steamspy,1578.0,False
Horror,612470,Bio Inc. Redemption,"Horror, Indie, Simulation, Strategy",,,,DryGin Studios,DryGin Studios,10.0,steamspy,1469.0,False
Horror,521890,Hello Neighbor,"Action, Adventure, Horror, Platformer, Strategy, Survival",,,,Dynamic Pixels,tinyBuild,339.0,steamspy,1399.0,False
Horror,2475490,Mouthwashing,"Adventure, Horror, Indie",,,,Wrong Organ,CRITICAL REFLEX,142.0,steamspy,1241.0,False
Horror,998740,Ring of Pain,"Card & Board, Horror, Indie, RPG, Roguelike, Strategy",,,,"Simon Boxer, Twice Different",Humble Games,36.0,steamspy,1233.0,False
Horror,291210,UberStrike,"Action, Adventure, Horror, Indie, Massively Multiplayer, Shooter",,,,Cmune Ltd,Cmune Ltd,1.0,steamspy,1233.0,False
Horror,779290,Stygian: Reign of the Old Ones,"Adventure, Horror, Indie, RPG, Strategy",,,,Cultic Games,Fulqrum Publishing,2.0,steamspy,1207.0,False
Horror,492630,Bear With Me - Episode One,"Adventure, Horror, Indie, Puzzle",,,,Exordium Games,Miyagi Games,3.0,steamspy,1201.0,False
Horror,504210,SHENZHEN I/O,"Horror, Indie, Puzzle, Simulation",,,,Zachtronics,Zachtronics,29.0,steamspy,1160.0,False
Horror,726360,BOOBS SAGA: Prepare To Hentai Edition,"Action, Adventure, Horror, Indie",,,,Boobs Dev,Boobs Dev,34.0,steamspy,1153.0,False
Horror,1426490,LOST EPIC,"Action, Horror, Indie, Metroidvania, RPG",,,,"One or Eight, Team EARTHWARS",One or Eight,5.0,steamspy,1149.0,False
Horror,1059990,Trombone Champ,"Casual, Horror, Indie",,,,Holy Wow Studios LLC,Holy Wow Studios LLC,53.0,steamspy,1086.0,False
Horror,1067850,Kindergarten 2,"Action, Adventure, Horror, Indie, Puzzle, RPG",,,,"Con Man Games, Sean Young",SmashGames,18.0,steamspy,1051.0,False
Horror,1245430,Golden Light,"Action, Adventure, Horror, Indie, Shooter",,,,Mr. Pink,Mr. Pink,7.0,steamspy,984.0,False
Horror,220820,Zombie Driver HD,"Adventure, Horror, Racing, Shooter, Survival",,,,Exor Studios,Exor Studios,2.0,steamspy,925.0,False
Horror,751630,After the Fall,"Action, Adventure, Horror, Shooter, Survival",,,,Vertigo Games,Vertigo Games,9.0,steamspy,872.0,False
Horror,343780,Cat Goes Fishing,"Action, Adventure, Casual, Horror, Indie, Puzzle, Simulation",,,,Cat5Games,,41.0,steamspy,860.0,False
Horror,980610,Quaver,"Casual, Horror, Indie",,,,Swan,Swan,184.0,steamspy,833.0,False
Horror,420530,OneShot,"Adventure, Casual, Horror, Indie, Puzzle, RPG",,,,Future Cat LLC,KOMODO,58.0,steamspy,815.0,False
Horror,365300,Transmissions: Element 120,"Action, Adventure, Horror, Indie, Puzzle, Shooter, Survival",,,,"Shokunin, Thomas M. Visser, Vincent Thiele",Self Published,1.0,steamspy,779.0,False
Horror,2232840,Garten of Banban,"Action, Adventure, Casual, Horror, Puzzle, Survival",,,,Euphoric Brothers,Euphoric Brothers,5.0,steamspy,757.0,False
Horror,1359980,POSTAL: Brain Damaged,"Action, Horror, Shooter, Survival",,,,"Hyperstrange, CreativeForge Games","Running With Scissors, Hyperstrange",19.0,steamspy,735.0,False
Horror,515040,Make America Great Again: The Trump Presidency,"Action, Casual, Horror, Indie, Simulation, Strategy, Survival",,,,Maverick Game Studio,Three Guys Game Studio,4.0,steamspy,712.0,False
Horror,390290,Bulb Boy,"Adventure, Horror, Indie, Puzzle",,,,Bulbware,Bulbware,234.0,steamspy,697.0,False
Horror,594160,The Last Patient,"Action, Adventure, Casual, Horror, Indie, Shooter, Survival",,,,NGV Studio,NGV Studio,0.0,steamspy,693.0,False
Horror,1398210,Selene ~Apoptosis~,"Adventure, Horror, Visual Novel",,,,"Viscum key, Nupu Neko Dev",Nupu Neko Dev,7.0,steamspy,662.0,False
Horror,331480,Pinstripe,"Action, Adventure, Casual, Horror, Indie, Platformer, Puzzle",,,,"Atmos Games, LLC",Armor Games Studios,1.0,steamspy,661.0,False
Horror,94300,The Dream Machine: Chapter 1 & 2,"Adventure, Horror, Puzzle",,,,Cockroach Inc.,The Sleeping Machine,1.0,steamspy,652.0,False
Horror,1515900,Heaven Dust 2,"Action, Adventure, Horror, Puzzle, RPG, Shooter, Survival",,,,One Gruel Studio,indienova,1.0,steamspy,644.0,False
Horror,1879380,Paper Bride 2 Zangling Village,"Adventure, Casual, Horror, Puzzle, RPG, Visual Novel",,,,HeartBeat Plus,HeartBeat Plus,7.0,steamspy,636.0,False
Horror,323720,Decay: The Mare,"Adventure, Horror, Indie, Puzzle",,,,Shining Gate Software,Daedalic Entertainment,0.0,steamspy,585.0,False
Horror,1010750,Blood Fresh Supply,"Action, Horror, Shooter",,,,"Nightdive Studios, Monolith Productions",Atari,26.0,steamspy,558.0,False
Horror,9010,Return to Castle Wolfenstein,"Action, Adventure, Horror, Shooter",,,,Gray Matter Studios,Bethesda Softworks,26.0,steamspy,549.0,False
Horror,478980,Mansions of Madness,"Adventure, Card & Board, Horror, Strategy",,,,Fantasy Flight Games,Fantasy Flight Games,14.0,steamspy,539.0,False
Horror,42670,Singularity,"Action, Adventure, Horror, Shooter, Survival",,,,Raven Software,Activision,2.0,steamspy,526.0,False
Horror,986040,The Unliving,"Action, Adventure, Horror, RPG, Roguelike",,,,RocketBrush Games,Team17 Digital,1.0,steamspy,525.0,False
Horror,720250,Welcome to the Game II,"Horror, Indie, Puzzle, Simulation, Strategy, Survival",,,,Reflect Studios,Reflect Studios,13.0,steamspy,500.0,False
Horror,1012560,Snakeybus,"Action, Casual, Horror, Indie",,,,"Stovetop, LLC","Stovetop, LLC",1.0,steamspy,499.0,False
Horror,2989950,The Bathhouse | 地獄銭湯 Restored Edition,"Adventure, Casual, Horror, Puzzle, Simulation",,,,Chilla's Art,Chilla's Art,3.0,steamspy,492.0,False
Horror,619540,Darkwater,"Action, Adventure, Horror, Strategy, Survival",,,,Targon Studios,Playstack,90.0,steamspy,442.0,False
Horror,2167960,买个可乐饼吧！ - Buy a Croquette!,"Adventure, Casual, Horror, JRPG, Puzzle, RPG, Strategy, Visual Novel",,,,越青,Eternal Dream,66.0,steamspy,437.0,False
Horror,248470,Doorways: Prelude,"Action, Adventure, Horror, Indie, Platformer, Puzzle, Survival",,,,Saibot Studios,Saibot Studios,0.0,steamspy,419.0,False
Horror,407300,The Last NightMary - A Lenda do Cabeça de Cuia,"Horror, Indie, Puzzle, Survival",,,,Submersivo Game Studio,Submersivo Game Studio,0.0,steamspy,407.0,False
Horror,1119980,In Sound Mind,"Action, Adventure, Horror, Indie, Platformer, Puzzle, Shooter",,,,We Create Stuff,Maximum Entertainment,58.0,steamspy,399.0,False
Horror,1373510,BloodRayne: Terminal Cut,"Action, Adventure, Horror, Shooter",,,,Terminal Reality,Ziggurat,6.0,steamspy,385.0,False
Horror,844930,Fox Hime Zero,"Adventure, Casual, Horror, Indie, Visual Novel",,,,AsicxArt,SakuraGame,9.0,steamspy,383.0,False
Horror,530890,Haydee,"Action, Adventure, Horror, Indie, Metroidvania, Platformer, Puzzle, Shooter, Survival",,,,Haydee Interactive,Haydee Interactive,15.0,steamspy,381.0,False
Horror,562220,Zup! 2,"Action, Adventure, Card & Board, Casual, Horror, Indie, Platformer, Puzzle",,,,Quiet River,Quiet River,3.0,steamspy,374.0,False
Horror,508900,Zup! X,"Casual, Horror, Indie, Platformer, Puzzle",,,,Quiet River,Quiet River,2.0,steamspy,373.0,False
Horror,1315980,Tin Can,"Horror, Indie, Puzzle, Simulation, Strategy, Survival",,,,Tin Can Studio,Tin Can Studio,3.0,steamspy,349.0,False
Horror,1394270,SCP: Escape Together,"Action, Adventure, Horror, Indie, Strategy",,,,SCP: Escape Together development team,SCP: Escape Together development team,2.0,steamspy,348.0,False
Horror,1478160,Nyaruru Fishy Fight,"Action, Adventure, Horror, Indie, Metroidvania, Platformer, RPG",,,,"赤瞳大白猫, 猫尾巴制作组",赤瞳大白猫,5.0,steamspy,346.0,False
Horror,842100,Daymare: 1998,"Action, Adventure, Horror, Indie, Shooter, Survival",,,,Invader Studios,"Destructive Creations, All in! Games",8.0,steamspy,335.0,False
Horror,1925090,SubwaySim Hamburg,"Casual, Horror, Indie, Simulation",,,,Simuverse Interactive,Aerosoft GmbH,0.0,steamspy,319.0,False
Horror,217690,Anna - Extended Edition,"Adventure, Horror, Indie, Puzzle",,,,Dreampainters,Kalypso Media Digital,1.0,steamspy,319.0,False
Horror,1011190,SIMULACRA 2,"Horror, Puzzle, Simulation, Visual Novel",,,,Kaigan Games,Neon Doctrine,6.0,steamspy,317.0,False
Horror,1164850,Sinking Simulator,"Casual, Horror, Indie, Simulation",,,,Wicpar,Pac0master,12.0,steamspy,311.0,False
Horror,384110,Pathologic Classic HD,"Action, Adventure, Horror, Indie, RPG, Survival",,,,"Ice-Pick Lodge, General Arcade",Good Shepherd Entertainment,19.0,steamspy,306.0,False
Horror,458000,March of the Living,"Horror, RPG, Strategy, Survival",,,,Machine 22,Creaky Corpse Ltd,1.0,steamspy,298.0,False
Horror,2006140,Withering Rooms,"Action, Adventure, Horror, Metroidvania, RPG, Roguelike, Survival",,,,Moonless Formless,Perp Games,13.0,steamspy,296.0,False
Horror,2272250,Forgive Me Father 2,"Action, Adventure, Horror, Shooter",,,,Byte Barrel,Fulqrum Publishing,15.0,steamspy,292.0,False
Horror,3388870,Aooni The Horror of Blueberry Onsen,"Action, Adventure, Horror, Indie, Platformer, RPG",,,,Game Studio Inc.,Game Studio Inc.,2.0,steamspy,284.0,False
Horror,529630,The Rabbit Hole Remastered,"Adventure, Horror, Indie, Strategy",,,,VRMonkey,VRMonkey,0.0,steamspy,279.0,False
Horror,1477940,Unknown 9: Awakening,"Action, Adventure, Horror",,,,Reflector Entertainment Ltd.,BANDAI NAMCO Entertainment Inc.,4.0,steamspy,276.0,False
Horror,2928650,Only Up: SKIBIDI TOGETHER,"Adventure, Casual, Horror, Platformer, Simulation",,,,Rosa Special Studio,Rosa Special Studio,3.0,steamspy,275.0,False
Horror,380150,STASIS,"Adventure, Horror, Indie, Puzzle",,,,THE BROTHERHOOD,THE BROTHERHOOD,3.0,steamspy,274.0,False
Horror,2357910,Home Safety Hotline,"Horror, Simulation",,,,Night Signal Entertainment,Night Signal Entertainment,16.0,steamspy,257.0,False
Horror,2210,Quake 4,"Action, Adventure, Horror, Shooter",,,,"RavenSoft, id Software",Bethesda Softworks,14.0,steamspy,255.0,False
Horror,1899060,Pocket Mirror ~ GoldenerTraum,"Adventure, Casual, Horror, Puzzle, RPG",,,,"AstralShift, VisuStella",KOMODO,5.0,steamspy,251.0,False
Horror,1299690,Gori: Cuddly Carnage,"Action, Adventure, Horror, Metroidvania, Platformer",,,,Angry Demon Studio,"Wired Productions, CouchPlay Interactive (Greater China)",6.0,steamspy,249.0,False
Horror,2291340,The Baby In Yellow,"Adventure, Horror, Puzzle",,,,Team Terrible,Team Terrible,15.0,steamspy,243.0,False
Horror,1254370,No one lives under the lighthouse Director's cut,"Adventure, Horror, Indie, Puzzle",,,,Marevo Collective,Marevo Collective,3.0,steamspy,234.0,False
Horror,284390,The Last Door - Collector's Edition,"Adventure, Horror, Indie, Puzzle",,,,The Game Kitchen,Phoenix Online Publishing,6.0,steamspy,232.0,False
Horror,31270,Puzzle Agent,"Action, Adventure, Casual, Horror, Puzzle",,,,Telltale,Telltale,7.0,steamspy,228.0,False
Horror,1182310,The Excavation of Hob's Barrow,"Adventure, Horror, Indie, Puzzle",,,,Cloak and Dagger Games,Wadjet Eye Games,13.0,steamspy,227.0,False
Horror,3292260,Amenti,"Adventure, Horror",,,,Darkphobia Games,Darkphobia Games,5.0,steamspy,226.0,False
Horror,1158890,White Shadows,"Action, Adventure, Horror, Indie, Platformer, Puzzle",,,,Monokel,"Thunderful Publishing, Mixtvision",3.0,steamspy,225.0,False
Horror,1850550,I'm on Observation Duty 5,"Casual, Horror, Indie, Puzzle",,,,Notovia,Notovia,6.0,steamspy,217.0,False
Horror,645090,Zup! 5,"Action, Card & Board, Casual, Horror, Indie, Platformer, Puzzle, Survival",,,,Quiet River,Quiet River,2.0,steamspy,213.0,False
Horror,303310,The House in Fata Morgana,"Adventure, Horror, Indie, Visual Novel",,,,NOVECT,MangaGamer,34.0,steamspy,194.0,False
Horror,2492120,SAEKO: Giantess Dating Sim,"Adventure, Horror, Indie, Survival, Visual Novel",,,,SAFE HAVN STUDIO,HYPER REAL,3.0,steamspy,184.0,False
Horror,1889040,Birth,"Adventure, Casual, Horror, Indie, Puzzle",,,,Madison Karrh,Madison Karrh,2.0,steamspy,184.0,False
Horror,2331130,Just Another Night Shift,"Action, Casual, Horror, Indie, Strategy",,,,JANS Dev Team,JANS Dev Team,3.0,steamspy,180.0,False
Horror,1729140,Hired 2 Die,"Action, Horror, Simulation, Survival",,,,Electric Monkeys,Electric Monkeys,0.0,steamspy,174.0,False
Horror,1007400,Alien Shooter 2 - The Legend,"Action, Adventure, Horror, Indie, RPG, Shooter, Survival",,,,Sigma Team Inc.,Sigma Team Inc.,7.0,steamspy,149.0,False
Horror,938860,"Get In The Car, Loser!","Horror, Indie, JRPG, RPG, Visual Novel",,,,Love Conquers All Games,Love Conquers All Games,1.0,steamspy,144.0,False
Horror,2793710,Dollmare,"Adventure, Horror, Indie, Simulation",,,,"Alex Grade, gonzeek, Oxeren",Almost Done Games,15.0,steamspy,139.0,False
Horror,2119940,Her World,"Adventure, Casual, Horror, Indie, Simulation, Visual Novel",,,,"TALESSHOP Co., Ltd.","TALESSHOP Co., Ltd., Smilegate",0.0,steamspy,135.0,False
Horror,970560,STEINS;GATE: My Darling's Embrace,"Adventure, Horror, Visual Novel",,,,MAGES. Inc.,"Spike Chunsoft Co., Ltd.",15.0,steamspy,131.0,False
Horror,1228520,[Chilla's Art] The Convenience Store | 夜勤事件,"Action, Adventure, Casual, Horror, Indie, Simulation",,,,Chilla's Art,Chilla's Art,6.0,steamspy,129.0,False
Horror,6200,Ghost Master,"Horror, Puzzle, Simulation, Strategy",,,,Sick Puppies,Strategy First,2.0,steamspy,125.0,False
Horror,1730360,I'm on Observation Duty 4,"Casual, Horror, Puzzle, Strategy, Survival",,,,Notovia,Notovia,9.0,steamspy,122.0,False
Horror,502570,Houdini Indie,"Horror, Indie",,,,SideFX,SideFX,51.0,steamspy,121.0,False
Horror,1444920,Doctor Who: The Edge of Reality,"Action, Adventure, Horror, Indie, Puzzle",,,,"Maze Theory Ltd, Just Add Water (Developments), Ltd.",Maze Theory Ltd,0.0,steamspy,117.0,False
Horror,1814170,Lingo,"Adventure, Horror, Indie, Puzzle",,,,Brenton Wildes,Brenton Wildes,28.0,steamspy,116.0,False
Horror,943980,The logic of the miniature garden,"Adventure, Horror, Indie, RPG, Visual Novel",,,,Cabbit,SakuraGame,1.0,steamspy,112.0,False
Horror,691450,Misao - 2024 HD Remaster,"Adventure, Casual, Horror, Puzzle, RPG, Survival",,,,sen,PLAYISM,2.0,steamspy,109.0,False
Horror,345200,Tasty Blue,"Action, Adventure, Casual, Horror, Indie, Survival",,,,Dingo Games,Dingo Games,1.0,steamspy,106.0,False
Indie,899770,Last Epoch,"Action, Adventure, Indie, Massively Multiplayer, RPG",,,,Eleventh Hour Games,Eleventh Hour Games,1361.0,steamspy,258503.0,False
Indie,526870,Satisfactory,"Adventure, Indie, Simulation, Strategy, Survival",,,,Coffee Stain Studios,Coffee Stain Publishing,13410.0,steamspy,185957.0,False
Indie,510840,Evolvation,"Action, Casual, Indie, Massively Multiplayer, Simulation",,,,"Eric Ruts, Jacob Kooiman",HyperReuts,0.0,steamspy,100638.0,False
Indie,227300,Euro Truck Simulator 2,"Adventure, Casual, Indie, Simulation",,,,SCS Software,SCS Software,9228.0,steamspy,69695.0,False
Indie,1296830,暖雪 Warm Snow,"Action, Adventure, Indie, RPG, Roguelike",,,,BadMudStudio,bilibili,352.0,steamspy,44545.0,False
Indie,569610,Distant Space,"Action, Adventure, Casual, Indie, Shooter",,,,PixelMouse,PixelMouse,20.0,steamspy,26541.0,False
Indie,1190970,House Flipper 2,"Casual, Indie, Simulation",,,,Frozen District,Frozen District,2784.0,steamspy,21829.0,False
Indie,244210,Assetto Corsa,"Action, Indie, Racing, Simulation, Sports",,,,Kunos Simulazioni,Kunos Simulazioni,5724.0,steamspy,19780.0,False
Indie,274170,Hotline Miami 2: Wrong Number,"Action, Indie, Shooter",,,,Dennaton Games,Devolver Digital,376.0,steamspy,18882.0,False
Indie,690830,Foundation,"City Builder, Indie, Simulation, Strategy, Survival",,,,Polymorph Games,Polymorph Games,539.0,steamspy,18422.0,False
Indie,714010,Aim Lab,"Action, Adventure, Casual, Indie, Shooter, Simulation, Sports",,,,Statespace,Statespace,2872.0,steamspy,15141.0,False
Indie,1029780,Going Medieval,"City Builder, Indie, RPG, Simulation, Strategy, Survival",,,,Foxy Voxel,Mythwright,596.0,steamspy,14600.0,False
Indie,590380,Into the Breach,"Indie, Puzzle, RPG, Simulation, Strategy",,,,Subset Games,Subset Games,258.0,steamspy,14573.0,False
Indie,2407270,AI LIMIT,"Action, Adventure, Indie, RPG",,,,Sense Games,CE-Asia,381.0,steamspy,14433.0,False
Indie,204300,Awesomenauts,"Action, Indie, Platformer, Strategy",,,,Ronimo Games,Atari,141.0,steamspy,12050.0,False
Indie,972660,Spiritfarer: Farewell Edition,"Adventure, Indie, Platformer, Simulation",,,,Thunder Lotus,Thunder Lotus,417.0,steamspy,11726.0,False
Indie,385080,Guardians of Victoria,"Adventure, Casual, Indie, Platformer",,,,Tall Story Studios,New Reality Games,0.0,steamspy,10158.0,False
Indie,1222700,A Way Out,"Action, Adventure, Indie",,,,Hazelight Studios,Electronic Arts,167.0,steamspy,8548.0,False
Indie,326460,ShellShock Live,"Action, Casual, Indie, Massively Multiplayer, Shooter, Strategy",,,,kChamp Games,kChamp Games,164.0,steamspy,7346.0,False
Indie,704850,Thief Simulator,"Action, Adventure, Indie, RPG, Simulation",,,,Noble Muffins,PlayWay S.A.,163.0,steamspy,7186.0,False
Indie,738060,Freddy Fazbear's Pizzeria Simulator,"Adventure, Horror, Indie, Simulation, Strategy, Survival",,,,Scott Cawthon,Scott Cawthon,69.0,steamspy,6427.0,False
Indie,1492070,Sker Ritual,"Action, Horror, Indie, Roguelike, Shooter, Survival",,,,Wales Interactive,Wales Interactive,47.0,steamspy,5992.0,False
Indie,2638370,Five Nights at Freddy's: Into the Pit,"Action, Adventure, Horror, Indie, Survival",,,,Mega Cat Studios,Mega Cat Studios,11.0,steamspy,5690.0,False
Indie,240720,Getting Over It with Bennett Foddy,"Action, Adventure, Casual, Horror, Indie, Platformer, Strategy, Survival",,,,Bennett Foddy,Bennett Foddy,171.0,steamspy,4959.0,False
Indie,297130,Titan Souls,"Action, Adventure, Indie, Puzzle, Strategy",,,,Acid Nerve,Devolver Digital,15.0,steamspy,4309.0,False
Indie,274190,Broforce,"Action, Adventure, Casual, Indie, Platformer, Shooter",,,,Free Lives,Devolver Digital,118.0,steamspy,4285.0,False
Indie,1097430,Book of Yog Idle RPG,"Action, Adventure, Casual, Indie, Massively Multiplayer, RPG, Strategy",,,,元气工作室,元气工作室,508.0,steamspy,4163.0,False
Indie,1332720,Thief Simulator 2,"Action, Adventure, Casual, Indie, Simulation",,,,"CookieDev, Ultimate Games S.A.",PlayWay S.A.,60.0,steamspy,4144.0,False
Indie,2068280,Nordic Ashes: Survivors of Ragnarok,"Action, Casual, Indie, RPG, Roguelike, Shooter, Strategy",,,,Noxfall Studios,Noxfall Studios,60.0,steamspy,3900.0,False
Indie,351030,Pixel Puzzles Ultimate Jigsaw Puzzles,"Card & Board, Casual, Indie, Puzzle, Simulation, Strategy",,,,Pixel Puzzles,Pixel Puzzles,65.0,steamspy,3856.0,False
Indie,506610,Five Nights at Freddy's: Sister Location,"Adventure, Horror, Indie, Simulation, Strategy, Survival",,,,Scott Cawthon,Scott Cawthon,31.0,steamspy,3489.0,False
Indie,466910,Worm.is: The Game,"Action, Casual, Indie, Simulation, Strategy",,,,Freakinware Studios,Freakinware Studios,6.0,steamspy,3413.0,False
Indie,1127400,Mindustry,"Action, Indie, Strategy, Survival, Tower Defense",,,,AnukenDev,AnukenDev,331.0,steamspy,3348.0,False
Indie,466860,上帝之城 I：监狱帝国 [City of God I - Prison Empire],"Indie, RPG, Simulation, Strategy",,,,Pixel Gangsta Studio,"Pixel Gangsta Studio, Flying Interactive",1.0,steamspy,3262.0,False
Indie,1123830,Farm Manager 2021,"Casual, City Builder, Indie, Simulation, Strategy",,,,Cleversan Games,"PlayWay S.A., Sim Farm S.A.",33.0,steamspy,3173.0,False
Indie,824270,KovaaK's,"Action, Horror, Indie, Shooter, Simulation",,,,KovaaK Games,KovaaK Games,1731.0,steamspy,3114.0,False
Indie,223710,Cry of Fear,"Action, Adventure, Horror, Indie, Massively Multiplayer, Shooter, Survival",,,,Team Psykskallar,Team Psykskallar,309.0,steamspy,3052.0,False
Indie,581970,Zombie Ballz,"Action, Casual, Horror, Indie, Puzzle, Strategy",,,,Almighty Games,My Way Games,1.0,steamspy,3029.0,False
Indie,2758000,Vanity Fair: The Pursuit,"Indie, Platformer, Puzzle, RPG, Simulation, Visual Novel",,,,木焱工作室,"Wave Games, 木焱工作室, CC_Games",4.0,steamspy,2847.0,False
Indie,283000,Strategic War in Europe,"Indie, Strategy",,,,Wastelands Interactive,Conglomerate 5,105.0,steamspy,2616.0,False
Indie,683830,Weable,"Action, Casual, Indie",,,,SPECTRUM GAMES,Valkyrie Initiative,17.0,steamspy,2411.0,False
Indie,1347970,Patch Quest,"Action, Adventure, Indie, Metroidvania, Puzzle, Roguelike, Shooter",,,,Lychee Game Labs,Curve Games,6.0,steamspy,2333.0,False
Indie,618140,Barro,"Adventure, Card & Board, Casual, Indie, Racing, Simulation, Sports",,,,SC Jogos,SC Jogos,11.0,steamspy,2284.0,False
Indie,94400,Nidhogg,"Action, Fighting, Indie, Platformer, Sports",,,,Messhof,Messhof,10.0,steamspy,2136.0,False
Indie,1291010,Warpips,"Action, Indie, Strategy, Tower Defense",,,,Skirmish Mode Games,Daedalic Entertainment,38.0,steamspy,2095.0,False
Indie,1022450,War Selection,"Indie, Massively Multiplayer, Strategy, Survival",,,,Glyph Worlds,Glyph Worlds,188.0,steamspy,1984.0,False
Indie,1111460,小白兔电商~Bunny e-Shop,"Adventure, Casual, Indie, RPG, Simulation, Visual Novel",,,,"落叶岛项目组, 橘子班",NVLMaker,7.0,steamspy,1912.0,False
Indie,914010,Train Station Renovation,"Action, Adventure, Casual, Indie, Simulation",,,,Live Motion Games,"Live Motion Games, Frozen Way, PlayWay S.A., Frozen District",7.0,steamspy,1907.0,False
Indie,70110,Hacker Evolution: Untold,"Indie, Simulation",,,,exosyphen studios,exosyphen studios,0.0,steamspy,1826.0,False
Indie,3107330,Nodebuster,"Casual, Indie, Simulation, Strategy",,,,Goblobin,Goblobin,29.0,steamspy,1808.0,False
Indie,651670,Star Renegades,"Indie, JRPG, RPG, Strategy",,,,"Massive Damage, Inc.",Raw Fury,20.0,steamspy,1772.0,False
Indie,1394800,Rebirth:Mr Wang,"Casual, Indie, Puzzle, RPG, Visual Novel",,,,DSGame,DSGame,2.0,steamspy,1722.0,False
Indie,690640,Trine 4: The Nightmare Prince,"Action, Adventure, Indie, Platformer, Puzzle, RPG",,,,Frozenbyte,Frozenbyte,47.0,steamspy,1713.0,False
Indie,594720,Star Merchant,"Casual, Indie, Simulation, Strategy",,,,SimProse Studios,Conglomerate 5,0.0,steamspy,1694.0,False
Indie,1634680,Ficket: 追剧引擎,Indie,,,,一个小目标工作室,一个小目标工作室,205.0,steamspy,1678.0,False
Indie,313340,Mountain,"Casual, Indie, RPG, Simulation",,,,David OReilly,David OReilly,42.0,steamspy,1648.0,False
Indie,487720,Agony,"Action, Adventure, Horror, Indie, Survival",,,,Madmind Studio,Playway S.A.,1.0,steamspy,1552.0,False
Indie,218640,Lucius,"Action, Adventure, Horror, Indie, Puzzle",,,,Shiver Games,Shiver Games,15.0,steamspy,1477.0,False
Indie,1625080,Have a Nice Dream,"Adventure, Horror, Indie, Platformer, Puzzle, RPG",,,,榭季生,榭季生,1.0,steamspy,1406.0,False
Indie,1069740,Seen,"Action, Adventure, Horror, Indie, Platformer, Puzzle",,,,Seen Games,Seen Games,3.0,steamspy,1392.0,False
Indie,1083600,Grow Defense,"Casual, Indie, Simulation, Strategy, Tower Defense",,,,SoftCowGames,SoftCowGames,33.0,steamspy,1264.0,False
Indie,2442460,Citizen Sleeper 2: Starward Vector,"Adventure, Indie, RPG",,,,Jump Over The Age,Fellow Traveller,61.0,steamspy,1226.0,False
Indie,427730,Who's Your Daddy?!,"Action, Adventure, Casual, Indie, Simulation, Strategy, Survival",,,,Evil Tortilla Games,Evil Tortilla Games,70.0,steamspy,1209.0,False
Indie,334120,Armikrog,"Adventure, Indie, Puzzle",,,,Pencil Test Studios,Versus Evil,1.0,steamspy,1195.0,False
Indie,1178490,港詭實錄ParanormalHK,"Action, Adventure, Horror, Indie, Puzzle",,,,Ghostpie Studio,"Ghostpie Studio, Gamera Games",38.0,steamspy,1186.0,False
Indie,1390350,Webbed,"Action, Indie, Platformer, Puzzle",,,,Sbug Games,Sbug Games,42.0,steamspy,1118.0,False
Indie,1040420,Dreamscaper,"Action, Adventure, Indie, RPG, Roguelike",,,,Afterburner Studios,"indie.io, Maple Whispering Limited",5.0,steamspy,1111.0,False
Indie,322190,SteamWorld Heist,"Action, Adventure, Indie, RPG, Strategy",,,,Image & Form Games,Image & Form Games,17.0,steamspy,1083.0,False
Indie,569970,Chosen 2,"Adventure, Indie, JRPG, RPG",,,,Little Big Lee,Senpai Industrial Studios,0.0,steamspy,1067.0,False
Indie,1517960,Rebirth:Beware of Mr.Wang,"Action, Adventure, Indie, Simulation, Visual Novel",,,,DSGame,DSGame,2.0,steamspy,1058.0,False
Indie,1371630,Incremental Adventures,"Adventure, Casual, Indie, JRPG, RPG, Strategy",,,,Gniller,Gniller,71.0,steamspy,1034.0,False
Indie,625860,God Awe-full Clicker,"Adventure, Indie, Puzzle, RPG, Strategy",,,,Mad Labyrinth Studios LLC,Mad Labyrinth Studios LLC,2.0,steamspy,996.0,False
Indie,533300,Zup!,"Action, Casual, Horror, Indie, Platformer, Puzzle, Strategy",,,,Quiet River,Quiet River,1.0,steamspy,995.0,False
Indie,1191330,Inferna,"Action, Adventure, Indie, Massively Multiplayer, RPG",,,,INFERNA UG (haftungsbeschränkt),INFERNA UG (haftungsbeschränkt),60.0,steamspy,847.0,False
Indie,324070,iO,"Action, Indie, Platformer, Puzzle, Racing",,,,Gamious,Gamious,1.0,steamspy,830.0,False
Indie,1069640,This Land Is My Land,"Action, Indie, RPG, Simulation, Survival",,,,Game-Labs,Game-Labs,30.0,steamspy,829.0,False
Indie,2226700,挂姬恶魔 IDLE DEVILS,"Adventure, Casual, Indie, RPG, Simulation, Strategy",,,,GOCORE,"GOCORE, NPC Entertainment",49.0,steamspy,829.0,False
Indie,557600,Gorogoa,"Adventure, Casual, Indie, Puzzle",,,,Buried Signal,Annapurna Interactive,8.0,steamspy,809.0,False
Indie,2555430,TRADESMAN: Deal to Dealer,"Adventure, Indie, Simulation",,,,AZAMATIKA,AZAMATIKA,11.0,steamspy,793.0,False
Indie,2803280,Dragon Is Dead,"Action, Casual, Indie, Metroidvania, Platformer, RPG, Roguelike",,,,TeamSuneat,"PM Studios, inc.",5.0,steamspy,789.0,False
Indie,265210,Viscera Cleanup Detail: Santa's Rampage,"Action, Casual, Horror, Indie, Simulation",,,,RuneStorm,RuneStorm,9.0,steamspy,686.0,False
Indie,1874170,Shredders,"Action, Indie, Simulation, Sports",,,,FoamPunch,FoamPunch,59.0,steamspy,677.0,False
Indie,698540,Dungeon Warfare 2,"Indie, Strategy, Tower Defense",,,,Valsar,Valsar,14.0,steamspy,670.0,False
Indie,649950,Ashen,"Action, Adventure, Indie, RPG, Survival",,,,A44,Annapurna Interactive,0.0,steamspy,657.0,False
Indie,1239690,Retrowave,"Action, Casual, Indie, Racing, Simulation",,,,RewindApp,RewindApp,5.0,steamspy,638.0,False
Indie,2665460,Windward Horizon,"Action, Adventure, Indie, RPG",,,,Tasharen Entertainment Inc.,Tasharen Entertainment Inc.,11.0,steamspy,625.0,False
Indie,1031480,TouHou Makuka Sai ~ Fantastic Danmaku Festival Part II,"Action, Indie",,,,东方幕华祭制作组,东方幕华祭制作组,3.0,steamspy,619.0,False
Indie,1026820,Coloring Game,"Casual, Indie, Puzzle",,,,L. Stotch,L. Stotch,8.0,steamspy,586.0,False
Indie,647960,Rusted Warfare - RTS,"Action, Indie, Strategy, Tower Defense",,,,Corroding Games,Corroding Games,149.0,steamspy,581.0,False
Indie,1202900,Assemble with Care,"Casual, Indie, Puzzle, Simulation, Visual Novel",,,,ustwo games,ustwo games,7.0,steamspy,533.0,False
Indie,968440,Artist Idle,Indie,,,,YDKR,YDKR,18.0,steamspy,516.0,False
Indie,2971610,HOLE,"Action, Horror, Indie, Shooter",,,,NEGAFISH,NEGAFISH,25.0,steamspy,490.0,False
Indie,899970,NEKOPARA Extra,"Action, Adventure, Casual, Indie, Visual Novel",,,,NEKO WORKs,Sekai Project,9.0,steamspy,473.0,False
Indie,714120,Little Misfortune,"Adventure, Casual, Horror, Indie, Puzzle",,,,Killmonday Games AB,Killmonday Games AB,27.0,steamspy,447.0,False
Indie,1479140,AK-xolotl: Together,"Action, Indie, RPG, Roguelike, Shooter",,,,2Awesome Studio,Playstack,79.0,steamspy,445.0,False
Indie,3391260,WHO'S WHO 2.0,"Action, Casual, Indie, Massively Multiplayer, RPG, Strategy",,,,Nightvendors Studio,Nightvendors Studio,8.0,steamspy,441.0,False
Indie,1946140,Jigsaw Puzzles Infinite,"Card & Board, Casual, Indie, Puzzle, Simulation, Strategy",,,,Bartek Karczmarczyk,Bartek Karczmarczyk,21.0,steamspy,435.0,False
Indie,18040,DeathSpank,"Action, Adventure, Indie, RPG",,,,Hothead Games,Electronic Arts,1.0,steamspy,434.0,False
Indie,1057750,The Suicide of Rachel Foster,"Adventure, Casual, Indie",,,,ONE-O-ONE GAMES,Daedalic Entertainment,1.0,steamspy,408.0,False
Indie,1198850,How to Build a Magnificent Kingdom,"Indie, RPG, Strategy","26 Aug, 2022",False,"₩ 26,000",Irisfield,Kagura Games,1.0,appdetails,395.0,False
Indie,1038740,Fluffy Store,"Adventure, Casual, Indie, Visual Novel",,,,AsicxArt,SakuraGame,2.0,steamspy,393.0,False
Indie,1497440,COCOON,"Action, Adventure, Indie, Platformer, Puzzle",,,,Geometric Interactive,Annapurna Interactive,5.0,steamspy,392.0,False
Indie,521200,Epic Battle Fantasy 3,"Action, Adventure, Casual, Indie, JRPG, RPG, Strategy",,,,Matt Roszak,Matt Roszak,10.0,steamspy,390.0,False
Indie,1603640,The House of Da Vinci 3,"Adventure, Casual, Indie, Puzzle, Strategy",,,,Blue Brain Games,Blue Brain Games,10.0,steamspy,335.0,False
Indie,715670,DashPanel,"Indie, Racing, Simulation",,,,PyrofrogStudos,PyrofrogStudos,48.0,steamspy,328.0,False
Indie,1011590,Night is Coming,"City Builder, Indie, RPG, Simulation, Strategy, Survival, Tower Defense",,,,Wild Forest Studio,101XP,4.0,steamspy,321.0,False
Indie,704920,Magic Rampage,"Action, Adventure, Indie, Platformer, RPG",,,,Asantee Games,DK Game Dev LTDA,15.0,steamspy,301.0,False
Indie,3098070,Cinema Simulator 2025,"Casual, Indie, Simulation",,,,HOGO Games,HOGO Games,114.0,steamspy,289.0,False
Indie,360870,Ultimate Tic-Tac-Toe,"Casual, Indie, Massively Multiplayer, Sports, Strategy",,,,Tigerish Games,Tigerish Games,1.0,steamspy,288.0,False
Indie,765410,Bean Battles,"Action, Horror, Indie, Shooter",,,,Gupa Games,Gupa Games,20.0,steamspy,286.0,False
Indie,496620,Monster Slayers,"Action, Card & Board, Indie, RPG, Roguelike, Strategy",,,,Nerdook Productions,Digerati,3.0,steamspy,285.0,False
Indie,209190,Stealth Bastard Deluxe,"Action, Indie, Platformer, Puzzle",,,,Curve Studios,Curve Games,1.0,steamspy,270.0,False
Indie,1372320,Cloud Gardens,"Casual, City Builder, Indie, Puzzle, Simulation",,,,Noio,Noio,4.0,steamspy,270.0,False
Indie,346850,Chip's Challenge 1,"Indie, Puzzle, Strategy",,,,Niffler Ltd.,Niffler Ltd.,13.0,steamspy,246.0,False
Indie,3000030,Gaiadon: Eternal Quest,"Adventure, Casual, Indie, RPG, Simulation",,,,nadukkon,nadukkon,111.0,steamspy,244.0,False
Indie,898890,Endling - Extinction is Forever,"Adventure, Indie, Simulation, Survival",,,,Herobeat Studios,HandyGames,8.0,steamspy,241.0,False
Indie,1177400,江湖余生：缘起,"Adventure, Card & Board, Indie, RPG, Simulation, Survival",,,,柚子丁工作室,INDIECN,0.0,steamspy,234.0,False
Indie,1198320,DOTOKOI / 像素男友,"Casual, Indie, RPG, Visual Novel",,,,HIROKO IMAKI,Pujia8 Studio,4.0,steamspy,234.0,False
Indie,976700,Size Matters,"Action, Casual, Indie, Puzzle, Simulation",,,,Mazen Games,GrabTheGames,8.0,steamspy,229.0,False
Indie,361630,404Sight,"Action, Indie, Sports",,,,Retro Yeti Games,Retro Yeti Games,1.0,steamspy,221.0,False
Indie,554310,Rage Wars,"Adventure, Casual, Horror, Indie",,,,Lemondo Games,Lemondo Games,2.0,steamspy,212.0,False
Indie,201420,Toki Tori 2+,"Adventure, Casual, Indie, Metroidvania, Platformer, Puzzle",,,,Two Tribes,Two Tribes,3.0,steamspy,209.0,False
Indie,1295900,Draconia,"Action, Adventure, Casual, Indie, Massively Multiplayer, RPG, Simulation, Survival",,,,Draconia Dev Team,Draconia Dev Team,2.0,steamspy,206.0,False
Indie,3324320,MYRIAD DEATH,"Action, Indie, Roguelike, Shooter",,,,"IGNITION M, Clover Lab., inc.",holo Indie,2.0,steamspy,203.0,False
Indie,809280,Grimmwood - They Come at Night,"Indie, RPG, Simulation, Strategy, Survival",,,,Big Moustache Games,Headup Publishing,0.0,steamspy,203.0,False
Indie,3546440,Rentlord,"Casual, Indie, Simulation, Strategy","23 Jun, 2025",False,"₩ 5,600",verty,Rogue Duck Interactive,2.0,appdetails,197.0,False
Indie,820020,Alder's Blood: Definitive Edition,"Horror, Indie, RPG, Strategy",,,,Shockwork Games,No Gravity Games,0.0,steamspy,185.0,False
Indie,2220480,Burst Hero,"Action, Card & Board, Indie, Shooter",,,,YaYa Game,YaYa Game,0.0,steamspy,185.0,False
Indie,830820,Jets'n'Guns 2,"Action, Indie",,,,Rake in Grass,Rake in Grass,1.0,steamspy,179.0,False
Indie,269310,Infectonator: Survivors,"Action, Adventure, Indie, RPG, Simulation, Strategy, Survival, Tower Defense",,,,Toge Productions,Toge Productions,2.0,steamspy,178.0,False
Indie,1693260,Yugo Puzzle,"Casual, Indie, Platformer, Puzzle",,,,Qrostar,Qrostar,2.0,steamspy,177.0,False
Indie,455200,The Battle for Sector 219,"Card & Board, Indie, Strategy",,,,Large Visible Machine,"Large Visible Machine, Your Move Games",0.0,steamspy,176.0,False
Indie,2147950,4D Golf,"Casual, Horror, Indie, Puzzle, Racing",,,,CodeParade,CodeParade,3.0,steamspy,174.0,False
Indie,247370,Mutant Mudds Deluxe,"Action, Indie, Platformer",,,,Atooi,Atooi,1.0,steamspy,159.0,False
Indie,41050,Serious Sam Classic: The First Encounter,"Action, Adventure, Indie, Shooter",,,,Croteam,Devolver Digital,9.0,steamspy,158.0,False
Indie,1589570,Dunjungle,"Action, Adventure, Indie, Platformer, Roguelike",,,,Bruno Bombardi,Astrolabe Games,1.0,steamspy,155.0,False
Indie,3384190,TrickShot Simulator,"Casual, Horror, Indie, Simulation",,,,BeaTeb,BeaTeb,5.0,steamspy,152.0,False
Indie,2882870,Doll Impostor,"Action, Adventure, Casual, Horror, Indie, Puzzle, Strategy",,,,David Gallardo,HeadArrow,4.0,steamspy,150.0,False
Indie,380690,Don'Yoku,"Action, Indie",,,,Dark-Spot Studio,Dark-Spot Studio,0.0,steamspy,146.0,False
Indie,206370,Tales From Space: Mutant Blobs Attack,"Action, Adventure, Indie, Platformer, Puzzle",,,,Drinkbox Studios,Drinkbox Studios,3.0,steamspy,141.0,False
Indie,1647310,Trench Lord: Eastern Front,"Action, Adventure, Indie, RPG, Shooter, Strategy",,,,"Tracer Studio, LING YUN CO., LTD.","LING YUN CO., LTD.",8.0,steamspy,141.0,False
Indie,3234700,Break Siege,"Adventure, Card & Board, Indie, Shooter, Strategy",,,,FojoGames,Edigger,0.0,steamspy,127.0,False
Indie,2138100,Cabin of Shadows - Dueling Impostors-,"Card & Board, Casual, Horror, Indie, Strategy, Survival",,,,Nestopi Inc.,Nestopi Inc.,0.0,steamspy,124.0,False
Indie,1154790,XIII,"Action, Adventure, Indie, Shooter",,,,PlayMagic,Microids,0.0,steamspy,120.0,False
Indie,1078330,Liz ~The Tower and the Grimoire~,"Indie, JRPG, RPG",,,,Clymenia,Kagura Games,1.0,steamspy,120.0,False
Indie,2450480,Idle Magic Legend,"Casual, Indie, RPG, Strategy",,,,StarMatrix Labs,Yamate,3.0,steamspy,118.0,False
Indie,1507720,Märchen Forest,"Action, Adventure, Indie, JRPG, Platformer, RPG",,,,PrimaryOrbit,Clouded Leopard Entertainment,2.0,steamspy,113.0,False
Indie,1424980,The Solitaire Conspiracy,"Card & Board, Casual, Indie, Puzzle",,,,Bithell Games,Bithell Games,2.0,steamspy,112.0,False
Indie,270790,Etherlords II,"Adventure, Card & Board, Indie, RPG, Strategy",,,,Nival,Nival,6.0,steamspy,105.0,False
Indie,1106340,Legend Bowl,"Indie, Simulation, Sports, Strategy",,,,Super Pixel Games,Super Pixel Games,28.0,steamspy,105.0,False
JRPG,582010,Monster Hunter: World,"Action, Adventure, JRPG, Massively Multiplayer, RPG",,,,"CAPCOM Co., Ltd.","CAPCOM Co., Ltd.",9698.0,steamspy,329333.0,False
JRPG,2679460,Metaphor: ReFantazio,"Action, Adventure, JRPG, RPG, Strategy",,,,ATLUS,SEGA,1280.0,steamspy,85194.0,False
JRPG,1056640,Phantasy Star Online 2,"Action, JRPG, Massively Multiplayer, RPG",,,,SEGA,SEGA,899.0,steamspy,59197.0,False
JRPG,2701660,DRAGON QUEST III HD-2D Remake,"JRPG, RPG",,,,"Square Enix, ARTDINK",Square Enix,420.0,steamspy,45357.0,False
JRPG,1325200,Nioh 2 – The Complete Edition,"Action, JRPG, RPG",,,,"KOEI TECMO GAMES CO., LTD.","KOEI TECMO GAMES CO., LTD.",1005.0,steamspy,41273.0,False
JRPG,2909400,FINAL FANTASY VII REBIRTH,"Action, Adventure, JRPG, RPG",,,,Square Enix,Square Enix,1443.0,steamspy,36077.0,False
JRPG,1687950,Persona 5 Royal,"Adventure, JRPG, RPG, Strategy, Visual Novel",,,,ATLUS,SEGA,3825.0,steamspy,35298.0,False
JRPG,1113000,Persona 4 Golden,"Adventure, JRPG, RPG, Strategy, Visual Novel",,,,ATLUS,SEGA,698.0,steamspy,29984.0,False
JRPG,637650,FINAL FANTASY XV WINDOWS EDITION,"Action, Adventure, JRPG, RPG",,,,Square Enix,Square Enix,349.0,steamspy,29279.0,False
JRPG,453480,Shadowverse CCG,"Adventure, Card & Board, Casual, JRPG, RPG, Strategy",,,,"Cygames, Inc.","Cygames, Inc., Cygames Korea Inc.",127.0,steamspy,23929.0,False
JRPG,524220,NieR:Automata,"Action, Adventure, JRPG, RPG",,,,"Square Enix, PlatinumGames Inc.",Square Enix,468.0,steamspy,23813.0,False
JRPG,1971650,OCTOPATH TRAVELER II,"Adventure, Casual, JRPG, RPG, Strategy",,,,"Square Enix, ACQUIRE Corp.",Square Enix,415.0,steamspy,16994.0,False
JRPG,898750,Super Robot Wars 30,"JRPG, RPG, Simulation, Strategy, Visual Novel",,,,Bandai Namco Forge Digitals Inc.,Bandai Namco Entertainment,89.0,steamspy,16817.0,False
JRPG,3123410,Atelier Yumia: The Alchemist of Memories & the Envisioned Land,"Action, Adventure, JRPG, RPG",,,,"KOEI TECMO GAMES CO., LTD.","KOEI TECMO GAMES CO., LTD.",42.0,steamspy,14020.0,False
JRPG,2495450,Winter Memories,"Adventure, Casual, JRPG, RPG, Shooter, Simulation, Visual Novel",,,,Dojin Otome,Kagura Games,120.0,steamspy,12400.0,False
JRPG,977880,Eastward,"Action, Adventure, Casual, Indie, JRPG, RPG",,,,Pixpil,"Chucklefish, XD",45.0,steamspy,12296.0,False
JRPG,1451090,Tactics Ogre: Reborn,"JRPG, RPG, Simulation, Strategy",,,,Square Enix,Square Enix,231.0,steamspy,10671.0,False
JRPG,485510,Nioh: Complete Edition,"Action, Adventure, JRPG, RPG",,,,"KOEI TECMO GAMES CO., LTD.","KOEI TECMO GAMES CO., LTD.",265.0,steamspy,10588.0,False
JRPG,1235140,Yakuza: Like a Dragon,"Action, Adventure, JRPG, RPG",,,,Ryu Ga Gotoku Studio,SEGA,679.0,steamspy,9508.0,False
JRPG,899440,GOD EATER 3,"Action, Adventure, JRPG, RPG",,,,BANDAI NAMCO Studios Inc.,BANDAI NAMCO Entertainment,53.0,steamspy,9455.0,False
JRPG,638970,Yakuza 0,"Action, Adventure, JRPG, RPG",,,,Ryu Ga Gotoku Studio,SEGA,691.0,steamspy,8907.0,False
JRPG,2238900,STAR OCEAN THE SECOND STORY R,"Action, JRPG, Platformer, RPG",,,,"Square Enix, Gemdrops, Inc.",Square Enix,59.0,steamspy,8019.0,False
JRPG,429660,Tales of Berseria,"Action, Adventure, JRPG, RPG",,,,BANDAI NAMCO Studios Inc.,BANDAI NAMCO Entertainment,83.0,steamspy,8018.0,False
JRPG,1718570,ASTLIBRA Revision,"Action, Adventure, JRPG, Metroidvania, RPG",,,,KEIZO,WhisperGames,595.0,steamspy,7787.0,False
JRPG,1999770,Atelier Ryza 3: Alchemist of the End & the Secret Key,"Action, Adventure, Casual, JRPG, Puzzle, RPG, Simulation",,,,"KOEI TECMO GAMES CO., LTD.","KOEI TECMO GAMES CO., LTD.",22.0,steamspy,7118.0,False
JRPG,2490990,Visions of Mana,"Action, Adventure, JRPG, RPG",,,,Square Enix,Square Enix,22.0,steamspy,6947.0,False
JRPG,924980,Trials of Mana,"Action, Adventure, JRPG, RPG",,,,Square Enix,Square Enix,19.0,steamspy,6794.0,False
JRPG,39140,FINAL FANTASY VII,"Adventure, JRPG, RPG, Strategy",,,,Square Enix,Square Enix,378.0,steamspy,6424.0,False
JRPG,2429860,Living With Sister: Monochrome Fantasy,"Horror, Indie, JRPG, RPG, Simulation, Visual Novel",,,,Inusuku,Kagura Games,94.0,steamspy,6246.0,False
JRPG,871980,Digimon Survive,"JRPG, RPG, Simulation, Strategy, Survival, Visual Novel",,,,"HYDE, Inc.",Bandai Namco Entertainment Inc.,26.0,steamspy,6179.0,False
JRPG,307070,Memories of a Vagabond,"Adventure, Indie, JRPG, RPG",,,,Darkelite Studio Inc,SA Industry,0.0,steamspy,4990.0,False
JRPG,1295510,DRAGON QUEST XI S: Echoes of an Elusive Age - Definitive Edition,"Action, Adventure, JRPG, RPG",,,,Square Enix,Square Enix,438.0,steamspy,4752.0,False
JRPG,1776380,STAR OCEAN THE DIVINE FORCE,"Action, Adventure, JRPG, RPG",,,,"Square Enix, tri-Ace",Square Enix,11.0,steamspy,4420.0,False
JRPG,237890,Agarest: Generations of War,"Adventure, JRPG, RPG, Strategy, Visual Novel",,,,Idea Factory,Ghostlight LTD,7.0,steamspy,3791.0,False
JRPG,2530980,Tales of Graces f Remastered,"Action, Adventure, JRPG, RPG",,,,"TOSE CO., LTD.",Bandai Namco Entertainment,94.0,steamspy,3496.0,False
JRPG,738540,Tales of Vesperia: Definitive Edition,"Action, Adventure, JRPG, RPG",,,,"QLOC, BANDAI NAMCO Studios Inc.",BANDAI NAMCO Entertainment,102.0,steamspy,3424.0,False
JRPG,1042550,Digimon Story Cyber Sleuth: Complete Edition,"Action, Adventure, JRPG, RPG, Strategy, Visual Novel",,,,"h.a.n.d., Inc.",BANDAI NAMCO Entertainment Inc.,679.0,steamspy,3408.0,False
JRPG,834530,Yakuza Kiwami,"Action, Adventure, JRPG, RPG",,,,Ryu Ga Gotoku Studio,SEGA,198.0,steamspy,3406.0,False
JRPG,368340,CrossCode,"Action, Adventure, Indie, JRPG, Puzzle, RPG",,,,Radical Fish Games,"Deck13, WhisperGames, DANGEN Entertainment, Mayflower Entertainment",131.0,steamspy,3368.0,False
JRPG,1150690,OMORI,"Horror, Indie, JRPG, RPG",,,,"OMOCAT, LLC","OMOCAT, LLC",378.0,steamspy,3107.0,False
JRPG,622220,Fate/EXTELLA LINK,"Action, Adventure, JRPG, RPG, Visual Novel",,,,Marvelous Inc.,"XSEED Games, Marvelous USA, Inc., Marvelous Europe",4.0,steamspy,3078.0,False
JRPG,511680,Fate/EXTELLA,"Action, Fighting, JRPG, RPG, Visual Novel",,,,Marvelous Inc.,"XSEED Games, Marvelous USA, Inc., Marvelous Europe",6.0,steamspy,2938.0,False
JRPG,405900,Disgaea PC,"JRPG, RPG, Strategy",,,,"Nippon Ichi Software, Inc.","NIS America, Inc.",107.0,steamspy,2937.0,False
JRPG,1798020,Mega Man Battle Network Legacy Collection Vol. 2,"Action, JRPG, RPG",,,,"CAPCOM Co., Ltd.","CAPCOM Co., Ltd.",55.0,steamspy,2692.0,False
JRPG,1702330,Rune Factory 5,"Adventure, JRPG, RPG, Simulation",,,,Marvelous Inc.,"XSEED Games, Marvelous USA, Inc., Marvelous Europe",53.0,steamspy,2680.0,False
JRPG,2175540,DRAGON QUEST MONSTERS: The Dark Prince,"JRPG, RPG",,,,Square Enix,Square Enix,44.0,steamspy,2584.0,False
JRPG,1358700,STRANGER OF PARADISE FINAL FANTASY ORIGIN,"Action, Adventure, JRPG, RPG",,,,"Square Enix, KOEI TECMO GAMES CO., LTD.",Square Enix,69.0,steamspy,2512.0,False
JRPG,345350,LIGHTNING RETURNS: FINAL FANTASY XIII,"Action, Adventure, JRPG, RPG",,,,Square Enix,Square Enix,50.0,steamspy,2475.0,False
JRPG,446640,Space Pilgrim Episode IV: Sol,"Adventure, Casual, Indie, JRPG, Puzzle, RPG",,,,"Pilgrim Adventures, GrabTheGames Studios","GrabTheGames, TheGamesFortress",1.0,steamspy,2376.0,False
JRPG,2696050,Yarimono,"Adventure, Indie, JRPG, RPG, Strategy",,,,にゅう工房,"072 Project, 072 News",126.0,steamspy,2375.0,False
JRPG,2356560,Monster Hunter Stories,"Adventure, JRPG, RPG",,,,"CAPCOM Co., Ltd.","CAPCOM Co., Ltd.",315.0,steamspy,1977.0,False
JRPG,551730,Toukiden 2,"Action, Adventure, JRPG, RPG",,,,"KOEI TECMO GAMES CO., LTD.","KOEI TECMO GAMES CO., LTD.",8.0,steamspy,1938.0,False
JRPG,70400,Recettear: An Item Shop's Tale,"Action, Adventure, Indie, JRPG, RPG, Simulation, Strategy",,,,EasyGameStation,Carpe Fulgur LLC,19.0,steamspy,1935.0,False
JRPG,991270,The Legend of Heroes: Trails of Cold Steel III,"Action, Adventure, JRPG, RPG",,,,"Nihon Falcom, Engine Software BV, PH3 GmbH","NIS America, Inc.",89.0,steamspy,1922.0,False
JRPG,1566880,SWORD ART ONLINE Last Recollection,"Action, Adventure, JRPG, RPG",,,,"AQURIA Co., Ltd.",Bandai Namco Entertainment,6.0,steamspy,1873.0,False
JRPG,1388590,Yakuza 6: The Song of Life,"Action, Adventure, JRPG, RPG",,,,Ryu Ga Gotoku Studio,SEGA,95.0,steamspy,1607.0,False
JRPG,1786790,Magical Girl Celesphonia,"Action, Adventure, Indie, JRPG, RPG, Visual Novel",,,,Shimobashira Workshop,Kagura Games,27.0,steamspy,1583.0,False
JRPG,1810820,Etrian Odyssey III HD,"Adventure, JRPG, RPG",,,,ATLUS,SEGA,34.0,steamspy,1558.0,False
JRPG,2582650,Enishia and the Binding Brand,"JRPG, RPG",,,,Shimobashira Workshop,Kagura Games,10.0,steamspy,1505.0,False
JRPG,438490,GOD EATER 2 Rage Burst,"Action, JRPG, RPG",,,,"BANDAI NAMCO Studio, SHIFT, QLOC",BANDAI NAMCO Entertainment,30.0,steamspy,1485.0,False
JRPG,235900,RPG Maker XP,"JRPG, RPG",,,,"Gotcha Gotcha Games, KADOKAWA, Yoji Ojima",Gotcha Gotcha Games,188.0,steamspy,1481.0,False
JRPG,574690,Triangle,"Adventure, Indie, JRPG, RPG",,,,Red Triangle Games,Red Triangle Games,0.0,steamspy,1421.0,False
JRPG,2310700,Shadow Corridor 2 雨ノ四葩,"Action, Adventure, Horror, JRPG, RPG, Strategy, Survival",,,,Space Onigiri Game LLC,Space Onigiri Game LLC,14.0,steamspy,1414.0,False
JRPG,2348120,Kagura Survivors: Endless Night,"Action, JRPG, RPG, Roguelike",,,,"Big Bang Studio, Swaps4 Productions",Kagura Games,6.0,steamspy,1376.0,False
JRPG,601050,Attack on Titan 2 - A.O.T.2,"Action, Adventure, Horror, JRPG, RPG",,,,"KOEI TECMO GAMES CO., LTD.","KOEI TECMO GAMES CO., LTD.",62.0,steamspy,1368.0,False
JRPG,1196630,Nexomon: Extinction,"Action, Adventure, Casual, Indie, JRPG, RPG, Simulation",,,,VEWO Interactive Inc.,"PQube, VEWO Interactive Inc.",50.0,steamspy,1309.0,False
JRPG,351710,Hyperdimension Neptunia Re;Birth2: Sisters Generation,"Action, Adventure, JRPG, RPG, Strategy, Visual Novel",,,,"Idea Factory, Compile Heart, Felistella","Idea Factory, Idea Factory International",7.0,steamspy,1283.0,False
JRPG,1399080,The DioField Chronicle,"JRPG, RPG, Simulation, Strategy",,,,"Square Enix, LANCARSE Ltd.",Square Enix,3.0,steamspy,1253.0,False
JRPG,1402110,Eternights,"Action, Casual, JRPG, RPG",,,,Studio Sai,"Studio Sai, Kepler Ghost",16.0,steamspy,1238.0,False
JRPG,387340,Hyperdimension Neptunia U: Action Unleashed,"Action, Adventure, JRPG, RPG, Visual Novel",,,,"Idea Factory, Compile Heart, Tamsoft",Idea Factory International,0.0,steamspy,1225.0,False
JRPG,931500,Touhou Genso Wanderer -Reloaded-,"Adventure, Horror, Indie, JRPG, RPG, Visual Novel",,,,AQUASTYLE,AQUASTYLE,17.0,steamspy,1178.0,False
JRPG,2731870,Ys X: Nordics,"Action, Adventure, JRPG, RPG, Visual Novel",,,,"Nihon Falcom, PH3 GmbH","NIS America, Inc.",27.0,steamspy,1135.0,False
JRPG,460120,Megadimension Neptunia VII,"Action, JRPG, RPG, Strategy, Visual Novel",,,,"Idea Factory, Compile Heart",Idea Factory International,4.0,steamspy,1131.0,False
JRPG,265610,Epic Battle Fantasy 4,"Action, Adventure, Casual, Indie, JRPG, RPG, Strategy",,,,Matt Roszak,Matt Roszak,9.0,steamspy,1111.0,False
JRPG,402940,Dungeons of Betrayal,"Adventure, Indie, JRPG, RPG",,,,Darkelite Studio Inc,SA Industry,0.0,steamspy,1008.0,False
JRPG,470310,TROUBLESHOOTER: Abandoned Children,"JRPG, RPG, Strategy",,,,Dandylion,Dandylion,89.0,steamspy,993.0,False
JRPG,1105500,Yakuza 4 Remastered,"Action, Adventure, JRPG, RPG",,,,Ryu Ga Gotoku Studio,SEGA,93.0,steamspy,905.0,False
JRPG,495280,Disgaea 2 PC,"JRPG, RPG, Strategy",,,,"Nippon Ichi Software, Inc.","NIS America, Inc.",54.0,steamspy,896.0,False
JRPG,1668520,The Legend of Heroes: Trails to Azure,"JRPG, RPG",,,,"Nihon Falcom, PH3 GmbH","NIS America, Inc.",69.0,steamspy,884.0,False
JRPG,1998340,Labyrinth of Galleria: The Moon Society,"Action, Adventure, Horror, JRPG, RPG, Strategy",,,,"Nippon Ichi Software, Inc.","NIS America, Inc.",50.0,steamspy,859.0,False
JRPG,2997980,Natsu no Sagashimono ~What We Found That Summer~,"Casual, JRPG, RPG",,,,pekoge-sutagio,Kagura Games,12.0,steamspy,829.0,False
JRPG,1252600,ANOTHER EDEN,"Adventure, JRPG, RPG",,,,"WFS, Inc.","WFS, Inc.",89.0,steamspy,804.0,False
JRPG,1125480,School Years,"Casual, Horror, Indie, JRPG, Puzzle, RPG, Simulation, Visual Novel",,,,YEARS,电钮组,1.0,steamspy,795.0,False
JRPG,1668510,The Legend of Heroes: Trails from Zero,"JRPG, RPG",,,,"Nihon Falcom, PH3 GmbH","NIS America, Inc.",78.0,steamspy,794.0,False
JRPG,983970,Haven,"Action, Adventure, JRPG, RPG",,,,The Game Bakers,The Game Bakers,42.0,steamspy,702.0,False
JRPG,1962430,Monochrome Mobius: Rights and Wrongs Forgotten,"Adventure, JRPG, RPG, Strategy, Visual Novel",,,,AQUAPLUS,"DMM GAMES, Shiravune",2.0,steamspy,702.0,False
JRPG,312750,Final Fantasy IV (3D Remake),"Adventure, JRPG, RPG",,,,"Square Enix, DotEmu SAS.",Square Enix,37.0,steamspy,638.0,False
JRPG,1012030,Detective Girl of the Steam City,"Adventure, Casual, Horror, Indie, JRPG, RPG, Visual Novel",,,,Clymenia,Kagura Games,4.0,steamspy,582.0,False
JRPG,1284820,Desktop Kanojo,"Action, Casual, Indie, JRPG, RPG, Simulation",,,,Neko Game,Neko Game,9.0,steamspy,574.0,False
JRPG,3281300,DUNGEON RAZE,"Action, Casual, JRPG, Platformer, RPG, Roguelike, Shooter",,,,KOTARO YOSHIDA,KOTARO YOSHIDA,5.0,steamspy,573.0,False
JRPG,407330,Sakura Dungeon,"Adventure, Indie, JRPG, RPG, Visual Novel",,,,Winged Cloud,Winged Cloud,6.0,steamspy,537.0,False
JRPG,2903950,Master Detective Archives: RAIN CODE Plus,"Action, Adventure, JRPG, RPG, Visual Novel",,,,"Spike Chunsoft Co., Ltd.","Spike Chunsoft Co., Ltd.",27.0,steamspy,524.0,False
JRPG,990050,Death end re;Quest,"Action, Adventure, Horror, JRPG, RPG, Visual Novel",,,,"Idea Factory, Compile Heart",Idea Factory International,1.0,steamspy,516.0,False
JRPG,333980,AKIBA'S TRIP: Undead ＆ Undressed,"Action, Adventure, Casual, JRPG, RPG, Visual Novel",,,,ACQUIRE Corp.,"XSEED Games, Marvelous USA, Inc.",1.0,steamspy,499.0,False
JRPG,1405470,Scars of Summer,"Adventure, Horror, Indie, JRPG, RPG",,,,Shinachiku-castella,Kagura Games,0.0,steamspy,497.0,False
JRPG,566540,Labyrinth of Refrain: Coven of Dusk,"JRPG, RPG, Strategy, Visual Novel",,,,"Nippon Ichi Software, Inc.","NIS America, Inc.",70.0,steamspy,490.0,False
JRPG,1441840,FALL IN LABYRINTH,"Adventure, Indie, JRPG, RPG",,,,JUKKAKU GAMES,OTAKU Plan,20.0,steamspy,470.0,False
JRPG,1184890,Fleeting Iris,"Action, Adventure, Casual, Indie, JRPG, RPG, Simulation",,,,Heaven Studios,Kagura Games,2.0,steamspy,454.0,False
JRPG,249550,NEStalgia,"Adventure, Indie, JRPG, Massively Multiplayer, RPG",,,,Silk Games,Silk Games,2.0,steamspy,451.0,False
JRPG,207320,Ys: The Oath in Felghana,"Action, Adventure, JRPG, RPG",,,,Nihon Falcom,XSEED Games,5.0,steamspy,438.0,False
JRPG,1731200,TRATRITLE,"Adventure, JRPG, RPG, Simulation, Visual Novel",,,,INAZUMA SOFT,OTAKU Plan,3.0,steamspy,419.0,False
JRPG,1357860,Fuga: Melodies of Steel,"Horror, JRPG, RPG, Simulation, Strategy",,,,CyberConnect2,CyberConnect2,9.0,steamspy,407.0,False
JRPG,2248430,Touhou Artificial Dream in Arcadia,"Adventure, Indie, JRPG, RPG",,,,Bar Holographic Otaku,"Bar Holographic Otaku, 东游鉴",8.0,steamspy,406.0,False
JRPG,2445340,Love n Life: Lucky Teacher,"Casual, Horror, JRPG, RPG, Simulation, Visual Novel",,,,Reborn Entertainment,Reborn Entertainment,6.0,steamspy,367.0,False
JRPG,1231990,Gestalt: Steam & Cinder,"Action, Adventure, Indie, JRPG, Metroidvania, Platformer, RPG",,,,Metamorphosis Games,Fireshine Games,10.0,steamspy,365.0,False
JRPG,2699820,Shin chan: Shiro and the Coal Town,"Action, Adventure, Casual, JRPG, RPG, Simulation",,,,"h.a.n.d., Inc.",Neos Corporation,6.0,steamspy,345.0,False
JRPG,638160,Moero Chronicle,"Adventure, JRPG, RPG, Visual Novel",,,,"COMPILE HEART, IDEA FACTORY",Idea Factory International,1.0,steamspy,335.0,False
JRPG,1932160,Neptunia: Sisters VS Sisters,"Action, Adventure, JRPG, RPG, Visual Novel",,,,"Idea Factory, Compile Heart",Idea Factory International,3.0,steamspy,335.0,False
JRPG,2159210,Just a To the Moon Series Beach Episode,"Adventure, Indie, JRPG, RPG",,,,Freebird Games,Freebird Games,2.0,steamspy,332.0,False
JRPG,1419750,Apostle: Rebellion,"Adventure, Indie, JRPG, RPG",,,,kamichichi,Kagura Games,2.0,steamspy,330.0,False
JRPG,1551560,Into the Nightmare,"Indie, JRPG, RPG",,,,Tsukinomizu Project,Kagura Games,0.0,steamspy,328.0,False
JRPG,2258500,CRYMACHINA,"Action, Adventure, JRPG, RPG",,,,FURYU Corporation,"NIS America, Inc.",5.0,steamspy,321.0,False
JRPG,686720,SaGa SCARLET GRACE: AMBITIONS,"Action, Adventure, JRPG, RPG, Strategy",,,,Square Enix,Square Enix,8.0,steamspy,316.0,False
JRPG,1299170,Ova Magica,"JRPG, RPG, Simulation",,,,"Skinny Frog, ClaudiaTheDev","Top Hat Studios, Inc.",5.0,steamspy,308.0,False
JRPG,1079830,Cris Tales,"Action, Adventure, Indie, JRPG, RPG, Strategy",,,,"Dreams Uncorporated, SYCK",Maximum Entertainment,1.0,steamspy,299.0,False
JRPG,1827650,Star Knightess Aura,"Adventure, JRPG, RPG, Visual Novel",,,,AuraGamedev,AuraGamedev,15.0,steamspy,292.0,False
JRPG,2113540,梦魇：无归 Nightmare without return,"Adventure, Indie, JRPG, RPG, Strategy",,,,青衣工作室,青衣工作室,1.0,steamspy,291.0,False
JRPG,1457510,The Legend of Heroes: Sen no Kiseki IV -THE END OF SAGA-,"JRPG, RPG",,,,Nihon Falcom,Clouded Leopard Entertainment,20.0,steamspy,285.0,False
JRPG,1910790,Lunar Mirror,"Adventure, Horror, Indie, JRPG, Puzzle, RPG",,,,DSGame,DSGame,2.0,steamspy,270.0,False
JRPG,1151440,Utawarerumono: Mask of Truth,"Adventure, JRPG, RPG, Simulation, Strategy, Visual Novel",,,,AQUAPLUS,"DMM GAMES, Shiravune",5.0,steamspy,249.0,False
JRPG,523000,Princess Maker 2 Refine,"JRPG, RPG, Simulation, Visual Novel",,,,"CFK Co., Ltd.",Bliss Brain,11.0,steamspy,237.0,False
JRPG,409850,Criminal Girls: Invite Only,"Adventure, Horror, JRPG, RPG, Strategy, Visual Novel",,,,"Nippon Ichi Software, Inc.","NIS America, Inc.",6.0,steamspy,228.0,False
JRPG,1140050,三国志·天下归心,"JRPG, RPG",,,,随浪游戏工作室,随浪游戏工作室,2.0,steamspy,220.0,False
JRPG,1450120,The Legend of Heroes: Sen no Kiseki I KAI -Thors Military Academy 1204-,"Action, Adventure, Casual, JRPG, RPG",,,,Nihon Falcom,Clouded Leopard Entertainment,20.0,steamspy,218.0,False
JRPG,312540,Ys VI: The Ark of Napishtim,"Action, Adventure, JRPG, RPG",,,,Nihon Falcom,"XSEED Games, Marvelous USA, Inc.",6.0,steamspy,214.0,False
JRPG,830370,Monster Crown,"Adventure, JRPG, RPG",,,,Studio Aurum,SOEDESCO,3.0,steamspy,203.0,False
JRPG,1363840,Saviors of Sapphire Wings / Stranger of Sword City Revisited,"JRPG, RPG",,,,"Experience Inc., Codeglue","NIS America, Inc.",16.0,steamspy,198.0,False
JRPG,2127430,Loop8: Summer of Gods,"JRPG, RPG, Visual Novel",,,,Marvelous Inc.,"XSEED Games, Marvelous USA, Inc., Marvelous Europe",0.0,steamspy,194.0,False
JRPG,3081320,Fuga: Melodies of Steel 3,"Horror, JRPG, RPG, Simulation, Strategy",,,,CyberConnect2,CyberConnect2,1.0,steamspy,178.0,False
JRPG,1539620,MONARK,"JRPG, RPG, Strategy",,,,FURYU Corporation,"NIS America, Inc.",1.0,steamspy,174.0,False
JRPG,206250,Cladun X2,"Action, Indie, JRPG, RPG",,,,System Prisma,"NIS America, Inc.",1.0,steamspy,173.0,False
JRPG,1150730,Island SAGA,"Indie, JRPG, RPG",,,,Kamichichi,Remtairy,1.0,steamspy,165.0,False
JRPG,1040510,Princess of Zeven,"Indie, JRPG, RPG",,,,Lovely Pretty Ultra Loving You,Kagura Games,1.0,steamspy,161.0,False
JRPG,1911940,Twilight Monk,"Action, Adventure, Indie, JRPG, Metroidvania, Platformer, RPG",,,,Aquatic Moon Games,"GRAVITY GAME ARISE Co., Ltd.",6.0,steamspy,161.0,False
JRPG,893020,Slave's Sword 2,"Adventure, Indie, JRPG, RPG",,,,Circle Poison,Kagura Games,1.0,steamspy,151.0,False
JRPG,312560,Xanadu Next,"Action, Adventure, JRPG, Metroidvania, RPG",,,,Nihon Falcom,"XSEED Games, Marvelous USA, Inc.",5.0,steamspy,146.0,False
JRPG,756530,TOKYO GHOUL:re [CALL to EXIST],"Action, Adventure, Horror, JRPG, RPG",,,,Three Rings Inc.,BANDAI NAMCO Entertainment,2.0,steamspy,142.0,False
JRPG,1576240,The Shadow of Yidhra,"Action, Adventure, JRPG, Platformer, RPG, Shooter",,,,WhitePeach,WhitePeach,3.0,steamspy,141.0,False
JRPG,959890,Sister Travel,"Adventure, Indie, JRPG, RPG",,,,Inusuku,Kagura Games,2.0,steamspy,135.0,False
JRPG,1163590,Bullet Girls Phantasia,"Action, JRPG, RPG, Shooter, Visual Novel",,,,SHADE Inc.,D3PUBLISHER,9.0,steamspy,135.0,False
JRPG,1732060,Makai Kingdom: Reclaimed and Rebound,"JRPG, RPG, Strategy",,,,"Nippon Ichi Software, Inc., Codeglue","NIS America, Inc.",5.0,steamspy,131.0,False
JRPG,541450,Operation Abyss: New Tokyo Legacy,"JRPG, RPG",,,,"MAGES. Inc., 5pb., Experience Inc.","NIS America, Inc.",4.0,steamspy,129.0,False
JRPG,370300,8-Bit Adventures 1: The Forgotten Journey Remastered Edition,"Adventure, Indie, JRPG, RPG",,,,Critical Games,Critical Games,1.0,steamspy,129.0,False
JRPG,2299900,Felvidek,"Indie, JRPG, RPG",,,,"Jozef Pavelka, Vlado Ganaj",Tutto Passa,5.0,steamspy,114.0,False
JRPG,1998330,Yomawari: Lost in the Dark,"Adventure, Horror, JRPG, RPG, Strategy, Survival",,,,"Nippon Ichi Software, Inc.","NIS America, Inc.",6.0,steamspy,106.0,False
JRPG,1435010,Succubus★Connect!,"Card & Board, Indie, JRPG, RPG",,,,capture1,WASABI entertainment,2.0,steamspy,106.0,False
JRPG,2303800,My Life as a Cult Leader,"Adventure, Indie, JRPG, RPG, Visual Novel",,,,Orcsoft,Kagura Games,0.0,steamspy,103.0,False
JRPG,2532050,Vampires' Melody 2,"Casual, JRPG, RPG, Visual Novel",,,,AsicxArt,SakuraGame,2.0,steamspy,102.0,False
JRPG,2179300,Blades of Jianghu: Ballad of Wind and Dust,"Adventure, Casual, JRPG, RPG, Strategy",,,,永恆艾莉絲工坊,"Alice Publication, Eternal Alice Media",1.0,steamspy,101.0,False
JRPG,986020,Kunoichi Botan,"Indie, JRPG, RPG",,,,Enokippu,Kagura Games,3.0,steamspy,101.0,False
Massively Multiplayer,1599340,Lost Ark,"Action, Adventure, Massively Multiplayer, RPG",,,,Smilegate RPG,Amazon Games,6636.0,steamspy,1324761.0,False
Massively Multiplayer,552990,World of Warships,"Action, Massively Multiplayer, Shooter, Simulation",,,,Wargaming Group Limited,Wargaming Group Limited,6689.0,steamspy,400538.0,False
Massively Multiplayer,230410,Warframe,"Action, Massively Multiplayer, RPG, Shooter",,,,Digital Extremes,Digital Extremes,54278.0,steamspy,181509.0,False
Massively Multiplayer,433850,Z1 Battle Royale,"Action, Adventure, Massively Multiplayer, Shooter, Survival",,,,Daybreak Game Company,Daybreak Game Company,999.0,steamspy,150179.0,False
Massively Multiplayer,236390,War Thunder,"Action, Massively Multiplayer, Shooter, Simulation",,,,Gaijin Entertainment,Gaijin Network Ltd,33747.0,steamspy,121180.0,False
Massively Multiplayer,365590,Tom Clancy’s The Division,"Action, Adventure, Massively Multiplayer, RPG, Shooter, Survival",,,,Massive Entertainment,Ubisoft,486.0,steamspy,113877.0,False
Massively Multiplayer,39210,FINAL FANTASY XIV Online,"Action, Adventure, JRPG, Massively Multiplayer, RPG",,,,Square Enix,Square Enix,15201.0,steamspy,95102.0,False
Massively Multiplayer,221100,DayZ,"Action, Adventure, Horror, Massively Multiplayer, Shooter, Simulation, Survival",,,,Bohemia Interactive,Bohemia Interactive,24872.0,steamspy,78739.0,False
Massively Multiplayer,1151340,Fallout 76,"Horror, Massively Multiplayer, RPG, Shooter, Survival",,,,Bethesda Game Studios,Bethesda Softworks,7317.0,steamspy,72930.0,False
Massively Multiplayer,304050,Trove,"Action, Adventure, Massively Multiplayer, RPG",,,,gamigo US Inc.,gamigo US Inc.,658.0,steamspy,58709.0,False
Massively Multiplayer,444200,World of Tanks Blitz,"Action, Massively Multiplayer, Platformer, Shooter, Strategy",,,,Wargaming Group Limited,Wargaming Group Limited,1981.0,steamspy,56489.0,False
Massively Multiplayer,440900,Conan Exiles,"Action, Adventure, Massively Multiplayer, RPG, Simulation, Strategy","8 May, 2018",False,"₩ 45,000",Funcom,Funcom,5682.0,appdetails,53402.0,False
Massively Multiplayer,306130,The Elder Scrolls Online,"Action, Adventure, Massively Multiplayer, RPG",,,,ZeniMax Online Studios,Bethesda Softworks,8295.0,steamspy,49061.0,False
Massively Multiplayer,1677740,Stumble Guys,"Action, Casual, Indie, Massively Multiplayer, Platformer, Racing, Survival",,,,Scopely,Scopely,1135.0,steamspy,43705.0,False
Massively Multiplayer,745920,Temtem,"Adventure, JRPG, Massively Multiplayer, RPG",,,,Crema,Humble Games,136.0,steamspy,39501.0,False
Massively Multiplayer,903950,Last Oasis,"Action, Adventure, Indie, Massively Multiplayer, RPG, Survival",,,,Donkey Crew,"Donkey Crew, Snail Games USA",56.0,steamspy,33104.0,False
Massively Multiplayer,466660,Stash,"Adventure, Indie, Massively Multiplayer, RPG, Strategy",,,,Frogdice,Frogdice,1.0,steamspy,32093.0,False
Massively Multiplayer,218230,PlanetSide 2,"Action, Adventure, Massively Multiplayer, RPG, Shooter, Strategy",,,,Rogue Planet Games,Daybreak Game Company,558.0,steamspy,29449.0,False
Massively Multiplayer,1286830,STAR WARS: The Old Republic,"Action, Adventure, Massively Multiplayer, RPG",,,,Broadsword,Electronic Arts,3218.0,steamspy,27416.0,False
Massively Multiplayer,761890,Albion Online,"Action, Massively Multiplayer, RPG, Strategy, Survival",,,,Sandbox Interactive GmbH,Sandbox Interactive GmbH,5596.0,steamspy,27208.0,False
Massively Multiplayer,766570,Russian Fishing 4,"Adventure, Casual, Massively Multiplayer, RPG, Simulation, Sports, Survival",,,,FishSoft LLC,FishSoft LLC,6851.0,steamspy,26097.0,False
Massively Multiplayer,2437170,SMITE 2,"Action, Adventure, Casual, Massively Multiplayer, RPG, Strategy",,,,Titan Forge Games,Hi-Rez Studios,5146.0,steamspy,21244.0,False
Massively Multiplayer,1476970,Legends of IdleOn - Idle MMO,"Casual, Indie, Massively Multiplayer, RPG, Simulation",,,,Lavaflame2,Lavaflame2,16289.0,steamspy,20884.0,False
Massively Multiplayer,489940,BATTALION 1944,"Action, Massively Multiplayer, Shooter, Survival",,,,BULKHEAD,BULKHEAD,1.0,steamspy,16341.0,False
Massively Multiplayer,486310,Meadow - A Shelter Game,"Adventure, Casual, Indie, Massively Multiplayer, RPG, Simulation",,,,Might and Delight,Might and Delight,13.0,steamspy,14940.0,False
Massively Multiplayer,2084940,Mysterious School,"Action, Casual, Horror, Massively Multiplayer, Platformer, Puzzle, RPG, Shooter",,,,DuoDuoDog,DuoDuoDog,7.0,steamspy,14137.0,False
Massively Multiplayer,1343400,RuneScape ,"Action, Adventure, Casual, Massively Multiplayer, RPG",,,,Jagex Ltd,Jagex Ltd,2246.0,steamspy,12508.0,False
Massively Multiplayer,226320,Marvel Heroes Omega,"Action, Adventure, Fighting, Massively Multiplayer, RPG, Strategy",,,,Gazillion Entertainment,Gazillion Entertainment,75.0,steamspy,12491.0,False
Massively Multiplayer,1238860,Battlefield 4,"Action, Massively Multiplayer, Shooter, Strategy",,,,DICE,Electronic Arts,590.0,steamspy,12342.0,False
Massively Multiplayer,1473480,A.V.A,"Action, Massively Multiplayer, Shooter, Strategy",,,,Valiant,Valiant,94.0,steamspy,11883.0,False
Massively Multiplayer,39120,RIFT,"Action, Adventure, Massively Multiplayer, RPG, Survival",,,,gamigo US Inc.,gamigo US Inc.,191.0,steamspy,11647.0,False
Massively Multiplayer,1128810,RISK: Global Domination,"Card & Board, Casual, Horror, Indie, Massively Multiplayer, Strategy",,,,SMG Studio,SMG Studio,1764.0,steamspy,11604.0,False
Massively Multiplayer,1995520,Pax Dei,"Massively Multiplayer, RPG",,,,Mainframe Industries,Mainframe Industries,2680.0,steamspy,11483.0,False
Massively Multiplayer,259080,Just Cause 2: Multiplayer Mod,"Action, Adventure, Massively Multiplayer, Racing, Shooter",,,,Avalanche Studios,Square Enix,2.0,steamspy,10436.0,False
Massively Multiplayer,8500,EVE Online,"Action, Massively Multiplayer, RPG, Strategy",,,,CCP,CCP,2976.0,steamspy,10229.0,False
Massively Multiplayer,380600,Fishing Planet,"Action, Adventure, Casual, Massively Multiplayer, Simulation, Sports",,,,Fishing Planet LLC,Fishing Planet LLC,1543.0,steamspy,9926.0,False
Massively Multiplayer,438040,Shakes and Fidget,"Adventure, Casual, Indie, Massively Multiplayer, RPG, Strategy",,,,Playa Games GmbH,Playa Games GmbH,427.0,steamspy,9469.0,False
Massively Multiplayer,1881700,Undawn,"Adventure, Massively Multiplayer, RPG, Shooter, Survival",,,,Lightspeed Studios,Level Infinite,290.0,steamspy,8529.0,False
Massively Multiplayer,1009290,SWORD ART ONLINE Alicization Lycoris,"Action, Adventure, JRPG, Massively Multiplayer, RPG, Survival, Visual Novel",,,,"AQURIA Co., Ltd.",BANDAI NAMCO Entertainment,21.0,steamspy,8493.0,False
Massively Multiplayer,290080,Life is Feudal: Your Own,"Action, Adventure, Indie, Massively Multiplayer, RPG, Simulation, Strategy, Survival",,,,Bitbox Ltd.,Bitbox Ltd.,78.0,steamspy,7871.0,False
Massively Multiplayer,1499560,LastCloudia,"Action, Adventure, Card & Board, JRPG, Massively Multiplayer, Platformer, RPG",,,,AIDIS,Boltrend Games,146.0,steamspy,7853.0,False
Massively Multiplayer,843380,Super Animal Royale,"Action, Adventure, Casual, Indie, Massively Multiplayer, Shooter, Survival",,,,Pixile,Pixile,361.0,steamspy,7514.0,False
Massively Multiplayer,9900,Star Trek Online,"Action, Adventure, Massively Multiplayer, RPG, Strategy",,,,Cryptic Studios,Arc Games,886.0,steamspy,7402.0,False
Massively Multiplayer,42710,Call of Duty: Black Ops,"Action, Adventure, Horror, Massively Multiplayer, Shooter",,,,Treyarch,Activision,130.0,steamspy,7352.0,False
Massively Multiplayer,3107230,Pantheon: Rise of the Fallen,"Action, Adventure, Indie, Massively Multiplayer, RPG",,,,Visionary Realms,Visionary Realms,600.0,steamspy,6862.0,False
Massively Multiplayer,633230,NARUTO TO BORUTO: SHINOBI STRIKER,"Action, Adventure, Fighting, Massively Multiplayer, RPG, Strategy",,,,Soleil Ltd.,Bandai Namco Entertainment,229.0,steamspy,6303.0,False
Massively Multiplayer,1343370,Old School RuneScape,"Adventure, Massively Multiplayer, RPG",,,,Jagex Ltd,Jagex Ltd,1454.0,steamspy,6020.0,False
Massively Multiplayer,113400,APB Reloaded,"Action, Adventure, Massively Multiplayer, Racing, Shooter",,,,Little Orbit,Little Orbit,86.0,steamspy,5592.0,False
Massively Multiplayer,47410,Stronghold Kingdoms,"City Builder, Massively Multiplayer, Simulation, Strategy",,,,FireFly Studios,FireFly Studios,287.0,steamspy,5499.0,False
Massively Multiplayer,1556790,Isonzo,"Action, Indie, Massively Multiplayer, Shooter, Simulation",,,,BlackMill Games,BlackMill Games,151.0,steamspy,5408.0,False
Massively Multiplayer,700030,Life is Feudal: MMO,"Action, Adventure, Massively Multiplayer, RPG, Simulation, Survival",,,,LTG,LTG,4.0,steamspy,5315.0,False
Massively Multiplayer,635260,CarX Drift Racing Online,"Massively Multiplayer, Racing, Simulation, Sports",,,,"CarX Technologies, LLC","CarX Technologies, LLC",1120.0,steamspy,5293.0,False
Massively Multiplayer,1520470,封灵档案,"Action, Adventure, Horror, Massively Multiplayer, Platformer, Survival",,,,（Hong Kong）GKD,（Hong Kong）GKD,216.0,steamspy,4573.0,False
Massively Multiplayer,242860,Verdun,"Action, Massively Multiplayer, Shooter, Simulation, Strategy",,,,BlackMill Games,BlackMill Games,51.0,steamspy,4504.0,False
Massively Multiplayer,663090,Granado Espada,"Massively Multiplayer, RPG",,,,"IMCGAMES Co., Ltd.","IMCGAMES Co., Ltd.",1124.0,steamspy,4492.0,False
Massively Multiplayer,312060,FINAL FANTASY XIV Online Free Trial,"Massively Multiplayer, RPG",,,,Square Enix,Square Enix,751.0,steamspy,4225.0,False
Massively Multiplayer,269950,X-Plane 11,"Action, Adventure, Massively Multiplayer, Simulation",,,,Laminar Research,Laminar Research,270.0,steamspy,4173.0,False
Massively Multiplayer,1611600,WARNO,"Massively Multiplayer, Simulation, Strategy",,,,Eugen Systems,Eugen Systems,515.0,steamspy,3929.0,False
Massively Multiplayer,1249970,Test Drive Unlimited Solar Crown,"Massively Multiplayer, Racing, Simulation",,,,KT Racing,Nacon,111.0,steamspy,3881.0,False
Massively Multiplayer,537180,Digimon Masters Online,"Action, Adventure, Casual, Massively Multiplayer, RPG, Survival",,,,"Move Games Co., Ltd.",MOVE ON USA CO.,42.0,steamspy,3781.0,False
Massively Multiplayer,215280,Secret World Legends,"Action, Adventure, Horror, Massively Multiplayer, Puzzle, RPG",,,,Funcom,Funcom,48.0,steamspy,3740.0,False
Massively Multiplayer,223750,DCS World Steam Edition,"Action, Massively Multiplayer, Shooter, Simulation, Strategy",,,,Eagle Dynamics SA,Eagle Dynamics SA,562.0,steamspy,3328.0,False
Massively Multiplayer,607890,Sword Art Online: Hollow Realization Deluxe Edition,"Action, Adventure, Casual, JRPG, Massively Multiplayer, RPG, Visual Novel",,,,AQURIA,BANDAI NAMCO Entertainment,33.0,steamspy,3234.0,False
Massively Multiplayer,2591210,ASTRAL TALE-星界神話,"Action, Adventure, JRPG, Massively Multiplayer, RPG",,,,"X-Legend Entertainment Co., Ltd.","X-Legend Entertainment Co., Ltd.",34.0,steamspy,3043.0,False
Massively Multiplayer,531640,Eternal Card Game,"Card & Board, Casual, Massively Multiplayer, Strategy",,,,Dire Wolf,Dire Wolf,101.0,steamspy,2855.0,False
Massively Multiplayer,1180380,Stay Out,"Action, Horror, Massively Multiplayer, RPG, Shooter, Survival",,,,MOBITECH LLC,MOBITECH LLC,577.0,steamspy,2808.0,False
Massively Multiplayer,240320,Panzar,"Action, Adventure, Massively Multiplayer, RPG, Survival",,,,Panzar Studio,OVALIS INVESTMENTS LIMITED,3.0,steamspy,2762.0,False
Massively Multiplayer,253710,theHunter Classic,"Action, Adventure, Casual, Massively Multiplayer, Shooter, Simulation, Sports, Strategy, Survival",,,,"Expansive Worlds, Avalanche Studios","Expansive Worlds, Avalanche Studios",410.0,steamspy,2703.0,False
Massively Multiplayer,211500,RaceRoom Racing Experience,"Massively Multiplayer, Racing, Simulation, Sports",,,,KW Studios,"KW Studios, RaceRoom Entertainment AG",406.0,steamspy,2600.0,False
Massively Multiplayer,237310,Elsword,"Action, Adventure, Casual, Fighting, Massively Multiplayer, Platformer, RPG",,,,KOG,KOG Games,179.0,steamspy,2524.0,False
Massively Multiplayer,2962300,Royal Quest Online,"Adventure, Massively Multiplayer, RPG",,,,BASE,Forward Gateway,254.0,steamspy,2410.0,False
Massively Multiplayer,224580,Arma II: DayZ Mod,"Action, Adventure, Horror, Massively Multiplayer, RPG, Shooter, Simulation, Strategy, Survival",,,,Bohemia Interactive,Bohemia Interactive,6.0,steamspy,2305.0,False
Massively Multiplayer,1422130,SimRail - The Railway Simulator,"Massively Multiplayer, Simulation",,,,SimRail S.A.,PlayWay S.A.,24.0,steamspy,2274.0,False
Massively Multiplayer,424030,War of Rights,"Action, Indie, Massively Multiplayer, Shooter, Simulation, Strategy",,,,Campfire Games,Campfire Games,245.0,steamspy,1835.0,False
Massively Multiplayer,394690,Tower Unite,"Action, Adventure, Casual, Indie, Massively Multiplayer, Racing, Simulation",,,,PixelTail Games,PixelTail Games,252.0,steamspy,1551.0,False
Massively Multiplayer,11020,TrackMania Nations Forever,"Action, Adventure, Casual, Indie, Massively Multiplayer, Racing, Simulation, Sports",,,,Nadeo,Ubisoft,61.0,steamspy,1439.0,False
Massively Multiplayer,212200,Mabinogi,"Action, Adventure, Casual, JRPG, Massively Multiplayer, RPG, Simulation",,,,NEXON Korea Corporation,Nexon America Inc.,581.0,steamspy,1319.0,False
Massively Multiplayer,1333350,Angel Legion,"Adventure, Card & Board, Massively Multiplayer, RPG, Strategy",,,,Shanghai SilverMoon Network Technology Co.Ltd,Shanghai SilverMoon Network Technology Co.Ltd,527.0,steamspy,1302.0,False
Massively Multiplayer,217750,Age of Conan: Unchained,"Action, Adventure, Massively Multiplayer, RPG",,,,Funcom,Funcom,31.0,steamspy,1276.0,False
Massively Multiplayer,1179680,Wurm Online,"Adventure, Indie, Massively Multiplayer, RPG, Survival",,,,Code Club AB,Code Club AB,150.0,steamspy,1226.0,False
Massively Multiplayer,1241100,POLYGON: Multiplayer Shooter,"Action, Indie, Massively Multiplayer, Shooter",,,,Redaster Studio,Redaster Studio,124.0,steamspy,1208.0,False
Massively Multiplayer,6370,Bloodline Champions,"Action, Massively Multiplayer, RPG",,,,Stunlock Studios,Stunlock Studios,2.0,steamspy,1137.0,False
Massively Multiplayer,891040,Pool 2D - Poolians,"Card & Board, Casual, Horror, Indie, Massively Multiplayer, Simulation, Sports",,,,Poolians.com,Poolians.com,103.0,steamspy,1048.0,False
Massively Multiplayer,9880,Champions Online,"Action, Adventure, Massively Multiplayer, RPG",,,,Cryptic Studios,Arc Games,117.0,steamspy,984.0,False
Massively Multiplayer,215100,Ragnarok Online,"Adventure, JRPG, Massively Multiplayer, RPG",,,,Gravity Interactive,Gravity Interactive,59.0,steamspy,973.0,False
Massively Multiplayer,2996570,Figure Adventure,"Action, Adventure, Card & Board, JRPG, Massively Multiplayer, RPG, Simulation, Strategy",,,,Figure Fantasy,Figure Fantasy,0.0,steamspy,971.0,False
Massively Multiplayer,672680,Call of War: World War 2,"Card & Board, Massively Multiplayer, Simulation, Strategy",,,,Bytro Labs GmbH,Bytro Labs GmbH,176.0,steamspy,924.0,False
Massively Multiplayer,781030,DK Online,"Action, Adventure, Massively Multiplayer, Platformer, RPG",,,,Masangsoft,Masangsoft,60.0,steamspy,878.0,False
Massively Multiplayer,17570,"Pirates, Vikings, and Knights II","Action, Indie, Massively Multiplayer, Shooter",,,,Octoshark Studios,Octoshark Studios,12.0,steamspy,878.0,False
Massively Multiplayer,994910,Poker Master,"Card & Board, Massively Multiplayer, Simulation, Sports, Strategy",,,,NGIN LIMITED,NGIN LIMITED,159.0,steamspy,858.0,False
Massively Multiplayer,798420,Professional Fishing,"Action, Adventure, Casual, Horror, Indie, Massively Multiplayer, Simulation, Sports",,,,MasterCode,Ultimate Games S.A.,13.0,steamspy,793.0,False
Massively Multiplayer,372800,RPG MO,"Adventure, Indie, Massively Multiplayer, RPG",,,,Marxnet,Marxnet,59.0,steamspy,792.0,False
Massively Multiplayer,755800,Hades' Star,"4X, Indie, Massively Multiplayer, Strategy",,,,Parallel Space Inc,Parallel Space Inc,101.0,steamspy,761.0,False
Massively Multiplayer,609940,KROSMAGA,"Card & Board, Casual, Indie, Massively Multiplayer, Strategy",,,,Ankama Studio,Ankama Games,0.0,steamspy,755.0,False
Massively Multiplayer,439370,Midair,"Action, Indie, Massively Multiplayer, Shooter, Survival",,,,Archetype Studios,Archetype Studios,0.0,steamspy,739.0,False
Massively Multiplayer,2515210,SKIBIDI BACKROOMS,"Action, Adventure, Horror, Massively Multiplayer, Simulation, Survival",,,,Advanced Games B,Advanced Games B,1.0,steamspy,711.0,False
Massively Multiplayer,326360,Warspear Online,"Adventure, Massively Multiplayer, RPG, Strategy",,,,Titulum Enterprises Limited,Titulum Enterprises Limited,84.0,steamspy,702.0,False
Massively Multiplayer,719640,War Planet Online: Global Conquest,"4X, Action, Massively Multiplayer, Strategy, Survival, Tower Defense",,,,Gameloft,Gameloft,111.0,steamspy,644.0,False
Massively Multiplayer,201230,EverQuest II,"Action, Adventure, Massively Multiplayer, RPG",,,,Darkpaw Games,Daybreak Game Company,193.0,steamspy,631.0,False
Massively Multiplayer,373700,Lineage II,"Action, Adventure, Massively Multiplayer, RPG",,,,NCSOFT,NCSOFT,2.0,steamspy,625.0,False
Massively Multiplayer,317780,Eternal Fate,"Action, Adventure, Casual, Indie, Massively Multiplayer, RPG, Survival",,,,"Escalation Studios, Inc","Escalation Studios, Inc",0.0,steamspy,622.0,False
Massively Multiplayer,2073470,Kanjozoku Game レーサー Online Street Racing & Drift,"Massively Multiplayer, Racing, Simulation, Sports",,,,SG DEV,Midnight Games,4.0,steamspy,622.0,False
Massively Multiplayer,619910,Just Cause 3: Multiplayer Mod,"Action, Massively Multiplayer, Shooter",,,,nanos GbR,"nanos GbR, Square Enix",4.0,steamspy,614.0,False
Massively Multiplayer,595690,One Hour One Life,"Indie, Massively Multiplayer, Simulation, Survival",,,,Jason Rohrer,Jason Rohrer,29.0,steamspy,590.0,False
Massively Multiplayer,575720,Mighty Party,"Action, Adventure, Card & Board, JRPG, Massively Multiplayer, RPG, Strategy",,,,By Aliens L.L.C-FZ,By Aliens L.L.C-FZ,78.0,steamspy,568.0,False
Massively Multiplayer,378360,Ymir,"4X, City Builder, Indie, Massively Multiplayer, Simulation, Strategy",,,,Thibaud Michaud,Thibaud Michaud,12.0,steamspy,559.0,False
Massively Multiplayer,905640,Combat Arms: Reloaded,"Action, Massively Multiplayer, Shooter, Simulation, Strategy, Survival",,,,"VALOFE, NEXON",VALOFE,12.0,steamspy,536.0,False
Massively Multiplayer,378760,Pixel Starships,"4X, Massively Multiplayer, RPG, Simulation, Strategy",,,,SavySoda,SavySoda,125.0,steamspy,520.0,False
Massively Multiplayer,469920,hackmud,"Indie, Massively Multiplayer, Puzzle, RPG, Simulation",,,,ComCODE,ComCODE,14.0,steamspy,487.0,False
Massively Multiplayer,1179210,Kill It With Fire,"Action, Casual, Horror, Massively Multiplayer, Simulation, Survival",,,,Casey Donnellan Games LLC,tinyBuild,6.0,steamspy,472.0,False
Massively Multiplayer,2707940,FPV Kamikaze Drone,"Action, Horror, Massively Multiplayer, Shooter, Simulation",,,,HFM Games,HFM Games,37.0,steamspy,468.0,False
Massively Multiplayer,354290,LoveBeat,"Action, Casual, Massively Multiplayer",,,,"CRAZYDIAMOND CO., LTD.","CRAZYDIAMOND CO., LTD.",331.0,steamspy,462.0,False
Massively Multiplayer,260430,The Four Kings Casino and Slots,"Card & Board, Casual, Indie, Massively Multiplayer, Simulation",,,,Digital Leisure Inc.,Digital Leisure Inc.,51.0,steamspy,446.0,False
Massively Multiplayer,880850,War Rock,"Action, Casual, Massively Multiplayer, Shooter",,,,Dream Execution,Papaya Play,28.0,steamspy,434.0,False
Massively Multiplayer,454540,LuckCatchers,"Action, Indie, Massively Multiplayer, RPG, Simulation, Strategy",,,,DiP Online,DiP Online,0.0,steamspy,412.0,False
Massively Multiplayer,359800,Copa Petrobras de Marcas,"Action, Massively Multiplayer, Racing, Simulation, Sports",,,,Reiza Studios,Reiza Studios,6.0,steamspy,378.0,False
Massively Multiplayer,409510,Genesis Online,"Action, Adventure, Massively Multiplayer, Shooter, Simulation, Survival",,,,Shumkov Dmitriy,Shumkov Dmitriy,0.0,steamspy,357.0,False
Massively Multiplayer,335820,Dream Of Mirror Online,"Action, Adventure, Massively Multiplayer, RPG",,,,SoftStar,SubaGames,13.0,steamspy,348.0,False
Massively Multiplayer,947890,VirtualCast,Massively Multiplayer,,,,"VirtualCast, Inc.","VirtualCast, Inc.",4.0,steamspy,332.0,False
Massively Multiplayer,1112400,Project Torque - Free 2 Play MMO Racing Game,"Action, Massively Multiplayer, Racing",,,,"Invictus Games Ltd., JOGARA LTD",JOGARA LTD,2.0,steamspy,320.0,False
Massively Multiplayer,1500740,Snail Simulator,"Action, Adventure, Casual, Indie, Massively Multiplayer, Simulation","20 Nov, 2023",False,"₩ 5,600",Mr. Snail Dev,Mr. Snail Dev,81.0,appdetails,307.0,False
Massively Multiplayer,423890,Gods and Idols,"4X, Action, Indie, Massively Multiplayer, Simulation, Strategy",,,,Viking Tao,Viking Tao,2.0,steamspy,303.0,False
Massively Multiplayer,619310,Ways of History,"Indie, Massively Multiplayer, Strategy",,,,Glyph Worlds,Glyph Worlds,4.0,steamspy,286.0,False
Massively Multiplayer,424780,Imperia Online,"Action, Massively Multiplayer, Simulation, Strategy",,,,Imperia Online JSC,Imperia Online JSC,2.0,steamspy,251.0,False
Massively Multiplayer,354200,Aberoth,"Action, Adventure, Casual, Indie, Massively Multiplayer, RPG",,,,"Jarbit, Castle art by Yuriy Gusev",Jarbit,8.0,steamspy,240.0,False
Massively Multiplayer,2993680,天缘传说,"Action, Adventure, Massively Multiplayer, Platformer, RPG",,,,tygame,tygame,2.0,steamspy,238.0,False
Massively Multiplayer,244050,Rise of Flight United,"Action, Massively Multiplayer, Shooter, Simulation",,,,"1C Game Studios, 777 Studios",FOR-GAMES CR LTD,6.0,steamspy,236.0,False
Massively Multiplayer,2598020,Spire Horizon Online,"Action, Adventure, Casual, Massively Multiplayer, RPG",,,,Mendoka,Mendoka,9.0,steamspy,219.0,False
Massively Multiplayer,485670,Mini Golf Arena,"Casual, Indie, Massively Multiplayer, Puzzle, Simulation, Sports",,,,Evoluta Studio,Evoluta Studio,0.0,steamspy,202.0,False
Massively Multiplayer,1452830,Disc Space,"Massively Multiplayer, Sports",,,,Vadim Slyusarev,Vadim Slyusarev,4.0,steamspy,193.0,False
Massively Multiplayer,1020780,DarkStory Online,"Action, Adventure, Massively Multiplayer, RPG, Survival",,,,BraveWolf,BraveWolf,0.0,steamspy,189.0,False
Massively Multiplayer,890400,Uncharted Waters Online,"Adventure, Massively Multiplayer, RPG, Strategy",,,,"KOEI TECMO GAMES CO., LTD.",Papaya Play,23.0,steamspy,175.0,False
Massively Multiplayer,304690,Star Sonata 2,"Massively Multiplayer, RPG",,,,Landauer Games,Landauer Games,15.0,steamspy,170.0,False
Massively Multiplayer,345010,Ascent - The Space Game,"Indie, Massively Multiplayer, Simulation, Strategy",,,,Fluffy Kitten Studios,Fluffy Kitten Studios,1.0,steamspy,166.0,False
Massively Multiplayer,503340,Dig 4 Destruction,"Action, Casual, Massively Multiplayer",,,,"COLOPL, Inc.","COLOPL, Inc.",0.0,steamspy,158.0,False
Massively Multiplayer,295710,Darkwind: War on Wheels,"Massively Multiplayer, RPG, Racing, Strategy",,,,Psychic Software,Psychic Software,4.0,steamspy,157.0,False
Massively Multiplayer,542590,SoulSaverOnline,"Action, Adventure, Massively Multiplayer, RPG",,,,Smartbig Corportion,Netgame,20.0,steamspy,156.0,False
Massively Multiplayer,1575710,AutoChess of Gensokyo,"Casual, Massively Multiplayer, Strategy",,,,MyACG Studio,MyACG Studio,2.0,steamspy,151.0,False
Massively Multiplayer,755980,DEPLOYMENT,"Action, Adventure, Casual, Massively Multiplayer, Platformer, Puzzle, Racing, Strategy",,,,Whale Rock Games,Whale Rock Games,3.0,steamspy,150.0,False
Massively Multiplayer,1101420,Dragon Call,"Card & Board, Casual, Indie, Massively Multiplayer, Roguelike, Strategy",,,,organelemonhouse,organelemonhouse,0.0,steamspy,148.0,False
Massively Multiplayer,721030,La Tale - Evolved,"Action, Adventure, Casual, Massively Multiplayer, RPG",,,,Actoz Soft,Papaya Play,12.0,steamspy,142.0,False
Massively Multiplayer,280620,Fiesta Online,"Massively Multiplayer, RPG",,,,,,10.0,steamspy,135.0,False
Massively Multiplayer,929490,RAM Pressure,"Action, Indie, Massively Multiplayer, RPG, Strategy",,,,"QuadCom Interactive, GDT",GDT,1.0,steamspy,130.0,False
Massively Multiplayer,3301040,TeeTINY Online: Smart Tower Life,"Casual, Massively Multiplayer, RPG",,,,Teeny Studio Inc.,Teeny Studio Inc.,5.0,steamspy,126.0,False
Massively Multiplayer,1373350,Phobos,"Adventure, Massively Multiplayer, RPG",,,,Myth Entertainment,Myth Entertainment,1.0,steamspy,112.0,False
Massively Multiplayer,1803390,Bounty: Drag Racing,"Action, Massively Multiplayer, Racing, Simulation, Sports",,,,KODgames,KODgames,35.0,steamspy,111.0,False
Massively Multiplayer,1091010,Dark Swords,"Adventure, Casual, Indie, Massively Multiplayer, RPG",,,,High Tower Entertainment,High Tower Entertainment,6.0,steamspy,110.0,False
Massively Multiplayer,819790,Laplace：拉普拉斯的神子,"Adventure, Massively Multiplayer, RPG",,,,"X-Legend Entertainment Co., Ltd.","X-Legend Entertainment Co., Ltd.",2.0,steamspy,107.0,False
Massively Multiplayer,2354570,Realm of Simplicity MMORPG,"Adventure, Indie, Massively Multiplayer, RPG",,,,Pure Heart Game Studio,Pure Heart Game Studio,6.0,steamspy,107.0,False
Massively Multiplayer,630140,Sky Clash: Lords of Clans 3D,"Indie, Massively Multiplayer, RPG, Simulation, Strategy, Tower Defense",,,,AIVIK LLC,Absolutist Ltd.,18.0,steamspy,101.0,False
Metroidvania,1172380,STAR WARS Jedi: Fallen Order,"Action, Adventure, Fighting, Metroidvania, Platformer, Puzzle, RPG",,,,Respawn Entertainment,Electronic Arts,432.0,steamspy,46513.0,False
Metroidvania,1057090,Ori and the Will of the Wisps,"Action, Adventure, Indie, Metroidvania, Platformer, Puzzle",,,,Moon Studios GmbH,Xbox Game Studios,304.0,steamspy,31224.0,False
Metroidvania,692850,Bloodstained: Ritual of the Night,"Action, Adventure, Indie, Metroidvania, Platformer, RPG",,,,ArtPlay,505 Games,156.0,steamspy,26811.0,False
Metroidvania,251410,Dark Matter,"Action, Horror, Indie, Metroidvania, Platformer, Survival",,,,InterWave Studios,Iceberg Interactive,0.0,steamspy,26596.0,False
Metroidvania,588650,Dead Cells,"Action, Adventure, Indie, Metroidvania, Platformer, Roguelike",,,,Motion Twin,Motion Twin,1364.0,steamspy,14880.0,False
Metroidvania,2725260,ENDER MAGNOLIA: Bloom in the Mist,"Action, Metroidvania, Platformer, RPG",,,,"Adglobe, Live Wire",Binary Haze Interactive,72.0,steamspy,14134.0,False
Metroidvania,261570,Ori and the Blind Forest,"Action, Adventure, Indie, Metroidvania, Platformer, Puzzle, RPG",,,,Moon Studios GmbH,Xbox Game Studios,66.0,steamspy,13048.0,False
Metroidvania,312520,Rain World,"Action, Adventure, Horror, Indie, Metroidvania, Platformer, Simulation, Survival",,,,Videocult,Akupara Games,693.0,steamspy,10875.0,False
Metroidvania,870780,Control Ultimate Edition,"Action, Adventure, Horror, Metroidvania, Shooter",,,,Remedy Entertainment,Remedy Entertainment,467.0,steamspy,9078.0,False
Metroidvania,387290,Ori and the Blind Forest: Definitive Edition,"Action, Adventure, Indie, Metroidvania, Platformer, Puzzle",,,,Moon Studios GmbH,Xbox Game Studios,197.0,steamspy,9020.0,False
Metroidvania,2114740,Blasphemous 2,"Action, Adventure, Horror, Metroidvania, Platformer, RPG",,,,The Game Kitchen,Team17,274.0,steamspy,9011.0,False
Metroidvania,50650,Darksiders II,"Action, Adventure, Metroidvania, Platformer, Puzzle, RPG",,,,Vigil Games,Nordic Games,2.0,steamspy,8745.0,False
Metroidvania,1649240,Returnal,"Action, Horror, Metroidvania, Roguelike, Shooter",,,,"Housemarque, Climax Studios",PlayStation Publishing LLC,80.0,steamspy,6643.0,False
Metroidvania,1809540,Nine Sols,"Action, Adventure, Indie, Metroidvania, Platformer",,,,RedCandleGames,RedCandleGames,522.0,steamspy,6493.0,False
Metroidvania,1369630,ENDER LILIES: Quietus of the Knights,"Action, Indie, Metroidvania, RPG",,,,"Live Wire, Adglobe",Binary Haze Interactive,74.0,steamspy,6332.0,False
Metroidvania,2230650,TEVI,"Action, Adventure, Metroidvania, Platformer",,,,"CreSpirit, GemaYue, Ein Lee","CreSpirit, Neverland Entertainment",27.0,steamspy,5378.0,False
Metroidvania,1330470,F.I.S.T.: Forged In Shadow Torch,"Action, Adventure, Indie, Metroidvania, Platformer, Simulation",,,,TiGames,Astrolabe Games,7.0,steamspy,4991.0,False
Metroidvania,257850,Hyper Light Drifter,"Action, Adventure, Indie, Metroidvania, RPG",,,,Heart Machine,Heart Machine,29.0,steamspy,4929.0,False
Metroidvania,1721060,Mandragora: Whispers of the Witch Tree,"Action, Metroidvania, Platformer, RPG, Survival",,,,Primal Game Studio,Knights Peak,50.0,steamspy,4387.0,False
Metroidvania,894020,Death's Door,"Action, Adventure, Indie, Metroidvania, Platformer, RPG",,,,Acid Nerve,Devolver Digital,94.0,steamspy,3740.0,False
Metroidvania,571310,SteamWorld Dig 2,"Action, Adventure, Casual, Indie, Metroidvania, Platformer, RPG",,,,Image & Form Games,Image & Form Games,38.0,steamspy,3728.0,False
Metroidvania,753420,Dungreed,"Action, Adventure, Indie, Metroidvania, Platformer, RPG, Roguelike",,,,TEAM HORAY,TEAM HORAY,56.0,steamspy,3329.0,False
Metroidvania,383270,Hue,"Adventure, Casual, Indie, Metroidvania, Platformer, Puzzle",,,,Fiddlesticks Games,Curve Games,13.0,steamspy,3247.0,False
Metroidvania,329380,Stealth Inc 2: A Game of Clones,"Action, Adventure, Indie, Metroidvania, Platformer, Puzzle",,,,Carbon,Curve Games,2.0,steamspy,3142.0,False
Metroidvania,388410,Darksiders II Deathinitive Edition,"Action, Adventure, Metroidvania, Puzzle, RPG",,,,"Gunfire Games, Vigil Games, THQ Nordic",THQ Nordic,107.0,steamspy,2903.0,False
Metroidvania,252410,SteamWorld Dig,"Action, Adventure, Casual, Indie, Metroidvania, Platformer, RPG",,,,Image & Form Games,Image & Form Games,41.0,steamspy,2764.0,False
Metroidvania,275390,Guacamelee! Super Turbo Championship Edition,"Action, Adventure, Indie, Metroidvania, Platformer, RPG",,,,Drinkbox Studios,"Drinkbox Studios, Kepler Ghost",14.0,steamspy,2687.0,False
Metroidvania,236090,Dust: An Elysian Tail,"Action, Adventure, Indie, Metroidvania, Platformer, RPG",,,,Humble Hearts LLC,Xbox Game Studios,9.0,steamspy,2651.0,False
Metroidvania,356650,Death's Gambit: Afterlife,"Action, Adventure, Indie, Metroidvania, Platformer, RPG",,,,White Rabbit,Serenity Forge,11.0,steamspy,2538.0,False
Metroidvania,553420,TUNIC,"Action, Adventure, Indie, Metroidvania, Puzzle, RPG",,,,TUNIC Team,Finji,167.0,steamspy,2501.0,False
Metroidvania,283640,Salt and Sanctuary,"Action, Adventure, Horror, Indie, Metroidvania, Platformer, RPG",,,,Ska Studios,Ska Studios,72.0,steamspy,2422.0,False
Metroidvania,219890,Antichamber,"Adventure, Indie, Metroidvania, Platformer, Puzzle",,,,Alexander Bruce,Demruth,11.0,steamspy,2352.0,False
Metroidvania,400630,Wuppo: Definitive Edition,"Action, Metroidvania, Platformer, Puzzle",,,,snekflat,snekflat,3.0,steamspy,2273.0,False
Metroidvania,70300,VVVVVV,"Action, Adventure, Indie, Metroidvania, Platformer, Puzzle",,,,Terry Cavanagh,Terry Cavanagh,5.0,steamspy,2174.0,False
Metroidvania,973810,Journey To The Savage Planet,"Action, Adventure, Metroidvania, Platformer",,,,Typhoon,505 Games,38.0,steamspy,2149.0,False
Metroidvania,1274600,The Last Faith,"Action, Adventure, Horror, Indie, Metroidvania, Platformer",,,,Kumi Souls Games,Playstack,117.0,steamspy,2056.0,False
Metroidvania,1123050,GRIME,"Action, Adventure, Indie, Metroidvania, Platformer, RPG",,,,Clover Bite,Akupara Games,45.0,steamspy,1983.0,False
Metroidvania,1731070,Asterigos: Curse of the Stars,"Action, Adventure, Metroidvania, RPG",,,,Acme Gamestudio,tinyBuild,14.0,steamspy,1665.0,False
Metroidvania,234080,Castlevania: Lords of Shadow – Ultimate Edition,"Action, Adventure, Metroidvania",,,,"MercurySteam, Climax Studios",KONAMI,44.0,steamspy,1585.0,False
Metroidvania,418670,Pankapu,"Action, Adventure, Indie, Metroidvania, Platformer",,,,Too Kind Studio,Dear Villagers,16.0,steamspy,1550.0,False
Metroidvania,2751000,Prince of Persia The Lost Crown,"Action, Adventure, Metroidvania, Platformer, RPG",,,,Ubisoft Montpellier,Ubisoft,65.0,steamspy,1446.0,False
Metroidvania,1419160,Souldiers,"Action, Adventure, Metroidvania, Platformer",,,,Retro Forge,Dear Villagers,17.0,steamspy,1400.0,False
Metroidvania,813630,Supraland,"Action, Adventure, Metroidvania, Platformer, Puzzle, Shooter",,,,Supra Games,Supra Games,33.0,steamspy,1397.0,False
Metroidvania,851100,Touhou Luna Nights,"Action, Adventure, Indie, Metroidvania, Platformer, RPG",,,,"Team Ladybug, WSS playground","WSS playground, PLAYISM",12.0,steamspy,1339.0,False
Metroidvania,900270,Reventure,"Adventure, Indie, Metroidvania, Platformer, Puzzle",,,,Pixelatto,Pixelatto,6.0,steamspy,1303.0,False
Metroidvania,439930,Control Craft 2,"Card & Board, Metroidvania, Shooter, Strategy",,,,"Cristian Manolachi, Atomic Fabrik",Conglomerate 5,0.0,steamspy,1246.0,False
Metroidvania,835430,La-Mulana 2,"Action, Adventure, Indie, Metroidvania, Platformer, Puzzle",,,,NIGORO,PLAYISM,7.0,steamspy,1191.0,False
Metroidvania,927250,Bladed fury,"Action, Adventure, Casual, Indie, Metroidvania, Platformer, RPG",,,,NEXT Studios,NEXT Studios,0.0,steamspy,1166.0,False
Metroidvania,1883260,Little Noah: Scion of Paradise,"Action, Adventure, JRPG, Metroidvania, RPG, Roguelike",,,,"Cygames, Inc., Grounding Inc.","Cygames, Inc.",10.0,steamspy,1149.0,False
Metroidvania,1574240,Dread Delusion,"Action, Adventure, Metroidvania, RPG",,,,Lovely Hellplace,DreadXP,32.0,steamspy,1121.0,False
Metroidvania,312200,Chasm,"Action, Adventure, Indie, Metroidvania, Platformer, RPG",,,,"Bit Kid, Inc.","Bit Kid, Inc.",7.0,steamspy,1026.0,False
Metroidvania,838310,Bloodstained: Curse of the Moon,"Action, Adventure, Indie, Metroidvania, Platformer",,,,"INTI CREATES CO., LTD.","INTI CREATES CO., LTD.",3.0,steamspy,954.0,False
Metroidvania,200900,Cave Story+,"Action, Adventure, Indie, Metroidvania, Platformer, Shooter",,,,"Nicalis, Inc., Studio Pixel","Nicalis, Inc.",12.0,steamspy,924.0,False
Metroidvania,916730,Gato Roboto,"Action, Adventure, Indie, Metroidvania, Platformer",,,,doinksoft,Devolver Digital,14.0,steamspy,905.0,False
Metroidvania,255070,Abyss Odyssey,"Action, Adventure, Fighting, Indie, Metroidvania, Platformer, RPG, Roguelike",,,,ACE Team,SEGA,1.0,steamspy,905.0,False
Metroidvania,231160,The Swapper,"Action, Adventure, Horror, Indie, Metroidvania, Platformer, Puzzle",,,,"Olli Harjola, Otto Hantula, Tom Jubert, Carlo Castellano",Facepalm Games,3.0,steamspy,890.0,False
Metroidvania,405830,Turok 2: Seeds of Evil,"Action, Adventure, Metroidvania, Shooter",,,,"Iguana Entertainment, Nightdive Studios",Nightdive Studios,15.0,steamspy,888.0,False
Metroidvania,1747760,Momodora: Moonlit Farewell,"Action, Adventure, Indie, Metroidvania, Platformer",,,,Bombservice,PLAYISM,7.0,steamspy,867.0,False
Metroidvania,1637730,Crystal Project,"Adventure, JRPG, Metroidvania, RPG, Strategy",,,,Andrew Willman,Andrew Willman,44.0,steamspy,820.0,False
Metroidvania,1191630,Shantae and the Seven Sirens,"Action, Adventure, Indie, Metroidvania, Platformer",,,,WayForward,WayForward,6.0,steamspy,752.0,False
Metroidvania,1582650,Caravan SandWitch,"Action, Adventure, Casual, Metroidvania, Platformer",,,,Studio Plane Toast,Dear Villagers,36.0,steamspy,748.0,False
Metroidvania,534550,Guacamelee! 2,"Action, Adventure, Metroidvania, Platformer",,,,Drinkbox Studios,"Drinkbox Studios, Kepler Ghost",3.0,steamspy,739.0,False
Metroidvania,248190,Knytt Underground,"Adventure, Indie, Metroidvania, Platformer, Puzzle",,,,Nifflas' Games,Ripstone,2.0,steamspy,693.0,False
Metroidvania,535480,Sundered: Eldritch Edition,"Action, Adventure, Horror, Indie, Metroidvania, Platformer, Roguelike",,,,Thunder Lotus,Thunder Lotus,14.0,steamspy,692.0,False
Metroidvania,1552550,Castlevania Advance Collection,"Action, Adventure, Horror, Metroidvania, Platformer, RPG",,,,KONAMI,KONAMI,55.0,steamspy,684.0,False
Metroidvania,764790,The Messenger,"Action, Adventure, Indie, Metroidvania, Platformer",,,,Sabotage,Devolver Digital,44.0,steamspy,679.0,False
Metroidvania,1209490,Exit the Gungeon,"Action, Adventure, Indie, Metroidvania, Platformer, Shooter",,,,"Dodge Roll, Singlecore",Devolver Digital,14.0,steamspy,674.0,False
Metroidvania,428550,Momodora: Reverie Under The Moonlight,"Action, Metroidvania, Platformer",,,,Bombservice,PLAYISM,5.0,steamspy,672.0,False
Metroidvania,347800,Ghost Song,"Action, Adventure, Horror, Indie, Metroidvania, Platformer",,,,Old Moon,Humble Games,7.0,steamspy,670.0,False
Metroidvania,400910,Rabi-Ribi,"Action, Adventure, Indie, Metroidvania, Platformer",,,,"CreSpirit, GemaYue",CreSpirit,33.0,steamspy,670.0,False
Metroidvania,860950,Mark of the Ninja: Remastered,"Action, Adventure, Indie, Metroidvania, Platformer, Puzzle",,,,Klei Entertainment,Klei Entertainment,114.0,steamspy,667.0,False
Metroidvania,3253630,Gal Guardians: Servants of the Dark,"Action, Adventure, Metroidvania",,,,"INTI CREATES CO., LTD.","INTI CREATES CO., LTD.",5.0,steamspy,660.0,False
Metroidvania,1233070,Isles of Sea and Sky,"Adventure, Metroidvania, Puzzle, Strategy",,,,Cicada Games,"Cicada Games, Gamirror Games",26.0,steamspy,654.0,False
Metroidvania,2365810,Pseudoregalia,"Adventure, Indie, Metroidvania, Platformer",,,,rittzler,rittzler,46.0,steamspy,640.0,False
Metroidvania,374190,Infernax,"Action, Adventure, Indie, Metroidvania, RPG",,,,Berzerk Studio,The Arcade Crew,11.0,steamspy,639.0,False
Metroidvania,2671230,BLADECHIMERA,"Action, Indie, Metroidvania, Platformer, RPG",,,,"Team Ladybug, WSS playground","PLAYISM, WSS playground",4.0,steamspy,634.0,False
Metroidvania,1796220,Laika: Aged Through Blood,"Adventure, Indie, Metroidvania, Platformer",,,,Brainwash Gang,Thunderful Publishing,34.0,steamspy,631.0,False
Metroidvania,789760,DEAD OR SCHOOL,"Action, Horror, Indie, JRPG, Metroidvania, RPG, Visual Novel",,,,Studio Nanafushi,Studio Nanafushi,0.0,steamspy,606.0,False
Metroidvania,1437400,Salt and Sacrifice,"Action, Adventure, Metroidvania, Platformer, RPG",,,,"Devoured Studios, Ska Studios",Ska Studios,20.0,steamspy,569.0,False
Metroidvania,1761380,Otherworld Legends 战魂铭人,"Action, Indie, Metroidvania, RPG",,,,ChillyRoom,ChillyRoom,42.0,steamspy,549.0,False
Metroidvania,1087760,The Gunk,"Action, Adventure, Metroidvania, Platformer",,,,Image & Form Games,Thunderful Publishing,11.0,steamspy,514.0,False
Metroidvania,323220,Vagante,"Action, Adventure, Indie, Metroidvania, Platformer, RPG, Roguelike",,,,Nuke Nine,Nuke Nine,30.0,steamspy,499.0,False
Metroidvania,999020,Mega Man Zero/ZX Legacy Collection,"Action, Adventure, Metroidvania, Platformer, RPG",,,,"CAPCOM CO., LTD.","CAPCOM CO., LTD.",49.0,steamspy,498.0,False
Metroidvania,1716310,AWAKEN - Astral Blade,"Action, Adventure, Indie, Metroidvania, Platformer, RPG",,,,Dark Pigeon Games,ESDigital Games,10.0,steamspy,498.0,False
Metroidvania,1614440,Bō: Path of the Teal Lotus,"Action, Adventure, Metroidvania, Platformer",,,,"Squid Shock Studios, Christopher Stair, Trevor Youngquist",Humble Games,6.0,steamspy,495.0,False
Metroidvania,345820,Shantae and the Pirate's Curse,"Action, Adventure, Indie, Metroidvania, Platformer, RPG",,,,WayForward,WayForward,3.0,steamspy,483.0,False
Metroidvania,282530,Castlevania: Lords of Shadow – Mirror of Fate HD,"Action, Adventure, Horror, Metroidvania, Platformer",,,,MercurySteam,KONAMI,11.0,steamspy,469.0,False
Metroidvania,2523310,Lingo 2,"Adventure, Horror, Indie, Metroidvania, Puzzle",,,,Brenton Wildes,Brenton Wildes,9.0,steamspy,441.0,False
Metroidvania,861250,Cyber Shadow,"Action, Adventure, Indie, Metroidvania, Platformer",,,,"Aarne ""MekaSkull"" Hunziker",Yacht Club Games,1.0,steamspy,435.0,False
Metroidvania,3099000,Guns of Fury,"Action, Adventure, Indie, Metroidvania, Platformer, Shooter",,,,Gelato Games Ltd,Gelato Games Ltd,5.0,steamspy,419.0,False
Metroidvania,205730,Insanely Twisted Shadow Planet,"Action, Adventure, Indie, Metroidvania, Puzzle",,,,Shadow Planet Productions,Xbox Game Studios,0.0,steamspy,408.0,False
Metroidvania,1231880,"Haiku, the Robot","Action, Adventure, Metroidvania, Platformer",,,,Mister Morris Games,Mister Morris Games,11.0,steamspy,407.0,False
Metroidvania,1413870,Shadow Man Remastered,"Action, Adventure, Horror, Metroidvania, Platformer, Puzzle, Shooter",,,,"Nightdive Studios, Acclaim Studios Teesside",Nightdive Studios,5.0,steamspy,400.0,False
Metroidvania,339200,Oceanhorn: Monster of Uncharted Seas,"Action, Adventure, Indie, JRPG, Metroidvania, Puzzle, RPG",,,,Cornfox & Brothers Ltd.,Cornfox & Brothers Ltd.,2.0,steamspy,387.0,False
Metroidvania,368620,Timespinner,"Action, Adventure, Indie, Metroidvania, Platformer, RPG",,,,Lunar Ray Games,Chucklefish,3.0,steamspy,381.0,False
Metroidvania,537450,ReCore: Definitive Edition,"Action, Adventure, Metroidvania, Platformer, Shooter",,,,"Armature Studio, LLC, Comcept",Xbox Game Studios,3.0,steamspy,380.0,False
Metroidvania,311190,Super Panda Adventures,"Action, Adventure, Indie, Metroidvania, Platformer, RPG",,,,BlueEagle Productions,Paul Schneider,14.0,steamspy,368.0,False
Metroidvania,449610,Monster Boy and the Cursed Kingdom,"Action, Adventure, Indie, Metroidvania, Platformer, Puzzle",,,,Game Atelier,FDG Entertainment,6.0,steamspy,355.0,False
Metroidvania,2394650,Crypt Custodian,"Action, Adventure, Indie, Metroidvania, Platformer, Puzzle, RPG",,,,Kyle Thompson,"Kyle Thompson, Top Hat Studios, Inc., H2 Interactive Co., Ltd.",17.0,steamspy,351.0,False
Metroidvania,247240,Volgarr the Viking,"Action, Adventure, Indie, Metroidvania, Platformer",,,,Crazy Viking Studios,Crazy Viking Studios,2.0,steamspy,332.0,False
Metroidvania,361230,Super Daryl Deluxe,"Action, Adventure, Indie, Metroidvania, RPG",,,,Dan & Gary Games,Dan & Gary Games,1.0,steamspy,328.0,False
Metroidvania,277890,Shantae: Risky's Revenge - Director's Cut,"Action, Adventure, Indie, Metroidvania, Platformer",,,,WayForward,WayForward,2.0,steamspy,326.0,False
Metroidvania,1123450,Chicory: A Colorful Tale,"Adventure, Casual, Horror, Indie, Metroidvania, Puzzle, RPG",,,,"Wishes Ultd., Greg Lobanov, Alexis Dean-Jones, Lena Raine, Madeline Berger, A Shell in the Pit",Finji,29.0,steamspy,313.0,False
Metroidvania,1436590,Phoenotopia: Awakening,"Action, Adventure, Indie, JRPG, Metroidvania, Platformer, Puzzle, RPG",,,,Cape Cosmic,"Cape Cosmic, Flyhigh Works",9.0,steamspy,312.0,False
Metroidvania,2317640,JUMP KING QUEST,"Action, Adventure, Horror, Metroidvania, Platformer, RPG",,,,Nexile,Nexile,2.0,steamspy,310.0,False
Metroidvania,366320,Seasons after Fall,"Adventure, Indie, Metroidvania, Platformer, Puzzle",,,,Swing Swing Submarine,Focus Entertainment,2.0,steamspy,307.0,False
Metroidvania,1430220,BIOMORPH,"Action, Adventure, Metroidvania, Platformer, Simulation",,,,Lucid Dreams Studio,Lucid Dreams Studio,4.0,steamspy,302.0,False
Metroidvania,1402120,9 Years of Shadows,"Action, Adventure, Indie, Metroidvania, Platformer, RPG, Roguelike",,,,Halberd Studios,indie.io,13.0,steamspy,301.0,False
Metroidvania,1220150,Blue Fire,"Action, Adventure, Indie, Metroidvania, Platformer",,,,Robi Studios,Graffiti Games,6.0,steamspy,286.0,False
Metroidvania,844850,Tower Hunter: Erza's Trial,"Action, Adventure, Casual, Indie, Metroidvania, RPG, Roguelike",,,,IceSitruuna,IceSitruuna,2.0,steamspy,283.0,False
Metroidvania,334940,Yoku's Island Express,"Adventure, Casual, Indie, Metroidvania, Platformer, Puzzle",,,,Villa Gorilla,Team17 Digital Ltd,11.0,steamspy,281.0,False
Metroidvania,2851150,Tomba! Special Edition,"Action, Adventure, Metroidvania, Platformer",,,,Limited Run Games,Limited Run Games,2.0,steamspy,280.0,False
Metroidvania,318530,Wings of Vi,"Action, Adventure, Indie, Metroidvania, Platformer",,,,Grynsoft,Grynsoft,1.0,steamspy,277.0,False
Metroidvania,3088410,7th Domain:Tree of Chaos,"Action, Adventure, Indie, Metroidvania, RPG, Roguelike",,,,Lightimpact,Lightimpact,2.0,steamspy,274.0,False
Metroidvania,2386310,Ultros,"Action, Adventure, Metroidvania, Platformer",,,,Hadoque,Kepler Interactive,8.0,steamspy,272.0,False
Metroidvania,1802880,The Devil Within: Satgat,"Action, Adventure, Horror, Metroidvania, Platformer",,,,Newcore Games,"Newcore Games, Astrolabe Games",4.0,steamspy,266.0,False
Metroidvania,1173200,Metal Unit,"Action, Adventure, Indie, Metroidvania, RPG, Roguelike",,,,JellySnow Studio,NEOWIZ,14.0,steamspy,264.0,False
Metroidvania,1772830,Rusted Moss,"Action, Adventure, Indie, Metroidvania, Platformer, Shooter",,,,"faxdoc, happysquared, sunnydaze",PLAYISM,5.0,steamspy,252.0,False
Metroidvania,2023360,The Last Case of Benedict Fox Definitive Edition,"Action, Adventure, Metroidvania, Platformer",,,,Plot Twist,Plot Twist,1.0,steamspy,244.0,False
Metroidvania,1678430,PowerSlave Exhumed,"Action, Adventure, Horror, Metroidvania, Shooter",,,,"Nightdive Studios, Lobotomy Software","Nightdive Studios, Throwback Entertainment",2.0,steamspy,239.0,False
Metroidvania,1911360,Trinity Fusion,"Action, Indie, Metroidvania, Platformer, RPG, Roguelike",,,,Angry Mob Games,Angry Mob Games,2.0,steamspy,231.0,False
Metroidvania,1781260,Promenade,"Action, Adventure, Casual, Metroidvania, Platformer, Puzzle",,,,Holy Cap,Holy Cap,4.0,steamspy,228.0,False
Metroidvania,668550,8Doors: Arum's Afterlife Adventure,"Action, Adventure, Indie, Metroidvania, Platformer",,,,Rootless Studio,NEOWIZ,4.0,steamspy,225.0,False
Metroidvania,1649740,Hunt the Night,"Action, Adventure, Indie, Metroidvania, RPG",,,,Moonlight Games,DANGEN Entertainment,0.0,steamspy,221.0,False
Metroidvania,95300,Capsized,"Action, Adventure, Indie, Metroidvania, Platformer, Shooter",,,,Alientrap,Alientrap,0.0,steamspy,218.0,False
Metroidvania,3508770,Haydee 3,"Action, Metroidvania, Platformer, Puzzle, Shooter",,,,Haydee Interactive,Haydee Interactive,3.0,steamspy,204.0,False
Metroidvania,2070550,A Castle Full of Cats,"Adventure, Casual, Horror, Metroidvania, Puzzle",,,,Devcats,Devcats,9.0,steamspy,195.0,False
Metroidvania,1413660,Elderand,"Action, Adventure, Indie, Metroidvania, Platformer, RPG",,,,"Mantra, Sinergia Games",Graffiti Games,4.0,steamspy,194.0,False
Metroidvania,896520,Stay Out of the House,"Action, Horror, Indie, Metroidvania, Puzzle, Survival",,,,Puppet Combo,Puppet Combo,5.0,steamspy,181.0,False
Metroidvania,1315610,Source of Madness,"Action, Adventure, Metroidvania, RPG, Roguelike",,,,Carry Castle,Thunderful Publishing,4.0,steamspy,179.0,False
Metroidvania,1872680,The Knight Witch,"Action, Adventure, Card & Board, Metroidvania, Shooter",,,,Super Mega Team,Team17,5.0,steamspy,167.0,False
Metroidvania,814680,Unbound: Worlds Apart,"Action, Adventure, Indie, Metroidvania, Platformer",,,,Alien Pixel Studios,Alien Pixel Studios,1.0,steamspy,158.0,False
Metroidvania,2644360,Kingsgrave,"Action, Adventure, Metroidvania, Puzzle, RPG",,,,Egg or Chicken Games,Alawar,4.0,steamspy,156.0,False
Metroidvania,699670,Feudal Alloy,"Action, Adventure, Indie, Metroidvania, Platformer, RPG",,,,Attu Games,Attu Games,1.0,steamspy,156.0,False
Metroidvania,1669420,Islets,"Action, Adventure, Metroidvania, Platformer",,,,Kyle Thompson,Armor Games Studios,7.0,steamspy,149.0,False
Metroidvania,1311070,Greak: Memories of Azur,"Action, Adventure, Indie, Metroidvania, Platformer, Puzzle",,,,Navegante,Team17,3.0,steamspy,149.0,False
Metroidvania,1489410,Alice Escaped!,"Action, Adventure, Metroidvania, Platformer",,,,illuCalab,Sekai Project,0.0,steamspy,142.0,False
Metroidvania,1918450,HunterX,"Action, Adventure, Indie, Metroidvania, Platformer, RPG",,,,ORANGE POPCORN,ORANGE POPCORN,5.0,steamspy,140.0,False
Metroidvania,1517970,Aeterna Noctis,"Action, Adventure, Indie, Metroidvania, Platformer, Puzzle",,,,Aeternum Game Studios S.L,Aeternum Game Studios S.L,8.0,steamspy,128.0,False
Metroidvania,2769080,Kong: Survivor Instinct,"Action, Adventure, Horror, Indie, Metroidvania, Platformer, Survival",,,,7Levels,"7Levels, 4Divinity",1.0,steamspy,126.0,False
Metroidvania,946030,Axiom Verge 2,"Action, Adventure, Indie, Metroidvania, Platformer",,,,Thomas Happ Games LLC,Thomas Happ Games LLC,7.0,steamspy,124.0,False
Metroidvania,1018010,Castlevania Anniversary Collection,"Action, Adventure, Horror, Metroidvania, Platformer, RPG, Simulation",,,,KONAMI,KONAMI,25.0,steamspy,123.0,False
Metroidvania,1191660,Rebel Transmute,"Action, Adventure, Metroidvania, Platformer",,,,Fatal Fawn Games,JanduSoft,4.0,steamspy,118.0,False
Metroidvania,1286280,Pronty,"Action, Adventure, Metroidvania, Platformer",,,,"18Light Game Ltd., FunZone Games","18Light Game Ltd., CE-Asia, 樂磚 Joy Brick, Mayflower Entertainment",4.0,steamspy,114.0,False
Platformer,278360,A Story About My Uncle,"Action, Adventure, Casual, Indie, Platformer, Puzzle",,,,Gone North Games,Coffee Stain Publishing,11.0,steamspy,189049.0,False
Platformer,367520,Hollow Knight,"Action, Adventure, Indie, Metroidvania, Platformer",,,,Team Cherry,Team Cherry,14126.0,steamspy,95428.0,False
Platformer,203160,Tomb Raider,"Action, Adventure, Platformer, Puzzle, RPG, Shooter",,,,"Crystal Dynamics, Eidos-Montréal, Feral Interactive (Mac), Nixxes","Crystal Dynamics, Feral Interactive (Mac)",1187.0,steamspy,89494.0,False
Platformer,424840,Little Nightmares,"Action, Adventure, Horror, Indie, Platformer, Puzzle, Strategy, Survival",,,,Tarsier Studios,BANDAI NAMCO Entertainment,203.0,steamspy,77529.0,False
Platformer,1253920,Rogue Legacy 2,"Action, Adventure, Indie, Metroidvania, Platformer, RPG, Roguelike",,,,Cellar Door Games,Cellar Door Games,120.0,steamspy,22811.0,False
Platformer,2285150,The Front,"Massively Multiplayer, Platformer, RPG, Shooter, Simulation, Survival, Tower Defense",,,,Samar Studio,Samar Studio,411.0,steamspy,19524.0,False
Platformer,1147560,Skul: The Hero Slayer,"Action, Adventure, Indie, Metroidvania, Platformer, Roguelike",,,,SOUTHPAW GAMES,NEOWIZ,636.0,steamspy,18876.0,False
Platformer,1509960,PICO PARK,"Action, Casual, Horror, Indie, Platformer, Puzzle",,,,TECOPARK,TECOPARK,72.0,steamspy,16394.0,False
Platformer,2273430,BlazBlue Entropy Effect,"Action, Adventure, Indie, Platformer, Roguelike",,,,91Act,91Act,440.0,steamspy,11842.0,False
Platformer,860510,Little Nightmares II,"Action, Adventure, Horror, Indie, Platformer, Puzzle",,,,Tarsier Studios,BANDAI NAMCO Entertainment,324.0,steamspy,10484.0,False
Platformer,339610,Freestyle 2: Street Basketball,"Action, Casual, Massively Multiplayer, Platformer, Simulation, Sports, Strategy",,,,JOYCITY,JOYCITY,98.0,steamspy,10305.0,False
Platformer,1382330,Persona 5 Strikers,"Action, Adventure, JRPG, Platformer, RPG, Simulation",,,,ATLUS,SEGA,101.0,steamspy,8654.0,False
Platformer,1167630,Teardown,"Action, Indie, Platformer, Puzzle, Simulation",,,,Tuxedo Labs,Tuxedo Labs,1373.0,steamspy,8221.0,False
Platformer,241600,Rogue Legacy,"Action, Adventure, Indie, Metroidvania, Platformer, RPG, Roguelike",,,,Cellar Door Games,Cellar Door Games,19.0,steamspy,8049.0,False
Platformer,463220,Dungeon of Zolthan,"Action, Adventure, Indie, Metroidvania, Platformer",,,,Robert Alvarez,New Reality Games,0.0,steamspy,6356.0,False
Platformer,788100,Neon Abyss,"Action, Adventure, Platformer, RPG, Roguelike, Shooter",,,,Veewo Games,"Team17, Veewo Games",63.0,steamspy,6259.0,False
Platformer,260230,Valiant Hearts: The Great War / Soldats Inconnus : Mémoires de la Grande Guerre,"Action, Adventure, Indie, Platformer, Puzzle",,,,Ubisoft Montpellier,Ubisoft,9.0,steamspy,5683.0,False
Platformer,969990,SpongeBob SquarePants: Battle for Bikini Bottom - Rehydrated,"Action, Adventure, Casual, Platformer",,,,Purple Lamp,THQ Nordic,99.0,steamspy,5058.0,False
Platformer,3261010,East Trade Tycoon: Inheritance,"Casual, Platformer, Simulation",,,,PandaUpStudio,PandaUpStudio,19.0,steamspy,4951.0,False
Platformer,327030,Worms W.M.D,"Action, Adventure, Casual, Platformer, Shooter, Strategy",,,,Team17,Team17,124.0,steamspy,4613.0,False
Platformer,434530,Flobe,"Casual, Indie, Platformer, Puzzle, Strategy",,,,"Skinny Jean Death Studios, Porcelain Labs",Volens Nolens Games,1.0,steamspy,4016.0,False
Platformer,2525380,Tomb Raider IV-VI Remastered,"Action, Adventure, Platformer, Puzzle, Shooter",,,,"Aspyr, Crystal Dynamics",Aspyr,41.0,steamspy,3831.0,False
Platformer,953490,CARRION,"Action, Adventure, Horror, Indie, Metroidvania, Platformer, Puzzle",,,,Phobia Game Studio,Devolver Digital,53.0,steamspy,3730.0,False
Platformer,233980,UnEpic,"Action, Adventure, Indie, Metroidvania, Platformer, RPG",,,,@unepic_fran,Unepic Games,12.0,steamspy,3042.0,False
Platformer,1177980,"Little Kitty, Big City","Adventure, Indie, Platformer, Simulation",,,,Double Dagger Studio,Double Dagger Studio,98.0,steamspy,2936.0,False
Platformer,1794960,Sonic Origins,"Action, Adventure, Casual, Platformer",,,,Sonic Team,SEGA,46.0,steamspy,2648.0,False
Platformer,224760,FEZ,"Adventure, Casual, Indie, Metroidvania, Platformer, Puzzle",,,,Polytron Corporation,Trapdoor,16.0,steamspy,2526.0,False
Platformer,1533390,Gorilla Tag,"Action, Casual, Horror, Platformer, Survival",,,,Another Axiom Inc.,Another Axiom Inc.,448.0,steamspy,2491.0,False
Platformer,487700,Conan the mighty pig,"Action, Adventure, Horror, Indie, Platformer, Survival",,,,Mihai Morosanu,Mihai Morosanu,1.0,steamspy,2415.0,False
Platformer,514360,Freedom Fighter,"Action, Indie, Platformer, RPG",,,,Volens Nolens Games,Volens Nolens Games,2.0,steamspy,2329.0,False
Platformer,414920,Corgi Warlock,"Action, Adventure, Indie, Platformer",,,,Xander's Corgi Arcade,Xander's Corgi Arcade,0.0,steamspy,2247.0,False
Platformer,619700,Steel Rats,"Action, Indie, Platformer, Racing",,,,Tate Multimedia,Tate Multimedia,1.0,steamspy,2194.0,False
Platformer,572890,Pikuniku,"Action, Adventure, Casual, Indie, Platformer, Puzzle",,,,"Arnaud De Bock, Rémi Forcadell, Alan Zucconi, Calum Bowen",Devolver Digital,27.0,steamspy,2084.0,False
Platformer,1701520,Afterimage,"Action, Adventure, Metroidvania, Platformer, RPG",,,,Aurogon Shanghai,Maximum Entertainment,117.0,steamspy,2056.0,False
Platformer,225080,Brothers - A Tale of Two Sons,"Action, Adventure, Casual, Indie, Platformer, Puzzle",,,,Starbreeze Studios AB,505 Games,1.0,steamspy,2019.0,False
Platformer,1522870,Supraland Six Inches Under,"Action, Adventure, Metroidvania, Platformer, Puzzle, Shooter",,,,Supra Games,Supra Games,11.0,steamspy,1964.0,False
Platformer,1195290,Moncage,"Adventure, Casual, Indie, Platformer, Puzzle, Simulation",,,,Optillusion,XD,4.0,steamspy,1942.0,False
Platformer,641080,Trials Rising,"Platformer, Racing, Sports",,,,RedLynx,Ubisoft,22.0,steamspy,1750.0,False
Platformer,3218600,Game of Fate 2: A Century's Promise,"Adventure, Platformer, Puzzle, RPG, Simulation",,,,KARMAGAME HK LIMITED,EpicDream Games,6.0,steamspy,1668.0,False
Platformer,421170,Indivisible,"Action, Indie, JRPG, Metroidvania, Platformer, RPG",,,,Lab Zero Games,505 Games,5.0,steamspy,1627.0,False
Platformer,1592670,Soda Crisis,"Action, Platformer, Shooter",,,,Team Soda,bilibili,5.0,steamspy,1608.0,False
Platformer,978300,Saints Row: The Third Remastered,"Action, Adventure, Platformer, Shooter",,,,"Deep Silver Volition, Sperasoft",Deep Silver,122.0,steamspy,1542.0,False
Platformer,609320,FAR: Lone Sails,"Action, Adventure, Indie, Platformer, Puzzle, Survival",,,,Okomotive,Assemble Entertainment,15.0,steamspy,1437.0,False
Platformer,1233570,Mirror's Edge Catalyst,"Action, Adventure, Platformer, Puzzle",,,,DICE,Electronic Arts,25.0,steamspy,1427.0,False
Platformer,2458530,魔女的夜宴,"Adventure, Casual, Horror, Platformer, Visual Novel",,,,YUZUSOFT,HIKARI FIELD,98.0,steamspy,1362.0,False
Platformer,1149440,Dragon Marked For Death,"Action, Adventure, JRPG, Metroidvania, Platformer, RPG",,,,"INTI CREATES CO., LTD.","INTI CREATES CO., LTD.",21.0,steamspy,1344.0,False
Platformer,1578860,Billionaire Lovers,"Casual, Horror, Indie, Platformer, RPG, Visual Novel",,,,Ayacat Games,Ayacat Games,0.0,steamspy,1342.0,False
Platformer,219830,King Arthur's Gold,"Action, Indie, Platformer, Strategy",,,,Transhuman Design,Transhuman Design,2.0,steamspy,1294.0,False
Platformer,115800,Owlboy,"Action, Adventure, Indie, Metroidvania, Platformer, Puzzle",,,,D-Pad Studio,D-Pad Studio,5.0,steamspy,1287.0,False
Platformer,481510,Night in the Woods,"Adventure, Horror, Platformer, Visual Novel",,,,Infinite Fall,Finji,113.0,steamspy,1266.0,False
Platformer,3263320,Carry The Glass,"Action, Adventure, Casual, Platformer, Puzzle, Simulation",,,,"Çağatay Demir, Enes Kaplan",SlugShot Games,67.0,steamspy,1263.0,False
Platformer,242550,Rayman Legends,"Action, Adventure, Platformer",,,,Ubisoft Montpellier,Ubisoft,34.0,steamspy,1252.0,False
Platformer,611860,Aborigenus,"Action, Adventure, Indie, Platformer",,,,Flying Islands Team,Flying Islands Team,0.0,steamspy,1220.0,False
Platformer,435790,10 Second Ninja X,"Action, Casual, Indie, Platformer, Puzzle",,,,Four Circle Interactive,Curve Games,4.0,steamspy,1215.0,False
Platformer,720560,Vigil: The Longest Night,"Action, Adventure, Horror, Metroidvania, Platformer, RPG",,,,Glass Heart Games,Glass Heart Games,7.0,steamspy,1146.0,False
Platformer,1306630,Lost Ruins,"Action, Adventure, Horror, Metroidvania, Platformer, Survival",,,,ALTARI GAMES,DANGEN Entertainment,6.0,steamspy,1139.0,False
Platformer,95400,ibb & obb,"Action, Adventure, Casual, Horror, Indie, Platformer, Puzzle",,,,"Sparpweed, Codeglue",Sparpweed,18.0,steamspy,1073.0,False
Platformer,2500750,Only Climb: Better Together,"Action, Adventure, Casual, Platformer, Simulation",,,,Exbyte Studios,Exbyte Studios,168.0,steamspy,1034.0,False
Platformer,346120,Boring Man - Online Tactical Stickman Combat,"Action, Indie, Massively Multiplayer, Platformer, Shooter, Survival",,,,Spasman Games,Spasman Games,9.0,steamspy,1002.0,False
Platformer,1333200,Song of Nunu: A League of Legends Story,"Action, Adventure, Indie, Platformer, Puzzle, RPG, Simulation",,,,Tequila Works,Riot Forge,1.0,steamspy,992.0,False
Platformer,523670,Adventures Of Fluzz,"Action, Adventure, Casual, Indie, Platformer",,,,TopArcadeApps,Volens Nolens Games,0.0,steamspy,984.0,False
Platformer,1051200,Trover Saves the Universe,"Action, Adventure, Horror, Indie, Platformer",,,,"Squanch Games, Inc.","Squanch Games, Inc.",0.0,steamspy,951.0,False
Platformer,393520,Iconoclasts,"Action, Adventure, Indie, Metroidvania, Platformer, Puzzle",,,,Joakim Sandberg,"Bifrost Entertainment, DANGEN Entertainment, Gamirror Games, INTRAGAMES CO., LTD.",7.0,steamspy,924.0,False
Platformer,2703850,Rooftops & Alleys: The Parkour Game,"Action, Indie, Platformer, Simulation, Sports",,,,MLMEDIA,"MLMEDIA, Radical Theory, Shine Group",21.0,steamspy,916.0,False
Platformer,1983710,Dungeon Village 2,"Casual, City Builder, Platformer, RPG, Simulation, Strategy",,,,"Kairosoft Co., Ltd","Kairosoft Co., Ltd",54.0,steamspy,911.0,False
Platformer,2835110,Sea Fantasy,"Action, Adventure, JRPG, Platformer, RPG, Survival",,,,METASLA,METASLA,9.0,steamspy,903.0,False
Platformer,1352930,HAAK,"Action, Adventure, Indie, Metroidvania, Platformer, Puzzle, RPG",,,,Blingame,OKJOY,13.0,steamspy,895.0,False
Platformer,976890,Hidden Deep,"Action, Adventure, Horror, Platformer, Puzzle, Shooter",,,,Cogwheel Software,Daedalic Entertainment,15.0,steamspy,891.0,False
Platformer,200010,Quantum Conundrum,"Adventure, Casual, Platformer, Puzzle, Strategy",,,,Airtight Games,Square Enix,2.0,steamspy,842.0,False
Platformer,457210,SEUM: Speedrunners from Hell,"Action, Horror, Indie, Platformer, Puzzle, Racing",,,,Pine Studio,Pine Studio,3.0,steamspy,841.0,False
Platformer,1203630,Record of Lodoss War-Deedlit in Wonder Labyrinth-,"Action, Adventure, Indie, Metroidvania, Platformer, RPG",,,,"Team Ladybug, WSS playground","WSS playground, PLAYISM",10.0,steamspy,833.0,False
Platformer,217200,Worms Armageddon,"Action, Adventure, Platformer, Strategy",,,,Team17 Digital Ltd,Team17 Digital Ltd,93.0,steamspy,826.0,False
Platformer,611350,Evil Tag,"Action, Horror, Indie, Massively Multiplayer, Platformer, Racing, Sports, Survival",,,,HFM Games,HFM Games,0.0,steamspy,820.0,False
Platformer,235210,STRIDER / ストライダー飛竜,"Action, Adventure, Metroidvania, Platformer",,,,"Double Helix Games, Capcom",Capcom,7.0,steamspy,809.0,False
Platformer,230700,La-Mulana,"Action, Adventure, Indie, Metroidvania, Platformer, Puzzle, RPG",,,,NIGORO,PLAYISM,7.0,steamspy,794.0,False
Platformer,218060,BIT.TRIP Presents... Runner2: Future Legend of Rhythm Alien,"Action, Casual, Indie, Platformer",,,,Gaijin Games,"Gaijin Games, Choice Provisions",5.0,steamspy,772.0,False
Platformer,2761610,Creator of Another World,"Indie, Platformer, RPG",,,,kuetaro (くえたろう),kuetaro (くえたろう),7.0,steamspy,753.0,False
Platformer,2273880,Arms Evolution: ZOMBIE DESTROYER,"Casual, Platformer, Strategy, Survival, Tower Defense",,,,Ash Game Studio,LP Game,0.0,steamspy,742.0,False
Platformer,322110,20XX,"Action, Indie, Platformer, Roguelike",,,,"Batterystaple Games, Fire Hose Games",Batterystaple Games,7.0,steamspy,701.0,False
Platformer,323320,Grow Home,"Adventure, Casual, Indie, Platformer",,,,"Reflections, a Ubisoft Studio","Atari, Infogrames",4.0,steamspy,693.0,False
Platformer,264730,Deadly 30,"Action, Horror, Indie, Platformer, Shooter, Survival, Tower Defense",,,,Ignatus Zuk and Gonzalo Villagomez,Ignatus Zuk and Gonzalo Villagomez,0.0,steamspy,677.0,False
Platformer,1776970,月に寄りそう乙女の作法,"Adventure, Casual, Platformer, Visual Novel",,,,Navel,HIKARI FIELD,28.0,steamspy,676.0,False
Platformer,249870,Scribblenauts Unmasked: A DC Comics Adventure,"Action, Adventure, Casual, Platformer, Puzzle, Strategy",,,,5th Cell Media,Warner Bros. Interactive Entertainment,8.0,steamspy,628.0,False
Platformer,843200,Alien Hominid Invasion,"Action, Casual, Platformer, RPG, Roguelike",,,,The Behemoth,The Behemoth,6.0,steamspy,625.0,False
Platformer,1429500,Frontier Hunter: Erza’s Wheel of Fortune,"Action, Adventure, JRPG, Metroidvania, Platformer, RPG",,,,IceSitruuna,IceSitruuna,10.0,steamspy,608.0,False
Platformer,785790,WHAT THE GOLF?,"Action, Adventure, Casual, Indie, Platformer, Puzzle, Simulation",,,,Triband,Triband,11.0,steamspy,605.0,False
Platformer,71250,Sonic Adventure DX,"Action, Adventure, Platformer, Racing",,,,SEGA,SEGA,94.0,steamspy,586.0,False
Platformer,227600,Castle of Illusion,"Adventure, Casual, Platformer",,,,SEGA Studios Australia,SEGA,11.0,steamspy,579.0,False
Platformer,2717880,The Rogue Prince of Persia,"Action, Adventure, Platformer, Roguelike",,,,Evil Empire,Ubisoft,13.0,steamspy,547.0,False
Platformer,242820,140,"Action, Casual, Indie, Platformer, Puzzle",,,,Carlsen Games,Carlsen Games,1.0,steamspy,540.0,False
Platformer,212800,Super Crate Box,"Action, Indie, Platformer, Shooter",,,,Vlambeer,Vlambeer,4.0,steamspy,523.0,False
Platformer,230270,N++ (NPLUSPLUS),"Action, Indie, Platformer, Puzzle",,,,Metanet Software Inc.,Metanet Software Inc.,47.0,steamspy,511.0,False
Platformer,1114940,I Wanna Maker,"Action, Adventure, Casual, Indie, Platformer",,,,The Elephant Crew,The Elephant Crew,27.0,steamspy,508.0,False
Platformer,1265780,The Lord of the Rings: Gollum,"Action, Adventure, Platformer, Puzzle, RPG",,,,Daedalic Entertainment,"Daedalic Entertainment, Nacon",1.0,steamspy,502.0,False
Platformer,1983260,Dungeons of Hinterberg,"Action, Adventure, Indie, Platformer, Puzzle, RPG",,,,Microbird Games,Curve Games,31.0,steamspy,486.0,False
Platformer,394970,DEADBOLT,"Action, Horror, Indie, Platformer, Shooter, Strategy",,,,Hopoo Games,Hopoo Games,4.0,steamspy,478.0,False
Platformer,363440,Mega Man Legacy Collection,"Action, Platformer, Shooter",,,,Capcom,Capcom,42.0,steamspy,466.0,False
Platformer,2286770,Paper Bride 4 Bound Love,"Adventure, Casual, Horror, Platformer, Puzzle, RPG, Visual Novel",,,,HeartBeat Plus,HeartBeat Plus,2.0,steamspy,447.0,False
Platformer,331870,AER Memories of Old,"Adventure, Casual, Indie, Platformer, Puzzle",,,,Forgotten Key,Daedalic Entertainment,2.0,steamspy,440.0,False
Platformer,591420,Zup! 4,"Action, Casual, Horror, Indie, Platformer, Puzzle, Racing, Survival",,,,Quiet River,Quiet River,1.0,steamspy,435.0,False
Platformer,8140,Tomb Raider: Underworld,"Action, Adventure, Platformer, Puzzle, Shooter",,,,Crystal Dynamics,Crystal Dynamics,17.0,steamspy,413.0,False
Platformer,463270,Ghost 1.0,"Action, Adventure, Indie, Metroidvania, Platformer",,,,@unepic_fran,Unepic Games,0.0,steamspy,409.0,False
Platformer,2567190,Otome Riron to Sono Shuuhen -École de Paris-,"Adventure, Casual, Platformer, Visual Novel",,,,Navel,HIKARI FIELD,12.0,steamspy,382.0,False
Platformer,1747650,The Darkest Tales — Into the Nightmare,"Action, Adventure, Metroidvania, Platformer",,,,Trinity Team,101XP,1.0,steamspy,374.0,False
Platformer,1923680,Mega Mall Story,"Casual, City Builder, Platformer, RPG, Simulation, Strategy",,,,"Kairosoft Co., Ltd","Kairosoft Co., Ltd",4.0,steamspy,360.0,False
Platformer,792710,Levelhead,"Action, Adventure, Platformer, Puzzle",,,,Butterscotch Shenanigans,Butterscotch Shenanigans,8.0,steamspy,353.0,False
Platformer,1702180,Goat's Tale (Classic),"Action, Adventure, Horror, Indie, Platformer, Puzzle",,,,FoxSox Games,FoxLoaf Games,0.0,steamspy,351.0,False
Platformer,269670,BADLAND: Game of the Year Edition,"Action, Adventure, Casual, Indie, Platformer, Puzzle, Survival",,,,Frogmind,Frogmind,5.0,steamspy,334.0,False
Platformer,2427100,Cafe Master Story,"Casual, City Builder, Platformer, Simulation, Strategy",,,,"Kairosoft Co., Ltd","Kairosoft Co., Ltd",4.0,steamspy,298.0,False
Platformer,1133590,Stilt Fella,"Action, Casual, Indie, Platformer, Simulation",,,,September Games,September Games,0.0,steamspy,292.0,False
Platformer,224820,Super House of Dead Ninjas,"Action, Adventure, Indie, Platformer, Roguelike",,,,Megadev,Bitmap Bureau,2.0,steamspy,282.0,False
Platformer,1130410,Cyber Hook,"Action, Indie, Platformer, Racing, Shooter",,,,Blazing Stick,Graffiti Games,7.0,steamspy,267.0,False
Platformer,2022180,Miss Neko 3,"Action, Adventure, Casual, Horror, Platformer, Puzzle",,,,Double W,Toffee Cafe,5.0,steamspy,266.0,False
Platformer,35000,Mini Ninjas,"Action, Adventure, Casual, Platformer",,,,IO Interactive,Square Enix,2.0,steamspy,254.0,False
Platformer,969760,Omno,"Action, Adventure, Indie, Platformer, Puzzle",,,,Studio Inkyfox,"Future Friends Games, StudioInkyfox",1.0,steamspy,251.0,False
Platformer,3561770,イル・ドー,"Adventure, Indie, Platformer, RPG, Simulation",,,,あとらそふと,あとらそふと,4.0,steamspy,250.0,False
Platformer,1116580,Shady Part of Me,"Adventure, Casual, Horror, Indie, Platformer, Puzzle",,,,Douze Dixièmes,Focus Entertainment,6.0,steamspy,247.0,False
Platformer,1947950,Boxing Gym Story,"Casual, City Builder, Indie, Platformer, Simulation, Sports, Strategy",,,,"Kairosoft Co., Ltd","Kairosoft Co., Ltd",1.0,steamspy,245.0,False
Platformer,1955230,Penny’s Big Breakaway,"Adventure, Indie, Platformer",,,,Evening Star,Private Division,3.0,steamspy,228.0,False
Platformer,1921780,The Sushi Spinnery,"Casual, City Builder, Indie, Platformer, RPG, Simulation, Strategy",,,,"Kairosoft Co., Ltd","Kairosoft Co., Ltd",19.0,steamspy,225.0,False
Platformer,1155650,Shady Knight,"Action, Fighting, Platformer, Shooter",,,,Alexey 'cptnsigh',Alexey 'cptnsigh',10.0,steamspy,225.0,False
Platformer,2348100,"YEAH! YOU WANT ""THOSE GAMES,"" RIGHT? SO HERE YOU GO! NOW, LET'S SEE YOU CLEAR THEM!","Casual, Platformer, Puzzle",,,,MONKEYCRAFT Co. Ltd.,D3PUBLISHER,7.0,steamspy,220.0,False
Platformer,233530,Wake,"Action, Indie, Metroidvania, Platformer",,,,Boss Baddie,Boss Baddie,0.0,steamspy,197.0,False
Platformer,2543760,Shadow of the Ninja - Reborn,"Action, Adventure, Platformer, RPG",,,,NatsumeAtari,"NatsumeAtari, Edigger, ININ",2.0,steamspy,187.0,False
Platformer,1924430,Cookie Cutter: Overkill Edition,"Action, Adventure, Indie, Metroidvania, Platformer, RPG",,,,Subcult Joint LTD,Subcult Joint LTD,7.0,steamspy,179.0,False
Platformer,1740300,Smushi Come Home,"Adventure, Casual, Indie, Platformer",,,,SomeHumbleOnion,Mooneye Studios,6.0,steamspy,178.0,False
Platformer,2073910,A Webbing Journey,"Adventure, Platformer, Puzzle, Simulation",,,,Fire Totem Games,"Future Friends Games, Fire Totem Games",24.0,steamspy,173.0,False
Platformer,2647820,Ad Fundum,"Adventure, Casual, Platformer, Puzzle, RPG, Simulation",,,,Oldbut Gold,Oldbut Gold,0.0,steamspy,169.0,False
Platformer,1040430,Adventure Climb VR,"Action, Adventure, Casual, Platformer, Puzzle, Simulation, Sports",,,,MXTreality,MXTreality,1.0,steamspy,164.0,False
Platformer,2231190,Magical Delicacy,"Adventure, Metroidvania, Platformer, RPG",,,,Skaule,Whitethorn Games,4.0,steamspy,158.0,False
Platformer,1626890,坏小孩,"Adventure, Indie, Platformer, Puzzle, Visual Novel",,,,WildMonkey,"WildMonkey, Gamirror Games",0.0,steamspy,155.0,False
Platformer,13500,Prince of Persia: Warrior Within,"Action, Adventure, Platformer, Puzzle",,,,Ubisoft,Ubisoft,21.0,steamspy,155.0,False
Platformer,845880,Touhou: Scarlet Curiosity,"Action, Adventure, Indie, JRPG, Platformer, RPG",,,,Ankake Spa,"XSEED Games, Marvelous USA, Inc.",2.0,steamspy,154.0,False
Platformer,1307690,The Darkest Tales,"Action, Adventure, Horror, Metroidvania, Platformer",,,,Trinity Team,101XP,1.0,steamspy,143.0,False
Platformer,2119680,Tropical Resort Story,"Casual, City Builder, Indie, Platformer, Simulation, Strategy",,,,"Kairosoft Co., Ltd","Kairosoft Co., Ltd",4.0,steamspy,142.0,False
Platformer,600130,Valfaris,"Action, Horror, Indie, Metroidvania, Platformer",,,,Steel Mantis,Silver Lining Interactive,4.0,steamspy,142.0,False
Platformer,267490,Batman: Arkham Origins Blackgate - Deluxe Edition,"Action, Adventure, Metroidvania, Platformer",,,,"Armature Studio, LLC",WB Games,2.0,steamspy,141.0,False
Platformer,1167680,Orbital Bullet – The 360° Rogue-lite,"Action, Indie, Platformer, Roguelike",,,,SmokeStab,"Assemble Entertainment, WhisperGames, Mayflower Entertainment",0.0,steamspy,123.0,False
Platformer,1800940,The Enjenir: The Engineering Physics Building Simulator,"Action, Indie, Platformer, Puzzle, Simulation",,,,PeatyTurf,PeatyTurf,4.0,steamspy,121.0,False
Platformer,3050220,THE KING OF FIGHTERS XIII GLOBAL MATCH,"Action, Platformer",,,,SAFARI GAMES,SNK CORPORATION,30.0,steamspy,119.0,False
Platformer,2347380,Witch's Garden,"Adventure, Casual, Platformer, Visual Novel",,,,Windmill Oasis,HIKARI FIELD,1.0,steamspy,116.0,False
Platformer,2263920,Multiplayer Platform Golf,"Casual, Indie, Platformer, Sports",,,,Robot Assembly,Robot Assembly,5.0,steamspy,113.0,False
Platformer,233510,Lunnye Devitsy,"Action, Adventure, Casual, Metroidvania, Platformer, Puzzle",,,,Boss Baddie,Boss Baddie,0.0,steamspy,111.0,False
Platformer,1883370,PEPPERED: an existential platformer,"Action, Adventure, Platformer, Puzzle",,,,Mostly Games,"Mostly Games, Black Soup",0.0,steamspy,108.0,False
Platformer,1898500,Worldless,"Action, Adventure, Metroidvania, Platformer, RPG, Strategy",,,,Noname Studios,Coatsink,10.0,steamspy,105.0,False
Platformer,13530,Prince of Persia: The Two Thrones,"Action, Adventure, Platformer",,,,Ubisoft Montreal,Ubisoft,10.0,steamspy,104.0,False
Platformer,1842690,Station Manager,"Casual, City Builder, Indie, Platformer, Simulation, Strategy",,,,"Kairosoft Co., Ltd","Kairosoft Co., Ltd",8.0,steamspy,103.0,False
Platformer,3334660,Winion Virus,"Horror, Indie, Platformer, Simulation, Visual Novel",,,,Dawntown Studio,Dawntown Studio,2.0,steamspy,100.0,False
Platformer,3223390,BLACKSHARD,"Adventure, Platformer",,,,"Redlock Studio, Enclave","Redlock Studio, Plug In Digital",1.0,steamspy,100.0,False
Platformer,216290,Gateways,"Indie, Metroidvania, Platformer, Puzzle",,,,Smudged Cat Games Ltd,Smudged Cat Games Ltd,0.0,steamspy,100.0,False
Puzzle,490220,Prismata,"Card & Board, Indie, Puzzle, Simulation, Strategy",,,,Lunarch Studios,Lunarch Studios,14.0,steamspy,121154.0,False
Puzzle,882790,Fate Seeker,"Action, Adventure, Puzzle, RPG",,,,JSL Entertainment,"JSL Entertainment, Phoenix Game",14.0,steamspy,16334.0,False
Puzzle,641990,The Escapists 2,"Action, Indie, Puzzle, Simulation, Strategy",,,,"Team17, Mouldy Toof Studios",Team17,148.0,steamspy,11156.0,False
Puzzle,1127500,Mini Motorways,"Casual, City Builder, Indie, Puzzle, Simulation, Strategy",,,,Dinosaur Polo Club,Dinosaur Polo Club,364.0,steamspy,9914.0,False
Puzzle,835960,The Talos Principle 2,"Action, Adventure, Platformer, Puzzle",,,,Croteam,Devolver Digital,137.0,steamspy,7258.0,False
Puzzle,1289310,Helltaker,"Adventure, Indie, Puzzle, Visual Novel",,,,vanripper,vanripper,43.0,steamspy,6489.0,False
Puzzle,1592190,BONELAB,"Action, Adventure, Indie, Puzzle, Shooter",,,,Stress Level Zero,Stress Level Zero,193.0,steamspy,5616.0,False
Puzzle,1097200,Twelve Minutes,"Adventure, Indie, Puzzle",,,,Luis Antonio,Annapurna Interactive,7.0,steamspy,4996.0,False
Puzzle,623940,HIVESWAP: ACT 1,"Adventure, Horror, Indie, Puzzle, RPG",,,,"What Pumpkin Games, Inc.","What Pumpkin Games, Inc.",6.0,steamspy,4718.0,False
Puzzle,320300,Car Mechanic Simulator 2015,"Action, Casual, Puzzle, Racing, Simulation",,,,Red Dot Games,PlayWay S.A.,14.0,steamspy,4326.0,False
Puzzle,257510,The Talos Principle,"Action, Adventure, Indie, Puzzle, Simulation",,,,Croteam,"Devolver Digital, Croteam",81.0,steamspy,3977.0,False
Puzzle,2291850,Underground Blossom,"Adventure, Horror, Indie, Puzzle",,,,Rusty Lake,Rusty Lake,21.0,steamspy,3916.0,False
Puzzle,304430,INSIDE,"Action, Adventure, Horror, Indie, Platformer, Puzzle",,,,Playdead,Playdead,93.0,steamspy,3840.0,False
Puzzle,236450,PAC-MAN Championship Edition DX+,"Action, Casual, Puzzle, Strategy",,,,"Mine Loader Software Co., Ltd.",BANDAI NAMCO Entertainment,9.0,steamspy,3692.0,False
Puzzle,389270,Through Abandoned: The Underground City,"Adventure, Casual, Indie, Puzzle",,,,Igor Krutov,Conglomerate 5,128.0,steamspy,3552.0,False
Puzzle,289690,LARA CROFT AND THE TEMPLE OF OSIRIS,"Action, Adventure, Platformer, Puzzle, RPG, Shooter",,,,Crystal Dynamics,Crystal Dynamics,5.0,steamspy,3399.0,False
Puzzle,232790,Broken Age,"Adventure, Casual, Indie, Puzzle",,,,Double Fine Productions,Double Fine Productions,9.0,steamspy,3134.0,False
Puzzle,1109570,Word Game,"Adventure, JRPG, Puzzle, RPG, Strategy",,,,Team9,"Team9, indienova",2.0,steamspy,2682.0,False
Puzzle,415960,Energy Cycle,"Casual, Indie, Puzzle",,,,Sometimes You,Sometimes You,0.0,steamspy,2575.0,False
Puzzle,502400,Redactem,"Action, Casual, Indie, Platformer, Puzzle, Strategy",,,,Elliott Jones,Conglomerate 5,0.0,steamspy,2558.0,False
Puzzle,2716400,The Rise of the Golden Idol,"Adventure, Puzzle",,,,Color Gray Games,Playstack,143.0,steamspy,2392.0,False
Puzzle,12900,AudioSurf,"Casual, Indie, Puzzle, Racing",,,,Dylan Fitterer,,16.0,steamspy,2286.0,False
Puzzle,437180,Chill the Piro,"Action, Casual, Indie, Platformer, Puzzle",,,,"Sergey Marchenko, Vyacheslav Ozolnieks",Sergey Marchenko,0.0,steamspy,2254.0,False
Puzzle,464340,Syberia 3,"Adventure, Puzzle",,,,Microids,Microids,3.0,steamspy,2119.0,False
Puzzle,221260,Little Inferno,"Adventure, Casual, Indie, Puzzle",,,,Tomorrow Corporation,Tomorrow Corporation,18.0,steamspy,2060.0,False
Puzzle,3028500,Cakey's Twisted Bakery,"Action, Adventure, Horror, Puzzle",,,,TinyMindz,TinyMindz,16.0,steamspy,2036.0,False
Puzzle,1157340,Hentai Killer,"Action, Adventure, Casual, Indie, Massively Multiplayer, Puzzle",,,,PlatSTUDIO,"PlatSTUDIO, AFBIK Studio",1.0,steamspy,2008.0,False
Puzzle,1062160,Poly Bridge 2,"Indie, Puzzle, Simulation, Strategy",,,,Dry Cactus,Dry Cactus,54.0,steamspy,1852.0,False
Puzzle,413420,Danganronpa 2: Goodbye Despair,"Adventure, Horror, Puzzle, Visual Novel",,,,"Spike Chunsoft Co., Ltd., Abstraction Games","Spike Chunsoft Co., Ltd.",224.0,steamspy,1848.0,False
Puzzle,653530,Return of the Obra Dinn,"Adventure, Horror, Indie, Puzzle",,,,Lucas Pope,3909,124.0,steamspy,1766.0,False
Puzzle,684410,Bridge Constructor Portal,"Casual, Indie, Puzzle, Simulation, Strategy",,,,ClockStone,Headup,18.0,steamspy,1720.0,False
Puzzle,321150,Melissa K. and the Heart of Gold Collector's Edition,"Adventure, Casual, Indie, Puzzle",,,,SDP Games,KISS ltd,0.0,steamspy,1586.0,False
Puzzle,2495050,Merge Adventure: Magic Dragons,"Adventure, Casual, Puzzle",,,,Neverest Games,Neverest Games,46.0,steamspy,1577.0,False
Puzzle,1931770,Chants of Sennaar,"Action, Adventure, Indie, Platformer, Puzzle",,,,Rundisc,Focus Entertainment,106.0,steamspy,1570.0,False
Puzzle,1436700,Trine 5: A Clockwork Conspiracy,"Action, Adventure, Platformer, Puzzle, RPG",,,,Frozenbyte,THQ Nordic,32.0,steamspy,1554.0,False
Puzzle,897330,Coloring Pixels,"Casual, Indie, Puzzle",,,,ToastieLabs,ToastieLabs,435.0,steamspy,1535.0,False
Puzzle,34900,Bad Rats: the Rats' Revenge,"Indie, Puzzle, Shooter",,,,Invent4 Entertainment,Strategy First,5.0,steamspy,1526.0,False
Puzzle,736260,Baba Is You,"Casual, Indie, Puzzle, Strategy",,,,Hempuli Oy,Hempuli Oy,158.0,steamspy,1493.0,False
Puzzle,1624540,Storyteller,"Adventure, Casual, Puzzle, Visual Novel",,,,Daniel Benmergui,Annapurna Interactive,28.0,steamspy,1475.0,False
Puzzle,1967430,Ghost Trick: Phantom Detective,"Action, Adventure, Puzzle, Visual Novel",,,,"CAPCOM Co., Ltd.","CAPCOM Co., Ltd.",22.0,steamspy,1459.0,False
Puzzle,314660,Oddworld: New 'n' Tasty,"Action, Adventure, Indie, Platformer, Puzzle",,,,"Just Add Water (Developments), Ltd.","Oddworld Inhabitants, Inc.",4.0,steamspy,1430.0,False
Puzzle,546050,Puyo PuyoTetris,"Action, Casual, Fighting, Puzzle",,,,"Sonic Team, Bitbaboon",SEGA,12.0,steamspy,1355.0,False
Puzzle,744190,Rusty Lake Paradise,"Adventure, Horror, Indie, Puzzle",,,,Rusty Lake,Rusty Lake,55.0,steamspy,1336.0,False
Puzzle,948900,macdows 95,"Adventure, Casual, Indie, Puzzle, Simulation",,,,Yunus Ayyildiz,Yunus Ayyildiz,0.0,steamspy,1215.0,False
Puzzle,1361320,The Room 4: Old Sins,"Adventure, Casual, Horror, Indie, Puzzle",,,,Fireproof Games,Fireproof Games,42.0,steamspy,1165.0,False
Puzzle,1672670,彷徨之街 The Street of Adrift,"Adventure, Casual, Indie, Puzzle, Strategy, Visual Novel",,,,Caramel-Mocha Studio,LoveStoryProject,2.0,steamspy,1096.0,False
Puzzle,502150,Interstellar Logistics Inc,"Casual, Puzzle",,,,Exalted Guy Interactive,Exalted Guy Interactive,0.0,steamspy,1009.0,False
Puzzle,359310,Evoland 2,"Action, Adventure, Indie, JRPG, Platformer, Puzzle, RPG",,,,Shiro Games,Shiro Games,6.0,steamspy,1004.0,False
Puzzle,1791590,Sunset Hills,"Adventure, Casual, Indie, Puzzle, RPG, Visual Novel",,,,Cotton Game,"Cotton Game, Asmik Ace, Inc.",4.0,steamspy,950.0,False
Puzzle,437920,Tricky Towers,"Casual, Puzzle, Strategy",,,,WeirdBeard,WeirdBeard,54.0,steamspy,936.0,False
Puzzle,469610,Rick and Morty: Virtual Rick-ality,"Adventure, Horror, Indie, Puzzle, Simulation",,,,Owlchemy Labs,Adult Swim Games,7.0,steamspy,926.0,False
Puzzle,585450,Shadows: Awakening,"Action, Adventure, Puzzle, RPG",,,,Games Farm,Kalypso Media,1.0,steamspy,902.0,False
Puzzle,359810,Hare In The Hat,"Adventure, Casual, Indie, Puzzle",,,,RunServer,RunServer,0.0,steamspy,870.0,False
Puzzle,532110,Rusty Lake: Roots,"Adventure, Casual, Horror, Indie, Puzzle",,,,Rusty Lake,Rusty Lake,68.0,steamspy,868.0,False
Puzzle,1262350,SIGNALIS,"Action, Adventure, Horror, Puzzle, Shooter, Survival",,,,rose-engine,Humble Games,144.0,steamspy,862.0,False
Puzzle,1444480,Turing Complete,"Horror, Puzzle, Simulation",,,,LevelHead,LevelHead,77.0,steamspy,769.0,False
Puzzle,1511780,Last Call BBS,"Card & Board, Casual, Puzzle, Simulation",,,,Zachtronics,Zachtronics,33.0,steamspy,758.0,False
Puzzle,1141580,Taiji,"Adventure, Casual, Puzzle",,,,Matthew VanDevander,Matthew VanDevander,4.0,steamspy,733.0,False
Puzzle,1522160,Disney Epic Mickey: Rebrushed,"Action, Adventure, Platformer, Puzzle",,,,Purple Lamp,THQ Nordic,28.0,steamspy,726.0,False
Puzzle,1145960,The White Door,"Adventure, Horror, Indie, Puzzle",,,,Rusty Lake,Second Maze,17.0,steamspy,717.0,False
Puzzle,762830,Telling Lies,"Adventure, Indie, Puzzle, Simulation",,,,"Sam Barlow, Half Mermaid, Furious Bee Limited",Annapurna Interactive,1.0,steamspy,677.0,False
Puzzle,322970,Subject 13,"Adventure, Indie, Puzzle",,,,Paul Cuisset,Microids,0.0,steamspy,674.0,False
Puzzle,205650,The Testament of Sherlock Holmes,"Adventure, Puzzle",,,,Frogwares,Frogwares,8.0,steamspy,655.0,False
Puzzle,1677770,The Case of the Golden Idol,"Adventure, Puzzle",,,,Color Gray Games,Playstack,136.0,steamspy,587.0,False
Puzzle,1186640,Pumpkin Jack,"Action, Adventure, Casual, Indie, Platformer, Puzzle",,,,Evil Raptor,"Headup, Beep Japan",19.0,steamspy,585.0,False
Puzzle,290280,Volt,"Action, Indie, Platformer, Puzzle",,,,Quantized Bit,Quantized Bit,1.0,steamspy,580.0,False
Puzzle,452570,Battle Chef Brigade Deluxe,"Action, Adventure, Indie, Puzzle, RPG",,,,Trinket Studios,Trinket Studios,5.0,steamspy,524.0,False
Puzzle,913550,I wanna be the Creator,"Action, Adventure, Horror, Indie, Platformer, Puzzle",,,,Aikesi,HeyBox Games,21.0,steamspy,503.0,False
Puzzle,850320,PHOGS!,"Adventure, Casual, Indie, Platformer, Puzzle",,,,Bit Loom Games,Coatsink,2.0,steamspy,483.0,False
Puzzle,435030,Lost Lands: Mahjong,"Adventure, Card & Board, Casual, Puzzle",,,,FIVE-BN GAMES,FIVE-BN GAMES,29.0,steamspy,443.0,False
Puzzle,1608230,Planet of Lana,"Action, Adventure, Casual, Indie, Platformer, Puzzle",,,,Wishfully,Thunderful Publishing,15.0,steamspy,443.0,False
Puzzle,1138850,Heavenly Bodies,"Action, Adventure, Indie, Platformer, Puzzle, Simulation",,,,2pt Interactive,"2pt Interactive, Team17",7.0,steamspy,442.0,False
Puzzle,878750,Hentai Girl,"Casual, Horror, Indie, Puzzle",,,,GirlGames,GirlGames,5.0,steamspy,426.0,False
Puzzle,2264140,How 2 Escape,"Adventure, Casual, Puzzle",,,,Breakfirst Games,"Maximum Entertainment, Breakfirst Games",5.0,steamspy,423.0,False
Puzzle,848350,Katamari Damacy REROLL,"Action, Casual, Puzzle",,,,MONKEYCRAFT Co. Ltd.,BANDAI NAMCO Entertainment,29.0,steamspy,419.0,False
Puzzle,2232600,Anomaly Exit,"Adventure, Casual, Horror, Indie, Puzzle",,,,ExamlGuy,ExamlGuy,0.0,steamspy,380.0,False
Puzzle,730820,The Curse of Monkey Island,"Adventure, Puzzle",,,,LucasArts,"LucasArts, Lucasfilm, Disney",12.0,steamspy,374.0,False
Puzzle,956030,Creaks,"Adventure, Casual, Indie, Platformer, Puzzle",,,,Amanita Design,Amanita Design,12.0,steamspy,361.0,False
Puzzle,250460,Bridge Constructor,"Casual, Indie, Puzzle, Simulation",,,,ClockStone,Headup,2.0,steamspy,357.0,False
Puzzle,643270,OLDTV,"Casual, Horror, Indie, Puzzle",,,,Creability,Creability,4.0,steamspy,353.0,False
Puzzle,1924360,Lil' Guardsman,"Adventure, Casual, Indie, Puzzle",,,,Hilltop Studios,"Versus Evil, tinyBuild",6.0,steamspy,352.0,False
Puzzle,959520,Fantasy Blacksmith,"Indie, Puzzle, RPG, Simulation",,,,Heaven Brotherhood,GrabTheGames,2.0,steamspy,351.0,False
Puzzle,2599370,DeathWatchers,"Action, Horror, Puzzle, Strategy",,,,Swain Games,Swain Games,2.0,steamspy,347.0,False
Puzzle,1555400,Gomoku Let's Go,"Card & Board, Casual, Indie, Platformer, Puzzle, Strategy",,,,Studio Amateur,"indienova, Studio Amateur",3.0,steamspy,345.0,False
Puzzle,80330,The Blackwell Legacy,"Adventure, Indie, Puzzle",,,,Wadjet Eye Games,Wadjet Eye Games,1.0,steamspy,342.0,False
Puzzle,2631960,14 Minesweeper Variants 2,"Casual, Horror, Indie, Puzzle",,,,"Alith Games, Artless Games",Artless Games,54.0,steamspy,335.0,False
Puzzle,359510,Tangle Tower,"Adventure, Indie, Puzzle, Visual Novel",,,,SFB Games,SFB Games,10.0,steamspy,335.0,False
Puzzle,215160,The Book of Unwritten Tales,"Adventure, Indie, Puzzle",,,,KING Art,THQ Nordic,3.0,steamspy,332.0,False
Puzzle,1812370,Little Goody Two Shoes,"Adventure, Horror, Puzzle, RPG",,,,AstralShift,Square Enix,23.0,steamspy,332.0,False
Puzzle,2506480,Clue/Cluedo,"Adventure, Card & Board, Casual, Horror, Puzzle, Simulation, Strategy",,,,Marmalade Game Studio Ltd,Marmalade Game Studio Ltd,29.0,steamspy,330.0,False
Puzzle,13600,Prince of Persia: The Sands of Time,"Action, Adventure, Platformer, Puzzle",,,,Kudosoft,Ubisoft,15.0,steamspy,325.0,False
Puzzle,241240,Contraption Maker,"Casual, Indie, Platformer, Puzzle, Simulation",,,,Kevin Ryan,Top Meadow,4.0,steamspy,325.0,False
Puzzle,384360,Fingered,"Casual, Indie, Puzzle",,,,"Edmund McMillen, James Id","Edmund McMillen, James Id",0.0,steamspy,317.0,False
Puzzle,1444650,Haydee 2,"Action, Horror, Puzzle, Shooter, Survival",,,,Haydee Interactive,Haydee Interactive,12.0,steamspy,312.0,False
Puzzle,757300,Truberbrook / Trüberbrook,"Adventure, Indie, Puzzle",,,,btf,Headup,4.0,steamspy,311.0,False
Puzzle,1432100,The Bookwalker: Thief of Tales,"Adventure, Puzzle, Visual Novel",,,,DO MY BEST,tinyBuild,6.0,steamspy,307.0,False
Puzzle,711660,CHUCHEL,"Adventure, Casual, Indie, Puzzle",,,,Amanita Design,Amanita Design,7.0,steamspy,299.0,False
Puzzle,963690,Hentai Girl Hime,"Casual, Indie, Puzzle, RPG, Simulation",,,,GirlGames,GirlGames,2.0,steamspy,298.0,False
Puzzle,99910,Puzzle Pirates,"Adventure, Casual, Massively Multiplayer, Puzzle, RPG, Strategy",,,,Grey Havens,Grey Havens,142.0,steamspy,293.0,False
Puzzle,914020,Gibbous -  A Cthulhu Adventure,"Adventure, Horror, Indie, Puzzle",,,,Stuck In Attic,Stuck In Attic,2.0,steamspy,293.0,False
Puzzle,308060,Black The Fall,"Action, Adventure, Horror, Indie, Platformer, Puzzle, Survival",,,,Sand Sailor Studio,Square Enix,0.0,steamspy,290.0,False
Puzzle,1500,Darwinia,"Indie, Puzzle, RPG, Strategy",,,,Introversion Software,Introversion Software,11.0,steamspy,285.0,False
Puzzle,496890,Replica,"Adventure, Horror, Indie, Puzzle, Visual Novel",,,,Somi,"Somi, Zero Rock Entertainment",1.0,steamspy,281.0,False
Puzzle,1949770,Rock Simulator 2,"Casual, Puzzle, Simulation",,,,vinoo,vinoo,37.0,steamspy,276.0,False
Puzzle,2638180,Hokkaido Game,"Casual, Indie, Puzzle",,,,Marudice,Marudice,1.0,steamspy,274.0,False
Puzzle,2318070,Little Big Adventure – Twinsen’s Quest,"Action, Adventure, Platformer, Puzzle",,,,[2.21],Microids,5.0,steamspy,266.0,False
Puzzle,1067540,Röki,"Adventure, Casual, Indie, Puzzle",,,,Polygon Treehouse,"United Label, CI Games",17.0,steamspy,265.0,False
Puzzle,1599020,Tinykin,"Action, Adventure, Platformer, Puzzle",,,,Splashteam,tinyBuild,29.0,steamspy,262.0,False
Puzzle,368390,The Darkside Detective,"Adventure, Casual, Indie, Puzzle",,,,Spooky Doorway,Akupara Games,7.0,steamspy,255.0,False
Puzzle,245390,"I Have No Mouth, and I Must Scream","Adventure, Horror, Puzzle",,,,"The Dreamers Guild, QUByte Interactive",Nightdive Studios,16.0,steamspy,248.0,False
Puzzle,1212620,Pretty Neko,"Casual, Indie, Puzzle, RPG, Simulation",,,,GirlGames,GirlGames,1.0,steamspy,245.0,False
Puzzle,537110,Angels of Death,"Adventure, Horror, Indie, Puzzle, RPG, Survival",,,,"Vaka Game Magazine, Makoto Sanada",Vaka Game Magazine,5.0,steamspy,245.0,False
Puzzle,2477090,Mosa Lina,"Adventure, Platformer, Puzzle, Simulation",,,,"Stuffed Wombat, Silkersoft, Lukke, Rollin'Barrel",Stuffed Wombat,21.0,steamspy,220.0,False
Puzzle,1671410,Somerville,"Action, Adventure, Horror, Indie, Puzzle",,,,Jumpship,Jumpship,2.0,steamspy,220.0,False
Puzzle,795420,The Darkside Detective: A Fumble in the Dark,"Adventure, Casual, Puzzle, Visual Novel",,,,Spooky Doorway,Akupara Games,8.0,steamspy,205.0,False
Puzzle,753660,AtmaSphere,"Action, Adventure, Casual, Indie, Platformer, Puzzle",,,,Mazen Games,GrabTheGames,14.0,steamspy,204.0,False
Puzzle,1458590,Anime Artist 3: Harem,"Card & Board, Casual, Indie, Puzzle",,,,Neoclassic Games,Neoclassic Games,0.0,steamspy,195.0,False
Puzzle,966330,Flower,"Action, Adventure, Casual, Indie, Puzzle",,,,thatgamecompany,Annapurna Interactive,8.0,steamspy,189.0,False
Puzzle,1357870,Metel - Horror Escape,"Action, Horror, Indie, Puzzle, Survival",,,,Linked Squad,Linked Squad,6.0,steamspy,188.0,False
Puzzle,1641700,Moving Out 2,"Action, Adventure, Casual, Puzzle, Simulation",,,,"SMG Studio, Devm Games",Team17,15.0,steamspy,181.0,False
Puzzle,485380,Welcome to the Game,"Horror, Indie, Puzzle, Simulation, Strategy, Survival",,,,Reflect Studios,Reflect Studios,2.0,steamspy,180.0,False
Puzzle,227000,Primordia,"Adventure, Indie, Puzzle",,,,Wormwood Studios,Wadjet Eye Games,1.0,steamspy,178.0,False
Puzzle,365770,Volume,"Action, Indie, Puzzle",,,,Bithell Games,Bithell Games,0.0,steamspy,178.0,False
Puzzle,243160,Mushroom 11,"Action, Adventure, Indie, Platformer, Puzzle",,,,Untame,Untame,0.0,steamspy,176.0,False
Puzzle,105000,A New Beginning - Final Cut,"Adventure, Indie, Puzzle",,,,Daedalic Entertainment,Daedalic Entertainment,0.0,steamspy,173.0,False
Puzzle,230210,ASYLUM,"Adventure, Horror, Indie, Puzzle",,,,Senscape,Senscape,4.0,steamspy,172.0,False
Puzzle,2648050,Sam & Max: The Devil's Playhouse,"Adventure, Puzzle",,,,Skunkape Games,Skunkape Games,4.0,steamspy,169.0,False
Puzzle,3060170,Chained in the Backrooms,"Action, Adventure, Horror, Indie, Puzzle, RPG",,,,Task+ Studios,Task+ Studios,4.0,steamspy,165.0,False
Puzzle,2661210,WhaleGameOnline,"Casual, Indie, Platformer, Puzzle, Simulation, Strategy",,,,NekokujiraLab,NekokujiraLab,5.0,steamspy,163.0,False
Puzzle,32450,LEGO Indiana Jones 2: The Adventure Continues,"Action, Adventure, Puzzle",,,,Traveller's Tales,"LucasArts, Lucasfilm, Disney",20.0,steamspy,160.0,False
Puzzle,355680,Overland,"Indie, Puzzle, Strategy, Survival",,,,Finji,Finji,4.0,steamspy,152.0,False
Puzzle,935580,True Fear: Forsaken Souls Part 2,"Adventure, Casual, Horror, Puzzle",,,,Goblinz Enterprises Ltd,The Digital Lounge,5.0,steamspy,151.0,False
Puzzle,248650,Draw a Stickman: EPIC,"Adventure, Casual, Indie, Puzzle",,,,Hitcents,Hitcents,0.0,steamspy,151.0,False
Puzzle,2137700,I'm on Observation Duty 6,"Horror, Puzzle",,,,"Notovia, Dreamloop Games",Notovia,14.0,steamspy,151.0,False
Puzzle,1153430,Love wish,"Action, Casual, Indie, Puzzle",,,,Double W,Toffee Cafe,1.0,steamspy,149.0,False
Puzzle,251110,INFRA,"Adventure, Horror, Indie, Puzzle",,,,Loiste Interactive,Loiste Interactive,17.0,steamspy,142.0,False
Puzzle,317410,Color Symphony,"Action, Adventure, Indie, Platformer, Puzzle",,,,REMIMORY,REMIMORY,1.0,steamspy,138.0,False
Puzzle,510420,The Hex,"Adventure, Horror, Indie, Platformer, Puzzle, RPG",,,,Daniel Mullins Games,Daniel Mullins Games,12.0,steamspy,135.0,False
Puzzle,1599560,Wanderer,"Action, Adventure, Puzzle",,,,Mighty Eyes,Mighty Eyes,1.0,steamspy,135.0,False
Puzzle,619390,Oddworld: Soulstorm Enhanced Edition,"Action, Adventure, Platformer, Puzzle",,,,Oddworld Inhabitants,Oddworld Inhabitants,4.0,steamspy,128.0,False
Puzzle,672730,Find You,"Casual, Horror, Indie, Platformer, Puzzle",,,,Byting Games,Byting Games,0.0,steamspy,126.0,False
Puzzle,1799220,Malice,"Horror, Puzzle, Simulation",,,,Nimbus Games,Nimbus Games,0.0,steamspy,125.0,False
Puzzle,1722520,FIND ALL 2: Middle Ages,"Casual, Indie, Puzzle",,,,Very Very LITTLE Studio,Very Very LITTLE Studio,1.0,steamspy,124.0,False
Puzzle,719730,Uptasia,"Adventure, Casual, City Builder, Puzzle, Simulation",,,,upjers,upjers,22.0,steamspy,120.0,False
Puzzle,1597730,Dogs Organized Neatly,"Casual, Indie, Puzzle",,,,DU&I,DU&I,5.0,steamspy,120.0,False
Puzzle,1309990,Creature Lab,"Horror, Indie, Puzzle, Simulation, Strategy",,,,Image Power S.A.,"Image Power S.A., HeartBeat Games, PlayWay S.A.",2.0,steamspy,119.0,False
Puzzle,3636440,Click To Continue,"Casual, Indie, Puzzle, Simulation",,,,Basolute,Basolute,17.0,steamspy,117.0,False
Puzzle,1299400,Understand,"Casual, Indie, Puzzle",,,,Artless Games,Artless Games,4.0,steamspy,113.0,False
Puzzle,1003480,Fireboy & Watergirl: Elements,"Action, Indie, Platformer, Puzzle",,,,Oslo Albet,Oslo Albet,6.0,steamspy,109.0,False
Puzzle,1226670,Rosewater,"Adventure, Indie, Puzzle",,,,Grundislav Games,Application Systems Heidelberg,2.0,steamspy,109.0,False
RPG,285800,Braveland,"Casual, RPG, Strategy",,,,Tortuga Team,Tortuga Team,13.0,steamspy,216331.0,False
RPG,424370,Wolcen: Lords of Mayhem,"Action, Adventure, Indie, RPG",,,,WOLCEN Studio,WOLCEN Studio,23.0,steamspy,127542.0,False
RPG,812140,Assassin's Creed Odyssey,"Action, Adventure, RPG",,,,"Ubisoft Quebec, Ubisoft Montreal, Ubisoft Bucharest, Ubisoft Singapore, Ubisoft Montpellier, Ubisoft Kiev, Ubisoft Shanghai",Ubisoft,2461.0,steamspy,61984.0,False
RPG,2322010,God of War Ragnarök,"Action, Adventure, RPG",,,,"Santa Monica Studio, Jetpack Interactive",PlayStation Publishing LLC,1848.0,steamspy,35565.0,False
RPG,234140,Mad Max,"Action, Adventure, RPG, Racing, Shooter, Survival",,,,Avalanche Studios,"Warner Bros. Games, Warner Bros. Interactive Entertainment",600.0,steamspy,33356.0,False
RPG,2680010,The First Berserker: Khazan,"Action, Adventure, RPG",,,,Neople,NEXON,574.0,steamspy,32871.0,False
RPG,386360,SMITE,"Action, Adventure, Casual, Massively Multiplayer, RPG, Sports, Strategy",,,,Titan Forge Games,Hi-Rez Studios,1805.0,steamspy,31169.0,False
RPG,1307550,Craftopia,"Action, Adventure, Indie, RPG, Survival",,,,Pocketpair,Pocketpair,140.0,steamspy,26449.0,False
RPG,882100,XCOM: Chimera Squad,"Action, RPG, Strategy",,,,Firaxis Games,2K,84.0,steamspy,20701.0,False
RPG,239160,Thief,"Action, Adventure, Horror, RPG",,,,"Eidos-Montréal, Feral Interactive (Mac)","Eidos Interactive Corp., Feral Interactive (Mac)",67.0,steamspy,18247.0,False
RPG,2634950,Tokyo Xtreme Racer,"Platformer, RPG, Racing",,,,"Genki Co., Ltd.","Genki Co., Ltd.",589.0,steamspy,15655.0,False
RPG,979690,The Ascent,"Action, Adventure, Indie, RPG, Shooter",,,,Neon Giant,Curve Games,117.0,steamspy,13930.0,False
RPG,42910,Magicka,"Action, Adventure, Indie, RPG, Strategy",,,,Arrowhead Game Studios,Paradox Interactive,13.0,steamspy,11717.0,False
RPG,1898300,ASKA,"Action, Adventure, RPG, Simulation, Survival",,,,Sand Sailor Studio,Thunderful Publishing,3217.0,steamspy,10637.0,False
RPG,241540,State of Decay,"Action, Adventure, Horror, Indie, RPG, Shooter, Simulation, Survival",,,,Undead Labs,Xbox Game Studios,7.0,steamspy,10035.0,False
RPG,1900,Earth 2160,"Action, RPG, Simulation, Strategy",,,,Reality Pump Studios,"Topware Interactive, ACE",4.0,steamspy,9947.0,False
RPG,1902690,Fate/Samurai Remnant,"Action, JRPG, RPG, Visual Novel",,,,"KOEI TECMO GAMES CO., LTD.","KOEI TECMO GAMES CO., LTD.",41.0,steamspy,9254.0,False
RPG,2665680,Tower of Babel: Survivors of Chaos,"Action, RPG, Roguelike",,,,NANOO,NANOO,432.0,steamspy,9005.0,False
RPG,2933130,The Lord of the Rings: Return to Moria,"Action, Adventure, RPG, Survival",,,,Free Range Games,North Beach Games,584.0,steamspy,8735.0,False
RPG,1244090,Sea of Stars,"Adventure, Indie, JRPG, RPG",,,,Sabotage Studio,Sabotage Studio,174.0,steamspy,8597.0,False
RPG,763890,Wildermyth,"Indie, RPG, Strategy",,,,Worldwalker Games LLC,"Worldwalker Games LLC, WhisperGames",217.0,steamspy,8091.0,False
RPG,3035570,Assassin's Creed Mirage,"Action, Adventure, RPG",,,,Ubisoft Bordeaux,Ubisoft,259.0,steamspy,7837.0,False
RPG,601840,Griftlands,"Adventure, Card & Board, RPG, Roguelike, Strategy",,,,Klei Entertainment,Klei Entertainment,59.0,steamspy,7545.0,False
RPG,1712840,Tiny Tina's Assault on Dragon Keep: A Wonderlands One-shot Adventure,"Action, Adventure, RPG, Shooter",,,,"Gearbox Software, Stray Kite Studios",2K,9.0,steamspy,7196.0,False
RPG,272510,NARUTO SHIPPUDEN: Ultimate Ninja STORM Revolution,"Action, Adventure, Fighting, RPG",,,,"CyberConnect2 Co., Ltd.",BANDAI NAMCO Entertainment,7.0,steamspy,6782.0,False
RPG,610080,Realm Grinder,"Adventure, Casual, City Builder, Indie, RPG, Simulation, Strategy",,,,Divine Games,Kongregate,482.0,steamspy,6247.0,False
RPG,1777620,Soul Hackers 2,"JRPG, RPG, Visual Novel",,,,ATLUS,SEGA,12.0,steamspy,5685.0,False
RPG,1179580,KAKU: Ancient Seal,"Action, Adventure, Platformer, Puzzle, RPG",,,,BINGOBELL,BINGOBELL,11.0,steamspy,5001.0,False
RPG,1606180,下一站江湖Ⅱ,"Action, Adventure, City Builder, Indie, RPG, Strategy, Survival",,,,白玉京工作室,白玉京工作室,128.0,steamspy,4637.0,False
RPG,489240,Exile to Death,"Action, Adventure, Indie, Massively Multiplayer, RPG, Survival",,,,Aleksei Milchakov,Manifestors Games Studio,0.0,steamspy,4343.0,False
RPG,1546320,Your Chronicle,"Adventure, RPG",,,,Samurai Games,Samurai Games,3241.0,steamspy,4107.0,False
RPG,1958220,WitchSpring R,"Adventure, Indie, JRPG, RPG, Strategy",,,,KIWIWALKS,KIWIWALKS,47.0,steamspy,4059.0,False
RPG,1121560,Atelier Ryza: Ever Darkness & the Secret Hideout,"Action, Adventure, Casual, JRPG, RPG, Simulation",,,,"KOEI TECMO GAMES CO., LTD.","KOEI TECMO GAMES CO., LTD.",24.0,steamspy,4058.0,False
RPG,304650,SUNLESS SEA,"Adventure, Horror, Indie, RPG, Survival",,,,Failbetter Games,Failbetter Games,61.0,steamspy,4030.0,False
RPG,1148650,The Legend of Bum-Bo,"Adventure, Card & Board, Casual, Indie, Puzzle, RPG, Strategy",,,,"Edmund McMillen, James Interactive, Ridiculon",Edmund McMillen,8.0,steamspy,3861.0,False
RPG,2619650,Cauldron,"Adventure, Casual, RPG, Simulation, Strategy",,,,SleepyDad Games,Caketown Interactive,341.0,steamspy,3834.0,False
RPG,1621310,Atelier Sophie 2: The Alchemist of the Mysterious Dream,"Adventure, Casual, JRPG, RPG, Simulation",,,,"KOEI TECMO GAMES CO., LTD.","KOEI TECMO GAMES CO., LTD.",28.0,steamspy,3604.0,False
RPG,2400,The Ship: Murder Party,"Action, Adventure, Indie, RPG, Shooter, Simulation, Strategy, Survival",,,,Outerlight Ltd.,Blazing Griffin,1.0,steamspy,3571.0,False
RPG,1432050,Nobody Saves the World,"Action, Adventure, Indie, RPG",,,,Drinkbox Studios,Drinkbox Studios,40.0,steamspy,3489.0,False
RPG,1868180,Etrian Odyssey HD,"Adventure, JRPG, RPG",,,,ATLUS,SEGA,87.0,steamspy,3283.0,False
RPG,439250,Space Pilgrim Episode III: Delta Pavonis,"Action, Adventure, Casual, Indie, JRPG, RPG",,,,"Pilgrim Adventures, GrabTheGames Studios","GrabTheGames, TheGamesFortress",161.0,steamspy,3180.0,False
RPG,553640,ICEY,"Action, Adventure, Indie, Metroidvania, Platformer, RPG",,,,FantaBlade Network,XD,4.0,steamspy,3173.0,False
RPG,1584090,Touhou Mystia's Izakaya,"Casual, JRPG, RPG, Simulation",,,,"二色幽紫蝶, Re零同人社","二色幽紫蝶, Re零同人社",259.0,steamspy,3170.0,False
RPG,24200,DC Universe Online,"Action, Adventure, Fighting, Massively Multiplayer, RPG",,,,Dimensional Ink Games,Daybreak Game Company,441.0,steamspy,3112.0,False
RPG,431710,Space Pilgrim Episode II: Epsilon Indi,"Adventure, Casual, Indie, JRPG, RPG",,,,"Pilgrim Adventures, GrabTheGames Studios","GrabTheGames, TheGamesFortress",15.0,steamspy,3094.0,False
RPG,1830970,The Last Flame,"Adventure, Indie, RPG, Strategy, Survival",,,,Hotloop,"Hotloop, Surefire.Games",25.0,steamspy,3059.0,False
RPG,263540,Villagers and Heroes,"Action, Adventure, Casual, Indie, Massively Multiplayer, RPG, Shooter, Survival",,,,Mad Otter Games,Mad Otter Games,32.0,steamspy,2898.0,False
RPG,341310,Greyfox RPG,"Adventure, Casual, Indie, JRPG, Puzzle, RPG",,,,Lesley Dodd,Senpai Industrial Studios,1.0,steamspy,2871.0,False
RPG,601010,Hotel Anatolia,"Adventure, Casual, Horror, Indie, RPG",,,,Elven Workshop,Elven Workshop,0.0,steamspy,2810.0,False
RPG,1198090,The Legend of Heroes: Trails of Cold Steel IV,"Adventure, JRPG, RPG",,,,"Nihon Falcom, Engine Software BV, PH3 GmbH","NIS America, Inc.",94.0,steamspy,2736.0,False
RPG,677120,Heroes of Hammerwatch,"Action, Adventure, Indie, RPG, Roguelike",,,,Crackshell,Team17,68.0,steamspy,2654.0,False
RPG,22300,Fallout 3,"Action, Adventure, Horror, RPG, Shooter",,,,Bethesda Game Studios,Bethesda Softworks,36.0,steamspy,2653.0,False
RPG,228260,Fallen Enchantress: Legendary Heroes,"4X, City Builder, RPG, Strategy",,,,Stardock Entertainment,Stardock Entertainment,34.0,steamspy,2627.0,False
RPG,243930,Bound By Flame,"Action, Adventure, RPG",,,,Spiders,Focus Entertainment,4.0,steamspy,2599.0,False
RPG,405710,Staxel,"Adventure, Casual, RPG, Simulation, Survival",,,,Plukit,Humble Games,8.0,steamspy,2598.0,False
RPG,1668540,The Legend of Heroes: Trails into Reverie,"JRPG, RPG",,,,"Nihon Falcom, PH3 GmbH","NIS America, Inc.",79.0,steamspy,2257.0,False
RPG,252470,Space Pirates And Zombies 2,"Action, Adventure, Indie, RPG, Simulation, Strategy, Survival",,,,MinMax Games Ltd.,MinMax Games Ltd.,4.0,steamspy,2245.0,False
RPG,550470,NosTale - Anime MMORPG,"Action, Adventure, Massively Multiplayer, RPG, Survival",,,,"Entwell Co., Ltd.",Gameforge 4D GmbH,110.0,steamspy,2203.0,False
RPG,449800,Attack on Titan / A.O.T. Wings of Freedom,"Action, Adventure, Horror, RPG",,,,"KOEI TECMO GAMES CO., LTD.","KOEI TECMO GAMES CO., LTD.",5.0,steamspy,2177.0,False
RPG,12200,Bully: Scholarship Edition,"Action, Adventure, RPG, Simulation",,,,Rockstar New England,Rockstar Games,444.0,steamspy,1978.0,False
RPG,910320,Three Kingdoms 2019 阿达三国志2019 横版,"Casual, Massively Multiplayer, RPG, Simulation, Strategy",,,,阿达游戏,阿达游戏,4.0,steamspy,1861.0,False
RPG,2400510,Dungeons & Degenerate Gamblers,"Card & Board, Casual, RPG, Roguelike, Strategy",,,,Purple Moss Collectors,Yogscast Games,92.0,steamspy,1825.0,False
RPG,1745510,Lunacid,"Action, Horror, Indie, Metroidvania, RPG",,,,KIRA LLC,"KIRA LLC, CRITICAL REFLEX",47.0,steamspy,1814.0,False
RPG,928960,Godfall Ultimate Edition,"Action, Adventure, RPG",,,,Counterplay Games Inc,Gearbox Publishing,10.0,steamspy,1762.0,False
RPG,1160750,Grim Clicker,"Action, Casual, Indie, RPG, Strategy",,,,EvilCharm Games,"EvilCharm Games, Aleksandr Golovkin",175.0,steamspy,1647.0,False
RPG,474750,Reigns,"Adventure, Card & Board, Casual, Indie, RPG, Simulation, Strategy",,,,Nerial,Devolver Digital,15.0,steamspy,1607.0,False
RPG,1437820,Heroes of the Three Kingdoms,"Action, RPG, Simulation, Strategy",,,,"USERJOY Technology Co., Ltd.","USERJOY Technology Co., Ltd., Phoenix Game",94.0,steamspy,1557.0,False
RPG,1283410,Tails of Iron,"Action, Adventure, Metroidvania, RPG",,,,Odd Bug Studio,United Label,91.0,steamspy,1537.0,False
RPG,1729410,Earthling's Undertaking,"Adventure, Casual, RPG, Simulation, Strategy",,,,MassesGame,MassesGame,8.0,steamspy,1399.0,False
RPG,648410,Colony Ship: A Post-Earth Role Playing Game,"RPG, Strategy",,,,Iron Tower Studio,Iron Tower Studio,33.0,steamspy,1381.0,False
RPG,2464530,VOIN,"Action, Adventure, Indie, RPG, Roguelike, Shooter",,,,Nikita Sozidar,tinyBuild,145.0,steamspy,1354.0,False
RPG,968970,Lumberjack's Dynasty,"Adventure, Casual, RPG, Simulation",,,,UMEO Studios,Toplitz Productions,19.0,steamspy,1348.0,False
RPG,1716120,Monster Rancher 1 & 2 DX,"JRPG, RPG, Simulation",,,,"KOEI TECMO GAMES CO., LTD.","KOEI TECMO GAMES CO., LTD.",47.0,steamspy,1293.0,False
RPG,2059170,Quasimorph,"RPG, Shooter, Simulation, Strategy",,,,Magnum Scriptum,HypeTrain Digital,350.0,steamspy,1248.0,False
RPG,404680,Hob,"Action, Adventure, Indie, Metroidvania, Platformer, Puzzle, RPG",,,,Runic Games,Arc Games,5.0,steamspy,1168.0,False
RPG,335670,LISA: The Painful,"Adventure, Horror, Indie, JRPG, RPG",,,,Dingaling Productions,Serenity Forge,22.0,steamspy,1157.0,False
RPG,798460,Ni no Kuni Wrath of the White Witch Remastered,"Action, Adventure, JRPG, RPG",,,,"LEVEL5 Inc., QLOC",BANDAI NAMCO Entertainment,71.0,steamspy,1155.0,False
RPG,3521320,Magicbook AutoBattler: Contract,"Adventure, Casual, RPG, Strategy",,,,JXGS,JXGS,3.0,steamspy,1130.0,False
RPG,502800,SENRAN KAGURA ESTIVAL VERSUS,"Action, Fighting, JRPG, RPG",,,,Tamsoft,"XSEED Games, Marvelous USA, Inc., Marvelous",12.0,steamspy,1088.0,False
RPG,1416260,SpellForce 3: Versus Edition,"Action, RPG, Strategy",,,,Grimlore Games,THQ Nordic,56.0,steamspy,1027.0,False
RPG,593150,Ooblets,"Card & Board, Casual, RPG",,,,Glumberland,Glumberland,18.0,steamspy,1014.0,False
RPG,461370,Midnight's Blessing 2,"Adventure, Casual, Indie, RPG, Simulation, Strategy",,,,Warfare Studios,Warfare Studios,0.0,steamspy,999.0,False
RPG,218170,Age of Conan: Unchained - US version,"Action, Adventure, Massively Multiplayer, RPG",,,,Funcom,Funcom,2.0,steamspy,947.0,False
RPG,2414270,Sunderfolk,"Adventure, RPG, Strategy",,,,Secret Door,Dreamhaven,144.0,steamspy,873.0,False
RPG,2181720,Scarlet Tower,"Action, Casual, RPG, Roguelike, Survival",,,,Pyxeralia LLC,Pyxeralia LLC,9.0,steamspy,859.0,False
RPG,574050,DRAGON QUEST HEROES II,"Action, Adventure, JRPG, RPG",,,,"Square Enix, KOEI TECMO GAMES CO., LTD.",Square Enix,3.0,steamspy,847.0,False
RPG,1418020,Tavern of Gods,"Action, Adventure, Card & Board, Casual, Indie, RPG, Roguelike, Strategy",,,,Element Studio,Element Studio,1.0,steamspy,790.0,False
RPG,239120,Final Fantasy III (3D Remake),"Adventure, JRPG, RPG, Strategy",,,,Square Enix,Square Enix,35.0,steamspy,785.0,False
RPG,2055050,Cavalry Girls,"JRPG, RPG, Shooter, Strategy, Tower Defense",,,,中子星游戏研究所,OKJOY,79.0,steamspy,751.0,False
RPG,1108590,Eldest Souls,"Action, Adventure, Indie, RPG",,,,Fallen Flag Studio,"United Label, CI Games",7.0,steamspy,719.0,False
RPG,2513240,Hero Tale,"Indie, RPG, Strategy",,,,Weird Johnny Studio,Weird Johnny Studio,42.0,steamspy,684.0,False
RPG,1930640,Lost2,"Casual, Indie, Puzzle, RPG, Strategy",,,,DSGame,DSGame,1.0,steamspy,679.0,False
RPG,2374000,Insects Awaken,"Adventure, Casual, Indie, RPG, Visual Novel",,,,HelloMeow,HelloMeow,6.0,steamspy,675.0,False
RPG,804010,SteamWorld Quest: Hand of Gilgamech,"Adventure, Card & Board, Casual, Indie, RPG",,,,Image & Form Games,Thunderful Publishing,10.0,steamspy,667.0,False
RPG,2704110,Aliya: Timelink,"Indie, RPG, Visual Novel",,,,TDGame Studio,AnotherIndie,44.0,steamspy,613.0,False
RPG,1233880,Disgaea 4 Complete+,"JRPG, RPG, Strategy",,,,"Nippon Ichi Software, Inc.","NIS America, Inc.",37.0,steamspy,592.0,False
RPG,1934080,Floating Life2,"Adventure, Indie, Puzzle, RPG, Strategy",,,,心流工作室（Heart Stream Studio）,心流工作室（Heart Stream Studio）,1.0,steamspy,555.0,False
RPG,1368870,Field of Glory II: Medieval,"RPG, Simulation, Strategy",,,,Byzantine Games,Slitherine Ltd.,61.0,steamspy,537.0,False
RPG,1155330,Showgunners,"Action, RPG, Strategy",,,,Artificer,Good Shepherd Entertainment,6.0,steamspy,530.0,False
RPG,849740,Love Esquire - RPG/Dating Sim/Visual Novel,"Adventure, Indie, RPG, Simulation, Visual Novel",,,,Yangyang Mobile,Yangyang Mobile,3.0,steamspy,528.0,False
RPG,266130,Breach & Clear,"Action, Indie, RPG, Shooter, Simulation, Strategy",,,,"Mighty Rabbit Studios, Gun Interactive",Gun Interactive,0.0,steamspy,508.0,False
RPG,3074110,The Rangers In The South,"Action, Indie, JRPG, RPG, Roguelike",,,,DPA Studios,DPA Studios,3.0,steamspy,487.0,False
RPG,1049320,River City Girls,"Action, Adventure, Indie, RPG",,,,WayForward,"WayForward, Arc System Works",8.0,steamspy,476.0,False
RPG,2942780,Bloobs Adventure Idle,"Adventure, Casual, RPG",,,,Bloobs_Dev,Bloobs_Dev,279.0,steamspy,469.0,False
RPG,733790,Not Tonight,"Adventure, Casual, Indie, RPG, Simulation",,,,PanicBarn,No More Robots,16.0,steamspy,468.0,False
RPG,1456650,Pascal's Wager: Definitive Edition,"Action, Adventure, RPG",,,,TipsWorks,Giant Global,5.0,steamspy,467.0,False
RPG,2525810,Witch and Lilies,"Adventure, Indie, RPG","23 May, 2024",False,"₩ 32,000","Stromatosoft Inc., 株式会社タストα",Stromatosoft Inc.,1.0,appdetails,464.0,False
RPG,1621760,Decision: Red Daze,"Action, Indie, RPG, Shooter, Strategy, Survival, Tower Defense",,,,FlyAnvil,Nordcurrent Labs,5.0,steamspy,446.0,False
RPG,1477950,Lazy Galaxy 2,"Casual, Indie, RPG, Strategy",,,,Coldwild Games,Coldwild Games,8.0,steamspy,440.0,False
RPG,914320,Swarm Simulator: Evolution,"Casual, Indie, RPG, Simulation",,,,Scary Bee LLC,Scary Bee LLC,15.0,steamspy,427.0,False
RPG,252630,Eldritch,"Action, Adventure, Horror, Indie, RPG, Roguelike",,,,Minor Key Games,Minor Key Games,0.0,steamspy,424.0,False
RPG,1042670,Orangeblood,"Indie, JRPG, RPG",,,,Grayfax Software,PLAYISM,1.0,steamspy,385.0,False
RPG,403940,Dungelot: Shattered Lands,"Action, Indie, Puzzle, RPG, Roguelike, Strategy",,,,Red Winter Software,tinyBuild,0.0,steamspy,379.0,False
RPG,685340,Delivery from the Pain:Survival / 末日方舟:生存,"Action, Adventure, Horror, Indie, RPG, Simulation, Strategy, Survival",,,,HuaYiTianXin,DigiPotato,4.0,steamspy,368.0,False
RPG,1062140,Garden Story,"Action, Adventure, JRPG, RPG",,,,Picogram,Rose City Games,15.0,steamspy,344.0,False
RPG,2897560,刷啊刷,"Adventure, Casual, Indie, Platformer, RPG, Strategy",,,,天才灵魂,天才灵魂,23.0,steamspy,322.0,False
RPG,2788310,Twilight Survivors,"Action, Adventure, Casual, Indie, RPG, Roguelike",,,,DORIDORI STUDIO,DORIDORI STUDIO,15.0,steamspy,320.0,False
RPG,926140,CHANGE: A Homeless Survival Experience,"Adventure, RPG, Strategy, Survival",,,,Delve Interactive,Delve Interactive,18.0,steamspy,315.0,False
RPG,3469850,Cradle of Nightmare : Flowers to you,"Adventure, JRPG, RPG, Strategy",,,,红锈雨,红锈雨,1.0,steamspy,279.0,False
RPG,898720,Kubifaktorium,"City Builder, RPG, Simulation, Strategy",,,,Neomateria Games GmbH,Neomateria Games GmbH,0.0,steamspy,275.0,False
RPG,2318310,Class of '09: The Re-Up,"Adventure, Casual, RPG, Simulation, Visual Novel",,,,SBN3,"SBN3, Wrath Club",27.0,steamspy,269.0,False
RPG,1592520,WitchSpring3 Re:Fine - The Story of Eirudy -,"Casual, Indie, JRPG, RPG",,,,"KIWIWALKS, IKINAGAMES",KIWIWALKS,4.0,steamspy,252.0,False
RPG,397350,Lords of the Realm II,"RPG, Strategy",,,,Impressions Games,Rebellion,140.0,steamspy,241.0,False
RPG,3101770,Wander Hero,"Card & Board, Indie, RPG, Roguelike, Strategy",,,,Dimension Travler,Dimension Travler,6.0,steamspy,220.0,False
RPG,887490,Burden of Command,"Card & Board, Indie, RPG, Strategy",,,,Green Tree Games LLC,Green Tree Games LLC,4.0,steamspy,214.0,False
RPG,433300,Marvel: Ultimate Alliance,"Action, Adventure, RPG",,,,Zoë Mode,Activision,1.0,steamspy,211.0,False
RPG,3060630,Immortal Farmer: System’s Mandate,"Casual, Indie, RPG, Simulation, Survival",,,,oyogame,oyogame,5.0,steamspy,206.0,False
RPG,1639080,Sandwalkers,"Card & Board, RPG, Strategy, Survival",,,,Goblinz Studio,"Goblinz Publishing, H2 Interactive Co., Ltd.",3.0,steamspy,198.0,False
RPG,2251620,Sunrider 4: The Captain's Return,"Action, RPG, Strategy, Visual Novel",,,,Love in Space,Sekai Project,3.0,steamspy,197.0,False
RPG,664830,Zombotron,"Action, Adventure, Indie, Platformer, RPG, Shooter",,,,Ant.Karlov Games,Ant.Karlov Games,4.0,steamspy,195.0,False
RPG,732240,SpaceBourne,"Indie, RPG, Simulation",,,,Burak Dabak,Burak Dabak,3.0,steamspy,192.0,False
RPG,12320,Sacred Gold,"Action, Adventure, RPG",,,,Studio II,THQ Nordic,26.0,steamspy,192.0,False
RPG,724250,Princess Maker 5,"RPG, Simulation, Visual Novel",,,,"CFK Co., Ltd.",Bliss Brain,12.0,steamspy,184.0,False
RPG,1279630,Vampire: The Masquerade - Shadows of New York,"Horror, Indie, RPG, Visual Novel",,,,Draw Distance,Dear Villagers,1.0,steamspy,181.0,False
RPG,2956820,近畿霊務局 - Kinki Spiritual Affairs Bureau,"Action, Horror, Platformer, RPG, Shooter",,,,Noto Muteki,Noto Muteki,0.0,steamspy,175.0,False
RPG,1734320,Brutal Orchestra,"Indie, RPG, Strategy",,,,"Talia bob Mair, Nicolás Delgado",Hellbent Games,19.0,steamspy,170.0,False
RPG,39520,The Guild Gold Edition,"RPG, Simulation, Strategy",,,,4HEAD Studios,THQ Nordic,3.0,steamspy,169.0,False
RPG,1437860,Heroes of the Three Kingdoms 5,"Action, RPG, Simulation, Strategy",,,,"USERJOY Technology Co., Ltd.","USERJOY Technology Co., Ltd., Phoenix Game",39.0,steamspy,164.0,False
RPG,1214670,Mr. Sun's Hatbox,"Action, Adventure, Metroidvania, Platformer, RPG, Shooter",,,,Kenny Sun,Raw Fury,0.0,steamspy,160.0,False
RPG,2776940,Echoes of Yi : Samsara,"Action, Adventure, RPG, Roguelike",,,,Runmeng,Runmeng,1.0,steamspy,159.0,False
RPG,2945100,Idle Taoist Mage Warrior 2,"Indie, RPG, Strategy",,,,okyakusama,okyakusama,7.0,steamspy,149.0,False
RPG,433280,Warlords Battlecry III,"RPG, Strategy",,,,Infinite Interactive,"Retroism, Enlight Software Limited",17.0,steamspy,145.0,False
RPG,2120310,Sagres,"Action, Adventure, Indie, JRPG, Puzzle, RPG, Simulation",,,,ooze,Kakehashi Games,1.0,steamspy,145.0,False
RPG,591630,Candleman: The Complete Journey,"Action, Adventure, Horror, Indie, Platformer, Puzzle, RPG",,,,Candleman Games,Candleman Games,2.0,steamspy,127.0,False
RPG,2341920,三國立志傳2,"RPG, Strategy",,,,"T-Time Technology CO., LTD.","T-Time Technology CO., LTD.",3.0,steamspy,126.0,False
RPG,502750,Quest for Glory 1-5,"Adventure, RPG",,,,Sierra,Activision,14.0,steamspy,123.0,False
RPG,468070,90 Minute Fever - Football (Soccer) Manager MMO,"Casual, Indie, Massively Multiplayer, RPG, Simulation, Sports, Strategy",,,,Isokron,Isokron,8.0,steamspy,121.0,False
RPG,506870,Unexplored,"Action, Adventure, Indie, RPG, Roguelike",,,,Ludomotion,Ludomotion,4.0,steamspy,115.0,False
RPG,927310,巴伦西亚传说：索菲亚的重生 Valencia Saga:Sophia's rebirth,"RPG, Simulation, Strategy",,,,清之鸣,清之鸣,1.0,steamspy,115.0,False
RPG,1154360,For Inco,"Action, Indie, RPG, Strategy",,,,MoonlightGames,MoonlightGames,2.0,steamspy,109.0,False
Racing,271590,Grand Theft Auto V Legacy,"Action, Adventure, Racing, Shooter",,,,Rockstar North,Rockstar Games,30143.0,steamspy,360761.0,False
Racing,252950,Rocket League,"Action, Casual, Indie, Racing, Sports",,,,Psyonix LLC,Psyonix LLC,15303.0,steamspy,146902.0,False
Racing,1551360,Forza Horizon 5,"Action, Adventure, Racing, Simulation, Sports",,,,Playground Games,Xbox Game Studios,5264.0,steamspy,80745.0,False
Racing,1782210,Crab Game,"Action, Casual, Horror, Platformer, Racing",,,,Dani,Dani,828.0,steamspy,73889.0,False
Racing,646910,The Crew 2,"Action, Adventure, Massively Multiplayer, Racing, Simulation, Sports",,,,Ivory Tower,Ubisoft,589.0,steamspy,55125.0,False
Racing,321040,DiRT 3 Complete Edition,"Action, Racing, Simulation, Sports",,,,"Codemasters Racing Studio, Feral Interactive (Mac)","Codemasters, Feral Interactive (Mac)",15.0,steamspy,40603.0,False
Racing,1030840,Mafia: Definitive Edition,"Action, Adventure, Racing, Shooter",,,,Hangar 13,2K,304.0,steamspy,36631.0,False
Racing,1190000,Car Mechanic Simulator 2021,"Adventure, Indie, Puzzle, Racing, Simulation, Strategy",,,,Red Dot Games,PlayWay S.A.,1166.0,steamspy,22530.0,False
Racing,548570,RAGE 2,"Action, Adventure, Racing, Shooter",,,,"id Software, Avalanche Studios",Bethesda Softworks,32.0,steamspy,13591.0,False
Racing,918570,Century: Age of Ashes,"Action, Indie, Racing","2 Dec, 2021",True,,Playwing LTD,Playwing LTD,32.0,appdetails,12222.0,False
Racing,1262580,Need for Speed Payback,"Action, Racing, Simulation, Sports, Strategy",,,,Ghost Games,Electronic Arts,109.0,steamspy,12152.0,False
Racing,621830,WRC 7 FIA World Rally Championship,"Massively Multiplayer, Racing, Simulation, Sports",,,,KT Racing,Nacon,106.0,steamspy,11192.0,False
Racing,40990,Mafia,"Action, Adventure, Racing, Shooter",,,,Illusion Softworks,2K,23.0,steamspy,9066.0,False
Racing,675010,MudRunner,"Adventure, Racing, Simulation",,,,Saber Interactive,Focus Entertainment,140.0,steamspy,8509.0,False
Racing,223670,F1 2013,"Action, Racing, Simulation, Sports",,,,"Codemasters Birmingham, Feral Interactive (Mac)","Codemasters, Feral Interactive (Mac)",3.0,steamspy,8396.0,False
Racing,645630,Car Mechanic Simulator 2018,"Racing, Simulation, Strategy",,,,Red Dot Games,PlayWay S.A.,156.0,steamspy,8382.0,False
Racing,2399420,Le Mans Ultimate,"Racing, Simulation",,,,Studio 397,Studio 397,764.0,steamspy,8306.0,False
Racing,2290180,Riders Republic,"Massively Multiplayer, Racing, Sports",,,,"Ubisoft Annecy, Ubisoft Belgrade, Ubisoft Kyiv, Ubisoft Pune, Ubisoft Odesa",Ubisoft Entertainment,184.0,steamspy,8043.0,False
Racing,539720,Razortron 2000,"Casual, Indie, Racing",,,,NukGames,NukGames,6.0,steamspy,7064.0,False
Racing,311310,Naval Action,"Massively Multiplayer, Racing, Simulation",,,,Bermuda Computer Club,Bermuda Computer Club,258.0,steamspy,5221.0,False
Racing,655500,MX Bikes,"Racing, Simulation, Sports",,,,PiBoSo,PiBoSo,3068.0,steamspy,5120.0,False
Racing,690790,DiRT Rally 2.0,"Action, Adventure, Racing, Simulation, Sports",,,,Codemasters,"Codemasters, Electronic Arts",502.0,steamspy,5074.0,False
Racing,1086640,Dude Simulator 3,"Action, Adventure, Indie, Racing, Shooter, Simulation",,,,Kiddy,Kiddy,2.0,steamspy,5006.0,False
Racing,585420,Trailmakers,"Action, Adventure, Racing, Survival",,,,Flashbulb,Flashbulb,878.0,steamspy,4849.0,False
Racing,2440510,Forza Motorsport,"Racing, Simulation, Sports",,,,Turn 10,Xbox Game Studios,378.0,steamspy,4507.0,False
Racing,1017180,The Long Drive,"Adventure, Casual, Horror, Indie, Racing, Shooter, Simulation, Survival",,,,Genesz,Genesz,232.0,steamspy,4335.0,False
Racing,228380,Wreckfest,"Action, Indie, Racing, Simulation, Sports",,,,Bugbear,THQ Nordic,392.0,steamspy,3827.0,False
Racing,1911390,Knightfall: A Daring Journey,"Action, Adventure, Indie, Racing, Shooter",,,,Landfall,Landfall,4.0,steamspy,3312.0,False
Racing,705210,Cube Racer,"Action, Casual, Indie, Racing",,,,Simon Blasen,Simon Blasen,100.0,steamspy,3283.0,False
Racing,1153410,JDM: Japanese Drift Master,"Casual, Racing, Simulation, Sports",,,,Gaming Factory,"Gaming Factory, 4Divinity",240.0,steamspy,3230.0,False
Racing,417430,Moto Racer  4,"Action, Racing, Sports",,,,Artefacts Studio,Microids,2.0,steamspy,2988.0,False
Racing,1178400,Pro Cycling Manager 2020,"Casual, Racing, Simulation, Sports, Strategy",,,,Cyanide Studio,Nacon,8.0,steamspy,2830.0,False
Racing,2063610,Pro Cycling Manager 2023,"Racing, Simulation, Sports, Strategy",,,,Cyanide Studio,Nacon,19.0,steamspy,2746.0,False
Racing,552100,Brick Rigs,"Action, Racing, Simulation",,,,Fluppisoft GmbH,Fluppisoft GmbH,750.0,steamspy,2707.0,False
Racing,1520370,Mon Bazou,"Adventure, Casual, Racing",,,,Santa Goat,Santa Goat,196.0,steamspy,2687.0,False
Racing,493490,City Car Driving,"Adventure, Casual, Horror, Indie, Racing, Simulation, Survival",,,,"Forward Development, Ltd.","Forward Global Group, Ltd.",138.0,steamspy,2375.0,False
Racing,250340,Blockland,"Action, Adventure, Horror, Indie, RPG, Racing, Shooter",,,,"Eric Hartman, Ben Garney, Anthony Rotondo",Step 1 Games LLC,34.0,steamspy,2310.0,False
Racing,434460,Rock of Ages 2: Bigger & Boulder,"Action, Indie, Racing, Strategy, Tower Defense",,,,ACE Team,SEGA,4.0,steamspy,2236.0,False
Racing,385270,Jet Racing Extreme: The First Encounter,"Action, Indie, Racing, Simulation, Sports",,,,Real Dynamics,Real Dynamics,0.0,steamspy,2180.0,False
Racing,1262560,Need for Speed Most Wanted,"Action, Adventure, Racing",,,,Criterion Games,Electronic Arts,104.0,steamspy,1934.0,False
Racing,1203190,Wreckfest 2,"Racing, Simulation",,,,Bugbear,THQ Nordic,214.0,steamspy,1901.0,False
Racing,266410,iRacing,"Action, Massively Multiplayer, Racing, Simulation, Sports",,,,"iRacing.com Motorsport Simulations, iRacing","iRacing.com Motorsport Simulations, iRacing",406.0,steamspy,1901.0,False
Racing,2486740,Sledders,"Racing, Simulation, Sports",,,,Hanki Games,Bonus Stage Publishing,144.0,steamspy,1856.0,False
Racing,213610,Sonic Adventure 2,"Action, Adventure, Platformer, Racing",,,,SEGA,SEGA,247.0,steamspy,1819.0,False
Racing,1447000,MotoGP21,"Racing, Simulation, Sports",,,,Milestone S.r.l.,Milestone S.r.l.,9.0,steamspy,1731.0,False
Racing,586130,Survival Driver,"Casual, Indie, Racing",,,,"Tero Lunkka, Mikko Seppälä",HaDe Games,1.0,steamspy,1601.0,False
Racing,228940,Carnage Racing ™,"Action, Racing",,,,,Jagex,0.0,steamspy,1548.0,False
Racing,397950,Clustertruck,"Action, Adventure, Casual, Indie, Platformer, Racing, Strategy",,,,Landfall,tinyBuild,44.0,steamspy,1480.0,False
Racing,293760,Automation - The Car Company Tycoon Game,"Indie, Racing, Simulation, Strategy",,,,Camshaft Software Ltd,Camshaft Software Ltd,498.0,steamspy,1468.0,False
Racing,441870,OutDrive,"Casual, Indie, Racing","22 Feb, 2016",False,"₩ 3,300",DNVR Prod,DNVR Prod,2.0,appdetails,1376.0,False
Racing,3453600,Supercar Collection Simulator,"Card & Board, Racing, Simulation",,,,Kiki Games,Kiki Games,96.0,steamspy,1354.0,False
Racing,1328660,Need for Speed Hot Pursuit Remastered,"Action, Adventure, Racing",,,,Stellar Entertainment Limited,Electronic Arts,113.0,steamspy,1204.0,False
Racing,1797610,Barro 22,"Action, Casual, Indie, Racing, Simulation, Sports",,,,SC Jogos,SC Jogos,16.0,steamspy,1186.0,False
Racing,1054430,Fling to the Finish,"Action, Casual, Indie, Platformer, Racing",,,,SplitSide Games,Daedalic Entertainment,8.0,steamspy,1112.0,False
Racing,270850,Car Mechanic Simulator 2014,"Casual, Indie, Puzzle, RPG, Racing, Simulation, Strategy",,,,"PlayWay S.A., Red Dot Games",PlayWay S.A.,1.0,steamspy,1078.0,False
Racing,382560,Hot Lava,"Action, Adventure, Indie, Platformer, Racing",,,,Klei Entertainment,Klei Entertainment,10.0,steamspy,1030.0,False
Racing,517710,Redout: Enhanced Edition,"Action, Racing, Simulation, Sports",,,,34BigThings srl,34BigThings srl,3.0,steamspy,1005.0,False
Racing,1267540,WRC 9 FIA World Rally Championship,"Racing, Simulation, Sports",,,,KT Racing,Nacon,66.0,steamspy,989.0,False
Racing,248330,Dino Run DX,"Action, Casual, Indie, Platformer, Racing",,,,Pixeljam,Pixeljam,2.0,steamspy,979.0,False
Racing,785260,Team Sonic Racing,"Action, Adventure, Casual, Racing",,,,Sumo Digital,SEGA,5.0,steamspy,971.0,False
Racing,2069310,RealFlight Evolution,"Racing, Simulation",,,,"Horizon Hobby, LLC","Horizon Hobby, LLC",616.0,steamspy,880.0,False
Racing,397340,SimplePlanes,"Action, Racing, Strategy",,,,"Jundroo, LLC","Jundroo, LLC",89.0,steamspy,873.0,False
Racing,410340,Liftoff: FPV Drone Racing,"Indie, Racing, Simulation, Sports",,,,LuGus Studios,LuGus Studios,279.0,steamspy,826.0,False
Racing,1456200,Initial Drift Online,"Action, Massively Multiplayer, Racing, Simulation",,,,RewindApp,RewindApp,1.0,steamspy,826.0,False
Racing,849100,Alaskan Road Truckers,"Action, Adventure, Indie, Racing, Simulation, Survival",,,,Road Studio S.A.,"Green Man Gaming Publishing, Movie Games S.A.",5.0,steamspy,815.0,False
Racing,263760,Turbo Dismount,"Action, Adventure, Casual, Indie, Racing, Simulation, Strategy",,,,Secret Exit Ltd.,Secret Exit Ltd.,10.0,steamspy,761.0,False
Racing,300380,Road Redemption,"Action, Adventure, Indie, Racing, Simulation","4 Oct, 2017",False,"₩ 20,500","Redemption Road, Pixel Dash Studios",Tripwire Presents,24.0,appdetails,754.0,False
Racing,497180,Street Legal Racing: Redline v2.3.1,"Racing, Simulation",,,,"Invictus Games Ltd., ImageCode","Activision Value Publishing Inc., ImageCode",16.0,steamspy,747.0,False
Racing,2758280,Boldly Forward,"Adventure, Casual, Indie, Racing, Strategy",,,,SmallMill,SmallMill,1.0,steamspy,747.0,False
Racing,1578390,My Garage,"Adventure, Racing, Simulation",,,,Viking Game Studio,Viking Game Studio,152.0,steamspy,727.0,False
Racing,358270,Death Rally (Classic),"Action, Racing",,,,Remedy,3D Realms (Apogee Software),3.0,steamspy,699.0,False
Racing,2696480,Nothing,"Action, Adventure, Casual, Horror, Racing",,,,Pixelatto,Pixelatto,32.0,steamspy,690.0,False
Racing,1004750,WRC 8 FIA World Rally Championship,"Racing, Simulation, Sports",,,,KT Racing,Nacon,12.0,steamspy,678.0,False
Racing,6220,FlatOut,"Action, Racing, Simulation",,,,"Bugbear Entertainment, ZOOM Platform Media, Jordan Freeman Group",Strategy First,6.0,steamspy,631.0,False
Racing,775900,MotoGP18,"Racing, Simulation, Sports",,,,Milestone S.r.l.,Milestone S.r.l.,3.0,steamspy,615.0,False
Racing,711750,Monster Energy Supercross - The Official Videogame,"Racing, Simulation, Sports",,,,Milestone S.r.l.,Milestone S.r.l.,5.0,steamspy,601.0,False
Racing,1238080,Burnout Paradise Remastered,"Action, Adventure, Racing",,,,"Stellar Entertainment, Criterion Games",Electronic Arts,27.0,steamspy,588.0,False
Racing,505170,Carmageddon: Max Damage,"Action, Racing",,,,Stainless Games Ltd,THQ Nordic,5.0,steamspy,586.0,False
Racing,732430,Superflight,"Action, Casual, Indie, Racing, Simulation, Sports",,,,GrizzlyGames,GrizzlyGames,18.0,steamspy,578.0,False
Racing,1070580,Drift86,"Action, Casual, Indie, Racing, Simulation",,,,RewindApp,RewindApp,4.0,steamspy,563.0,False
Racing,1078760,Motorcycle Mechanic Simulator 2021,"Casual, Indie, Racing, Simulation",,,,Play2Chill S.A.,"PlayWay S.A., Play2Chill S.A.",5.0,steamspy,528.0,False
Racing,882020,Monster Energy Supercross - The Official Videogame 2,"Racing, Simulation, Sports",,,,Milestone S.r.l.,Milestone S.r.l.,6.0,steamspy,513.0,False
Racing,431600,Automobilista,"Racing, Simulation, Sports",,,,Reiza Studios,Reiza Studios,30.0,steamspy,487.0,False
Racing,1668080,Pinchcliffe Grand Prix,"Action, Adventure, Card & Board, Casual, Puzzle, Racing",,,,"Ravn Studio, Rock Pocket Games, Invictus Games",Ravn Studio,2.0,steamspy,484.0,False
Racing,235800,Audiosurf 2,"Action, Casual, Indie, Puzzle, Racing",,,,Dylan Fitterer,Dylan Fitterer,15.0,steamspy,473.0,False
Racing,431590,Earn to Die 2,"Action, Adventure, Indie, Racing",,,,Toffee Games,Not Doppler,9.0,steamspy,459.0,False
Racing,1307710,GRID Legends,"Action, Racing, Simulation, Sports",,,,Codemasters,Electronic Arts,45.0,steamspy,455.0,False
Racing,233610,Distance,"Action, Horror, Indie, Platformer, Racing, Survival",,,,Refract,Refract,23.0,steamspy,452.0,False
Racing,520010,Climbey,"Indie, Racing, Simulation",,,,Brian Lindenhof,ShadowBrain Games,0.0,steamspy,442.0,False
Racing,1324350,Turbo Golf Racing,"Action, Racing, Sports",,,,Hugecalf Studios,Hugecalf Studios,16.0,steamspy,439.0,False
Racing,2058750,Monster Energy Supercross - The Official Videogame 6,"Racing, Simulation, Sports",,,,Milestone S.r.l.,Milestone S.r.l.,10.0,steamspy,428.0,False
Racing,400800,MXGP2 - The Official Motocross Videogame,"Racing, Simulation, Sports",,,,Milestone S.r.l.,Milestone S.r.l.,4.0,steamspy,425.0,False
Racing,952040,MUSYNX,"Action, Casual, Indie, Racing, Simulation, Visual Novel",,,,I-Inferno,Wave Game,21.0,steamspy,424.0,False
Racing,302590,Of Guards And Thieves,"Action, Casual, Indie, Massively Multiplayer, Racing, Shooter, Strategy",,,,"Subvert Games, Polygon Moon","Subvert Games, Polygon Moon",3.0,steamspy,415.0,False
Racing,837880,You Suck at Parking - Complete Edition,"Action, Racing, Sports",,,,Happy Volcano,Curve Games,10.0,steamspy,409.0,False
Racing,1097130,Circuit Superstars,"Indie, Racing, Sports",,,,Original Fire Games,Original Fire Games,14.0,steamspy,381.0,False
Racing,626680,Kreedz Climbing,"Action, Indie, Platformer, Racing, Sports",,,,ObsessionSoft,ObsessionSoft,0.0,steamspy,376.0,False
Racing,2102520,Apex Point,"Adventure, Indie, Racing, Simulation",,,,"Apex Studio, Breakout Computing",Apex Studio,2.0,steamspy,370.0,False
Racing,2280390,Tennis Manager 2023,"Indie, Racing, Simulation, Sports, Strategy",,,,Rebound CG,Rebound CG,3.0,steamspy,343.0,False
Racing,320140,Absolute Drift,"Action, Casual, Racing, Simulation",,,,"Funselektor Labs Inc., FlippFly",Funselektor Labs Inc.,2.0,steamspy,342.0,False
Racing,202310,Ridge Racer Unbounded,"Action, Racing, Simulation",,,,BUGBEAR,BANDAI NAMCO Entertainment,4.0,steamspy,336.0,False
Racing,1428100,Instruments of Destruction,"Action, Adventure, Casual, Racing, Shooter, Simulation",,,,Radiangames,Secret Mode,8.0,steamspy,335.0,False
Racing,1859470,PAC-MAN WORLD Re-PAC,"Action, Adventure, Platformer, Puzzle, Racing",,,,NOW PRODUCTION,Bandai Namco Entertainment,19.0,steamspy,315.0,False
Racing,7200,Trackmania United Forever,"Action, Racing, Simulation, Sports",,,,Nadeo,Ubisoft,28.0,steamspy,300.0,False
Racing,2051120,HOT WHEELS UNLEASHED 2 - Turbocharged,"Action, Adventure, Racing, Simulation, Sports",,,,Milestone S.r.l.,Milestone S.r.l.,39.0,steamspy,296.0,False
Racing,798290,MXGP PRO,"Racing, Simulation, Sports",,,,Milestone S.r.l.,Milestone S.r.l.,7.0,steamspy,293.0,False
Racing,285110,GearCity,"Indie, Racing, Simulation, Strategy",,,,Visual Entertainment And Technologies,Visual Entertainment And Technologies,8.0,steamspy,277.0,False
Racing,711540,Lonely Mountains: Downhill,"Action, Indie, Racing, Simulation, Sports",,,,Megagon Industries,Megagon Industries,10.0,steamspy,273.0,False
Racing,434030,Aerofly FS 2 Flight Simulator,"Indie, Racing, Simulation",,,,IPACS,IPACS,2.0,steamspy,266.0,False
Racing,767390,Dakar 18,"Action, Adventure, Racing, Simulation, Sports",,,,Bigmoon Entertainment,"Bigmoon Entertainment, Ravenscourt",3.0,steamspy,260.0,False
Racing,520950,DRIFT CE,"Action, Casual, Indie, Racing, Simulation, Sports",,,,ECC GAMES,505 Games,4.0,steamspy,252.0,False
Racing,1082180,TT Isle of Man: Ride on the Edge 2,"Action, RPG, Racing, Simulation, Sports",,,,KT Racing,Nacon,6.0,steamspy,250.0,False
Racing,727020,Arcade Moonlander,"Action, Adventure, Casual, Indie, Racing, Strategy",,,,Daniel Paul Griffin,Back Of Nowhere Studios,0.0,steamspy,246.0,False
Racing,256330,WRC 4 FIA World Rally Championship,"Racing, Simulation, Sports",,,,Milestone S.r.l.,Nacon,6.0,steamspy,245.0,False
Racing,537340,Guts and Glory,"Action, Casual, Indie, Racing, Survival",,,,HakJak,tinyBuild,5.0,steamspy,242.0,False
Racing,2083210,Super Woden GP 2,"Indie, Racing, Sports",,,,ViJuDa,ViJuDa,2.0,steamspy,236.0,False
Racing,844260,Rustler (Grand Theft Horse),"Action, Adventure, Indie, RPG, Racing, Shooter",,,,Jutsu Games,"Games Operators, Modus Games",6.0,steamspy,234.0,False
Racing,1881200,TRYP FPV: Drone Racer Simulator,"Indie, Racing, Simulation, Sports",,,,UNDEAD BATTERY,UNDEAD BATTERY,25.0,steamspy,234.0,False
Racing,3125250,STORROR Parkour Pro,"Action, Adventure, Racing, Sports",,,,Hole in the Sleeve Game Studios,Hole in the Sleeve Game Studios,8.0,steamspy,224.0,False
Racing,964570,DCL - The Game,"Action, Adventure, Racing, Simulation, Sports",,,,"Drone Champions AG, Climax Studios","Drone Champions League, THQ Nordic",12.0,steamspy,213.0,False
Racing,2986370,Food Delivery Simulator,"Casual, Indie, Racing, Simulation",,,,Black Sea Studios,Black Sea Studios,3.0,steamspy,212.0,False
Racing,808910,STAR WARS Episode I Racer,"Action, Racing",,,,LucasArts,"Lucasfilm, Disney",3.0,steamspy,206.0,False
Racing,2217580,New Star GP,"Racing, Sports",,,,New Star Games Ltd.,Five Aces Publishing Ltd.,10.0,steamspy,196.0,False
Racing,335070,VRC PRO,"Action, Casual, Indie, Racing, Simulation, Sports",,,,Virtual Racing Industries Ltd.,Virtual Racing Industries Ltd.,31.0,steamspy,192.0,False
Racing,1610470,MXGP 2021 - The Official Motocross Videogame,"Racing, Simulation, Sports",,,,Milestone S.r.l.,Milestone S.r.l.,23.0,steamspy,190.0,False
Racing,287310,Re-Volt,Racing,,,,Acclaim Studios Teesside,"H2 Interactive Co., Ltd., SUPERDAY",6.0,steamspy,189.0,False
Racing,302710,BlazeRush,"Action, Racing, Shooter",,,,Targem Games,Targem Games,1.0,steamspy,176.0,False
Racing,1924170,TT Isle Of Man: Ride on the Edge 3,"Action, Racing, Simulation, Sports",,,,Nacon Studio Milan,Nacon,9.0,steamspy,175.0,False
Racing,354160,WRC 5 FIA World Rally Championship,"Racing, Simulation",,,,KT Racing,Nacon,9.0,steamspy,174.0,False
Racing,864060,Marble It Up! Ultra,"Action, Casual, Indie, Platformer, Puzzle, Racing",,,,"Blueteak, The Engine Company, Shapes and Lines, Arcturus Interactive, The Quantum Astrophysicists Guild","Alvios, Inc., Bad Habit Productions",6.0,steamspy,169.0,False
Racing,285500,Hard Truck Apocalypse / Ex Machina,"Action, Adventure, Indie, RPG, Racing, Shooter",,,,Targem Games,ESDigital Games,3.0,steamspy,168.0,False
Racing,406350,KartKraft,"Action, Casual, Racing, Simulation, Sports, Strategy",,,,Motorsport Games,Motorsport Games,11.0,steamspy,165.0,False
Racing,2107090,KitHack Model Club,"Action, Indie, Racing, Simulation, Sports","1 Aug, 2024",False,"₩ 5,870",Floating Origin Interactive,"Floating Origin Interactive, Curve Games",13.0,appdetails,158.0,False
Racing,584640,SUPER CHICKEN JUMPER,"Action, Adventure, Casual, Indie, Racing","24 Sep, 2021",False,"₩ 5,500","Sewer Cat, Heavy Sheep",Sewer Cat,3.0,appdetails,148.0,False
Racing,541670,Disney Infinity 3.0: Gold Edition,"Action, Adventure, Racing",,,,"Avalanche Software, Heavy Iron Studios",Disney,16.0,steamspy,148.0,False
Racing,2113900,Touge Shakai,"Racing, Simulation",,,,Raiyon Studios Pte Ltd,Raiyon Studios Pte Ltd,27.0,steamspy,145.0,False
Racing,359350,Defunct,"Adventure, Casual, Indie, Platformer, Racing",,,,Freshly Squeezed,SOEDESCO,0.0,steamspy,137.0,False
Racing,2553050,Estate Agent Simulator,"Casual, City Builder, Racing, Simulation",,,,Kiki Games,Kiki Games,0.0,steamspy,130.0,False
Racing,1101360,Rock of Ages 3: Make & Break,"Action, Adventure, Casual, Indie, Puzzle, Racing, Strategy, Tower Defense",,,,"ACE Team, Giant Monkey Robot","Maximum Entertainment, 3goo",1.0,steamspy,129.0,False
Racing,2494780,#DRIVE Rally,"Action, Indie, Racing, Simulation, Sports",,,,Pixel Perfect Dude,Pixel Perfect Dude,2.0,steamspy,129.0,False
Racing,938220,TAPSONIC BOLD,"Action, Casual, Racing",,,,NEOWIZ,NEOWIZ,2.0,steamspy,127.0,False
Racing,1683340,Kayak VR: Mirage,"Adventure, Casual, Indie, Racing, Simulation, Sports",,,,Better Than Life,Better Than Life,1.0,steamspy,126.0,False
Racing,2280350,Turbo Dismount 2,"Action, Puzzle, Racing, Simulation",,,,Secret Exit Ltd.,Secret Exit Ltd.,6.0,steamspy,125.0,False
Racing,782660,Armada: Modern Tanks,"Action, Massively Multiplayer, Platformer, Racing, Shooter, Simulation",,,,XDEVS LTD,XDEVS LTD,13.0,steamspy,124.0,False
Racing,2943150,SNØ: Ultimate Freeriding,"Indie, Racing, Simulation, Sports",,,,Studio Gauntlet,Studio Gauntlet,4.0,steamspy,120.0,False
Racing,2503220,Karting Superstars,"Action, Racing, Sports",,,,Original Fire Games,Original Fire Games,0.0,steamspy,115.0,False
Racing,1491340,Marble World,"Casual, City Builder, Racing, Simulation",,,,Vector Interactive,Vector Interactive,23.0,steamspy,112.0,False
Racing,473770,BallisticNG,"Action, Indie, Racing",,,,Neognosis,Neognosis,20.0,steamspy,109.0,False
Racing,331160,Disney•Pixar Cars,"Action, Adventure, Racing, Simulation",,,,Beenox,"THQ, Disney",5.0,steamspy,104.0,False
Racing,1205480,Monster Jam Steel Titans 2,"Action, Adventure, Racing, Sports",,,,Rainbow Studios,THQ Nordic,19.0,steamspy,102.0,False
Roguelike,3241660,R.E.P.O.,"Action, Horror, Roguelike, Survival",,,,semiwork,semiwork,52372.0,steamspy,266908.0,False
Roguelike,1794680,Vampire Survivors,"Action, Casual, Indie, RPG, Roguelike",,,,poncle,poncle,7528.0,steamspy,77061.0,False
Roguelike,1313140,Cult of the Lamb,"Action, Adventure, Roguelike, Strategy",,,,Massive Monster,Devolver Digital,1874.0,steamspy,56262.0,False
Roguelike,1145360,Hades,"Action, Indie, RPG, Roguelike",,,,Supergiant Games,Supergiant Games,4895.0,steamspy,54015.0,False
Roguelike,2420510,HoloCure - Save the Fans!,"Action, Casual, Roguelike, Shooter",,,,KayAnimate,KayAnimate,436.0,steamspy,45173.0,False
Roguelike,1504570,Cultivation Tales,"Action, Adventure, Massively Multiplayer, Platformer, RPG, Roguelike, Strategy, Survival, Tower Defense",,,,Ac Games,Ac Games,3.0,steamspy,34664.0,False
Roguelike,646570,Slay the Spire,"Card & Board, Casual, Indie, RPG, Roguelike, Strategy",,,,Mega Crit,Mega Crit,11341.0,steamspy,32937.0,False
Roguelike,2218750,Halls of Torment,"Action, RPG, Roguelike",,,,Chasing Carrots,Chasing Carrots,802.0,steamspy,26005.0,False
Roguelike,2445690,Lost Castle 2,"Action, Adventure, Indie, RPG, Roguelike",,,,Hunter Studio,Hunter Studio,495.0,steamspy,20208.0,False
Roguelike,2103140,Magicraft,"Action, Adventure, Indie, RPG, Roguelike, Shooter, Strategy",,,,Wave Games,bilibili,1160.0,steamspy,18834.0,False
Roguelike,2066020,Soulstone Survivors,"Action, RPG, Roguelike, Shooter",,,,Game Smithing Limited,Game Smithing Limited,486.0,steamspy,18822.0,False
Roguelike,2135150,Elin,"JRPG, RPG, Roguelike",,,,Lafrontier,Lafrontier,1308.0,steamspy,18203.0,False
Roguelike,311690,Enter the Gungeon,"Action, Indie, Roguelike, Shooter",,,,Dodge Roll,Devolver Digital,695.0,steamspy,15767.0,False
Roguelike,619820,Heroes of Hammerwatch II,"Action, Adventure, RPG, Roguelike",,,,Crackshell,Team17,477.0,steamspy,15540.0,False
Roguelike,1102190,Monster Train,"Card & Board, RPG, Roguelike, Strategy",,,,Shiny Shoe,Good Shepherd Entertainment,286.0,steamspy,14037.0,False
Roguelike,2784470,9 Kings,"Card & Board, Casual, RPG, Roguelike, Strategy",,,,Sad Socket,"Hooded Horse, INSTINCT3",739.0,steamspy,13850.0,False
Roguelike,1599600,PlateUp!,"Action, Casual, Roguelike, Strategy",,,,It's happening,"Yogscast Games, Gamersky Games",1183.0,steamspy,12406.0,False
Roguelike,113200,The Binding of Isaac,"Action, Adventure, Indie, RPG, Roguelike, Survival",,,,"Edmund McMillen, Florian Himsl",Edmund McMillen,154.0,steamspy,12295.0,False
Roguelike,1416920,Chinese Online Game,"Action, Adventure, Casual, Platformer, RPG, Roguelike",,,,648工作室,Wise Games,114.0,steamspy,12288.0,False
Roguelike,881100,Noita,"Action, Adventure, Indie, Platformer, RPG, Roguelike",,,,Nolla Games,Nolla Games,2195.0,steamspy,9144.0,False
Roguelike,2071280,Ravenswatch,"Action, Adventure, Indie, RPG, Roguelike",,,,Passtech Games,Nacon,892.0,steamspy,8899.0,False
Roguelike,3228590,Deadzone: Rogue,"Action, Horror, Roguelike, Shooter",,,,Prophecy Games,Prophecy Games,642.0,steamspy,8655.0,False
Roguelike,2933080,Crime Boss: Rockay City,"Action, Roguelike, Shooter",,,,INGAME STUDIOS,505 Games,149.0,steamspy,7586.0,False
Roguelike,3109580,I Am Legion: Stand Survivors,"Action, Adventure, Indie, RPG, Roguelike",,,,JA Game Studio,Gamersky Games,44.0,steamspy,6733.0,False
Roguelike,200210,Realm of the Mad God Exalt,"Action, Adventure, Indie, Massively Multiplayer, RPG, Roguelike",,,,"Wild Shadow Studios, Deca Live Operations GmbH",Deca Live Operations GmbH,1232.0,steamspy,6072.0,False
Roguelike,2719030,Meme Mayhem,"Card & Board, Casual, Roguelike, Strategy",,,,Cr3 Studio,Cr3 Studio,74.0,steamspy,6006.0,False
Roguelike,692890,Roboquest,"Action, Indie, Roguelike, Shooter",,,,RyseUp Studios,"RyseUp Studios, Starbreeze Entertainment",258.0,steamspy,5616.0,False
Roguelike,2132850,Rabbit and Steel,"Action, Adventure, RPG, Roguelike",,,,mino_dev,mino_dev,153.0,steamspy,5386.0,False
Roguelike,2608350,Snezhinka:Sentinel Girls2,"Action, Casual, Indie, Roguelike, Shooter",,,,hinyari9,hinyari9,3.0,steamspy,5356.0,False
Roguelike,434650,Lost Castle / 失落城堡,"Action, RPG, Roguelike",,,,Hunter Studio,Neon Doctrine,40.0,steamspy,4604.0,False
Roguelike,330020,Children of Morta,"Action, Adventure, RPG, Roguelike",,,,Dead Mage,11 bit studios,134.0,steamspy,4313.0,False
Roguelike,512900,Streets of Rogue,"Action, Adventure, Indie, RPG, Roguelike",,,,Matt Dabrowski,tinyBuild,246.0,steamspy,4265.0,False
Roguelike,382490,Relic Hunters Zero: Remix,"Action, Adventure, RPG, Roguelike, Shooter",,,,Rogue Snail,Akupara Games,3.0,steamspy,3777.0,False
Roguelike,690040,SUPERHOT: MIND CONTROL DELETE,"Action, Puzzle, Roguelike, Shooter",,,,SUPERHOT Team,SUPERHOT Team,23.0,steamspy,3718.0,False
Roguelike,2138710,Sifu,"Action, Adventure, Fighting, Indie, Roguelike",,,,Sloclap,"Sloclap, Kepler Interactive",248.0,steamspy,3136.0,False
Roguelike,2501600,DICEOMANCER,"Card & Board, Casual, Indie, Roguelike, Strategy",,,,超厚皮猪猪 Ultra Piggy Studio,Gamirror Games,88.0,steamspy,3045.0,False
Roguelike,2854740,Nunholy,"Action, Horror, Roguelike, Visual Novel",,,,Chowbie,Chowbie,25.0,steamspy,2987.0,False
Roguelike,861540,Dicey Dungeons,"Card & Board, Casual, Indie, RPG, Roguelike, Strategy",,,,Terry Cavanagh,Terry Cavanagh,60.0,steamspy,2976.0,False
Roguelike,2697930,Commander Quest,"Card & Board, Casual, Roguelike, Simulation, Strategy",,,,"Flyway Games, Inc.","Flyway Games, Inc., KRAFTON, Inc.",47.0,steamspy,2725.0,False
Roguelike,1178790,Shiren the Wanderer: The Tower of Fortune and the Dice of Fate,"JRPG, RPG, Roguelike",,,,"Spike Chunsoft Co., Ltd.","Spike Chunsoft Co., Ltd.",56.0,steamspy,2658.0,False
Roguelike,1280930,Astral Ascent,"Action, Indie, Platformer, Roguelike",,,,Hibernian Workshop,"Hibernian Workshop, MP2 Games",81.0,steamspy,2409.0,False
Roguelike,1929870,Nomad Survival,"Action, Indie, Roguelike, Shooter, Survival",,,,The Fox Knocks,The Fox Knocks,13.0,steamspy,2373.0,False
Roguelike,1286580,Ship of Fools,"Action, Indie, Roguelike, Tower Defense",,,,Fika Productions,Team17,52.0,steamspy,2319.0,False
Roguelike,1682060,Warriors of the Nile 2,"Card & Board, RPG, Roguelike, Strategy",,,,Stove Studio,Gamirror Games,37.0,steamspy,2199.0,False
Roguelike,2086430,NIMRODS,"Action, RPG, Roguelike, Shooter",,,,Fiveamp,Fiveamp,89.0,steamspy,2130.0,False
Roguelike,857980,Void Bastards,"Action, Indie, Roguelike, Shooter, Strategy",,,,Blue Manchu,Blue Manchu,12.0,steamspy,2088.0,False
Roguelike,2185780,Return to abyss 重返深渊,"Action, Adventure, Horror, Indie, RPG, Roguelike, Survival",,,,Wingjoy Games,Wingjoy Games,1.0,steamspy,2049.0,False
Roguelike,2780710,Asgard's Fall — Viking Survivors,"Action, Adventure, Casual, Indie, RPG, Roguelike, Shooter, Strategy",,,,Soulpotion,"Assemble Entertainment, INSTINCT3",8.0,steamspy,1906.0,False
Roguelike,619780,The Swords of Ditto: Mormo's Curse,"Action, Adventure, Casual, Indie, RPG, Roguelike",,,,onebitbeyond,Devolver Digital,5.0,steamspy,1852.0,False
Roguelike,2116060,Epic Auto Towers,"Card & Board, Casual, Roguelike, Strategy, Tower Defense",,,,Aleksandr Golovkin,Aleksandr Golovkin,15.0,steamspy,1807.0,False
Roguelike,1569090,Vivid Knight,"Roguelike, Simulation, Strategy",,,,"Asobism.Co., Ltd","Asobism.Co., Ltd",58.0,steamspy,1708.0,False
Roguelike,858210,Nova Drift,"Action, Casual, Indie, RPG, Roguelike, Shooter",,,,Chimeric,Pixeljam,62.0,steamspy,1696.0,False
Roguelike,2056210,LONESTAR,"Card & Board, RPG, Roguelike, Strategy",,,,Math Tide,Thermite Games,42.0,steamspy,1539.0,False
Roguelike,2996040,Teenage Mutant Ninja Turtles: Splintered Fate,"Action, Adventure, Fighting, RPG, Roguelike, Strategy",,,,Super Evil Megacorp,Super Evil Megacorp,91.0,steamspy,1455.0,False
Roguelike,396750,EVERSPACE,"Action, Indie, Roguelike, Shooter, Simulation, Survival",,,,ROCKFISH Games,ROCKFISH Games,23.0,steamspy,1403.0,False
Roguelike,2529820,Wedding Witch,"Action, Casual, RPG, Roguelike, Survival",,,,Chowbie,Chowbie,15.0,steamspy,1378.0,False
Roguelike,1409730,Hero of Not Our Time,"Action, Adventure, Casual, Roguelike, Shooter, Survival",,,,Hide Head,Hide Head,0.0,steamspy,1290.0,False
Roguelike,362490,Exanima,"Action, Adventure, Horror, Indie, RPG, Roguelike, Simulation",,,,Bare Mettle Entertainment,Bare Mettle Entertainment,106.0,steamspy,1251.0,False
Roguelike,598060,Slasher's Keep,"Action, Indie, RPG, Roguelike",,,,Damian Schloter,Damian Schloter,15.0,steamspy,1242.0,False
Roguelike,2853160,SHOOPER NOVA,"Action, Casual, Indie, Roguelike, Strategy, Tower Defense",,,,Jamesika,Jamesika,5.0,steamspy,1237.0,False
Roguelike,603960,Star of Providence,"Action, Indie, Roguelike, Shooter",,,,Team D-13,"Team D-13, Bigmode",45.0,steamspy,1201.0,False
Roguelike,853450,Nevergrind Online,"Action, RPG, Roguelike",,,,Neverworks Games,Neverworks Games,14.0,steamspy,1175.0,False
Roguelike,364420,Roguelands,"Action, Adventure, Indie, Platformer, RPG, Roguelike, Survival",,,,Sean Young,SmashGames,6.0,steamspy,1111.0,False
Roguelike,2479830,The Braves,"Action, RPG, Roguelike, Shooter",,,,101XP GAME STUDIOS,101XP,85.0,steamspy,1096.0,False
Roguelike,2435090,Talented,"Action, Indie, Roguelike",,,,TurtleFox Games,TurtleFox Games,32.0,steamspy,1063.0,False
Roguelike,1456820,Marfusha:Sentinel Girls ,"Action, Roguelike, Shooter, Tower Defense",,,,hinyari9,hinyari9,5.0,steamspy,1047.0,False
Roguelike,2128270,Path of Achra,"Indie, RPG, Roguelike",,,,Ulfsire,Slouching Beast LLC,71.0,steamspy,1033.0,False
Roguelike,1494810,Mortal Sin,"Action, Horror, Indie, RPG, Roguelike, Shooter",,,,Nikola Todorovic,Nikola Todorovic,122.0,steamspy,1030.0,False
Roguelike,1601740,Corpse Keeper,"Action, RPG, Roguelike, Strategy",,,,Melancholia Studio,Thermite Games,0.0,steamspy,1004.0,False
Roguelike,2343600,Endgame of Devil,"Card & Board, Casual, RPG, Roguelike, Strategy",,,,MiniWhale,Anotherindie,5.0,steamspy,984.0,False
Roguelike,3064290,Trizon,"Card & Board, Casual, Indie, Roguelike, Strategy",,,,Ling,Ling,5.0,steamspy,980.0,False
Roguelike,1135810,Vault of the Void,"Adventure, Card & Board, Indie, Roguelike, Strategy",,,,Spider Nest Games,Spider Nest Games,94.0,steamspy,963.0,False
Roguelike,2917350,Spin Hero,"Card & Board, Indie, RPG, Roguelike, Strategy",,,,Sphere Studios,"Goblinz Publishing, Maple Whispering Limited",102.0,steamspy,890.0,False
Roguelike,1037020,ScourgeBringer,"Action, Adventure, Indie, Metroidvania, Platformer, Roguelike",,,,"Flying Oak Games, E-Studio",Dear Villagers,10.0,steamspy,814.0,False
Roguelike,3141720,Monster Battles,"Indie, Roguelike, Strategy",,,,Fourteen,Fourteen,30.0,steamspy,797.0,False
Roguelike,420790,StarBreak,"Action, Adventure, Indie, Massively Multiplayer, Metroidvania, Platformer, Roguelike",,,,Crunchy Games,Crunchy Games,103.0,steamspy,764.0,False
Roguelike,1972440,Shotgun King: The Final Checkmate,"Action, Roguelike, Shooter, Strategy",,,,PUNKCAKE Delicieux,PUNKCAKE Delicieux,73.0,steamspy,756.0,False
Roguelike,1029210,30XX,"Action, Adventure, Platformer, Roguelike",,,,Batterystaple Games,Batterystaple Games,23.0,steamspy,749.0,False
Roguelike,252610,Death Road to Canada,"Action, Indie, RPG, Roguelike, Survival",,,,"Rocketcat Games, Madgarden",Rocketcat Games,92.0,steamspy,733.0,False
Roguelike,1471410,SYNTHETIK 2,"Action, Roguelike, Shooter",,,,Flow Fire Games,Flow Fire Games,50.0,steamspy,698.0,False
Roguelike,2468100,Pyrene,"Card & Board, Roguelike, Strategy",,,,Two Tiny Dice,Indie Asylum,16.0,steamspy,646.0,False
Roguelike,1304680,Voidigo,"Action, Adventure, Roguelike, Shooter",,,,semiwork,semiwork,37.0,steamspy,622.0,False
Roguelike,2002220,Keeper's Toll,"Action, Indie, RPG, Roguelike, Survival",,,,Stingbot Games,"Stingbot Games, Doyoyo Games",5.0,steamspy,614.0,False
Roguelike,1638390,Indies' Lies,"Card & Board, Casual, Indie, RPG, Roguelike, Strategy",,,,Fun Square Games,Erabit,4.0,steamspy,596.0,False
Roguelike,274500,Brigador: Up-Armored Edition,"Action, Indie, Roguelike, Shooter",,,,"Stellar Jockeys, Gausswerks",Stellar Jockeys,8.0,steamspy,594.0,False
Roguelike,2908950,Tunnel Escape,"Action, Adventure, JRPG, RPG, Roguelike, Survival",,,,Elzee,Saikey Studios,8.0,steamspy,580.0,False
Roguelike,2404370,YOHANE THE PARHELION -BLAZE in the DEEPBLUE-,"Action, Adventure, Metroidvania, Roguelike",,,,"INTI CREATES CO., LTD.","INTI CREATES CO., LTD.",1.0,steamspy,563.0,False
Roguelike,2752720,Dice Player One,"Card & Board, Casual, Indie, Roguelike, Strategy",,,,KDream,KDream,7.0,steamspy,541.0,False
Roguelike,2881800,SuperTaxCity,"Casual, City Builder, Indie, Roguelike, Simulation",,,,soramame-koubou,KIC Games,8.0,steamspy,535.0,False
Roguelike,1253610,Knights of Braveland,"Action, RPG, Roguelike",,,,Tortuga Team,Tortuga Team,4.0,steamspy,516.0,False
Roguelike,1700270,Lucky Tower Ultimate,"Action, Adventure, Roguelike",,,,Studio Seufz,AMC Games,18.0,steamspy,491.0,False
Roguelike,1536620,Galactic Glitch,"Action, Adventure, Roguelike, Shooter, Simulation",,,,Crunchy Leaf Games,Crunchy Leaf Games,4.0,steamspy,468.0,False
Roguelike,1456760,ROBOBEAT,"Action, Adventure, Roguelike, Shooter",,,,Simon Fredholm,Kwalee,9.0,steamspy,468.0,False
Roguelike,698870,Metaverse Keeper / 元能失控,"Action, Adventure, Casual, Indie, RPG, Roguelike, Shooter",,,,Sparks Games,Sparks Games,1.0,steamspy,466.0,False
Roguelike,926390,Infected Shelter,"Action, Adventure, Indie, RPG, Roguelike",,,,Dark Blue Games,Dark Blue Games,4.0,steamspy,432.0,False
Roguelike,2111870,Section 13,"Action, Adventure, Roguelike, Shooter, Survival",,,,"Ocean Drive Studio, Inc.","Ocean Drive Studio, Inc., Kakao Games",2.0,steamspy,428.0,False
Roguelike,3021630,Savara,"Action, Adventure, Indie, RPG, Roguelike",,,,Doryah Games,Ankama Games,6.0,steamspy,421.0,False
Roguelike,585710,Blazing Beaks,"Action, Adventure, Roguelike, Shooter",,,,Applava,Applava,9.0,steamspy,414.0,False
Roguelike,2852980,Necroking,"Adventure, Card & Board, Roguelike, Strategy",,,,KORO.GAMES,Alawar,7.0,steamspy,413.0,False
Roguelike,360740,Downwell,"Action, Adventure, Indie, Platformer, Roguelike",,,,Moppin,Devolver Digital,13.0,steamspy,405.0,False
Roguelike,528730,Crypt of the Serpent King,"Action, Indie, RPG, Roguelike",,,,Rendercode Games,Rendercode Games,0.0,steamspy,398.0,False
Roguelike,2137760,Crafty Survivors,"Action, RPG, Roguelike, Shooter, Survival",,,,Flannel Bear Games,Flannel Bear Games,5.0,steamspy,382.0,False
Roguelike,2747550,Bloodshed,"Action, Adventure, Roguelike, Shooter",,,,com8com1 Software,Headup,13.0,steamspy,381.0,False
Roguelike,2792610,Stickman Killing Zombie,"Action, Adventure, Horror, Roguelike, Shooter, Survival",,,,Yurii Nikshych,Angels Vs Demons,0.0,steamspy,381.0,False
Roguelike,2942700,Seed of Heroes,"Action, Casual, Indie, Roguelike, Survival",,,,Vermillion Digital,Sekai Project,0.0,steamspy,369.0,False
Roguelike,2540860,生嚿叉燒好過生你,"Action, Adventure, RPG, Roguelike, Simulation, Strategy",,,,無厘頭遊戲工作室,無厘頭遊戲工作室,1.0,steamspy,363.0,False
Roguelike,1893620,Circadian Dice,"Card & Board, Roguelike, Strategy",,,,Shuffle Up Games,Shuffle Up Games,1.0,steamspy,359.0,False
Roguelike,3432500,Sin and Love,"Action, Adventure, Indie, RPG, Roguelike, Strategy",,,,XingCaiStudio,XingCaiStudio,1.0,steamspy,348.0,False
Roguelike,2421310,桃色武林,"Action, Adventure, Indie, RPG, Roguelike, Visual Novel",,,,人型ですカオス,人型ですカオス,1.0,steamspy,341.0,False
Roguelike,1608040,Castle Morihisa,"Adventure, Card & Board, RPG, Roguelike, Strategy",,,,Smokingbear Studio,Thermite Games,1.0,steamspy,323.0,False
Roguelike,1266430,Lost In Fantaland,"Card & Board, Indie, RPG, Roguelike, Strategy",,,,Supernature Studio,NPC Entertainment,6.0,steamspy,317.0,False
Roguelike,320040,Moon Hunters,"Action, Adventure, RPG, Roguelike",,,,Kitfox Games,Kitfox Games,11.0,steamspy,311.0,False
Roguelike,3435260,Dice With Death,"Card & Board, Casual, Indie, Roguelike, Strategy",,,,Sea Glass Games,Sea Glass Games,22.0,steamspy,310.0,False
Roguelike,2090760,X Invader,"Action, Roguelike, Shooter, Strategy",,,,ALLAF GAMES,ALLAF GAMES,1.0,steamspy,305.0,False
Roguelike,2773640,99 Waves,"Action, Casual, Platformer, Roguelike",,,,"Cold9, Cosnow",Cosnow Company,1.0,steamspy,288.0,False
Roguelike,2910990,HYAKKI YAKO Survivor,"Action, Casual, Indie, Roguelike",,,,"pixyda, inc.","pixyda, inc.",1.0,steamspy,286.0,False
Roguelike,2727210,Deathless. The Hero Quest,"Adventure, Card & Board, Roguelike, Strategy",,,,1C Game Studios,FOR-GAMES CR LTD,3.0,steamspy,285.0,False
Roguelike,1184820,Poker Quest: Swords and Spades,"Card & Board, Indie, RPG, Roguelike, Strategy",,,,Playsaurus,Playsaurus,10.0,steamspy,273.0,False
Roguelike,770100,One Deck Dungeon,"Adventure, Card & Board, Indie, RPG, Roguelike, Strategy",,,,Handelabra Games Inc.,Handelabra Games Inc.,2.0,steamspy,264.0,False
Roguelike,1573630,Choice of Life: Middle Ages 2,"Adventure, Card & Board, Casual, Indie, RPG, Roguelike, Simulation, Strategy",,,,Blazing Planet Studio,Blazing Planet Studio,0.0,steamspy,257.0,False
Roguelike,1911860,Grit and Valor - 1949,"Action, Casual, Roguelike, Strategy, Tower Defense",,,,Milky Tea Studios,Megabit Publishing,0.0,steamspy,253.0,False
Roguelike,3585310,KUNKUN Defender 2,"Action, Horror, Roguelike, Shooter, Sports, Survival, Tower Defense",,,,Seal,Seal,3.0,steamspy,248.0,False
Roguelike,1092630,Rogue Glitch Ultra,"Action, Platformer, Roguelike",,,,"Rarebyte, Lino Slahuschek",Rarebyte,5.0,steamspy,243.0,False
Roguelike,1585910,Roll,"Card & Board, Casual, Indie, Puzzle, Roguelike, Strategy",,,,Joseph Distler,Joseph Distler,7.0,steamspy,222.0,False
Roguelike,2050590,Fhtagn Simulator,"Card & Board, Casual, Indie, Roguelike, Strategy",,,,锁眼工作室,INDIECN,0.0,steamspy,217.0,False
Roguelike,1494560,Rogue Voltage,"Card & Board, JRPG, RPG, Roguelike, Simulation, Strategy",,,,Horizont Computergrafik,"Horizont Computergrafik, IndieArk",8.0,steamspy,214.0,False
Roguelike,2113040,RUNGORE,"Card & Board, Indie, RPG, Roguelike, Strategy",,,,"YOUR_MOM'S_HP, RavenJm","GrabTheGames, Gamera Games, UpgradePoint",4.0,steamspy,202.0,False
Roguelike,722730,Cogmind,"RPG, Roguelike, Strategy",,,,Grid Sage Games,Grid Sage Games,19.0,steamspy,201.0,False
Roguelike,2462060,Graveyard Gunslingers,"Action, Roguelike, Shooter",,,,PyroPhysics,PyroPhysics,5.0,steamspy,199.0,False
Roguelike,2281820,Evolings,"Action, Indie, RPG, Roguelike, Strategy",,,,Sørb,"Super Rare Originals, Gamersky Games",1.0,steamspy,198.0,False
Roguelike,297120,Heavy Bullets,"Action, Adventure, Horror, Indie, Roguelike, Shooter",,,,"Terri Vellmann, Doseone",Devolver Digital,1.0,steamspy,197.0,False
Roguelike,2630080,They Are Coming,"Action, Indie, Roguelike, Shooter, Strategy, Survival, Tower Defense",,,,OnHit Developments,OnHit Developments,2.0,steamspy,191.0,False
Roguelike,1840710,These Doomed Isles,"Card & Board, City Builder, Roguelike, Simulation, Strategy, Survival, Tower Defense",,,,Triplevision Games Limited,Fireshine Games,8.0,steamspy,189.0,False
Roguelike,1305300,Love Love School Days,"Action, Adventure, Horror, Platformer, Roguelike",,,,OTL GAME,"OTL GAME, Waku Waku Games",3.0,steamspy,180.0,False
Roguelike,1580180,Gunbrella,"Action, Adventure, Indie, Metroidvania, Platformer, Roguelike",,,,doinksoft,Devolver Digital,9.0,steamspy,180.0,False
Roguelike,1958340,Cube Chaos,"Card & Board, Roguelike, Strategy, Tower Defense",,,,Wunarg,Wunarg,6.0,steamspy,175.0,False
Roguelike,2311990,Rack and Slay,"Action, Indie, RPG, Roguelike, Strategy",,,,Ludokultur,2 Left Thumbs,4.0,steamspy,170.0,False
Roguelike,1016790,West of Dead,"Action, Adventure, Horror, Roguelike, Shooter, Survival",,,,Upstream Arcade,Raw Fury,5.0,steamspy,168.0,False
Roguelike,1461910,Rogue Command,"Action, Roguelike, Strategy, Survival, Tower Defense",,,,feneq,feneq,12.0,steamspy,157.0,False
Roguelike,492290,Has-Been Heroes,"Action, Indie, RPG, Roguelike, Strategy, Tower Defense",,,,Frozenbyte,GameTrust Games,0.0,steamspy,154.0,False
Roguelike,2187920,Iron Marines Invasion,"Action, Adventure, Casual, Roguelike, Strategy",,,,Ironhide Game Studio,Ironhide Game Studio,1.0,steamspy,153.0,False
Roguelike,1725950,魔塔地牢,"Adventure, Indie, JRPG, RPG, Roguelike, Strategy",,,,Zeros,Zeros,4.0,steamspy,145.0,False
Roguelike,1709050,Nitro Kid,"Card & Board, Indie, Roguelike, Strategy",,,,Wildboy Studios,tinyBuild,6.0,steamspy,145.0,False
Roguelike,2905790,PROJECT TACHYON,"Action, Platformer, Roguelike",,,,STUDIO N9,HIKE Inc.,1.0,steamspy,132.0,False
Roguelike,2845630,Ocean Keeper: Dome Survival,"Action, Adventure, Roguelike, Shooter",,,,RetroStyle Games,RetroStyle Games,3.0,steamspy,125.0,False
Roguelike,2099220,Mobmania,"Action, Casual, Indie, RPG, Roguelike",,,,"azndesserts, justjayem, wolfbyte131",azndesserts,3.0,steamspy,123.0,False
Roguelike,329770,4089: Ghost Within,"Action, Indie, RPG, Roguelike",,,,Phr00t's Software,Phr00t's Software,0.0,steamspy,123.0,False
Roguelike,2516820,LuckLand,"Card & Board, Casual, Indie, Roguelike, Simulation, Strategy",,,,e-Jade,e-Jade,0.0,steamspy,104.0,False
Roguelike,1422410,Into the Pit,"Action, Indie, Roguelike, Shooter",,,,Nullpointer Games,Humble Games,0.0,steamspy,103.0,False
Roguelike,381020,Sky Rogue,"Action, Indie, Roguelike, Simulation",,,,Fractal Phase,Fractal Phase,4.0,steamspy,102.0,False
Shooter,397540,Borderlands 3,"Action, Adventure, RPG, Shooter",,,,Gearbox Software,2K,2051.0,steamspy,93597.0,False
Shooter,632360,Risk of Rain 2,"Action, Indie, Roguelike, Shooter, Survival",,,,Hopoo Games,Gearbox Publishing,7048.0,steamspy,74945.0,False
Shooter,444090,Paladins,"Action, Adventure, Massively Multiplayer, Shooter, Strategy",,,,Evil Mojo Games,Hi-Rez Studios,838.0,steamspy,60566.0,False
Shooter,1144200,Ready or Not,"Action, Horror, Shooter",,,,VOID Interactive,VOID Interactive,4147.0,steamspy,55174.0,False
Shooter,243470,Watch_Dogs,"Action, Adventure, RPG, Shooter, Simulation, Strategy",,,,Ubisoft,Ubisoft,209.0,steamspy,47820.0,False
Shooter,504370,Battlerite,"Action, Fighting, RPG, Shooter, Sports, Strategy",,,,Stunlock Studios,Stunlock Studios,39.0,steamspy,44850.0,False
Shooter,1337520,Risk of Rain Returns,"Action, Roguelike, Shooter",,,,Hopoo Games,Gearbox Publishing,163.0,steamspy,41838.0,False
Shooter,393380,Squad,"Action, Massively Multiplayer, Shooter, Simulation, Strategy",,,,Offworld,Offworld,4998.0,steamspy,38573.0,False
Shooter,319830,AX:EL - Air XenoDawn,"Action, Indie, Shooter, Simulation",,,,Alex Piola,KISS ltd,2.0,steamspy,35782.0,False
Shooter,1217060,Gunfire Reborn,"Action, Adventure, Indie, RPG, Roguelike, Shooter",,,,Duoyi Games,Duoyi Games,2282.0,steamspy,35002.0,False
Shooter,1229490,ULTRAKILL,"Action, Shooter",,,,"Arsi ""Hakita"" Patala",New Blood Interactive,1672.0,steamspy,27835.0,False
Shooter,1237970,Titanfall 2,"Action, Shooter",,,,Respawn Entertainment,Electronic Arts,1371.0,steamspy,27547.0,False
Shooter,1259420,Days Gone,"Action, Adventure, Horror, Shooter, Survival",,,,Bend Studio,PlayStation Publishing LLC,985.0,steamspy,27380.0,False
Shooter,209000,Batman: Arkham Origins,"Action, Adventure, Fighting, RPG, Shooter",,,,"WB Games Montreal, Splash Damage",Warner Bros. Interactive Entertainment,614.0,steamspy,24938.0,False
Shooter,202970,Call of Duty: Black Ops II,"Action, Adventure, Horror, Massively Multiplayer, Shooter, Survival",,,,Treyarch,Activision,121.0,steamspy,18202.0,False
Shooter,312660,Sniper Elite 4,"Action, Adventure, Shooter, Strategy",,,,Rebellion,Rebellion,453.0,steamspy,17294.0,False
Shooter,35450,Red Orchestra 2: Heroes of Stalingrad with Rising Storm,"Action, Shooter, Simulation",,,,Tripwire Interactive,Tripwire Interactive,36.0,steamspy,16311.0,False
Shooter,1268750,Starship Troopers: Extermination,"Action, Shooter",,,,Offworld,Offworld,232.0,steamspy,16065.0,False
Shooter,550650,Black Squad,"Action, Adventure, Massively Multiplayer, Shooter, Strategy",,,,"VALOFE, NS STUDIO",VALOFE,127.0,steamspy,15766.0,False
Shooter,2870,X Rebirth,"Action, Adventure, Shooter, Simulation, Strategy",,,,Egosoft,Egosoft,12.0,steamspy,14664.0,False
Shooter,581320,Insurgency: Sandstorm,"Action, Indie, Massively Multiplayer, Shooter, Simulation",,,,New World Interactive,Focus Entertainment,1061.0,steamspy,14474.0,False
Shooter,717690,OVERKILL's The Walking Dead,"Action, Adventure, Horror, Shooter, Survival",,,,OVERKILL - a Starbreeze Studio.,Starbreeze Publishing AB,1.0,steamspy,14292.0,False
Shooter,1836120,QUICKERFLAK,"Action, Casual, Shooter",,,,Walter Machado,Walter Machado,173.0,steamspy,13919.0,False
Shooter,364210,Sierra Ops - Space Strategy Visual Novel,"Adventure, Casual, RPG, Shooter, Strategy, Tower Defense, Visual Novel",,,,Innomen Team,Sekai Project,1.0,steamspy,12559.0,False
Shooter,939960,Far Cry New Dawn,"Action, Adventure, Casual, RPG, Shooter, Survival",,,,"Ubisoft Montreal, Ubisoft Kiev, Ubisoft Shanghai",Ubisoft,161.0,steamspy,12369.0,False
Shooter,55150,"Warhammer 40,000: Space Marine - Anniversary Edition","Action, Adventure, Shooter",,,,Relic Entertainment,Relic Entertainment,61.0,steamspy,12060.0,False
Shooter,1324780,Easy Red 2,"Action, Indie, Shooter, Simulation, Strategy",,,,Marco Amadei,Corvostudio di Amadei Marco,1300.0,steamspy,12000.0,False
Shooter,505460,Foxhole,"Action, Massively Multiplayer, RPG, Shooter, Strategy",,,,Siege Camp,Siege Camp,2240.0,steamspy,11778.0,False
Shooter,1659040,HITMAN World of Assassination,"Action, Adventure, Puzzle, Shooter",,,,IO Interactive A/S,IO Interactive A/S,1958.0,steamspy,10877.0,False
Shooter,9200,RAGE,"Action, Adventure, Horror, RPG, Racing, Shooter, Survival",,,,id Software,Bethesda Softworks,46.0,steamspy,10510.0,False
Shooter,273110,Counter-Strike Nexon: Studio,"Action, Horror, Shooter, Survival",,,,"Valve, NEXON",NEXON,259.0,steamspy,9858.0,False
Shooter,1359090,Zero Hour,"Action, Shooter, Simulation, Strategy",,,,AttritoM7 Productions,AttritoM7 Productions,41.0,steamspy,7302.0,False
Shooter,362890,Black Mesa,"Action, Adventure, Horror, Indie, Shooter",,,,Crowbar Collective,Crowbar Collective,418.0,steamspy,7116.0,False
Shooter,1288320,Way of the Hunter,"Adventure, Shooter, Simulation, Sports",,,,Nine Rocks Games,THQ Nordic,234.0,steamspy,6912.0,False
Shooter,9480,Saints Row 2,"Action, Adventure, Shooter",,,,Volition,Deep Silver,138.0,steamspy,6444.0,False
Shooter,515570,UBERMOSH Vol.3,"Action, Indie, Roguelike, Shooter",,,,Walter Machado,Walter Machado,7.0,steamspy,6182.0,False
Shooter,1139900,Ghostrunner,"Action, Adventure, Fighting, Shooter, Strategy",,,,"One More Level, 3D Realms, Slipgate Ironworks™, All in! Games",505 Games,162.0,steamspy,5033.0,False
Shooter,674940,Stick Fight: The Game,"Action, Casual, Fighting, Indie, Shooter, Strategy",,,,Landfall West,Landfall,238.0,steamspy,5033.0,False
Shooter,312530,Duck Game,"Action, Casual, Indie, Platformer, Shooter",,,,Landon Podbielski,CORPTRON GAMES CORP.,139.0,steamspy,5004.0,False
Shooter,2239550,Watch Dogs: Legion,"Action, Adventure, RPG, Shooter",,,,Ubisoft Toronto,Ubisoft,80.0,steamspy,4997.0,False
Shooter,530620,Resident Evil 7 Teaser: Beginning Hour,"Action, Adventure, Horror, Puzzle, Shooter, Survival",,,,"CAPCOM Co., Ltd.","CAPCOM Co., Ltd.",10.0,steamspy,3834.0,False
Shooter,823500,BONEWORKS,"Action, Adventure, Horror, Indie, Puzzle, Shooter, Simulation",,,,Stress Level Zero,Stress Level Zero,28.0,steamspy,3820.0,False
Shooter,107200,Space Pirates and Zombies,"Action, Adventure, Indie, RPG, Shooter, Strategy",,,,MinMax Games Ltd.,MinMax Games Ltd.,9.0,steamspy,3595.0,False
Shooter,767560,War Robots,"Action, Massively Multiplayer, Shooter",,,,MY.GAMES,MY.GAMES,1032.0,steamspy,3220.0,False
Shooter,1635450,Longvinter,"Action, Adventure, Shooter, Survival",,,,Uuvana Studios,Uuvana Studios,99.0,steamspy,3121.0,False
Shooter,1065310,Evil West,"Action, Adventure, RPG, Shooter",,,,Flying Wild Hog,Focus Entertainment,149.0,steamspy,3059.0,False
Shooter,418650,Space Pirate Trainer,"Action, Shooter",,,,I-Illusions,I-Illusions,1.0,steamspy,2740.0,False
Shooter,2320,Quake II,"Action, Horror, Shooter",,,,"id Software, Nightdive Studios, MachineGames",Bethesda Softworks,51.0,steamspy,2726.0,False
Shooter,1857740,MOBILE SUIT GUNDAM SEED BATTLE DESTINY REMASTERED,"Action, Casual, Platformer, RPG, Shooter",,,,Bandai Namco Forge Digitals Inc.,Bandai Namco Entertainment Inc.,11.0,steamspy,2718.0,False
Shooter,657200,Hand Simulator,"Action, Horror, Shooter, Simulation",,,,HFM Games,HFM Games,19.0,steamspy,2674.0,False
Shooter,2280,DOOM + DOOM II,"Action, Shooter",,,,"id Software, Nightdive Studios",Bethesda,191.0,steamspy,2668.0,False
Shooter,654990,Dude Simulator,"Action, Adventure, Fighting, Indie, Shooter, Simulation",,,,Kiddy,Kiddy,2.0,steamspy,2571.0,False
Shooter,816090,Space Hulk: Deathwing Enhanced Edition,"Action, Adventure, Horror, RPG, Shooter",,,,Streum On Studio,Focus Entertainment,69.0,steamspy,2297.0,False
Shooter,263980,Out There Somewhere,"Action, Adventure, Indie, Metroidvania, Platformer, Puzzle, Shooter",,,,MiniBoss,Senpai Industrial Studios,1.0,steamspy,2268.0,False
Shooter,2218400,Greedland,"Action, Adventure, Casual, Indie, Roguelike, Shooter",,,,VaMP He,"Gamersky Games, 2P Games",80.0,steamspy,2172.0,False
Shooter,433350,BlackShot: Mercenary Warfare FPS,"Action, Casual, Horror, Massively Multiplayer, Shooter",,,,Vertigo Games America,"Papaya Play, Vertigo Games America",5.0,steamspy,2117.0,False
Shooter,1175460,Revita,"Action, Adventure, RPG, Roguelike, Shooter",,,,BenStar,"Dear Villagers, Doyoyo Games",7.0,steamspy,2106.0,False
Shooter,408410,X-Morph: Defense,"Action, Indie, Shooter, Strategy, Tower Defense",,,,EXOR Studios,EXOR Studios,12.0,steamspy,2057.0,False
Shooter,2078450,"Warhammer 40,000: Speed Freeks","Racing, Shooter",,,,Caged Element Inc.,Wired Productions,30.0,steamspy,2000.0,False
Shooter,578310,BRAIN / OUT,"Action, Casual, Indie, Massively Multiplayer, Platformer, Shooter, Survival",,,,Desertkun,Desertkun,1.0,steamspy,1978.0,False
Shooter,1547000,Grand Theft Auto: San Andreas – The Definitive Edition,"Action, Adventure, Horror, Shooter",,,,Rockstar Games,Rockstar Games,515.0,steamspy,1911.0,False
Shooter,1676130,Deadlink,"Action, Roguelike, Shooter",,,,Gruby Entertainment,SuperGG.com,9.0,steamspy,1907.0,False
Shooter,17470,Dead Space (2008),"Action, Adventure, Horror, Shooter, Survival",,,,EA Redwood Shores,Electronic Arts,54.0,steamspy,1754.0,False
Shooter,2782610,Bad 2 Bad: Apocalypse,"Action, Indie, RPG, Shooter, Survival",,,,DAWINSTONE,DAWINSTONE,15.0,steamspy,1710.0,False
Shooter,1968730,Bounty of One,"Action, Casual, RPG, Roguelike, Shooter",,,,OptizOnion,OptizOnion,40.0,steamspy,1611.0,False
Shooter,667720,Red Faction Guerrilla Re-Mars-tered,"Action, Adventure, Shooter",,,,"Volition, KAIKO",Deep Silver,17.0,steamspy,1506.0,False
Shooter,1494420,Silica,"Action, Indie, Shooter, Strategy",,,,Martin 'Dram' Melichárek,Bohemia Interactive,19.0,steamspy,1421.0,False
Shooter,33120,Alien Shooter 2: Reloaded,"Action, Horror, RPG, Shooter, Survival",,,,Sigma Team Inc.,Sigma Team Inc.,12.0,steamspy,1416.0,False
Shooter,1282690,Crysis 3,"Action, Adventure, Shooter, Strategy",,,,Crytek,Electronic Arts,4.0,steamspy,1387.0,False
Shooter,729720,Zomborg,"Action, Adventure, Horror, Indie, Shooter, Strategy, Survival",,,,GameDevLab,GrabTheGames,12.0,steamspy,1384.0,False
Shooter,1101120,Gunsmith Simulator,"Action, Puzzle, Shooter, Simulation",,,,GameHunters,PlayWay S.A.,44.0,steamspy,1321.0,False
Shooter,239450,Gun Monkeys,"Action, Casual, Indie, Platformer, Shooter",,,,Size Five Games,Size Five Games,1.0,steamspy,1298.0,False
Shooter,3054610,Artifact Seeker: Resurrection,"Action, Casual, Indie, RPG, Roguelike, Shooter, Survival",,,,Lynkpin Game,Lynkpin Game,7.0,steamspy,1295.0,False
Shooter,435530,The Final Station,"Action, Adventure, Horror, Indie, Platformer, Shooter, Survival",,,,DO MY BEST,tinyBuild,7.0,steamspy,1257.0,False
Shooter,13520,Far Cry,"Action, Adventure, Horror, Shooter, Survival",,,,Crytek Studios,Ubisoft,31.0,steamspy,1235.0,False
Shooter,2206270,Vampire Hunters,"Action, Indie, RPG, Roguelike, Shooter",,,,Gamecraft Studios,Gamecraft Studios,21.0,steamspy,1217.0,False
Shooter,747610,Zula Global,"Action, Adventure, Casual, Massively Multiplayer, Shooter, Sports, Strategy",,,,Madbyte Games,Madbyte Games,70.0,steamspy,1041.0,False
Shooter,2930120,愤怒的孙子们,"Action, Adventure, Horror, Indie, RPG, Shooter, Survival",,,,李鸡蛋,李鸡蛋,3.0,steamspy,1027.0,False
Shooter,1290330,Time Wasters,"Action, Casual, RPG, Roguelike, Shooter",,,,Proton Studio,Proton Studio,4.0,steamspy,1012.0,False
Shooter,2294130,Goobies,"Action, Casual, RPG, Roguelike, Shooter",,,,Höganäs Spel,Höganäs Spel,11.0,steamspy,1001.0,False
Shooter,1918040,Army of Ruin,"Action, Casual, RPG, Roguelike, Shooter, Survival",,,,Milkstone Studios,Milkstone Studios,21.0,steamspy,1001.0,False
Shooter,924140,Hand Simulator: Survival,"Action, Adventure, Indie, Massively Multiplayer, RPG, Shooter, Simulation, Survival",,,,HFM Games,HFM Games,0.0,steamspy,985.0,False
Shooter,270370,Lambda Wars,"Action, Adventure, Shooter, Strategy, Survival",,,,Vortal Storm,Vortal Storm,17.0,steamspy,980.0,False
Shooter,2427420,S.T.A.L.K.E.R.: Clear Sky - Enhanced Edition,"Action, Adventure, RPG, Shooter, Survival",,,,GSC Game World,GSC Game World,47.0,steamspy,931.0,False
Shooter,33110,Alien Shooter: Revisited,"Action, Indie, RPG, Shooter",,,,Sigma Team Inc.,Sigma Team Inc.,3.0,steamspy,905.0,False
Shooter,464060,RUINER,"Action, Indie, Shooter",,,,Reikon Games,Devolver Digital,8.0,steamspy,894.0,False
Shooter,226720,LOST PLANET 3,"Action, Adventure, Horror, Shooter, Survival",,,,Spark Unlimited,Capcom,6.0,steamspy,894.0,False
Shooter,371510,Gunnheim,"Action, Indie, Shooter, Survival",,,,SIEIDI Ltd,,0.0,steamspy,893.0,False
Shooter,1540150,Crazy Flasher Series 2021,"Action, Indie, RPG, Shooter",,,,Andy Law,Andy Law,4.0,steamspy,882.0,False
Shooter,2096600,Crysis 2 Remastered,"Action, Shooter",,,,"Crytek, Saber Interactive",Crytek,48.0,steamspy,857.0,False
Shooter,915320,Pixel Strike 3D,"Action, Casual, Massively Multiplayer, Shooter",,,,Vulcron,Vulcron,50.0,steamspy,852.0,False
Shooter,332200,Axiom Verge,"Action, Adventure, Horror, Indie, Metroidvania, Platformer, Shooter",,,,Thomas Happ Games LLC,Thomas Happ Games LLC,18.0,steamspy,786.0,False
Shooter,2111190,MULLET MADJACK,"Action, Indie, Shooter",,,,HAMMER95,"Epopeia Games, HAMMER95",25.0,steamspy,784.0,False
Shooter,1482380,Maniac,"Action, RPG, Roguelike, Shooter, Simulation",,,,Transhuman Design,Skystone Games,9.0,steamspy,668.0,False
Shooter,811320,Jupiter Hell,"Horror, Indie, RPG, Roguelike, Shooter, Strategy",,,,ChaosForge,Hyperstrange,18.0,steamspy,655.0,False
Shooter,1292630,3on3 FreeStyle: Rebound,"Action, Casual, RPG, Shooter, Sports, Strategy",,,,Joycity,Joycity,173.0,steamspy,641.0,False
Shooter,401680,POSTAL Redux,"Action, Horror, Shooter",,,,Running With Scissors,Running With Scissors,4.0,steamspy,628.0,False
Shooter,2419090,STAR WARS: Bounty Hunter,"Action, Adventure, Platformer, Shooter",,,,Aspyr,Aspyr,28.0,steamspy,595.0,False
Shooter,1250650,AI＊Shoujo/AI＊少女,"Shooter, Simulation, Survival",,,,ILLUSION,ILLUSION,13.0,steamspy,588.0,False
Shooter,2400160,Glyphica: Typing Survival,"Action, Roguelike, Shooter",,,,aliasBLACK,"aliasBLACK, Squeaky Wheel",37.0,steamspy,497.0,False
Shooter,99300,Renegade Ops,"Action, Racing, Shooter",,,,Avalanche Studios,SEGA,3.0,steamspy,483.0,False
Shooter,1129220,"BEARS, VODKA, BALALAIKA! ","Action, Adventure, Horror, Indie, RPG, Shooter, Simulation, Survival",,,,Rabotiagi games,Rabotiagi games,0.0,steamspy,469.0,False
Shooter,8000,Tomb Raider: Anniversary,"Action, Adventure, Platformer, Puzzle, Shooter",,,,Crystal Dynamics,Crystal Dynamics,24.0,steamspy,461.0,False
Shooter,253430,CastleMiner Z,"Action, Adventure, Horror, Indie, Shooter, Survival",,,,DigitalDNA Games,DigitalDNA Games,38.0,steamspy,452.0,False
Shooter,1159560,Ziggurat 2,"Action, Roguelike, Shooter",,,,Milkstone Studios,Milkstone Studios,12.0,steamspy,415.0,False
Shooter,1163870,Mecha Knights: Nightmare,"Action, Adventure, Horror, Indie, Shooter",,,,Damian Kubiak,Damian Kubiak,8.0,steamspy,410.0,False
Shooter,638490,Soldat,"Action, Indie, Shooter",,,,"Transhuman Design, Soldat Team",Transhuman Design,5.0,steamspy,409.0,False
Shooter,356310,METAL SLUG DEFENSE,"Action, Adventure, Casual, Massively Multiplayer, Shooter, Strategy, Tower Defense",,,,SNK CORPORATION,SNK CORPORATION,10.0,steamspy,389.0,False
Shooter,663690,Rival Rampage,"Action, Adventure, Indie, Shooter, Simulation",,,,"Oddscure, RadioDog",Oddscure,1.0,steamspy,379.0,False
Shooter,893680,Project Warlock,"Action, Horror, Indie, RPG, Shooter",,,,Buckshot Software,"Retrovibe, gaming company",5.0,steamspy,378.0,False
Shooter,2434730,EZ-Crosshair,"Action, Adventure, Shooter",,,,Lluis Vinent,Lluis Vinent,166.0,steamspy,368.0,False
Shooter,405820,Turok,"Action, Adventure, Platformer, Shooter",,,,"Iguana Entertainment, Nightdive Studios",Nightdive Studios,11.0,steamspy,357.0,False
Shooter,366250,METAL SLUG,"Action, Adventure, Platformer, Shooter",,,,Dotemu,SNK CORPORATION,14.0,steamspy,354.0,False
Shooter,1560250,Rising Front,"Action, Shooter, Simulation, Strategy",,,,Sandstorm Studios Inc.,Sandstorm Studios Inc.,37.0,steamspy,347.0,False
Shooter,6910,Deus Ex: Game of the Year Edition,"Action, RPG, Shooter",,,,Ion Storm,Eidos Interactive Corp.,48.0,steamspy,343.0,False
Shooter,743900,Mega Man X Legacy Collection 2,"Action, Platformer, Shooter",,,,"CAPCOM CO., LTD","CAPCOM CO., LTD",34.0,steamspy,332.0,False
Shooter,20530,Red Faction,"Action, Adventure, Shooter",,,,Volition,Deep Silver,3.0,steamspy,326.0,False
Shooter,422970,Devil Daggers,"Action, Horror, Indie, Shooter, Survival",,,,Sorath,Sorath,29.0,steamspy,326.0,False
Shooter,214970,Intrusion 2,"Action, Indie, Platformer, Shooter",,,,Aleksey Abramenko,Aleksey Abramenko,0.0,steamspy,317.0,False
Shooter,1913370,OPERATOR,"Action, RPG, Shooter, Simulation, Strategy",,,,VECTOR INTERACTIVE,VECTOR INTERACTIVE,62.0,steamspy,301.0,False
Shooter,262260,Jets'n'Guns Gold,"Action, Indie, Shooter",,,,Rake in Grass,Rake in Grass,3.0,steamspy,299.0,False
Shooter,2211390,Time Survivors,"Action, Casual, Indie, RPG, Roguelike, Shooter",,,,Lunar Chili,Lunar Chili,2.0,steamspy,292.0,False
Shooter,223430,Miner Wars 2081,"Action, Adventure, Indie, RPG, Shooter, Simulation",,,,Keen Software House,Keen Software House,0.0,steamspy,291.0,False
Shooter,7000,Tomb Raider: Legend,"Action, Adventure, Platformer, Puzzle, Shooter",,,,Crystal Dynamics,Crystal Dynamics,21.0,steamspy,287.0,False
Shooter,741510,The Hong Kong Massacre,"Action, Indie, Shooter",,,,VRESKI,Untold Tales,7.0,steamspy,263.0,False
Shooter,1837480,Vietnam War,"Action, Shooter",,,,Thorium Game Lab,Thorium Game Lab,24.0,steamspy,263.0,False
Shooter,284460,DeadCore,"Action, Indie, Platformer, Puzzle, Shooter",,,,5 Bits Games,5 Bits Games,1.0,steamspy,262.0,False
Shooter,41300,Altitude,"Action, Casual, Shooter, Simulation, Strategy",,,,Nimbly Games,Nimbly Games,2.0,steamspy,258.0,False
Shooter,397040,Sphere 3,"Action, Adventure, Horror, Massively Multiplayer, RPG, Shooter",,,,GameXP.com,GameXP.com,4.0,steamspy,246.0,False
Shooter,301970,Screencheat,"Action, Casual, Shooter",,,,Samurai Punk,Samurai Punk,8.0,steamspy,216.0,False
Shooter,262120,Toy Soldiers: Complete,"Action, Casual, Indie, Shooter, Simulation, Strategy, Tower Defense",,,,"Signal Studios, Krome Studios",Signal Studios,8.0,steamspy,211.0,False
Shooter,292500,Kero Blaster,"Action, Adventure, Indie, Platformer, Shooter",,,,Studio Pixel,PLAYISM,2.0,steamspy,202.0,False
Shooter,636450,Rez Infinite,"Action, Shooter",,,,"Monstars Inc., Resonair",Enhance,2.0,steamspy,201.0,False
Shooter,1449280,Ghostbusters: The Video Game Remastered,"Action, Adventure, Horror, Shooter",,,,Saber Interactive,"Mad Dog Games, LLC",14.0,steamspy,200.0,False
Shooter,283160,House of the Dying Sun,"Action, Indie, Shooter, Simulation, Strategy",,,,"Marauder Interactive, LLC","Marauder Interactive, LLC",1.0,steamspy,197.0,False
Shooter,527380,Captain Kaon,"Action, Indie, Shooter",,,,Engage Pixel,Engage Pixel,1.0,steamspy,170.0,False
Shooter,1172650,INDUSTRIA,"Action, Adventure, Horror, Indie, Puzzle, Shooter",,,,Bleakmill,Headup,5.0,steamspy,167.0,False
Shooter,2882440,DEVIL BLADE REBOOT,"Action, Indie, Platformer, Shooter",,,,SHIGATAKE GAMES,SHIGATAKE GAMES,2.0,steamspy,164.0,False
Shooter,1995870,Pixel Survivors : Roguelike,"Action, Adventure, Casual, RPG, Roguelike, Shooter, Survival",,,,Amrita,Amrita,3.0,steamspy,157.0,False
Shooter,1869270,Multi Turret Academy,"Action, Roguelike, Shooter, Strategy",,,,Scarlet Academy,"Scarlet Academy, Flashlight Games",14.0,steamspy,156.0,False
Shooter,1378290,The Citadel,"Action, Casual, Indie, Shooter",,,,"doekuramori, Top Hat Studios Inc","doekuramori, Top Hat Studios Inc",7.0,steamspy,152.0,False
Shooter,8080,Kane and Lynch: Dead Men,"Action, Adventure, Shooter",,,,IO Interactive,Square Enix,0.0,steamspy,141.0,False
Shooter,1155590,Warplanes: WW1 Sky Aces,"Action, Indie, Shooter",,,,Home Net Games,Home Net Games,2.0,steamspy,139.0,False
Shooter,1230410,Chaos,"Action, Casual, Horror, Indie, Platformer, Shooter",,,,Frinky,Frinky,6.0,steamspy,134.0,False
Shooter,407900,Princess Remedy in a World of Hurt,"Action, Adventure, Indie, RPG, Shooter",,,,"Ludosity, Remar Games",Ludosity,2.0,steamspy,128.0,False
Shooter,661790,Witch Hunt,"Action, Adventure, Horror, Indie, Shooter, Survival",,,,Gua,Gua,4.0,steamspy,126.0,False
Shooter,2467300,Hoofobia,"Action, Adventure, Shooter, Simulation, Strategy, Survival",,,,Deathyell Games,Deathyell Games,4.0,steamspy,124.0,False
Shooter,2243110,EMPTY SHELL,"Action, Adventure, Horror, Roguelike, Shooter, Survival",,,,CC ARTS,Hyperstrange,3.0,steamspy,121.0,False
Shooter,2577760,Just Click The Button,"Action, Casual, Roguelike, Shooter",,,,Simon Eftestol,Simon Eftestol,4.0,steamspy,120.0,False
Shooter,505630,Let Them Come,"Action, Casual, Horror, Indie, Shooter, Strategy, Survival, Tower Defense",,,,Tuatara Games,Versus Evil,0.0,steamspy,109.0,False
Simulation,1811260,EA SPORTS FIFA 23,"Simulation, Sports",,,,EA Canada &amp; EA Romania,Electronic Arts,510.0,steamspy,110757.0,False
Simulation,1506830,FIFA 22,"Simulation, Sports",,,,EA Canada &amp; EA Romania,Electronic Arts,607.0,steamspy,108168.0,False
Simulation,838350,The Scroll Of Taiwu,"Adventure, Casual, Indie, RPG, Simulation, Strategy",,,,ConchShip Games,ConchShip Games,668.0,steamspy,72196.0,False
Simulation,107410,Arma 3,"Action, Shooter, Simulation, Strategy",,,,Bohemia Interactive,Bohemia Interactive,5425.0,steamspy,56185.0,False
Simulation,2709570,Supermarket Together,"Casual, Indie, Simulation",,,,DeadDevsTellNoLies,DeadDevsTellNoLies,3476.0,steamspy,47731.0,False
Simulation,1665460,eFootball,"Simulation, Sports",,,,KONAMI,KONAMI,8205.0,steamspy,27475.0,False
Simulation,219640,Chivalry: Medieval Warfare,"Action, Indie, Simulation",,,,Torn Banner Studios,Torn Banner Studios,22.0,steamspy,25145.0,False
Simulation,3059520,F1 25,"Racing, Simulation, Sports",,,,Codemasters,Electronic Arts,2388.0,steamspy,22492.0,False
Simulation,33930,Arma 2: Operation Arrowhead,"Action, Shooter, Simulation, Strategy",,,,Bohemia Interactive,Bohemia Interactive,94.0,steamspy,18996.0,False
Simulation,246620,Plague Inc: Evolved,"Casual, Indie, Simulation, Strategy, Survival",,,,Ndemic Creations,Ndemic Creations,376.0,steamspy,17889.0,False
Simulation,1113120,IXION,"City Builder, Indie, Simulation, Strategy, Survival",,,,Bulwark Studios,Kasedo Games,196.0,steamspy,17143.0,False
Simulation,433340,Slime Rancher,"Action, Adventure, Casual, Indie, Simulation",,,,Monomi Park,Monomi Park,767.0,steamspy,16943.0,False
Simulation,1189630,Path Of Wuxia,"Indie, RPG, Simulation",,,,香港商河洛互動娛樂股份有限公司,香港商河洛互動娛樂股份有限公司,39.0,steamspy,16041.0,False
Simulation,1290000,PowerWash Simulator,"Casual, Indie, Simulation",,,,FuturLab,Square Enix,1938.0,steamspy,14178.0,False
Simulation,262280,Dungeons 2,"Adventure, RPG, Simulation, Strategy, Tower Defense",,,,Realmforge Studios,Kalypso Media Digital,7.0,steamspy,11691.0,False
Simulation,279720,The I of the Dragon,"RPG, Simulation",,,,Primal,TopWare Interactive,1.0,steamspy,11552.0,False
Simulation,1465360,SnowRunner,"Adventure, Racing, Simulation",,,,Saber Interactive,Focus Entertainment,2609.0,steamspy,11142.0,False
Simulation,1331550,Big Ambitions,"RPG, Simulation",,,,Hovgaard Games,Hovgaard Games,386.0,steamspy,10873.0,False
Simulation,616560,Ultimate Epic Battle Simulator,"Action, Adventure, Indie, Simulation, Strategy, Survival",,,,Brilliant Game Studios,Brilliant Game Studios,16.0,steamspy,10217.0,False
Simulation,503560,911 Operator,"Casual, Indie, Simulation, Strategy",,,,Jutsu Games,Games Operators,423.0,steamspy,9931.0,False
Simulation,1735700,Back to the Dawn,"Adventure, Indie, RPG, Simulation, Strategy",,,,Metal Head Games,Spiral Up Games,185.0,steamspy,9624.0,False
Simulation,2140020,Stronghold: Definitive Edition,"City Builder, Simulation, Strategy, Tower Defense",,,,Firefly Studios,Firefly Studios,102.0,steamspy,9555.0,False
Simulation,2161440,Sailing Era,"Adventure, RPG, Simulation, Strategy",,,,GY Games,bilibili,105.0,steamspy,8311.0,False
Simulation,1334000,Wordle,"Casual, Indie, Platformer, Puzzle, Simulation, Sports",,,,PreoNus Games,Gigantum Games,8.0,steamspy,7995.0,False
Simulation,1258080,Shop Titans,"Casual, RPG, Simulation",,,,"Kabam Games, Inc.","Kabam Games, Inc.",2861.0,steamspy,7981.0,False
Simulation,753640,Outer Wilds,"Action, Adventure, Horror, Indie, Puzzle, Simulation",,,,Mobius Digital,Annapurna Interactive,666.0,steamspy,7936.0,False
Simulation,403190,Planetbase,"Adventure, City Builder, Indie, Simulation, Strategy, Survival",,,,Madruga Works,Madruga Works,214.0,steamspy,6667.0,False
Simulation,415200,Motorsport Manager,"Action, Racing, Simulation, Sports, Strategy",,,,Playsport Games,Miniclip,162.0,steamspy,6196.0,False
Simulation,606150,Moonlighter,"Action, Adventure, RPG, Roguelike, Simulation",,,,Digital Sun,11 bit studios,152.0,steamspy,6158.0,False
Simulation,1948280,Stacklands,"Card & Board, Casual, City Builder, Indie, Simulation, Strategy, Survival",,,,Sokpop Collective,Sokpop Collective,373.0,steamspy,5135.0,False
Simulation,1227890,Summer Memories,"Adventure, Indie, JRPG, RPG, Simulation, Visual Novel",,,,Dojin Otome,Kagura Games,133.0,steamspy,5051.0,False
Simulation,449300,Planar Conquest,"4X, Indie, RPG, Simulation, Strategy",,,,Wastelands Interactive,Conglomerate 5,3.0,steamspy,4717.0,False
Simulation,1949190,Necrosmith,"Action, Roguelike, Simulation, Strategy, Tower Defense",,,,Alawar,Alawar,6.0,steamspy,4475.0,False
Simulation,562430,Alien Hostage,"Casual, Indie, Platformer, Puzzle, Simulation, Strategy",,,,Four Winged Studio,Conglomerate 5,0.0,steamspy,3966.0,False
Simulation,1369670,Motor Town: Behind The Wheel,"Casual, Racing, Simulation",,,,P3 Games,P3 Games,762.0,steamspy,3619.0,False
Simulation,334310,Plebby Quest: The Crusades,"Action, Adventure, Casual, Indie, RPG, Simulation, Strategy",,,,PiedPipers Team,NEOWIZ,13.0,steamspy,3526.0,False
Simulation,997010,Police Simulator: Patrol Officers,Simulation,,,,Aesir Interactive,astragon Entertainment,209.0,steamspy,3330.0,False
Simulation,1677110,Lightyear Frontier,"Adventure, Casual, Simulation",,,,FRAME BREAK,FRAME BREAK,109.0,steamspy,3221.0,False
Simulation,1243830,Overcooked! All You Can Eat,"Casual, Indie, Simulation, Strategy",,,,"Team17 Digital, Ghost Town Games",Team17 Digital,314.0,steamspy,3077.0,False
Simulation,1040230,Curious Expedition 2,"Adventure, Card & Board, RPG, Simulation, Strategy, Survival",,,,Maschinen-Mensch,Maschinen-Mensch,38.0,steamspy,3043.0,False
Simulation,552620,ATOM RPG: Post-apocalyptic indie game,"Indie, Puzzle, RPG, Simulation, Strategy, Survival",,,,AtomTeam,AtomTeam,104.0,steamspy,2916.0,False
Simulation,603850,Age of History II,"Casual, Indie, Simulation, Strategy",,,,Łukasz Jakowski,Łukasz Jakowski Games,243.0,steamspy,2889.0,False
Simulation,352720,The Universim,"Casual, City Builder, Simulation, Strategy, Survival",,,,Crytivo,Crytivo,43.0,steamspy,2819.0,False
Simulation,629820,Maneater,"Action, Adventure, RPG, Simulation",,,,Tripwire Interactive,Tripwire Interactive,199.0,steamspy,2811.0,False
Simulation,466170,Idling to Rule the Gods,"Casual, Indie, RPG, Simulation, Strategy",,,,Shugasu GmbH,Shugasu GmbH,1115.0,steamspy,2771.0,False
Simulation,1329880,Wild West Dynasty,"Action, Adventure, RPG, Simulation, Survival, Visual Novel",,,,Moon Punch Studio,Toplitz Productions,2.0,steamspy,2576.0,False
Simulation,468920,Ultimate Fishing Simulator,"Casual, Simulation, Sports",,,,"Pancake Games, Bit Golem",Ultimate Games S.A.,45.0,steamspy,2476.0,False
Simulation,765810,Mars Horizon,"Simulation, Strategy",,,,Auroch Digital,Auroch Digital,9.0,steamspy,2455.0,False
Simulation,243970,"Invisible, Inc.","RPG, Simulation, Strategy",,,,Klei Entertainment,Klei Entertainment,23.0,steamspy,2401.0,False
Simulation,1021100,Aircraft Carrier Survival,"Action, Indie, Simulation, Strategy, Survival",,,,Gambit Games Studio,CreativeForge Games,18.0,steamspy,2342.0,False
Simulation,608990,The Archotek Project,"Casual, Indie, Shooter, Simulation, Strategy, Survival",,,,The Archotek Project Team,The Archotek Project Team,3.0,steamspy,2095.0,False
Simulation,1058770,我来自江湖 From Jianghu,"Adventure, Indie, RPG, Simulation, Strategy, Survival",,,,Gamexel Studio,INDIECN,32.0,steamspy,1881.0,False
Simulation,201310,X3: Albion Prelude,"4X, Action, Adventure, Simulation, Strategy",,,,Egosoft,Egosoft,29.0,steamspy,1853.0,False
Simulation,289950,Construction Simulator 2015,"Action, Casual, City Builder, Simulation, Strategy",,,,weltenbauer. Software Entwicklung GmbH,astragon Entertainment,7.0,steamspy,1798.0,False
Simulation,246900,Viscera Cleanup Detail,"Adventure, Casual, Horror, Indie, Simulation",,,,RuneStorm,RuneStorm,163.0,steamspy,1766.0,False
Simulation,3021100,Five Hearts Under One Roof,"Adventure, RPG, Simulation, Visual Novel",,,,Storytaco,Storytaco,47.0,steamspy,1720.0,False
Simulation,1980530,Kiwi Clicker - Juiced Up,"Action, Casual, Indie, Simulation, Strategy",,,,Dimitri Kipper,tobspr Games,31.0,steamspy,1636.0,False
Simulation,2111170,STORY OF SEASONS: A Wonderful Life,"Casual, RPG, Simulation",,,,Marvelous Inc.,"Marvelous, Marvelous Europe, XSEED Games",31.0,steamspy,1528.0,False
Simulation,64000,Men of War: Assault Squad,"Action, Simulation, Strategy",,,,Digitalmindsoft,Fulqrum Publishing,30.0,steamspy,1427.0,False
Simulation,671440,Rise of Industry,"City Builder, Indie, Simulation, Strategy",,,,Dapper Penguin Studios,Kasedo Games,17.0,steamspy,1353.0,False
Simulation,965230,DORAEMON  STORY OF SEASONS,"Adventure, Casual, RPG, Simulation",,,,"Marvelous Inc., Brownies Inc.",BANDAI NAMCO Entertainment,9.0,steamspy,1342.0,False
Simulation,1264250,Fishing: North Atlantic - Enhanced Edition,Simulation,,,,Misc Games,Misc Games,36.0,steamspy,1273.0,False
Simulation,2499470,Pumping Simulator 2,"Adventure, Casual, Indie, Simulation",,,,Lance Games,Lance Games,22.0,steamspy,1247.0,False
Simulation,2291760,Papa's Freezeria Deluxe,"Action, Casual, Indie, Simulation, Strategy",,,,Flipline Studios,Flipline Studios,148.0,steamspy,1221.0,False
Simulation,821250,Flotsam,"Casual, City Builder, Simulation, Strategy, Survival",,,,Pajama Llama Games,Stray Fawn Publishing,32.0,steamspy,1114.0,False
Simulation,2303350,Sticky Business,"Casual, Indie, Puzzle, Simulation",,,,Spellgarden Games,Assemble Entertainment,52.0,steamspy,1109.0,False
Simulation,984780,MotoGP19,"Racing, Simulation, Sports",,,,Milestone S.r.l.,Milestone S.r.l.,2.0,steamspy,946.0,False
Simulation,1812300,Aquatico,"City Builder, Simulation, Strategy, Survival",,,,Digital Reef Games,Overseer Games,3.0,steamspy,923.0,False
Simulation,3359320,SchoolBoy Runaway,"Adventure, Horror, Indie, Puzzle, Simulation",,,,Linked Squad,Linked Squad,20.0,steamspy,858.0,False
Simulation,605740,"Flashing Lights - Police, Firefighting, Emergency Services (EMS) Simulator","Action, Adventure, Massively Multiplayer, RPG, Shooter, Simulation",,,,Nils Jakrins,Excalibur Games,115.0,steamspy,793.0,False
Simulation,885570,Nova-Life: Amboise,"Action, Indie, RPG, Simulation",,,,TeamNova,TeamNova,12.0,steamspy,756.0,False
Simulation,230290,Universe Sandbox,"Casual, Indie, Simulation",,,,Giant Army,Giant Army,310.0,steamspy,741.0,False
Simulation,978460,Emily is Away <3,"Adventure, Casual, Horror, Indie, RPG, Simulation, Visual Novel",,,,Kyle Seeley,Kyle Seeley,13.0,steamspy,671.0,False
Simulation,2075070,KinitoPET,"Casual, Horror, Indie, Simulation, Visual Novel",,,,troy_en,troy_en,18.0,steamspy,655.0,False
Simulation,2401410,Cabernet,"Adventure, Horror, RPG, Simulation, Visual Novel",,,,Party for Introverts,Akupara Games,58.0,steamspy,625.0,False
Simulation,587450,Saurian,"Adventure, Indie, Simulation, Survival",,,,"Urvogel Games, LLC","Urvogel Games, LLC",1.0,steamspy,599.0,False
Simulation,1170970,Marbles on Stream,"Casual, Massively Multiplayer, Racing, Simulation",,,,Pixel by Pixel Studios Inc.,Pixel by Pixel Studios Inc.,145.0,steamspy,584.0,False
Simulation,1492730,DORAEMON STORY OF SEASONS: Friends of the Great Kingdom,"Casual, RPG, Simulation",,,,Marvelous Inc.,Bandai Namco Entertainment,10.0,steamspy,572.0,False
Simulation,2013730,Gourdlets,"Casual, City Builder, Indie, Simulation",,,,AuntyGames,"Future Friends Games, AuntyGames",15.0,steamspy,567.0,False
Simulation,886900,Chef: A Restaurant Tycoon Game,"Indie, Simulation",,,,Innervoid Interactive,Digital Tribe,2.0,steamspy,564.0,False
Simulation,301320,NoLimits 2 Roller Coaster Simulation,"Indie, Simulation","21 Aug, 2014",False,"₩ 41,000",Ole Lange,O.L. Software,77.0,appdetails,563.0,False
Simulation,2100160,MotoGP23,"Racing, Simulation, Sports",,,,Milestone S.r.l.,Milestone S.r.l.,11.0,steamspy,561.0,False
Simulation,1895860,Monster Girls and the Mysterious Adventure 2,"Indie, RPG, Roguelike, Simulation, Strategy",,,,NEKOTOKAGE GAMES,NEKOTOKAGE GAMES,20.0,steamspy,557.0,False
Simulation,2241910,Sweets Pusher Friends,"Casual, Indie, Simulation",,,,STP WORKS,STP WORKS,2.0,steamspy,551.0,False
Simulation,1124260,Snowtopia: Ski Resort Builder,"Casual, City Builder, Simulation, Strategy",,,,TeaForTwo,"Goblinz Publishing, Maple Whispering Limited",4.0,steamspy,539.0,False
Simulation,1335240,放置勇者：远征/Idle Heroes:Odyssey,"Adventure, Casual, Indie, RPG, Simulation, Strategy",,,,OnigiriStudio,OnigiriStudio,4.0,steamspy,531.0,False
Simulation,1210030,노베나 디아볼로스,"Adventure, Horror, Indie, Puzzle, Simulation, Survival, Visual Novel",,,,H5DEV Games,H5DEV Games,0.0,steamspy,528.0,False
Simulation,397100,MachineCraft,"Action, Indie, Simulation",,,,G2CREW,G2CREW,1.0,steamspy,497.0,False
Simulation,44340,Operation Flashpoint: Red River,"Action, Shooter, Simulation, Strategy",,,,Codemasters Action Studio,Codemasters,1.0,steamspy,488.0,False
Simulation,485980,Syrian Warfare,"Indie, Simulation, Strategy",,,,Cats Who Play,Cats Who Play,10.0,steamspy,484.0,False
Simulation,3430470,PLATiNA :: LAB,"Action, Casual, Platformer, Simulation",,,,HIGH-END Games,HIGH-END Games,9.0,steamspy,479.0,False
Simulation,1314140,TramSim Vienna - The Tram Simulator,"Casual, Horror, Simulation, Survival",,,,ViewApp,Aerosoft GmbH,2.0,steamspy,477.0,False
Simulation,602320,Train Valley 2,"Casual, Indie, Puzzle, Simulation, Strategy",,,,"Alexey Davydov, Sergey Dvoynikov, Timofey Shargorodskiy, Flazm","Flazm, META Publishing",91.0,steamspy,468.0,False
Simulation,599080,The Blackout Club,"Action, Horror, Indie, Simulation, Survival",,,,Question,Question,5.0,steamspy,464.0,False
Simulation,347620,Gaokao.Love.100Days,"Adventure, Casual, Horror, Indie, Simulation, Visual Novel",,,,"高考恋爱委员会, 橘子班",NVLMaker,4.0,steamspy,444.0,False
Simulation,3239270,Night Shift Nurses,"Adventure, Casual, Simulation, Visual Novel",,,,Shiravune,Shiravune,2.0,steamspy,439.0,False
Simulation,686260,Forged Battalion,"Indie, Simulation, Strategy",,,,Petroglyph,Petroglyph,1.0,steamspy,439.0,False
Simulation,1029500,中华三国志 the Three Kingdoms of China,"Indie, Simulation, Strategy",,,,中三之家,中三之家,16.0,steamspy,420.0,False
Simulation,2891120,Mad Smartphone Tycoon,"Casual, City Builder, Indie, Simulation, Strategy",,,,Miradil,Miradil,1.0,steamspy,420.0,False
Simulation,214550,Eets Munchies,"Casual, Indie, Platformer, Puzzle, Simulation, Strategy",,,,Klei Entertainment,Klei Entertainment,0.0,steamspy,413.0,False
Simulation,314520,Euro Fishing,"Action, Simulation, Sports",,,,Dovetail Games,Dovetail Games,0.0,steamspy,406.0,False
Simulation,254320,Duskers,"Horror, Puzzle, Simulation, Strategy, Survival",,,,Misfits Attic,Misfits Attic,7.0,steamspy,400.0,False
Simulation,1138190,Poker Championship,"Card & Board, Indie, Massively Multiplayer, Simulation, Sports, Strategy",,,,BBstudio Inc.,BBstudio Inc.,225.0,steamspy,375.0,False
Simulation,650220,Interplanetary: Enhanced Edition,"Indie, Simulation, Strategy",,,,Team Jolly Roger,Team17 Digital Ltd,3.0,steamspy,373.0,False
Simulation,2216660,Mortal Glory 2,"RPG, Simulation, Strategy",,,,Redbeak Games,Redbeak Games,2.0,steamspy,364.0,False
Simulation,788770,Meteor 60 Seconds!,"Action, Casual, Horror, Indie, Simulation",,,,AvoCavo,AvoCavo,2.0,steamspy,346.0,False
Simulation,2375780,Beam Eye Tracker,"Horror, Racing, Simulation, Survival",,,,Eyeware Tech SA,Eyeware Tech SA,155.0,steamspy,342.0,False
Simulation,2384610,Franchise Hockey Manager 10,"Simulation, Sports, Strategy",,,,"Out of the Park Developments, game54 Software",Out of the Park Developments,30.0,steamspy,340.0,False
Simulation,1610460,Monster Energy Supercross - The Official Videogame 5,"Racing, Simulation, Sports",,,,Milestone S.r.l.,Milestone S.r.l.,3.0,steamspy,335.0,False
Simulation,1413370,Power to the People,"City Builder, Puzzle, Simulation, Strategy",,,,Rhombico Games,Crytivo,6.0,steamspy,331.0,False
Simulation,566050,Zeus + Poseidon,"City Builder, Simulation, Strategy",,,,Impressions Games,Activision,58.0,steamspy,329.0,False
Simulation,1755180,Brewpub Simulator,"Indie, Simulation",,,,Star Drifters,"Movie Games S.A., Surefire.Games",2.0,steamspy,323.0,False
Simulation,580720,Carrier Deck,"Simulation, Strategy",,,,Every Single Soldier,Every Single Soldier,5.0,steamspy,323.0,False
Simulation,377680,Sakura Beach,"Casual, Indie, Simulation, Visual Novel",,,,Winged Cloud,Winged Cloud,2.0,steamspy,310.0,False
Simulation,628200,The Invisible Hand,"Adventure, Horror, Indie, Simulation, Strategy",,,,Power Struggle Games,Fellow Traveller,5.0,steamspy,301.0,False
Simulation,314070,Super Mega Baseball: Extra Innings,"Indie, Simulation, Sports",,,,Metalhead Software Inc.,Electronic Arts,7.0,steamspy,300.0,False
Simulation,780210,Freeways,"Casual, Indie, Puzzle, Simulation",,,,Captain Games,Captain Games,37.0,steamspy,287.0,False
Simulation,1799930,Redout 2,"Racing, Simulation, Sports",,,,34BigThings srl,34BigThings srl,4.0,steamspy,286.0,False
Simulation,2517200,Repair this!,"Adventure, Casual, Simulation",,,,HGISoft,HGISoft,1.0,steamspy,284.0,False
Simulation,2399160,Soulash 2,"RPG, Roguelike, Simulation, Survival",,,,Artur Smiarowski,Artur Smiarowski,52.0,steamspy,279.0,False
Simulation,1502040,大衍江湖 - Evolution Of JiangHu,"Adventure, Indie, Platformer, RPG, Simulation, Strategy, Survival",,,,SourceIn Games,SourceIn Games,1.0,steamspy,270.0,False
Simulation,292990,NOBUNAGA'S AMBITION: Souzou,"Simulation, Strategy",,,,"KOEI TECMO GAMES CO., LTD.","KOEI TECMO GAMES CO., LTD.",54.0,steamspy,263.0,False
Simulation,838410,Tabletop Playground,"Card & Board, Casual, Indie, RPG, Simulation, Strategy",,,,Plasticity Studios,Modularity,22.0,steamspy,256.0,False
Simulation,1620340,Wrestling Empire,"Simulation, Sports",,,,MDickie,MDickie,51.0,steamspy,250.0,False
Simulation,782670,Battle Tanks: Legends of World War II,"Action, Casual, Massively Multiplayer, Platformer, Shooter, Simulation, Strategy",,,,XDEVS LTD,XDEVS LTD,28.0,steamspy,248.0,False
Simulation,1608640,OTXO,"Action, Roguelike, Shooter, Simulation, Survival",,,,Lateralis Heavy Industries,Super Rare Originals,11.0,steamspy,245.0,False
Simulation,1923690,Pocket League Story,"Casual, City Builder, Indie, Platformer, Simulation, Sports, Strategy",,,,"Kairosoft Co., Ltd","Kairosoft Co., Ltd",7.0,steamspy,245.0,False
Simulation,1498130,Tank Squad,"Action, Shooter, Simulation",,,,DeGenerals S.A.,DeGenerals S.A.,10.0,steamspy,224.0,False
Simulation,910880,Mad Tower Tycoon,"Casual, City Builder, Simulation, Strategy",,,,Eggcode,Eggcode,4.0,steamspy,215.0,False
Simulation,3392420,GeckoShop,"Casual, Simulation",,,,Reptoid,Reptoid,5.0,steamspy,201.0,False
Simulation,19830,Tom Clancy's Rainbow Six 3 Gold,"Action, Shooter, Simulation, Strategy",,,,"Red Storm Entertainment, Ubisoft Montreal",Ubisoft,18.0,steamspy,200.0,False
Simulation,2157340,Meowjiro,"Casual, Indie, Platformer, Simulation",,,,02GAMES,02GAMES,0.0,steamspy,193.0,False
Simulation,288140,Perfect Golf,"Indie, Simulation, Sports, Strategy",,,,PERFECT PARALLEL,"Perfect.Golf, Inc.",9.0,steamspy,189.0,False
Simulation,243040,Startopia,"City Builder, Simulation, Strategy",,,,"My Little Planet Ltd, Mucky Foot Productions Ltd",My Little Planet Ltd,1.0,steamspy,182.0,False
Simulation,3438800,Doodle Empires,"Indie, Simulation, Strategy",,,,Turtle Stack Games,Turtle Stack Games,54.0,steamspy,171.0,False
Simulation,1412850,Spacelines from the Far Out,"Casual, Indie, Simulation",,,,Coffeenauts,Skystone Games,22.0,steamspy,169.0,False
Simulation,1218170,回门 Way Back Home,"Action, Adventure, Casual, Horror, Indie, Puzzle, RPG, Simulation, Visual Novel",,,,漫森游戏工作室,漫森游戏工作室,0.0,steamspy,158.0,False
Simulation,1237610,The Catch: Carp & Coarse Fishing,"Casual, Simulation, Sports, Strategy",,,,Dovetail Games,Dovetail Games - Fishing,1.0,steamspy,157.0,False
Simulation,2836860,The Horror at Highrook,"Card & Board, Horror, RPG, Simulation",,,,Nullpointer Games,"Nullpointer Games, Outersloth",5.0,steamspy,156.0,False
Simulation,1633370,Boat Crew,"Action, RPG, Shooter, Simulation, Strategy",,,,Tabbing Tabby,MicroProse Software,15.0,steamspy,148.0,False
Simulation,767420,Wauies - The Pet Shop Game,"Casual, City Builder, Simulation",,,,upjers,upjers,3.0,steamspy,143.0,False
Simulation,332490,Battle Fleet 2,"Simulation, Strategy",,,,Mythical City Games,Mythical City Games,3.0,steamspy,137.0,False
Simulation,2520410,Dragons Legacy,"Indie, Simulation",,,,Beawesome Games,Beawesome Games,6.0,steamspy,131.0,False
Simulation,1621560,Black One Blood Brothers,"Action, Shooter, Simulation, Strategy",,,,Helios Studio,Helios Studio,9.0,steamspy,125.0,False
Simulation,2537920,Just Crow Things,"Action, Adventure, Casual, Puzzle, Simulation",,,,Unbound Creations,Unbound Creations,4.0,steamspy,122.0,False
Simulation,15200,Silent Hunter: Wolves of the Pacific,Simulation,,,,Ubisoft Romania,Ubisoft,32.0,steamspy,118.0,False
Simulation,3328900,MySims,"Action, Adventure, Casual, Simulation",,,,Maxis,Electronic Arts,16.0,steamspy,117.0,False
Simulation,1036440,Kingdom Wars 2: Definitive Edition,"Action, City Builder, Simulation, Strategy, Survival",,,,Reverie World Studios,indie.io,1.0,steamspy,116.0,False
Simulation,600420,Mob Rule Classic,"City Builder, Simulation, Strategy",,,,System 3,System 3,5.0,steamspy,112.0,False
Simulation,306630,Civil War II,"Simulation, Strategy",,,,Ageod,Slitherine Ltd.,10.0,steamspy,107.0,False
Sports,359550,Tom Clancy's Rainbow Six Siege,"Action, Shooter, Sports, Strategy",,,,Ubisoft Montreal,Ubisoft,31402.0,steamspy,200476.0,False
Sports,1100600,Football Manager 2020,"Simulation, Sports, Strategy",,,,Sports Interactive,SEGA,514.0,steamspy,189230.0,False
Sports,677620,Splitgate: Arena Warfare,"Action, Indie, Shooter, Sports, Strategy",,,,1047 Games,1047 Games,16.0,steamspy,67724.0,False
Sports,2878980,NBA 2K25,"Simulation, Sports",,,,Visual Concepts,2K,6294.0,steamspy,56395.0,False
Sports,1049590,Eternal Return,"Action, Indie, Massively Multiplayer, Sports, Strategy, Survival",,,,Nimble Neuron,"Nimble Neuron, SapStaR Games",4510.0,steamspy,52288.0,False
Sports,291550,Brawlhalla,"Action, Casual, Fighting, Indie, Platformer, Sports",,,,Blue Mammoth Games,Ubisoft,9877.0,steamspy,34169.0,False
Sports,44350,GRID 2,"Action, Casual, Racing, Simulation, Sports",,,,Codemasters Racing,Codemasters,28.0,steamspy,25574.0,False
Sports,518790,theHunter: Call of the Wild,"Shooter, Simulation, Sports, Survival",,,,Expansive Worlds,Avalanche Studios,4003.0,steamspy,24953.0,False
Sports,1692250,F1 22,"Action, Racing, Simulation, Sports",,,,Codemasters,Electronic Arts,88.0,steamspy,23763.0,False
Sports,431240,Golf With Your Friends,"Casual, Indie, Massively Multiplayer, Simulation, Sports, Strategy",,,,"Blacklight Interactive, Team17",Team17,1252.0,steamspy,20592.0,False
Sports,207140,SpeedRunners,"Action, Indie, Platformer, Racing, Sports",,,,DoubleDutch Games,tinyBuild,104.0,steamspy,17131.0,False
Sports,1846380,Need for Speed Unbound,"Action, Adventure, Casual, Racing, Simulation, Sports",,,,Criterion Games,Electronic Arts,397.0,steamspy,14053.0,False
Sports,310950,Street Fighter V,"Action, Fighting, Sports",,,,"CAPCOM Co., Ltd.","CAPCOM Co., Ltd.",142.0,steamspy,13807.0,False
Sports,2488620,F1 24,"Action, Casual, Racing, Simulation, Sports",,,,Codemasters,Electronic Arts,726.0,steamspy,13327.0,False
Sports,234710,Poker Night 2,"Card & Board, Casual, Simulation, Sports, Strategy",,,,Telltale Games,Telltale Games,33.0,steamspy,11178.0,False
Sports,2315690,WWE 2K24,"Casual, Fighting, Simulation, Sports",,,,Visual Concepts,2K,133.0,steamspy,8721.0,False
Sports,2591280,F1 Manager 2024,"Racing, Simulation, Sports, Strategy",,,,Frontier Developments,Frontier Developments,501.0,steamspy,8092.0,False
Sports,498660,Mind Spheres,"Action, Casual, Indie, Platformer, Puzzle, Simulation, Sports, Strategy, Tower Defense",,,,Microblast Games,SA Industry,0.0,steamspy,7862.0,False
Sports,1537830,Disney Speedstorm,"Action, Adventure, Casual, Racing, Simulation, Sports",,,,Gameloft,Gameloft,220.0,steamspy,7325.0,False
Sports,1114150,CarX Street,"Action, Massively Multiplayer, Racing, Simulation, Sports",,,,"CarX Technologies, LLC","CarX Technologies, LLC",782.0,steamspy,7226.0,False
Sports,471710,Rec Room,"Action, Adventure, Casual, Horror, Massively Multiplayer, Simulation, Sports",,,,Rec Room,Rec Room,1196.0,steamspy,7091.0,False
Sports,2157560,Granblue Fantasy Versus: Rising,"Action, Fighting, JRPG, RPG, Sports",,,,"Cygames, Inc., Arc System Works","Cygames, Inc.",458.0,steamspy,7029.0,False
Sports,592580,PRO EVOLUTION SOCCER 2018,"Simulation, Sports, Strategy",,,,"Konami Digital Entertainment Co., Ltd.",Konami Digital Entertainment,22.0,steamspy,6974.0,False
Sports,2385530,PGA TOUR 2K25,"RPG, Simulation, Sports",,,,HB Studios,2K,1227.0,steamspy,6619.0,False
Sports,2287220,F1 Manager 2023,"Racing, Simulation, Sports, Strategy",,,,Frontier Developments,Frontier Developments,20.0,steamspy,6352.0,False
Sports,282440,Quake Live,"Action, Shooter, Sports, Survival",,,,id Software,Bethesda Softworks,213.0,steamspy,6154.0,False
Sports,2582560,EA SPORTS Madden NFL 25,"Simulation, Sports, Strategy",,,,Tiburon,Electronic Arts,1096.0,steamspy,5905.0,False
Sports,212480,Sonic & All-Stars Racing Transformed Collection,"Action, Adventure, Racing, Sports",,,,Sumo Digital,SEGA,30.0,steamspy,5849.0,False
Sports,1408610,Call of the Wild: The Angler,"Casual, Simulation, Sports",,,,Expansive Worlds,Avalanche Studios,82.0,steamspy,5838.0,False
Sports,2878960,WWE 2K25,"Fighting, Simulation, Sports",,,,Visual Concepts,2K,1198.0,steamspy,5719.0,False
Sports,960170,DJMAX RESPECT V,"Action, Casual, Sports",,,,NEOWIZ,NEOWIZ,553.0,steamspy,5242.0,False
Sports,586140,BlazBlue Centralfiction,"Action, Fighting, Sports, Visual Novel",,,,Arc System Works,"H2 Interactive Co., Ltd.",319.0,steamspy,4733.0,False
Sports,220160,Trials Evolution: Gold Edition,"Action, Platformer, Racing, Simulation, Sports",,,,"Redlynx Ltd, Ubisoft  Shanghaï",Ubisoft,7.0,steamspy,4300.0,False
Sports,287680,Pro Evolution Soccer 2015,"Action, Simulation, Sports",,,,KONAMI Digital Entertainment,KONAMI Digital Entertainment,6.0,steamspy,4053.0,False
Sports,2698940,The Crew Motorfest,"Racing, Simulation, Sports",,,,Ubisoft Ivory Tower,Ubisoft,910.0,steamspy,3724.0,False
Sports,936140,Pro Cycling Manager 2019,"Casual, Simulation, Sports",,,,Cyanide Studio,Nacon,10.0,steamspy,3433.0,False
Sports,1767560,Pro Cycling Manager 2022,"Racing, Simulation, Sports, Strategy",,,,Cyanide Studio,Nacon,17.0,steamspy,3229.0,False
Sports,1070330,Russian Life Simulator,"Action, Adventure, Casual, Indie, Simulation, Sports, Strategy",,,,GosDev Production,"Abama Entertainment, GosDev Production",119.0,steamspy,2887.0,False
Sports,1259980,RIDE 4,"Racing, Simulation, Sports",,,,Milestone S.r.l.,Milestone S.r.l.,58.0,steamspy,2867.0,False
Sports,571740,Golf It!,"Casual, Indie, Simulation, Sports, Strategy",,,,Perfuse Entertainment,Perfuse Entertainment,383.0,steamspy,2826.0,False
Sports,3170540,Backyard Baseball '97,"Casual, Simulation, Sports",,,,Mega Cat Studios,Playground Productions,101.0,steamspy,2730.0,False
Sports,553310,Lethal League Blaze,"Action, Fighting, Indie, Sports",,,,Team Reptile,Team Reptile,24.0,steamspy,2538.0,False
Sports,2494350,Pro Cycling Manager 2024,"Adventure, Simulation, Sports",,,,Cyanide Studio,Nacon,48.0,steamspy,2440.0,False
Sports,240460,WWE 2K15,"Action, Casual, Fighting, Simulation, Sports",,,,"YUKE’S Co., Ltd.",2K,2.0,steamspy,2316.0,False
Sports,408760,Pro Cycling Manager 2016,"Simulation, Sports",,,,Cyanide Studio,Nacon,4.0,steamspy,2315.0,False
Sports,1453850,Pro Cycling Manager 2021,"4X, Casual, Racing, Simulation, Sports, Strategy",,,,Cyanide Studio,Nacon,7.0,steamspy,2288.0,False
Sports,1477590,EZ2ON REBOOT : R,"Action, Casual, Sports",,,,"Neonovice Co., Ltd., SQUARE PIXELS","Neonovice Co., Ltd.",50.0,steamspy,2243.0,False
Sports,376300,GUILTY GEAR Xrd -SIGN-,"Action, Fighting, Sports, Visual Novel",,,,Arc System Works,Arc System Works,3.0,steamspy,1954.0,False
Sports,1263860,Football Manager 2021 Touch,"Simulation, Sports",,,,Sports Interactive,SEGA,57.0,steamspy,1951.0,False
Sports,681280,Descenders,"Action, Racing, Simulation, Sports",,,,RageSquid,No More Robots,151.0,steamspy,1942.0,False
Sports,2395210,Tony Hawk's Pro Skater 1 + 2,Sports,,,,"Vicarious Visions, Iron Galaxy Studios",Activision,30.0,steamspy,1791.0,False
Sports,365960,rFactor 2,"Racing, Simulation, Sports",,,,Studio 397,Studio 397,135.0,steamspy,1758.0,False
Sports,219600,NBA 2K13,"Simulation, Sports",,,,Visual Concepts,2K Games,5.0,steamspy,1753.0,False
Sports,1566200,Tape to Tape,"Action, RPG, Sports",,,,Excellent Rectangle,Excellent Rectangle,82.0,steamspy,1651.0,False
Sports,624120,Football Manager Touch 2018,"Simulation, Sports",,,,Sports Interactive,SEGA,10.0,steamspy,1618.0,False
Sports,1161490,MotoGP20,"Racing, Simulation, Sports",,,,Milestone S.r.l.,Milestone S.r.l.,10.0,steamspy,1598.0,False
Sports,496240,Onward,"Action, Indie, Shooter, Simulation, Sports",,,,Downpour Interactive,Downpour Interactive,24.0,steamspy,1576.0,False
Sports,360620,Spellsworn,"Action, Indie, RPG, Sports, Strategy",,,,Frogsong Studios,Frogsong Studios,5.0,steamspy,1506.0,False
Sports,871540,BMX Streets,"Casual, Indie, Simulation, Sports",,,,Mash Games,Mash Games,306.0,steamspy,1486.0,False
Sports,1677350,EA SPORTS PGA TOUR,"RPG, Sports",,,,Electronic Arts - Tiburon,Electronic Arts,129.0,steamspy,1363.0,False
Sports,1307090,Barro Racing,"Card & Board, Casual, Indie, Racing, Simulation, Sports",,,,SC Jogos,SC Jogos,2.0,steamspy,1355.0,False
Sports,1953520,WRC Generations – The FIA WRC Official Game,"Racing, Simulation, Sports",,,,KT Racing,Nacon,48.0,steamspy,1236.0,False
Sports,1029550,Torque Drift,"Racing, Sports",,,,Grease Monkey Games,Grease Monkey Games,52.0,steamspy,1202.0,False
Sports,1990740,Barro GT,"Casual, Indie, Racing, Simulation, Sports",,,,SC Jogos,SC Jogos,39.0,steamspy,1147.0,False
Sports,759740,RIDE 3,"Racing, Simulation, Sports",,,,Milestone S.r.l.,Milestone S.r.l.,6.0,steamspy,1030.0,False
Sports,1451810,LEGO 2K Drive,"Racing, Sports",,,,Visual Concepts,2K,13.0,steamspy,1004.0,False
Sports,2581700,MotoGP24,"Racing, Simulation, Sports",,,,Milestone S.r.l.,Milestone S.r.l.,33.0,steamspy,995.0,False
Sports,301120,Eastside Hockey Manager,"Simulation, Sports, Strategy",,,,Sports Interactive,SEGA,125.0,steamspy,964.0,False
Sports,1136380,Ultimate Fishing Simulator 2,"Action, Adventure, Casual, Indie, Simulation, Sports",,,,"Silent Bear Studio, SHINING GAMES",Ultimate Games S.A.,11.0,steamspy,924.0,False
Sports,656200,电竞俱乐部/ESports Club,"Indie, Simulation, Sports, Strategy",,,,"Hangzhou Xinlan Network Technology Co., Ltd.","Hangzhou Xinlan Network Technology Co., Ltd.",4.0,steamspy,888.0,False
Sports,508530,HackyZack,"Action, Indie, Platformer, Puzzle, Sports",,,,Spaceboy Games,Spaceboy Games,0.0,steamspy,833.0,False
Sports,1650010,RIDE 5,"Racing, Simulation, Sports",,,,Milestone S.r.l.,Milestone S.r.l.,195.0,steamspy,817.0,False
Sports,2360210,Rune Coliseum,"Action, Card & Board, Fighting, RPG, Sports, Strategy",,,,Rafale Software,Rafale Software,2.0,steamspy,766.0,False
Sports,1462810,WRC 10 FIA World Rally Championship,"Racing, Simulation, Sports",,,,KT Racing,Nacon,52.0,steamspy,766.0,False
Sports,228760,TrackMania² Canyon,"Action, Racing, Sports",,,,Nadeo,Ubisoft,4.0,steamspy,730.0,False
Sports,1166860,Rival Stars Horse Racing: Desktop Edition,"Casual, Racing, Simulation, Sports",,,,PikPok,PikPok,179.0,steamspy,680.0,False
Sports,988910,Super Mega Baseball 3,"Action, Simulation, Sports",,,,Metalhead Software Inc.,Electronic Arts,33.0,steamspy,680.0,False
Sports,1151050,Golf Gang,"Action, Casual, Indie, Racing, Sports",,,,Lazy Monday Games,Curve Games,7.0,steamspy,664.0,False
Sports,477770,Ride 2,"Action, Racing, Simulation, Sports",,,,Milestone S.r.l.,Milestone S.r.l.,3.0,steamspy,626.0,False
Sports,1864950,Beastieball,"Adventure, JRPG, RPG, Sports",,,,Wishes Ultd.,Klei Publishing,44.0,steamspy,564.0,False
Sports,1304340,Monster Energy Supercross - The Official Videogame 4,"Racing, Simulation, Sports",,,,Milestone S.r.l.,Milestone S.r.l.,6.0,steamspy,561.0,False
Sports,1487210,Super Mega Baseball 4,"Simulation, Sports",,,,Metalhead Software Inc.,Electronic Arts,226.0,steamspy,509.0,False
Sports,207210,Tony Hawks Pro Skater HD,"Action, Simulation, Sports",,,,Robomodo,Activision,2.0,steamspy,480.0,False
Sports,1205970,MX vs ATV Legends,"Racing, Sports",,,,Rainbow Studios,THQ Nordic,134.0,steamspy,460.0,False
Sports,518030,Aim Hero,"Action, Casual, Shooter, Simulation, Sports",,,,ProGames Studio,ProGames Studio,7.0,steamspy,455.0,False
Sports,626610,TT Isle of Man: Ride on the Edge,"Action, Racing, Simulation, Sports",,,,KT Racing,Nacon,4.0,steamspy,425.0,False
Sports,550320,art of rally,"Action, Indie, Racing, Simulation, Sports",,,,Funselektor Labs Inc.,Funselektor Labs Inc.,44.0,steamspy,421.0,False
Sports,429780,Bunny Hop League,"Indie, Sports",,,,PolyDigital,PolyDigital,1.0,steamspy,421.0,False
Sports,815780,PIPE by BMX Streets,"Indie, Simulation, Sports",,,,Mash Games,Mash Games,8.0,steamspy,420.0,False
Sports,1262600,Need for Speed Rivals,"Action, Adventure, Horror, Racing, Sports",,,,Criterion Games,Electronic Arts,29.0,steamspy,415.0,False
Sports,399820,Kopanito All-Stars Soccer,"Action, Indie, Sports",,,,Merixgames,Merixgames,0.0,steamspy,413.0,False
Sports,55140,MX vs. ATV Reflex,"Action, Racing, Simulation, Sports",,,,"Rainbow Studios, THQ Nordic",THQ Nordic,26.0,steamspy,408.0,False
Sports,1182020,WGT Golf,"Indie, Simulation, Sports, Strategy",,,,"World Golf Tour, LLC","World Golf Tour, LLC",193.0,steamspy,401.0,False
Sports,2494340,Tour de France 2024,"Casual, Racing, Simulation, Sports, Strategy",,,,Cyanide Studio,Nacon,1.0,steamspy,395.0,False
Sports,1089830,Monster Energy Supercross - The Official Videogame 3,"Racing, Simulation, Sports",,,,Milestone S.r.l.,Milestone S.r.l.,10.0,steamspy,392.0,False
Sports,442500,Age of Gladiators,"Casual, Indie, RPG, Simulation, Sports, Strategy","25 Feb, 2016",False,"₩ 10,500",Creative Storm Entertainment,"Creative Storm Entertainment, Vincennes Group",1.0,appdetails,373.0,False
Sports,1511630,TrackDayR,"Indie, Massively Multiplayer, Racing, Simulation, Sports",,,,MadCow S.r.l.,MadCow S.r.l.,72.0,steamspy,344.0,False
Sports,505740,Eximius: Seize the Frontline,"Action, Shooter, Sports, Strategy",,,,Ammobox Studios,Ammobox Studios,2.0,steamspy,320.0,False
Sports,1682050,PropHunter,"Casual, RPG, Sports",,,,Alone Fox Games,Alone Fox Games,3.0,steamspy,318.0,False
Sports,661990,Arcana Heart 3 LOVEMAX SIXSTARS!!!!!! XTEND,"Action, Fighting, Sports",,,,Team Arcana,Arc System Works,2.0,steamspy,315.0,False
Sports,1058830,Spin Rhythm XD,"Action, Casual, Indie, Sports",,,,Super Spin Digital,Super Spin Digital,17.0,steamspy,309.0,False
Sports,526980,Handball 17,Sports,,,,Eko Software,Nacon,1.0,steamspy,306.0,False
Sports,336250,Monster Jam Battlegrounds,"Action, Racing, Sports",,,,Team6 game studios B.V.,GameMill Entertainment,0.0,steamspy,298.0,False
Sports,692030,Tennis World Tour,"Simulation, Sports",,,,Breakpoint,Nacon,1.0,steamspy,289.0,False
Sports,2052040,Golden Lap,"Casual, Indie, Racing, Simulation, Sports, Strategy",,,,"Funselektor Labs Inc., Strelka Games",Funselektor Labs Inc.,13.0,steamspy,286.0,False
Sports,216260,Don Bradman Cricket 14,"Indie, Simulation, Sports",,,,Big Ant Studios,Big Ant Studios,4.0,steamspy,278.0,False
Sports,3549220,Tennis Manager 25,"Indie, RPG, Simulation, Sports, Strategy",,,,Rebound CG,Rebound CG,11.0,steamspy,268.0,False
Sports,2545360,Lonely Mountains: Snow Riders,"Racing, Sports",,,,Megagon Industries,Megagon Industries,22.0,steamspy,265.0,False
Sports,1213750,Fight Crab,"Action, Sports",,,,Calappa Games,PLAYISM,0.0,steamspy,257.0,False
Sports,240600,MotoGP13,"Action, Racing, Simulation, Sports",,,,Milestone S.r.l.,"Plug In Digital, Milestone S.r.l.",3.0,steamspy,255.0,False
Sports,2337630,AFL 23,"Horror, Simulation, Sports",,,,Big Ant Studios,Nacon,2.0,steamspy,254.0,False
Sports,522230,The Fishing Club 3D: Co-op Sport Angling,"Indie, Simulation, Sports",,,,Robot Riot UG (haftungsbeschränkt),Robot Riot UG (haftungsbeschränkt),29.0,steamspy,254.0,False
Sports,3468640,AFL 26,"Simulation, Sports",,,,Big Ant Studios,Nacon,14.0,steamspy,250.0,False
Sports,1345870,Franchise Hockey Manager 7,"Simulation, Sports, Strategy",,,,"Out of the Park Developments, Minos Games",Out of the Park Developments,2.0,steamspy,246.0,False
Sports,464850,Don Bradman Cricket 17,"Simulation, Sports",,,,Big Ant Studios,Big Ant Studios,0.0,steamspy,232.0,False
Sports,2084720,Home Run High,"Action, Adventure, Casual, City Builder, Indie, Simulation, Sports, Strategy",,,,"Kairosoft Co., Ltd","Kairosoft Co., Ltd",3.0,steamspy,229.0,False
Sports,2581370,Monster Energy Supercross 25 - The Official Video Game,"Racing, Sports",,,,Milestone S.r.l.,Milestone S.r.l.,19.0,steamspy,228.0,False
Sports,890550,RUMBLE,"Action, Fighting, Sports",,,,Buckethead Entertainment,Buckethead Entertainment,15.0,steamspy,228.0,False
Sports,1184480,Inertial Drift,"Casual, Indie, Racing, Sports",,,,Level 91 Entertainment,PQube,8.0,steamspy,226.0,False
Sports,415600,Kart Racing Pro,"Racing, Simulation, Sports",,,,PiBoSo,PiBoSo,56.0,steamspy,226.0,False
Sports,1259800,MXGP 2020 - The Official Motocross Videogame,"Racing, Simulation, Sports",,,,Milestone S.r.l.,Milestone S.r.l.,5.0,steamspy,225.0,False
Sports,458770,WRC 6 FIA World Rally Championship,"Racing, Simulation, Sports",,,,KT Racing,Nacon,8.0,steamspy,220.0,False
Sports,1918530,Pocket Stables,"Casual, Indie, Racing, Simulation, Sports, Strategy",,,,"Kairosoft Co., Ltd","Kairosoft Co., Ltd",6.0,steamspy,219.0,False
Sports,462700,Cricket Captain 2016,"Simulation, Sports",,,,Childish Things,KISS ltd,1.0,steamspy,217.0,False
Sports,395200,Ben and Ed,"Action, Adventure, Horror, Indie, Platformer, Sports",,,,Sluggerfly,Sluggerfly,9.0,steamspy,207.0,False
Sports,2870110,Tennis Manager 2024,"Action, Indie, RPG, Simulation, Sports, Strategy",,,,Rebound CG,Rebound CG,1.0,steamspy,205.0,False
Sports,884830,Football Manager 2019: The Hashtag United Challenge,"Simulation, Sports",,,,Sports Interactive,SEGA,0.0,steamspy,205.0,False
Sports,887800,Snooker 19,"Indie, Simulation, Sports",,,,Lab42,Ripstone,17.0,steamspy,202.0,False
Sports,1157700,Pro Wrestling Sim,"Simulation, Sports, Strategy",,,,Pro Wrestling Sim,Pro Wrestling Sim,115.0,steamspy,196.0,False
Sports,1100990,Aimbeast,"Action, Indie, Shooter, Simulation, Sports",,,,Focusd IO,Focusd IO,30.0,steamspy,190.0,False
Sports,760640,Tennis Elbow 4,"Indie, Simulation, Sports",,,,Mana Games,Mana Games,68.0,steamspy,186.0,False
Sports,441010,Mount Your Friends 3D: A Hard Man is Good to Climb,"Action, Indie, Simulation, Sports","23 Feb, 2018",False,"₩ 7,800",Stegersaurus Software Inc.,Stegersaurus Software Inc.,0.0,appdetails,185.0,False
Sports,595420,Franchise Hockey Manager 4,"Indie, Simulation, Sports, Strategy",,,,"Out of the Park Developments, Minos Games",Out of the Park Developments,0.0,steamspy,183.0,False
Sports,362930,Garfield Kart,"Action, Casual, Platformer, Racing, Sports",,,,Artefacts Studio,Microids,31.0,steamspy,182.0,False
Sports,1488560,Football Simulator,"Simulation, Sports",,,,Refactor Games,Refactor Games,33.0,steamspy,181.0,False
Sports,2340870,Rugby 25,Sports,,,,Big Ant Studios,Nacon,5.0,steamspy,181.0,False
Sports,518060,Chess Ultra,"Card & Board, Casual, Horror, Indie, Simulation, Sports, Strategy",,,,Ripstone,Ripstone,20.0,steamspy,179.0,False
Sports,922500,KILL la KILL -IF,"Action, Fighting, Sports",,,,"Arc System Works, APLUS Co., Ltd.",Arc System Works,1.0,steamspy,175.0,False
Sports,1579020,Golfie,"Action, Card & Board, Casual, Platformer, Puzzle, Sports, Strategy",,,,Triheart Studio,Yogscast Games,5.0,steamspy,163.0,False
Sports,671620,Beast Battle Simulator,"Action, Casual, Indie, Simulation, Sports, Strategy",,,,DOG HOGGLER,DOG HOGGLER,0.0,steamspy,137.0,False
Sports,1187510,Rock Simulator,"Casual, Horror, Indie, Platformer, Puzzle, Simulation, Sports",,,,vinoo,vinoo,26.0,steamspy,136.0,False
Sports,783590,Age of Gladiators II: Rome,"Indie, RPG, Simulation, Sports, Strategy",,,,Creative Storm Entertainment,"Creative Storm Entertainment, Vincennes Group",2.0,steamspy,133.0,False
Sports,1785910,SBK22,"Racing, Simulation, Sports",,,,Milestone S.r.l.,Milestone S.r.l.,4.0,steamspy,133.0,False
Sports,1975570,Cricket Captain 2022,"Simulation, Sports, Strategy, Tower Defense",,,,Childish Things Ltd,Childish Things Ltd,7.0,steamspy,128.0,False
Sports,444880,Death Stair,"Action, Casual, Indie, Racing, Sports",,,,Fun Sponge Games,Missing Link Games,0.0,steamspy,128.0,False
Sports,1995890,Aerofly FS 4 Flight Simulator,"Action, Indie, Racing, Simulation, Sports",,,,IPACS,IPACS,39.0,steamspy,123.0,False
Sports,940580,FIA European Truck Racing Championship,"Racing, Simulation, Sports",,,,N-RACING,Nacon,3.0,steamspy,115.0,False
Sports,754050,Bomb Bots Arena,"Action, Horror, Indie, Sports, Survival",,,,Tiny Roar,Tiny Roar,1.0,steamspy,108.0,False
Sports,377060,On a Roll,"Action, Indie, Simulation, Sports",,,,Creative Concepts,Creative Concepts,1.0,steamspy,107.0,False
Sports,1193090,Bus World,"Adventure, Casual, Indie, Racing, Simulation, Sports",,,,KishMish Games,KishMish Games,2.0,steamspy,100.0,False
Strategy,65980,Sid Meier's Civilization: Beyond Earth,"4X, Action, Adventure, Simulation, Strategy",,,,"Firaxis Games, Aspyr (Mac), Aspyr (Linux)","2K, Aspyr (Mac), Aspyr (Linux)",277.0,steamspy,86747.0,False
Strategy,1084160,Jagged Alliance 3,"Action, RPG, Strategy",,,,Haemimont Games,THQ Nordic,326.0,steamspy,25332.0,False
Strategy,1044720,Farthest Frontier,"4X, Action, City Builder, Simulation, Strategy, Survival",,,,Crate Entertainment,Crate Entertainment,3356.0,steamspy,24874.0,False
Strategy,1874880,Arma Reforger,"Action, Shooter, Simulation, Strategy",,,,Bohemia Interactive,Bohemia Interactive,7249.0,steamspy,22789.0,False
Strategy,313160,Farming Simulator 15,"Simulation, Strategy",,,,Giants Software,Giants Software,47.0,steamspy,18658.0,False
Strategy,244160,Homeworld Remastered Collection,"4X, Action, Adventure, Simulation, Strategy",,,,"Gearbox Software, Aspyr (Mac)","Gearbox Publishing, Aspyr (Mac)",90.0,steamspy,17778.0,False
Strategy,728880,Overcooked! 2,"Action, Casual, Indie, Simulation, Strategy",,,,"Ghost Town Games Ltd., Team17",Team17,1165.0,steamspy,15004.0,False
Strategy,245620,Tropico 5,"Adventure, City Builder, RPG, Simulation, Strategy",,,,Haemimont Games,Kalypso Media Digital,78.0,steamspy,13445.0,False
Strategy,1336490,Against the Storm,"City Builder, Simulation, Strategy, Survival",,,,Eremite Games,Hooded Horse,931.0,steamspy,12832.0,False
Strategy,489630,"Warhammer 40,000: Gladius - Relics of War","4X, Strategy",,,,Proxy Studios,Slitherine Ltd.,563.0,steamspy,11117.0,False
Strategy,266840,Age of Mythology: Extended Edition,"Action, Adventure, Simulation, Strategy",,,,"SkyBox Labs, Ensemble Studios, Forgotten Empires",Xbox Game Studios,614.0,steamspy,11010.0,False
Strategy,1162520,Richman10,"Card & Board, Casual, Strategy",,,,"Softstar Technology (Beijing) Co., Ltd",SOFTSTAR ENTERTAINMENT,144.0,steamspy,10761.0,False
Strategy,718850,Age of Wonders: Planetfall,"4X, City Builder, Strategy",,,,Triumph Studios,Paradox Interactive,83.0,steamspy,10346.0,False
Strategy,400750,Call to Arms - Gates of Hell: Ostfront,"Shooter, Strategy",,,,"Barbedwire Studios, Digitalmindsoft",Digitalmindsoft,2268.0,steamspy,8889.0,False
Strategy,2067920,Rogue: Genesia,"Action, Casual, RPG, Roguelike, Shooter, Strategy",,,,Ouadi Huard,"Ouadi Huard, Gamersky Games",82.0,steamspy,8490.0,False
Strategy,604540,Empire of Sin,"Action, RPG, Simulation, Strategy",,,,Romero Games,Paradox Interactive,63.0,steamspy,7728.0,False
Strategy,375450,NOBUNAGA'S AMBITION: Sphere of Influence - Ascension,"RPG, Simulation, Strategy",,,,"KOEI TECMO GAMES CO., LTD.","KOEI TECMO GAMES CO., LTD.",164.0,steamspy,7454.0,False
Strategy,2617700,Tinkerlands,"Action, Adventure, Indie, RPG, Strategy, Survival",,,,"CodeManu, Endless Coffee",HypeTrain Digital,93.0,steamspy,6806.0,False
Strategy,2239150,Thronefall,"Action, City Builder, Indie, Strategy, Tower Defense",,,,GrizzlyGames,GrizzlyGames,194.0,steamspy,6723.0,False
Strategy,1000010,Crown Trick,"Action, Adventure, RPG, Strategy",,,,NEXT Studios,"Team17, NEXT Studios",7.0,steamspy,6590.0,False
Strategy,1426450,Age of Darkness: Final Stand,"Action, Strategy, Survival, Tower Defense",,,,PlaySide,PlaySide,105.0,steamspy,6458.0,False
Strategy,232890,Stronghold Crusader 2,"Action, Adventure, City Builder, Simulation, Strategy, Survival",,,,Firefly Studios,Firefly Studios,115.0,steamspy,5698.0,False
Strategy,1473350,(the) Gnorp Apologue,"Casual, Indie, Simulation, Strategy",,,,Myco,(Myco),193.0,steamspy,5395.0,False
Strategy,40400,AI War: Fleet Command,"4X, Indie, Simulation, Strategy, Tower Defense",,,,Arcen Games,Arcen Games,3.0,steamspy,5028.0,False
Strategy,551170,Onmyoji,"Adventure, JRPG, Massively Multiplayer, RPG, Strategy",,,,NetEase Games,NetEase Games,541.0,steamspy,4965.0,False
Strategy,1222690,Dragon Age Inquisition,"Action, Adventure, RPG, Strategy",,,,BioWare,Electronic Arts,425.0,steamspy,4937.0,False
Strategy,2503770,House of Legacy,"Adventure, City Builder, RPG, Simulation, Strategy",,,,S3 Studio,Thermite Games,276.0,steamspy,4934.0,False
Strategy,102600,Orcs Must Die!,"Action, Adventure, Indie, RPG, Shooter, Strategy, Tower Defense",,,,Robot Entertainment,Robot Entertainment,11.0,steamspy,4548.0,False
Strategy,1656780,Hero's Hour,"4X, RPG, Strategy",,,,"Benjamin ""ThingOnItsOwn"" Hauer","Goblinz Publishing, Maple Whispering Limited",51.0,steamspy,4170.0,False
Strategy,2421410,Cyber Manhunt 2: New World - The Hacking Simulator,"Casual, Indie, Puzzle, RPG, Simulation, Strategy",,,,Aluba Van+,Spiral Up Games,35.0,steamspy,3561.0,False
Strategy,688470,Han Xiongnu Wars,"Action, Adventure, Indie, RPG, Strategy",,,,Shangshi Studio,Shangshi Studio,42.0,steamspy,3469.0,False
Strategy,1072040,Panzer Corps 2,"Simulation, Strategy",,,,Flashback Games,Slitherine Ltd.,298.0,steamspy,3459.0,False
Strategy,1658150,Moonstone Island,"Action, Adventure, Card & Board, RPG, Simulation, Strategy",,,,Studio Supersoft,Raw Fury,283.0,steamspy,3436.0,False
Strategy,1341200,DYNASTY WARRIORS 9 Empires,"Action, Simulation, Strategy",,,,"KOEI TECMO GAMES CO., LTD.","KOEI TECMO GAMES CO., LTD.",30.0,steamspy,3104.0,False
Strategy,1879330,WARRIORS OROCHI 3 Ultimate Definitive Edition,"Action, Adventure, Strategy",,,,"KOEI TECMO GAMES CO., LTD.","KOEI TECMO GAMES CO., LTD.",53.0,steamspy,2969.0,False
Strategy,300550,Shadowrun: Dragonfall - Director's Cut,"Adventure, Indie, RPG, Strategy","18 Sep, 2014",False,"₩ 17,000",Harebrained Schemes,Paradox Interactive,24.0,appdetails,2665.0,False
Strategy,983380,Car Manufacture,"Simulation, Strategy",,,,STEREO GAMES S.A.,PlayWay S.A.,8.0,steamspy,2536.0,False
Strategy,666150,Prehistoric Kingdom,"Adventure, Indie, Simulation, Strategy",,,,Blue Meridian,Crytivo,119.0,steamspy,2520.0,False
Strategy,1404850,Luck be a Landlord,"Casual, Indie, Roguelike, Simulation, Strategy",,,,TrampolineTales,TrampolineTales,149.0,steamspy,2447.0,False
Strategy,523150,Mahjong World Contest (麻将),"Card & Board, Casual, Indie, Puzzle, Sports, Strategy",,,,Creobit,8Floor,1.0,steamspy,2231.0,False
Strategy,950740,China: Mao's legacy,"Adventure, Indie, RPG, Simulation, Strategy",,,,Nostalgames,Nostalgames,3.0,steamspy,2222.0,False
Strategy,919370,Overdungeon,"Action, Adventure, Casual, Indie, RPG, Strategy","22 Aug, 2019",False,"₩ 16,500",Pocketpair,Pocketpair,4.0,appdetails,2205.0,False
Strategy,581980,Candy Machine,"Casual, Indie, Puzzle, Simulation, Strategy",,,,Colossal Wreck,Colossal Wreck,0.0,steamspy,2176.0,False
Strategy,287980,Mini Metro,"Casual, Indie, Puzzle, Simulation, Strategy",,,,Dinosaur Polo Club,Dinosaur Polo Club,138.0,steamspy,2101.0,False
Strategy,1191840,Legend Creatures(传奇生物),"4X, Adventure, Indie, RPG, Strategy",,,,HideChara,HideChara,8.0,steamspy,2079.0,False
Strategy,22000,World of Goo,"Casual, Indie, Puzzle, Strategy",,,,2D BOY,2D BOY,9.0,steamspy,2045.0,False
Strategy,224500,Gnomoria,"City Builder, Indie, Simulation, Strategy, Survival",,,,Robotronic Games,Robotronic Games,5.0,steamspy,2040.0,False
Strategy,1260590,Hadean Tactics,"Card & Board, Indie, RPG, Roguelike, Strategy",,,,Emberfish Games,Emberfish Games,5.0,steamspy,1986.0,False
Strategy,2144740,Ghostrunner 2,"Action, Adventure, Fighting, Strategy",,,,One More Level,505 Games,50.0,steamspy,1969.0,False
Strategy,2078230,"Badlands Crew - Drive, Command, Conquer","Action, Adventure, Indie, Simulation, Strategy",,,,Runner Duck,Curve Games,23.0,steamspy,1959.0,False
Strategy,2334220,Home Sweet Home : Online,"Action, Horror, Indie, Sports, Strategy, Survival",,,,YGGDRAZIL GROUP PUBLIC COMPANY LIMITED,Shift Now,0.0,steamspy,1926.0,False
Strategy,1726130,Pathless Woods,"Adventure, City Builder, Indie, RPG, Simulation, Strategy, Survival",,,,AniYa Games Studio,AniYa Games Studio,2.0,steamspy,1857.0,False
Strategy,3168260,Blackthorn Arena: Reforged,"City Builder, RPG, Simulation, Strategy",,,,PersonaeGame Studio,Light Up Games,13.0,steamspy,1762.0,False
Strategy,2085000,SaGa Emerald Beyond ,"Action, Adventure, JRPG, RPG, Strategy",,,,Square Enix,Square Enix,21.0,steamspy,1689.0,False
Strategy,1434950,HighFleet,"Action, Adventure, Indie, RPG, Roguelike, Simulation, Strategy",,,,Konstantin Koshutin,MicroProse Software,61.0,steamspy,1683.0,False
Strategy,2179850,Cobalt Core,"Card & Board, RPG, Roguelike, Strategy",,,,Rocket Rat Games,Brace Yourself Games,48.0,steamspy,1649.0,False
Strategy,257730,Infinity Wars: Animated Trading Card Game,"Card & Board, Strategy",,,,Lightmare Studios,Lightmare Studios,5.0,steamspy,1604.0,False
Strategy,247020,"Cook, Serve, Delicious!","Indie, Simulation, Strategy",,,,Vertigo Gaming Inc.,Vertigo Gaming Inc.,20.0,steamspy,1538.0,False
Strategy,567210,Bunnyrama,"Adventure, Casual, Indie, Platformer, Puzzle, Strategy",,,,Starwind Games,Starwind Games,0.0,steamspy,1461.0,False
Strategy,2338140,Dokapon Kingdom: Connect,"Card & Board, Casual, RPG, Strategy",,,,"Idea Factory, Compile Heart, Sting",Idea Factory International,72.0,steamspy,1439.0,False
Strategy,341000,Mad Games Tycoon,"Casual, Simulation, Strategy",,,,Eggcode,Eggcode,6.0,steamspy,1423.0,False
Strategy,3183310,Forgotten Journey,"Action, Adventure, Casual, Indie, Massively Multiplayer, RPG, Racing, Simulation, Strategy","20 Aug, 2025",True,,FJ-Studio,FJ-Studio,11.0,appdetails,1402.0,False
Strategy,814370,Monster Sanctuary,"Adventure, Indie, JRPG, Metroidvania, Platformer, RPG, Strategy",,,,moi rai games,Team17,137.0,steamspy,1376.0,False
Strategy,544870,Blood Ties,"Adventure, Casual, Indie, RPG, Strategy",,,,Warfare Studios,Warfare Studios,0.0,steamspy,1327.0,False
Strategy,484950,恶魔迷宫 | Evil Maze,"Action, JRPG, RPG, Shooter, Strategy",,,,ZOV GAME STUDIO,ZOV GAME STUDIO,0.0,steamspy,1284.0,False
Strategy,289520,King's Bounty: Dark Side,"Adventure, RPG, Strategy",,,,Fulqrum Publishing,Fulqrum Publishing,34.0,steamspy,1271.0,False
Strategy,218450,Jagged Alliance Online - Steam Edition,"Massively Multiplayer, RPG, Strategy",,,,Cliffhanger Productions,Cliffhanger Productions,0.0,steamspy,1270.0,False
Strategy,1305420,Agrou,"Card & Board, Casual, Indie, Strategy",,,,Osmose Studio,Wankil Studio,0.0,steamspy,1257.0,False
Strategy,911430,Good Company,"City Builder, Simulation, Strategy",,,,Chasing Carrots,Chasing Carrots,10.0,steamspy,1222.0,False
Strategy,1150640,Yu-Gi-Oh! Legacy of the Duelist : Link Evolution,"Card & Board, Puzzle, Simulation, Strategy",,,,Other Ocean Emeryville,KONAMI,122.0,steamspy,1219.0,False
Strategy,512250,Oh...Sir!! The Insult Simulator,"Casual, Fighting, Indie, Simulation, Strategy",,,,Vile Monarch,Good Shepherd Entertainment,2.0,steamspy,1181.0,False
Strategy,1618380,Spellmasons,Strategy,,,,Octavia Blue,Octavia Blue,121.0,steamspy,1160.0,False
Strategy,1863750,挂机神话,"Casual, RPG, Strategy",,,,摸鱼猫工作室,摸鱼猫工作室,28.0,steamspy,1139.0,False
Strategy,2257010,Creeper World IXE,"Action, Casual, Indie, Simulation, Strategy","12 Dec, 2024",False,"₩ 21,500",Knuckle Cracker,Knuckle Cracker,29.0,appdetails,1106.0,False
Strategy,968250,King of Retail,"Casual, Indie, Simulation, Strategy",,,,Freaking Games,Iceberg Interactive,7.0,steamspy,1079.0,False
Strategy,1570070,Beholder 3,"Adventure, Indie, Simulation, Strategy",,,,Paintbucket Games,Alawar,8.0,steamspy,1020.0,False
Strategy,329130,Reassembly,"Action, Adventure, Indie, Shooter, Simulation, Strategy",,,,Anisoptera Games,Indie Voyage,24.0,steamspy,998.0,False
Strategy,350110,TransOcean 2: Rivals,"Simulation, Strategy",,,,Deck13 Hamburg,astragon Entertainment,3.0,steamspy,966.0,False
Strategy,353640,Train Valley,"Casual, Indie, Puzzle, Simulation, Strategy",,,,"Alexey Davydov, Sergey Dvoynikov, Timofey Shargorodskiy, Flazm","Flazm, META Publishing",8.0,steamspy,958.0,False
Strategy,24810,Command & Conquer 3: Kane’s Wrath,"Action, Strategy",,,,EA Los Angeles,Electronic Arts,267.0,steamspy,952.0,False
Strategy,305260,Battle Islands,"Action, Adventure, Casual, Indie, RPG, Shooter, Strategy, Tower Defense",,,,DR Studios,505 Games,12.0,steamspy,945.0,False
Strategy,310510,Deathtrap,"Action, Indie, RPG, Strategy, Tower Defense",,,,NeocoreGames,NeocoreGames,10.0,steamspy,921.0,False
Strategy,312720,Khet 2.0,"Action, Card & Board, Casual, Indie, Puzzle, Strategy",,,,BlueLine Games,BlueLine Games,0.0,steamspy,902.0,False
Strategy,3132860,天月麻雀 (Amatsuki Mahjong),"Card & Board, Casual, JRPG, RPG, Strategy",,,,Cyber Alice Limited,Cyber Alice Limited,17.0,steamspy,893.0,False
Strategy,1471270,Seablip,"Action, Adventure, Casual, Indie, RPG, Strategy",,,,Jardar Solli,Vibedy,4.0,steamspy,855.0,False
Strategy,1358710,Battle Cry of Freedom,"Action, Indie, Massively Multiplayer, Shooter, Simulation, Strategy",,,,Flying Squirrel Entertainment,Flying Squirrel Entertainment,1.0,steamspy,853.0,False
Strategy,2674590,Beltmatic,"Casual, Indie, Simulation, Strategy",,,,Notional Games,Notional Games,67.0,steamspy,852.0,False
Strategy,732690,FIVE NIGHTS AT FREDDY'S: HELP WANTED,"Action, Casual, Horror, Indie, Puzzle, Strategy, Survival",,,,Steel Wool Studios,ScottGames,16.0,steamspy,844.0,False
Strategy,2603020,Citadelum,"City Builder, Simulation, Strategy",,,,Abylight Barcelona,Abylight Studios,36.0,steamspy,831.0,False
Strategy,486860,MMORPG Tycoon 2,"City Builder, Indie, Massively Multiplayer, Simulation, Strategy",,,,VectorStorm Pty Ltd,VectorStorm Pty Ltd,16.0,steamspy,792.0,False
Strategy,513560,Hunger Dungeon,"Action, Roguelike, Strategy, Survival",,,,No Stuck Game Studio,No Stuck Game Studio,1.0,steamspy,745.0,False
Strategy,1275350,Ninja Kiwi Archive,"Action, Casual, Platformer, Shooter, Strategy, Survival, Tower Defense",,,,Ninja Kiwi,Ninja Kiwi,165.0,steamspy,738.0,False
Strategy,2182630,Mob Factory,"Simulation, Strategy, Tower Defense",,,,LiterallyEveryone Games,"LiterallyEveryone Games, IndieArk",7.0,steamspy,707.0,False
Strategy,762650,Depraved,"City Builder, Simulation, Strategy, Survival",,,,Evil Bite,Evil Bite,3.0,steamspy,700.0,False
Strategy,542480,Therian Saga,"Action, Adventure, Indie, Massively Multiplayer, Puzzle, RPG, Simulation, Strategy",,,,Virtys,Virtys,12.0,steamspy,645.0,False
Strategy,1062830,Embr,"Action, Casual, Indie, Simulation, Strategy",,,,Muse Games,Curve Games,12.0,steamspy,636.0,False
Strategy,2140850,Looper Tactics,"Adventure, Card & Board, Casual, Indie, RPG, Strategy",,,,Inkstone Atelier,"2P Games, Gamersky Games",2.0,steamspy,625.0,False
Strategy,259060,Dominions 4: Thrones of Ascension,"4X, Indie, RPG, Strategy",,,,Illwinter Game Design,Illwinter Game Design,6.0,steamspy,541.0,False
Strategy,3395140,小小侠客模拟器,"Casual, Platformer, Simulation, Strategy",,,,小小游戏,小小游戏,23.0,steamspy,541.0,False
Strategy,17440,SPORE Creepy & Cute Parts Pack,"Action, Adventure, RPG, Simulation, Strategy",,,,Maxis™,Electronic Arts,16.0,steamspy,512.0,False
Strategy,10270,Disciples III: Reincarnation,"Adventure, RPG, Strategy",,,,Akella,Kalypso Media Digital,11.0,steamspy,497.0,False
Strategy,223630,AirBuccaneers,"Action, Indie, RPG, Strategy",,,,LudoCraft Ltd.,LudoCraft Ltd.,2.0,steamspy,492.0,False
Strategy,278530,3 Stars of Destiny,"Adventure, Casual, Indie, JRPG, RPG, Strategy",,,,Aldorlea Games,KOMODO,0.0,steamspy,461.0,False
Strategy,322450,FRAMED Collection,"Adventure, Casual, Indie, Platformer, Puzzle, Strategy",,,,Loveshack Entertainment,Fellow Traveller,5.0,steamspy,448.0,False
Strategy,1203930,The Last Haven,"City Builder, Indie, Simulation, Strategy, Survival",,,,Thunder Devs.,Thunder Devs.,3.0,steamspy,418.0,False
Strategy,666570,Infectonator 3: Apocalypse,"Action, Casual, Indie, Simulation, Strategy, Survival",,,,Toge Productions,Armor Games Studios,18.0,steamspy,401.0,False
Strategy,494670,TransRoad: USA,"Casual, Simulation, Strategy",,,,Deck13 Hamburg,astragon Entertainment,1.0,steamspy,398.0,False
Strategy,2994010,Chains of Freedom,"Action, Adventure, Strategy",,,,Nordcurrent,Nordcurrent Labs,10.0,steamspy,379.0,False
Strategy,336300,Hearthlands,"City Builder, Indie, Simulation, Strategy",,,,Four White Cats,Four White Cats,3.0,steamspy,378.0,False
Strategy,265890,Hexcells,"Casual, Indie, Puzzle, Strategy",,,,Matthew Brown,Matthew Brown,7.0,steamspy,377.0,False
Strategy,312790,Agarest: Generations of War 2,"Adventure, JRPG, RPG, Strategy, Visual Novel",,,,Idea Factory,Ghostlight LTD,0.0,steamspy,371.0,False
Strategy,823550,Booty Calls,"Casual, Horror, Indie, Puzzle, RPG, Simulation, Strategy",,,,3X Entertainment Limited,Nutaku Publishing,28.0,steamspy,357.0,False
Strategy,2094910,Pile Up!,"Casual, City Builder, Indie, Strategy",,,,Remoob,"Catoptric Games, IndieArk",2.0,steamspy,354.0,False
Strategy,1240630,Hex of Steel,"Card & Board, Strategy",,,,War Frogs Studio,War Frogs Studio,62.0,steamspy,343.0,False
Strategy,294160,Galcon 2: Galactic Conquest,"4X, Indie, Massively Multiplayer, Strategy",,,,"Hassey Enterprises, Inc.","Hassey Enterprises, Inc.",2.0,steamspy,324.0,False
Strategy,7830,Men of War,"Action, Shooter, Simulation, Strategy",,,,"Best Way, Digitalmindsoft",Fulqrum Publishing,18.0,steamspy,305.0,False
Strategy,533480,Academagia: The Making of Mages,"Adventure, Indie, RPG, Simulation, Strategy",,,,"Black Chicken Studios, inc.","Black Chicken Studios, inc.",2.0,steamspy,286.0,False
Strategy,2058570,Rift Wizard 2,"Indie, RPG, Roguelike, Strategy",,,,Dylan White,Dylan White,32.0,steamspy,285.0,False
Strategy,6800,Commandos: Behind Enemy Lines,"Action, Strategy",,,,Pyro Studios,Kalypso Media Digital,41.0,steamspy,279.0,False
Strategy,201210,Pox Nora,"Card & Board, Indie, RPG, Strategy",,,,Desert Owl Games LLC,Desert Owl Games LLC,31.0,steamspy,275.0,False
Strategy,1578220,Mister Furry: Hot Muscles,"Action, Adventure, Casual, Horror, Indie, RPG, Simulation, Sports, Strategy, Survival",,,,"Red Six Development, Male Union","Red Six Publishing, Dungeon Master",4.0,steamspy,273.0,False
Strategy,29180,Osmos,"Casual, Indie, Puzzle, Simulation, Strategy",,,,Hemisphere Games,Hemisphere Games,2.0,steamspy,268.0,False
Strategy,1373090,"Yes, Your Grace 2: Snowfall","Adventure, Casual, Indie, RPG, Simulation, Strategy",,,,Brave At Night,Brave At Night,17.0,steamspy,266.0,False
Strategy,1516750,Alien Marauder,"Strategy, Survival, Tower Defense",,,,Vexan Studio,Vexan Studio,4.0,steamspy,262.0,False
Strategy,45100,Secret of the Magic Crystals,"Action, Adventure, Casual, Strategy",,,,Artery Games,Artery Games,4.0,steamspy,256.0,False
Strategy,3170,King's Bounty: Armored Princess,"Adventure, RPG, Strategy",,,,Katauri Interactive,Fulqrum Publishing,19.0,steamspy,238.0,False
Strategy,463980,Solitairica,"Card & Board, Casual, Indie, RPG, Roguelike, Strategy",,,,Righteous Hammer Games,Righteous Hammer Games,4.0,steamspy,226.0,False
Strategy,1516080,That Time I Got Reincarnated as an Orc,"Adventure, JRPG, RPG, Strategy",,,,HONEYSOFT,OTAKU Plan,0.0,steamspy,223.0,False
Strategy,409870,Phantom Brave PC,"JRPG, RPG, Strategy",,,,"Nippon Ichi Software, Inc., PH3 GmbH","NIS America, Inc.",7.0,steamspy,219.0,False
Strategy,34460,Civilization IV: Beyond the Sword,"4X, Strategy",,,,Firaxis Games,2K,5.0,steamspy,218.0,False
Strategy,3169580,Never Second in Rome,"Indie, RPG, Simulation, Strategy",,,,Alessandro Roberti,Alessandro Roberti,7.0,steamspy,216.0,False
Strategy,919360,Alaloth: Champions of The Four Kingdoms,"Action, Adventure, Indie, RPG, Strategy","21 Nov, 2024",False,"₩ 36,000",Gamera Interactive,"Gamera Interactive, Ancient Scroll",4.0,appdetails,197.0,False
Strategy,1896390,Stickman Trenches,"Action, Casual, Strategy, Tower Defense",,,,Big Play Games,Big Play Games,18.0,steamspy,193.0,False
Strategy,3139620,Frontline Crisis,"Action, Shooter, Strategy, Tower Defense",,,,BCQT,Gamersky Games,0.0,steamspy,184.0,False
Strategy,57730,Patrician IV: Rise of a Dynasty,"Simulation, Strategy",,,,Gaming Minds Studios,Kalypso Media Digital,29.0,steamspy,165.0,False
Strategy,568090,Tattletail,"Action, Adventure, Horror, Indie, Strategy, Survival",,,,Waygetter Electronics,"Little Flag Software, LLC",9.0,steamspy,143.0,False
Strategy,25980,Majesty 2,"City Builder, Simulation, Strategy",,,,1C:InoCo,Paradox Interactive,16.0,steamspy,142.0,False
Strategy,3107590,スペルトナエル,"Action, Indie, Puzzle, Strategy",,,,おまど,おまど,2.0,steamspy,136.0,False
Strategy,4890,Cossacks II: Battle for Europe,Strategy,,,,GSC Game World,GSC World Publishing,10.0,steamspy,132.0,False
Strategy,863500,All Quiet in the Trenches,"Indie, RPG, Simulation, Strategy, Survival",,,,Totally Not Aliens,Totally Not Aliens,29.0,steamspy,131.0,False
Strategy,1041710,Sim Empire,"Casual, Massively Multiplayer, Simulation, Strategy",,,,TKG Inc.,TKG Inc.,31.0,steamspy,130.0,False
Strategy,3001330,Forest Heroes,"Action, Card & Board, Casual, Roguelike, Strategy, Tower Defense",,,,Hoochoo Game Studios,Hoochoo Game Studios,11.0,steamspy,121.0,False
Strategy,1391530,Mud and Blood,"Action, Adventure, Indie, Strategy",,,,urbgames,urbgames,48.0,steamspy,120.0,False
Strategy,2921380,Caribbean Crashers,"Action, Adventure, Casual, Indie, Simulation, Strategy",,,,Bloxhill,Bloxhill,2.0,steamspy,117.0,False
Strategy,201270,Total War: SHOGUN 2,"Action, Strategy",,,,"CREATIVE ASSEMBLY, Feral Interactive (Mac), Feral Interactive (Linux)","SEGA, Feral Interactive (Mac), Feral Interactive (Linux)",1.0,steamspy,117.0,False
Strategy,4770,Rome: Total War - Alexander,Strategy,,,,The Creative Assembly,SEGA,8.0,steamspy,112.0,False
Strategy,751500,TINY METAL,"Indie, RPG, Simulation, Strategy",,,,"AREA 35, Inc.",Sony Music Entertainment (Japan) Inc. / UNTIES,2.0,steamspy,109.0,False
Strategy,97130,Kohan II: Kings of War,Strategy,,,,TimeGate Studios,TimeGate Studios,14.0,steamspy,108.0,False
Strategy,2262930,Bombe,"Casual, Puzzle, Strategy",,,,Charlie Brej,Charlie Brej,13.0,steamspy,102.0,False
Strategy,624690,NEXT JUMP: Shmup Tactics,"Puzzle, RPG, Shooter, Strategy",,,,Post Mortem Pixels,GrabTheGames,41.0,steamspy,101.0,False
Survival,2622380,ELDEN RING NIGHTREIGN,"Action, RPG, Survival",,,,"FromSoftware, Inc.","FromSoftware, Inc., Bandai Namco Entertainment",11377.0,steamspy,240640.0,False
Survival,648800,Raft,"Action, Adventure, Indie, Massively Multiplayer, Simulation, Strategy, Survival",,,,Redbeet Interactive,Axolot Games,3688.0,steamspy,100474.0,False
Survival,232090,Killing Floor 2,"Action, Horror, Shooter, Survival",,,,Tripwire Interactive,Tripwire Interactive,3934.0,steamspy,69246.0,False
Survival,368230,Kingdom: Classic,"Adventure, Casual, City Builder, Indie, RPG, Simulation, Strategy, Survival, Tower Defense",,,,"Noio, Licorice",Raw Fury,41.0,steamspy,63740.0,False
Survival,1149460,ICARUS,"Adventure, Survival",,,,RocketWerkz,RocketWerkz,3396.0,steamspy,52305.0,False
Survival,617290,Remnant: From the Ashes,"Action, Adventure, Horror, RPG, Shooter, Survival",,,,Gunfire Games,Arc Games,190.0,steamspy,48194.0,False
Survival,1943950,Escape the Backrooms,"Action, Adventure, Casual, Horror, Indie, Survival",,,,Fancy Games,Secret Mode,3236.0,steamspy,48097.0,False
Survival,1304930,The Outlast Trials,"Action, Adventure, Horror, Survival",,,,Red Barrels,Red Barrels,4729.0,steamspy,36332.0,False
Survival,1527950,Wartales,"Adventure, Indie, RPG, Strategy, Survival",,,,Shiro Games,Shiro Games,3105.0,steamspy,35769.0,False
Survival,952060,Resident Evil 3,"Action, Adventure, Horror, Shooter, Survival",,,,"CAPCOM Co., Ltd.","CAPCOM Co., Ltd.",512.0,steamspy,32635.0,False
Survival,823130,Totally Accurate Battlegrounds,"Action, Indie, Massively Multiplayer, Shooter, Simulation, Strategy, Survival",,,,Landfall,Landfall,101.0,steamspy,29438.0,False
Survival,323190,Frostpunk,"City Builder, Simulation, Strategy, Survival",,,,11 bit studios,11 bit studios,1737.0,steamspy,29195.0,False
Survival,701160,Kingdom Two Crowns,"Adventure, City Builder, Simulation, Strategy, Survival, Tower Defense",,,,Stumpy,Raw Fury,893.0,steamspy,26314.0,False
Survival,389430,Knight Online,"Action, Adventure, Casual, Horror, Massively Multiplayer, RPG, Strategy, Survival",,,,"Noah System, Mgame",NTTGame,1547.0,steamspy,24542.0,False
Survival,644930,They Are Billions,"City Builder, Indie, Strategy, Survival, Tower Defense",,,,Numantian Games,Numantian Games,1983.0,steamspy,22295.0,False
Survival,955900,Amazing Cultivation Simulator,"Horror, Indie, RPG, Simulation, Strategy, Survival",,,,GSQ Games,GSQ Games,392.0,steamspy,18169.0,False
Survival,1433140,The Texas Chain Saw Massacre,"Action, Horror, Indie, Strategy, Survival",,,,Sumo Digital,Gun Interactive,245.0,steamspy,17141.0,False
Survival,747660,Five Nights at Freddy's: Security Breach,"Action, Adventure, Horror, Indie, Survival",,,,Steel Wool Studios,ScottGames,115.0,steamspy,17031.0,False
Survival,219740,Don't Starve,"Adventure, Horror, Indie, Simulation, Survival",,,,Klei Entertainment,Klei Entertainment,1358.0,steamspy,16556.0,False
Survival,1812450,Bellwright,"Action, City Builder, RPG, Simulation, Strategy, Survival",,,,Donkey Crew,"Donkey Crew, Snail Games USA",829.0,steamspy,15186.0,False
Survival,305620,The Long Dark,"Action, Adventure, Horror, Indie, Simulation, Strategy, Survival",,,,Hinterland Studio Inc.,Hinterland Studio Inc.,1752.0,steamspy,14411.0,False
Survival,1475810,Ghostwire: Tokyo,"Action, Adventure, Horror, Survival",,,,Tango Gameworks,Bethesda Softworks,113.0,steamspy,14082.0,False
Survival,529180,Dark and Light,"Action, Adventure, Massively Multiplayer, RPG, Simulation, Survival",,,,Snail Games USA,Snail Games USA,23.0,steamspy,14029.0,False
Survival,233860,Kenshi,"Adventure, City Builder, Indie, RPG, Simulation, Strategy, Survival",,,,Lo-Fi Games,Lo-Fi Games,4632.0,steamspy,11572.0,False
Survival,704270,Generation Zero,"Action, Horror, Shooter, Survival",,,,Systemic Reaction™,Avalanche Studios,260.0,steamspy,11386.0,False
Survival,214490,Alien: Isolation,"Action, Adventure, Horror, Shooter, Survival",,,,"Creative Assembly, Feral Interactive (Mac), Feral Interactive (Linux)","SEGA, Feral Interactive (Mac), Feral Interactive (Linux)",268.0,steamspy,10761.0,False
Survival,589360,Ni no Kuni II: Revenant Kingdom,"Action, Adventure, City Builder, JRPG, RPG, Strategy, Survival",,,,LEVEL5 Inc.,BANDAI NAMCO Entertainment,51.0,steamspy,10708.0,False
Survival,744900,Dead Frontier 2,"Action, Horror, Massively Multiplayer, RPG, Shooter, Survival",,,,Creaky Corpse Ltd,Creaky Corpse Ltd,705.0,steamspy,10009.0,False
Survival,454120,Starbase,"Action, Massively Multiplayer, Simulation, Survival",,,,Frozenbyte,Frozenbyte,8.0,steamspy,9896.0,False
Survival,1016920,Unrailed!,"Action, Casual, Indie, Survival",,,,Indoor Astronaut,Daedalic Entertainment,99.0,steamspy,9651.0,False
Survival,784150,Workers & Resources: Soviet Republic,"4X, City Builder, Simulation, Strategy, Survival",,,,3Division,Hooded Horse,1019.0,steamspy,8221.0,False
Survival,394510,HELLDIVERS Dive Harder Edition,"Action, Shooter, Strategy, Survival",,,,Arrowhead Game Studios,PlayStation Publishing LLC,100.0,steamspy,6691.0,False
Survival,801800,Atomfall,"Action, Adventure, Horror, RPG, Survival",,,,Rebellion,Rebellion,66.0,steamspy,6072.0,False
Survival,1272320,Diplomacy is Not an Option,"Action, City Builder, Simulation, Strategy, Survival, Tower Defense",,,,Door 407,Door 407,226.0,steamspy,5939.0,False
Survival,1121640,The Wandering Village,"City Builder, Simulation, Strategy, Survival",,,,Stray Fawn Studio,"Stray Fawn Publishing, WhisperGames",134.0,steamspy,5711.0,False
Survival,335240,Transformice,"Action, Adventure, Casual, Indie, Massively Multiplayer, Platformer, Puzzle, Racing, Strategy, Survival",,,,Atelier 801,Atelier 801,630.0,steamspy,5542.0,False
Survival,859570,Secret Neighbor: Hello Neighbor Multiplayer,"Action, Adventure, Casual, Horror, Indie, Puzzle, Survival",,,,"Hologryph, Eerie Guest Studios",tinyBuild,33.0,steamspy,5049.0,False
Survival,2141730,Backrooms: Escape Together,"Action, Adventure, Casual, Horror, Puzzle, Survival",,,,Triiodide Studios,Triiodide Studios,883.0,steamspy,4920.0,False
Survival,569480,Kingdoms and Castles,"Action, City Builder, Simulation, Strategy, Survival",,,,"Lion Shield, LLC","Lion Shield, LLC",227.0,steamspy,4836.0,False
Survival,1850740,Ghost Watchers,"Action, Adventure, Horror, Puzzle, Survival",,,,Renderise,Renderise,53.0,steamspy,4666.0,False
Survival,939850,The Dark Pictures Anthology: Man of Medan,"Action, Adventure, Horror, Survival",,,,Supermassive Games,BANDAI NAMCO Entertainment Europe,50.0,steamspy,4518.0,False
Survival,91600,Sanctum,"Action, Adventure, Casual, Indie, Shooter, Strategy, Survival, Tower Defense",,,,Coffee Stain Studios,Coffee Stain Publishing,2.0,steamspy,4467.0,False
Survival,866800,The Walking Dead: The Final Season,"Action, Adventure, Horror, Survival",,,,Telltale Games,Skybound Games,60.0,steamspy,4101.0,False
Survival,1270580,Mind Over Magic,"Indie, RPG, Simulation, Strategy, Survival",,,,Sparkypants,Klei Publishing,227.0,steamspy,4096.0,False
Survival,760060,Mutant Year Zero: Road to Eden,"Action, Adventure, Horror, RPG, Strategy, Survival",,,,The Bearded Ladies,Funcom,18.0,steamspy,4013.0,False
Survival,667890,Dead Maze,"Action, Adventure, Fighting, Massively Multiplayer, Survival",,,,Atelier 801,Atelier 801,46.0,steamspy,3819.0,False
Survival,4500,S.T.A.L.K.E.R.: Shadow of Chernobyl,"Action, Adventure, Horror, RPG, Shooter, Survival",,,,GSC Game World,GSC Game World,69.0,steamspy,3719.0,False
Survival,287290,Resident Evil Revelations 2,"Action, Adventure, Horror, RPG, Shooter, Survival",,,,"CAPCOM Co., Ltd.","CAPCOM Co., Ltd.",189.0,steamspy,3659.0,False
Survival,2344320,Legacy: Steel & Sorcery,"Action, RPG, Shooter, Survival",,,,Notorious Studios,Notorious Studios,85.0,steamspy,3642.0,False
Survival,376870,Minecraft: Story Mode - A Telltale Games Series,"Adventure, Casual, Survival",,,,Telltale Games,Telltale Games,17.0,steamspy,3641.0,False
Survival,1732190,FATAL FRAME / PROJECT ZERO: Maiden of Black Water,"Adventure, Horror, Survival",,,,"KOEI TECMO GAMES CO., LTD.","KOEI TECMO GAMES CO., LTD.",13.0,steamspy,3474.0,False
Survival,513720,Archipelago,"Casual, Horror, Indie, Massively Multiplayer, Puzzle, Simulation, Strategy, Survival",,,,Tort,Conglomerate 5,1.0,steamspy,3419.0,False
Survival,1072420,DRAGON QUEST BUILDERS 2,"Action, Adventure, JRPG, Platformer, RPG, Survival",,,,"Square Enix, KOEI TECMO GAMES CO., LTD.",Square Enix,181.0,steamspy,3348.0,False
Survival,1088090,Day of Dragons,"Massively Multiplayer, RPG, Simulation, Survival",,,,Beawesome Games,Beawesome Games,184.0,steamspy,3183.0,False
Survival,967050,Pacify,"Action, Adventure, Horror, Survival",,,,Shawn Hitchcock,Hitchcock Games,47.0,steamspy,3086.0,False
Survival,586790,Hold your houses,"Action, Shooter, Strategy, Survival, Tower Defense",,,,WhackAKey Games,Conglomerate 5,2.0,steamspy,2979.0,False
Survival,991780,Notes of Soul,"Action, Adventure, Casual, Horror, Indie, Massively Multiplayer, RPG, Racing, Strategy, Survival",,,,（Hong Kong）GKD Game Studio,（Hong Kong）GKD Game Studio,14.0,steamspy,2968.0,False
Survival,2064870,Deceit 2,"Action, Casual, Horror, RPG, Shooter, Strategy, Survival",,,,World Makers,World Makers,179.0,steamspy,2911.0,False
Survival,333640,Caves of Qud,"RPG, Roguelike, Survival",,,,Freehold Games,Kitfox Games,466.0,steamspy,2853.0,False
Survival,536270,Ancestors: The Humankind Odyssey,"Action, Adventure, Indie, RPG, Simulation, Survival",,,,Panache Digital Games,Private Division,76.0,steamspy,2841.0,False
Survival,1101190,Dungeon Defenders: Awakened,"Action, RPG, Strategy, Survival, Tower Defense",,,,Chromatic Games,Chromatic Games,62.0,steamspy,2839.0,False
Survival,951440,Volcanoids,"Action, Adventure, Shooter, Simulation, Survival",,,,Volcanoid,Volcanoid,35.0,steamspy,2750.0,False
Survival,2311190,Garten of Banban 3,"Action, Adventure, Casual, Horror, Puzzle, Survival",,,,Euphoric Brothers,Euphoric Brothers,0.0,steamspy,2651.0,False
Survival,555220,Detention,"Adventure, Horror, Indie, Puzzle, Survival, Visual Novel",,,,RedCandleGames,"RedCandleGames, AGM PLAYISM",5.0,steamspy,2325.0,False
Survival,596970,Sunless Skies: Sovereign Edition,"Adventure, Indie, RPG, Survival",,,,Failbetter Games,Failbetter Games,25.0,steamspy,2285.0,False
Survival,1534980,Terminus: Zombie Survivors,"Adventure, Horror, Indie, RPG, Strategy, Survival",,,,Longplay Studios,Longplay Studios,44.0,steamspy,2187.0,False
Survival,1289380,Sheltered 2,"Horror, Indie, RPG, Simulation, Strategy, Survival",,,,Unicube,Team17,23.0,steamspy,2141.0,False
Survival,222480,Resident Evil Revelations,"Action, Adventure, Horror, Shooter, Survival",,,,Capcom,Capcom,117.0,steamspy,2083.0,False
Survival,466130,White Day: A Labyrinth Named School,"Action, Adventure, Horror, Indie, Puzzle, Survival",,,,SONNORI Corp,"PQube, SONNORI Corp",9.0,steamspy,1994.0,False
Survival,268750,Magicite,"Action, Adventure, Indie, Platformer, RPG, Roguelike, Survival",,,,Sean Young,SmashGames,10.0,steamspy,1970.0,False
Survival,2093920,Dread Dawn,"Action, Adventure, Horror, RPG, Shooter, Survival, Tower Defense",,,,Kioop,Kioop,6.0,steamspy,1782.0,False
Survival,812040,Shortest Trip to Earth,"Action, Adventure, Roguelike, Simulation, Strategy, Survival",,,,Interactive Fate,Interactive Fate,4.0,steamspy,1780.0,False
Survival,1956040,Kingdom Eighties,"Action, Adventure, Casual, City Builder, Strategy, Survival, Tower Defense",,,,Fury Studios,Raw Fury,14.0,steamspy,1712.0,False
Survival,1579380,Shadow Tactics: Aiko's Choice,"Action, Adventure, Indie, Puzzle, Strategy, Survival",,,,Mimimi Games,Daedalic Entertainment,9.0,steamspy,1656.0,False
Survival,564210,Fishermurs,"Action, Indie, Massively Multiplayer, Racing, Shooter, Sports, Survival",,,,Reward Hunters,Valkyrie Initiative,2.0,steamspy,1571.0,False
Survival,678800,SAS: Zombie Assault 4,"Action, Casual, Horror, RPG, Shooter, Survival",,,,Ninja Kiwi,Ninja Kiwi,136.0,steamspy,1497.0,False
Survival,1570330,West Hunt,"Action, Casual, Indie, RPG, Shooter, Survival",,,,NewGen,"Wandering Wizard, Snail Games USA",1.0,steamspy,1491.0,False
Survival,509980,BIGFOOT,"Action, Adventure, Horror, Shooter, Survival",,,,CyberLight Game Studio,CyberLight Game Studio,90.0,steamspy,1460.0,False
Survival,482920,Hero Zero,"Action, Adventure, Casual, Horror, Indie, Massively Multiplayer, RPG, Strategy, Survival",,,,Playata GmbH,RogueWare,63.0,steamspy,1444.0,False
Survival,1108370,Ratropolis,"Card & Board, Casual, City Builder, Indie, Roguelike, Simulation, Strategy, Survival, Tower Defense",,,,Cassel Games,Cassel Games,21.0,steamspy,1428.0,False
Survival,47400,Stronghold 3 Gold,"City Builder, Simulation, Strategy, Survival",,,,Firefly Studios,Firefly Studios,10.0,steamspy,1403.0,False
Survival,2328750,My Little Universe,"Action, Casual, Simulation, Survival",,,,Estoty,SayGames,37.0,steamspy,1399.0,False
Survival,916840,The Walking Dead: Saints & Sinners,"Action, Adventure, Horror, Indie, RPG, Shooter, Simulation, Strategy, Survival",,,,Skydance Interactive,Skydance Interactive,25.0,steamspy,1366.0,False
Survival,2963880,Murky Divers,"Action, Adventure, Horror, Survival",,,,Embers,Embers,52.0,steamspy,1338.0,False
Survival,383840,Nimbatus - The Space Drone Constructor,"Action, Adventure, Fighting, Puzzle, Sports, Strategy, Survival",,,,Stray Fawn Studio,"Stray Fawn Publishing, WhisperGames",6.0,steamspy,1310.0,False
Survival,555920,Dark Egypt,"Action, Adventure, Horror, Indie, Puzzle, Simulation, Survival",,,,GDNomaD,GDNomaD,0.0,steamspy,1287.0,False
Survival,355180,Codename CURE,"Action, Horror, Shooter, Survival",,,,Raptor Byte,Raptor Byte,5.0,steamspy,1280.0,False
Survival,764050,Maelstrom,"Action, Indie, Massively Multiplayer, RPG, Simulation, Strategy, Survival",,,,"Gunpowder Games, Inc., Tideturners",Forthright Entertainment,2.0,steamspy,1273.0,False
Survival,773790,Ostriv,"City Builder, Simulation, Strategy, Survival",,,,yevhen8,yevhen8,73.0,steamspy,1237.0,False
Survival,257170,Rebuild 3: Gangs of Deadsville,"4X, City Builder, Horror, RPG, Simulation, Strategy, Survival",,,,"Northway Games, Sarah Northway",Northway Games,37.0,steamspy,1181.0,False
Survival,860020,EXFIL,"Action, Shooter, Simulation, Strategy, Survival",,,,Tiny Leviathan,MicroProse Software,0.0,steamspy,1134.0,False
Survival,2233120,A Quiet Place: The Road Ahead,"Action, Adventure, Horror, Puzzle, Survival",,,,Stormind Games,Saber Interactive,18.0,steamspy,1066.0,False
Survival,314970,Age of Conquest IV,"Card & Board, Indie, Massively Multiplayer, Strategy, Survival",,,,Noble Master LLC,Noble Master LLC,11.0,steamspy,954.0,False
Survival,726110,Overcrowd: A Commute 'Em Up,"City Builder, Indie, Simulation, Strategy, Survival",,,,SquarePlay Games,SquarePlay Games,12.0,steamspy,802.0,False
Survival,757320,Atomicrops,"Action, Indie, Roguelike, Shooter, Simulation, Survival",,,,Bird Bath Games,Raw Fury,91.0,steamspy,767.0,False
Survival,2061440,Oxygen: First Breath,"City Builder, Indie, Simulation, Strategy, Survival",,,,Turquoise Revival Games,"GrabTheGames, UpgradePoint",3.0,steamspy,746.0,False
Survival,434570,Blood and Bacon,"Action, Adventure, Horror, Indie, Shooter, Survival",,,,Big Corporation,Grunge Games LTD,19.0,steamspy,702.0,False
Survival,2436570,DRAGON QUEST BUILDERS,"Action, Adventure, JRPG, Platformer, RPG, Survival",,,,Square Enix,Square Enix,36.0,steamspy,702.0,False
Survival,1150760,Gloomwood,"Action, Horror, Shooter, Survival",,,,"Dillon Rogers, David Szymanski, Nate Berens, Thomas Porta",New Blood Interactive,40.0,steamspy,693.0,False
Survival,407840,Guardians of Orion (Phase 2),"Action, Indie, RPG, Shooter, Survival",,,,DANKIE,DANKIE,0.0,steamspy,679.0,False
Survival,1574900,Salt 2: Shores of Gold,"Action, Adventure, Survival",,,,Lavaboots Studios,Lavaboots Studios,26.0,steamspy,637.0,False
Survival,1876880,Primitive Society Simulator,"City Builder, Indie, Simulation, Strategy, Survival",,,,YSH BigDove,"YSH Games, The Bueno Interactive",11.0,steamspy,625.0,False
Survival,947300,Grim Nights,"Strategy, Survival, Tower Defense",,,,Edym Pixels,Edym Pixels,3.0,steamspy,613.0,False
Survival,1321680,Hello Neighbor 2,"Action, Adventure, Horror, Puzzle, Survival",,,,"Eerie Guest, tinyBuild",tinyBuild,9.0,steamspy,570.0,False
Survival,9050,DOOM 3,"Action, Horror, Shooter, Survival",,,,id Software,id Software,12.0,steamspy,560.0,False
Survival,1253710,Garbage,"Fighting, Indie, Simulation, Strategy, Survival",,,,Homebased,"GrabTheGames, UpgradePoint",7.0,steamspy,550.0,False
Survival,3123830,Dread Tomb,"Action, Adventure, Horror, Indie, RPG, Survival",,,,轻舟游戏工作室,Gamirror Games,2.0,steamspy,546.0,False
Survival,1402020,SCP: Labrat,"Action, Adventure, Horror, Survival",,,,Bezbro Games,Bezbro Games,24.0,steamspy,544.0,False
Survival,266430,Anarchy Arcade,"Action, Adventure, Casual, Indie, Simulation, Survival",,,,Elijah Newman-Gomez,Elijah Newman-Gomez,4.0,steamspy,515.0,False
Survival,388550,Galactic Missile Defense,"Action, Casual, Indie, Shooter, Strategy, Survival, Tower Defense",,,,Black Sheep Games,Black Sheep Games,0.0,steamspy,507.0,False
Survival,2846060,Subterror,"Action, Adventure, Horror, Indie, Survival",,,,Team Monumental,Team Monumental,0.0,steamspy,498.0,False
Survival,2902540,KUNKUN Defender,"Action, Horror, Roguelike, Shooter, Survival, Tower Defense",,,,Seal,Seal,4.0,steamspy,464.0,False
Survival,416680,Zombie Night Terror,"Action, Horror, Indie, Platformer, Puzzle, Strategy, Survival",,,,NoClip,Good Shepherd Entertainment,12.0,steamspy,456.0,False
Survival,340810,Deepworld,"Action, Adventure, Casual, Indie, Massively Multiplayer, RPG, Survival",,,,Bytebin,Bytebin,0.0,steamspy,419.0,False
Survival,2477950,Nodes Escape,"Adventure, Indie, Puzzle, Survival",,,,"夜喵, Allen",夜喵,3.0,steamspy,411.0,False
Survival,2631250,Slitterhead,"Action, Adventure, Horror, Survival",,,,Bokeh Game Studio lnc.,Bokeh Game Studio lnc.,7.0,steamspy,360.0,False
Survival,2124780,Endoparasitic,"Action, Adventure, Horror, Puzzle, Shooter, Survival",,,,Deep Root Interactive,Deep Root Interactive,0.0,steamspy,346.0,False
Survival,782570,Endless Road: Reborn,"Adventure, Card & Board, Casual, Indie, JRPG, RPG, Strategy, Survival",,,,Pig Candle Games,"Sula Box Games, Pig Candle Games",0.0,steamspy,340.0,False
Survival,1269300,This Means Warp,"Action, Strategy, Survival",,,,Outlier,Jagex Ltd,2.0,steamspy,308.0,False
Survival,396890,Gridworld,"Simulation, Survival",,,,DopplerFrog,DopplerFrog,3.0,steamspy,304.0,False
Survival,1823390,Escape The Mad Empire,"RPG, Strategy, Survival",,,,XperimentalZ Games,Paradox Arc,7.0,steamspy,300.0,False
Survival,1433340,Happy's Humble Burger Farm,"Action, Adventure, Horror, Survival",,,,Scythe Dev Team,tinyBuild,4.0,steamspy,295.0,False
Survival,2715370,Ancient Cultivatrix,"Action, Indie, RPG, Strategy, Survival, Tower Defense",,,,五条虾仁(5 shrimps),五条虾仁(5 shrimps),0.0,steamspy,283.0,False
Survival,1905020,Greyhill Incident,"Action, Adventure, Horror, Indie, Survival",,,,Refugium Games,Refugium Games,1.0,steamspy,273.0,False
Survival,646500,Egypt: Old Kingdom,"4X, City Builder, Indie, Simulation, Strategy, Survival",,,,Clarus Victoria,Clarus Victoria,2.0,steamspy,271.0,False
Survival,2788040,Another Try 2,"Action, Adventure, Survival",,,,Hoki Wolf Studio,Hoki Wolf Studio,3.0,steamspy,271.0,False
Survival,670260,Solace Crafting,"Adventure, Indie, RPG, Survival",,,,Big Kitty Games,Big Kitty Games,2.0,steamspy,270.0,False
Survival,2091500,Warlords Under Siege,"Action, Card & Board, City Builder, Roguelike, Simulation, Strategy, Survival",,,,RedKar Devs,"RedKar Devs, Hawthorn Games",3.0,steamspy,261.0,False
Survival,1025250,Shadow Corridor,"Action, Horror, Indie, Survival",,,,Space Onigiri Game LLC,Space Onigiri Game LLC,10.0,steamspy,248.0,False
Survival,1045720,The Coma 2: Vicious Sisters,"Action, Adventure, Horror, Indie, Survival, Visual Novel",,,,"Dvora Studio Co., Ltd.",Headup,0.0,steamspy,241.0,False
Survival,431180,WolfQuest: Classic,"Action, Adventure, RPG, Simulation, Survival",,,,eduweb,eduweb,2.0,steamspy,230.0,False
Survival,688060,Odd Realm,"City Builder, Indie, Simulation, Strategy, Survival",,,,Unknown Origin Games Inc,Unknown Origin Games Inc,9.0,steamspy,227.0,False
Survival,340340,Domestic Dog,"Casual, Simulation, Survival",,,,SD,SD,0.0,steamspy,225.0,False
Survival,1859860,Party Bots,"Action, Massively Multiplayer, Platformer, Puzzle, Survival",,,,Party Bot Studios,Party Bot Studios,2.0,steamspy,219.0,False
Survival,1430420,CBT With Yuuka Kazami,"Casual, Horror, Survival, Visual Novel",,,,Sigyaad Team,Sigyaad Team,4.0,steamspy,212.0,False
Survival,2373290,The Game of Annie 安妮的游戏,"Action, Indie, Shooter, Survival",,,,potentknight,potentknight,0.0,steamspy,195.0,False
Survival,3009850,Hard Time III,"Action, Adventure, Simulation, Survival",,,,MDickie,MDickie,10.0,steamspy,191.0,False
Survival,577690,Spooky's Jump Scare Mansion: HD Renovation,"Action, Adventure, Horror, Indie, Survival",,,,Albino Moose Games,Albino Moose Games,17.0,steamspy,173.0,False
Survival,1304090,Cannibal Crossing,"Action, Adventure, Indie, Roguelike, Shooter, Survival",,,,"Everplay Interactive, Blow and Try Again, Rocketcat Games",Rocketcat Games,2.0,steamspy,171.0,False
Survival,1462470,Vectorio - Early Access,"Casual, Puzzle, Strategy, Survival, Tower Defense",,,,Ben Nichols,BN Games,1.0,steamspy,158.0,False
Survival,2580020,THRESHOLD,"Adventure, Horror, Indie, Survival",,,,Julien Eveillé,CRITICAL REFLEX,4.0,steamspy,146.0,False
Survival,379210,Wayward,"Adventure, Indie, RPG, Roguelike, Simulation, Survival",,,,Unlok,Unlok,24.0,steamspy,140.0,False
Survival,2958970,The Thing: Remastered,"Action, Adventure, Horror, Shooter, Survival",,,,"Nightdive Studios, Computer Artworks",Nightdive Studios,13.0,steamspy,137.0,False
Survival,3390,Feeding Frenzy 2 Deluxe,"Action, Casual, Horror, Survival",,,,"PopCap Games, Inc.","PopCap Games, Inc., Electronic Arts",15.0,steamspy,129.0,False
Survival,1062960,Under the Sand REDUX - a road trip simulator,"Adventure, Indie, Racing, Simulation, Survival",,,,IndieMax,IndieMax,2.0,steamspy,128.0,False
Survival,3440120, Knights of the Crusades,"4X, Action, City Builder, Indie, Simulation, Strategy, Survival",,,,Reverie World Studios,indie.io,3.0,steamspy,124.0,False
Survival,1234430,Ad Infinitum,"Action, Adventure, Horror, Indie, Puzzle, Survival",,,,Hekate,Nacon,12.0,steamspy,119.0,False
Survival,2218970,Plains of Pain,"Action, Massively Multiplayer, Shooter, Survival",,,,Cobra Byte Digital,Cobra Byte Digital,11.0,steamspy,119.0,False
Survival,430070,Never Again,"Adventure, Horror, Indie, Puzzle, Survival",,,,Primary Games,Primary Games,2.0,steamspy,118.0,False
Survival,696220,Folklore Hunter,"Action, Adventure, Horror, Shooter, Survival",,,,Liquid Donkey Games,Liquid Donkey Games,8.0,steamspy,107.0,False
Tower Defense,251570,7 Days to Die,"Action, Horror, Simulation, Strategy, Survival, Tower Defense",,,,The Fun Pimps,The Fun Pimps Entertainment LLC,18448.0,steamspy,124449.0,False
Tower Defense,960090,Bloons TD 6,"Action, Casual, Strategy, Survival, Tower Defense",,,,Ninja Kiwi,Ninja Kiwi,9097.0,steamspy,53891.0,False
Tower Defense,249050,Dungeon of the ENDLESS,"Adventure, Indie, RPG, Strategy, Survival, Tower Defense",,,,AMPLITUDE Studios,AMPLITUDE Studios,29.0,steamspy,34949.0,False
Tower Defense,780310,The Riftbreaker,"Action, Adventure, RPG, Simulation, Strategy, Survival, Tower Defense",,,,EXOR Studios,"EXOR Studios, Surefire.Games",734.0,steamspy,21506.0,False
Tower Defense,236110,Dungeon Defenders II,"Action, RPG, Strategy, Survival, Tower Defense",,,,Chromatic Games,Chromatic Games,263.0,steamspy,18744.0,False
Tower Defense,1566690,Outpost: Infinity Siege,"Action, Shooter, Strategy, Survival, Tower Defense",,,,Team Ranger,Lightning Games,65.0,steamspy,17128.0,False
Tower Defense,239220,The Mighty Quest For Epic Loot,"Action, Adventure, Massively Multiplayer, RPG, Strategy, Tower Defense",,,,Ubisoft Montreal,Ubisoft Montreal,2.0,steamspy,16467.0,False
Tower Defense,3590,Plants vs. Zombies GOTY Edition,"Adventure, Casual, Indie, Puzzle, Strategy, Survival, Tower Defense",,,,"PopCap Games, Inc.","PopCap Games, Inc., Electronic Arts",2919.0,steamspy,16225.0,False
Tower Defense,201790,Orcs Must Die! 2,"Action, Adventure, Indie, RPG, Shooter, Strategy, Tower Defense",,,,Robot Entertainment,Robot Entertainment,29.0,steamspy,15806.0,False
Tower Defense,210770,Sanctum 2,"Action, Indie, RPG, Shooter, Strategy, Survival, Tower Defense",,,,Coffee Stain Studios,Coffee Stain Publishing,13.0,steamspy,13560.0,False
Tower Defense,65800,Dungeon Defenders,"Action, RPG, Strategy, Survival, Tower Defense",,,,Chromatic Games,Chromatic Games,339.0,steamspy,12467.0,False
Tower Defense,1035510,Ultimate Zombie Defense,"Action, Adventure, Casual, Horror, Shooter, Strategy, Survival, Tower Defense",,,,Terror Dog Studio,Terror Dog Studio,60.0,steamspy,11800.0,False
Tower Defense,489520,Minion Masters,"Card & Board, RPG, Strategy, Tower Defense",,,,BetaDwarf,BetaDwarf,216.0,steamspy,10160.0,False
Tower Defense,2647230,HoloParade,"Indie, Strategy, Tower Defense",,,,Roboqlo,holo Indie,7.0,steamspy,10106.0,False
Tower Defense,562730,MechDefender - Tower Defense,"Action, Card & Board, Casual, Puzzle, Simulation, Strategy, Survival, Tower Defense",,,,"Atomic Fabrik, Cristian Manolachi",Conglomerate 5,0.0,steamspy,9786.0,False
Tower Defense,1202130,Starship Troopers: Terran Command,"Action, Simulation, Strategy, Tower Defense",,,,The Artistocrats,Slitherine Ltd.,227.0,steamspy,8089.0,False
Tower Defense,2453360,Cluckmech Oasis,"Action, Platformer, Shooter, Strategy, Survival, Tower Defense",,,,BlackLight,"Mammorize, Flawless Gaming, Erabit",52.0,steamspy,7559.0,False
Tower Defense,385770,Time Clickers,"Action, Adventure, Casual, Indie, RPG, Shooter, Simulation, Strategy, Tower Defense",,,,Proton Studio Inc,,122.0,steamspy,6968.0,False
Tower Defense,1105670,The Last Spell,"RPG, Strategy, Tower Defense",,,,Ishtar Games,"Nacon, The Arcade Crew, Gamera Games, DANGEN Entertainment",211.0,steamspy,6723.0,False
Tower Defense,1637320,Dome Keeper,"Action, Adventure, Tower Defense",,,,Bippinbits,Raw Fury,297.0,steamspy,6487.0,False
Tower Defense,469600,Legion TD 2 - Multiplayer Tower Defense,"Strategy, Survival, Tower Defense",,,,AutoAttack Games,AutoAttack Games,756.0,steamspy,5751.0,False
Tower Defense,543900,METAL GEAR SURVIVE,"Action, Adventure, Horror, Strategy, Survival, Tower Defense",,,,KONAMI,KONAMI,7.0,steamspy,5511.0,False
Tower Defense,3226530,Tower Dominion,"Strategy, Tower Defense",,,,Parallel 45 Games,Parallel 45 Games,554.0,steamspy,5486.0,False
Tower Defense,2273980,Orcs Must Die! Deathtrap,"Action, Indie, Roguelike, Shooter, Strategy, Tower Defense",,,,Robot Entertainment,Robot Entertainment,201.0,steamspy,4894.0,False
Tower Defense,1197260,The Perfect Tower II,"Action, Indie, Strategy, Tower Defense",,,,Fire Sword Studios,Fire Sword Studios,378.0,steamspy,4891.0,False
Tower Defense,2187290,Wall World,"Action, Adventure, Strategy, Tower Defense",,,,Alawar,Alawar,88.0,steamspy,4566.0,False
Tower Defense,1377380,Night of the Dead,"Horror, RPG, Simulation, Survival, Tower Defense",,,,Jackto Studios,Jackto Studios,203.0,steamspy,4406.0,False
Tower Defense,1843760,Rogue Tower,"Casual, Indie, Strategy, Tower Defense",,,,Die of Death Games,Die of Death Games,114.0,steamspy,4276.0,False
Tower Defense,1367550,Kingdom Rush Vengeance - Tower Defense,"Action, Adventure, Card & Board, RPG, Strategy, Tower Defense",,,,Ironhide Game Studio,Ironhide Game Studio,122.0,steamspy,4085.0,False
Tower Defense,1262240,Plants vs. Zombies: Battle for Neighborville,"Action, Casual, Shooter, Strategy, Tower Defense",,,,PopCap,Electronic Arts,73.0,steamspy,3966.0,False
Tower Defense,848480,Creeper World 4,"Action, Simulation, Strategy, Tower Defense",,,,Knuckle Cracker,Knuckle Cracker,165.0,steamspy,3779.0,False
Tower Defense,496300,Kingdom: New Lands,"Adventure, Simulation, Strategy, Survival, Tower Defense",,,,Noio,Raw Fury,58.0,steamspy,3495.0,False
Tower Defense,503770,Elven Assassin,"Action, Adventure, Indie, Simulation, Tower Defense",,,,Wenkly Studio Sp. z o.o.,Wenkly Studio Sp. z o.o.,2.0,steamspy,3489.0,False
Tower Defense,280220,Creeper World 3: Arc Eternal,"Casual, Indie, Simulation, Strategy, Survival, Tower Defense",,,,Knuckle Cracker,Knuckle Cracker,152.0,steamspy,3265.0,False
Tower Defense,248390,Craft The World,"Adventure, City Builder, Indie, RPG, Simulation, Strategy, Survival, Tower Defense",,,,Dekovir Entertainment,Dekovir Ltd,213.0,steamspy,3243.0,False
Tower Defense,537200,Defense Of Greece TD,"Casual, Indie, Strategy, Tower Defense",,,,First Games Interactive,First Games Interactive,0.0,steamspy,2981.0,False
Tower Defense,2346410,Border Pioneer,"Action, Card & Board, City Builder, Strategy, Tower Defense",,,,Yahzj Games,"Yogscast Games, Gamersky Games",71.0,steamspy,2750.0,False
Tower Defense,2389040,ShapeHero Factory,"Puzzle, Simulation, Strategy, Tower Defense",,,,"Asobism.Co., Ltd","Asobism.Co., Ltd",86.0,steamspy,2683.0,False
Tower Defense,357780,Defend Your Life: TD,"Casual, Indie, Puzzle, Strategy, Survival, Tower Defense",,,,Alda Games,Alda Games,0.0,steamspy,2587.0,False
Tower Defense,444640,Bloons TD Battles,"Action, Adventure, Casual, Indie, Massively Multiplayer, Strategy, Tower Defense",,,,Ninja Kiwi,Ninja Kiwi,182.0,steamspy,2577.0,False
Tower Defense,2821800,Drill Core,"Action, City Builder, Strategy, Tower Defense",,,,Hungry Couch Games,tinyBuild,135.0,steamspy,2523.0,False
Tower Defense,1197570,Until We Die,"Action, Adventure, Simulation, Strategy, Survival, Tower Defense",,,,Pixeye Games,Pixeye Games,2.0,steamspy,2318.0,False
Tower Defense,343930,Fort Defense,"Adventure, Casual, Indie, RPG, Shooter, Strategy, Tower Defense, Visual Novel",,,,Creobit,8Floor,3.0,steamspy,2193.0,False
Tower Defense,937310,Infinitode 2 - Infinite Tower Defense,"Casual, Strategy, Tower Defense",,,,Prineside,Prineside,182.0,steamspy,2184.0,False
Tower Defense,2277320,Necrosmith 2,"Action, Simulation, Strategy, Tower Defense",,,,Alawar,Alawar,3.0,steamspy,2159.0,False
Tower Defense,371460,Gnumz: Masters of Defense,"Action, Adventure, Casual, RPG, Simulation, Sports, Strategy, Tower Defense, Visual Novel",,,,Creobit,8Floor,0.0,steamspy,2056.0,False
Tower Defense,1106530,GemCraft - Frostborn Wrath,"Action, Indie, Strategy, Tower Defense",,,,Game in a Bottle,Game in a Bottle,73.0,steamspy,2044.0,False
Tower Defense,2411910,miniBONG,"Casual, RPG, Shooter, Simulation, Strategy, Tower Defense",,,,Game Star,Game Star,53.0,steamspy,2016.0,False
Tower Defense,816340,Kingdom Rush Origins - Tower Defense,"Action, Adventure, Casual, Indie, RPG, Strategy, Tower Defense",,,,Ironhide Game Studio,Ironhide Game Studio,93.0,steamspy,2000.0,False
Tower Defense,246420,Kingdom Rush  - Tower Defense,"Action, Adventure, Casual, Indie, RPG, Strategy, Tower Defense",,,,Ironhide Game Studio,Ironhide Game Studio,132.0,steamspy,1950.0,False
Tower Defense,294750,Anomaly Defenders,"Action, Indie, Strategy, Tower Defense",,,,11 bit studios,11 bit studios,1.0,steamspy,1848.0,False
Tower Defense,91200,Anomaly: Warzone Earth,"Action, Indie, Strategy, Tower Defense",,,,11 bit studios,11 bit studios,0.0,steamspy,1793.0,False
Tower Defense,688420,Bad North: Jotunn Edition,"Action, Fighting, Roguelike, Simulation, Strategy, Survival, Tower Defense",,,,"Plausible Concept, Oskar Stålberg",Raw Fury,64.0,steamspy,1770.0,False
Tower Defense,2224640,Artisan TD,"Indie, Puzzle, Strategy, Tower Defense",,,,4rtisans,Unexpected,11.0,steamspy,1701.0,False
Tower Defense,294020,Merchants of Kaidan,"Adventure, Casual, Indie, RPG, Simulation, Strategy, Tower Defense",,,,Forever Entertainment S. A.,Forever Entertainment S. A.,0.0,steamspy,1694.0,False
Tower Defense,18500,Defense Grid: The Awakening,"Action, Adventure, Indie, Strategy, Tower Defense",,,,Hidden Path Entertainment,Hidden Path Entertainment,54.0,steamspy,1674.0,False
Tower Defense,450850,Cube Land Arena,"Action, Adventure, Casual, Indie, Strategy, Survival, Tower Defense",,,,"Jaison Robson Gusava, SC Jogos",SC Jogos,2.0,steamspy,1634.0,False
Tower Defense,306020,Bloons TD 5,"Action, Casual, Indie, Strategy, Survival, Tower Defense",,,,Ninja Kiwi,Ninja Kiwi,125.0,steamspy,1630.0,False
Tower Defense,523660,HYPERCHARGE: Unboxed,"Action, Adventure, Shooter, Tower Defense",,,,Digital Cybercherries,Digital Cybercherries,4.0,steamspy,1625.0,False
Tower Defense,2562730,Samawa Idle,"Action, RPG, Strategy, Tower Defense",,,,Samharia Studios,Samharia Studios,26.0,steamspy,1620.0,False
Tower Defense,423550,Day D: Tower Rush,"Action, Adventure, Casual, Indie, Puzzle, RPG, Simulation, Sports, Strategy, Survival, Tower Defense, Visual Novel",,,,Creobit,8Floor,1.0,steamspy,1614.0,False
Tower Defense,618610,Endless Horde,"Action, Casual, Indie, Strategy, Survival, Tower Defense",,,,Ominous Entertainment,Ominous Entertainment,0.0,steamspy,1609.0,False
Tower Defense,296490,GemCraft - Chasing Shadows,"Action, Indie, Puzzle, Strategy, Tower Defense",,,,Game in a Bottle,Armor Games Studios,92.0,steamspy,1601.0,False
Tower Defense,227860,Castle Story,"Adventure, Casual, Indie, Simulation, Strategy, Survival, Tower Defense",,,,Sauropod Studio,Sauropod Studio,21.0,steamspy,1565.0,False
Tower Defense,1018830,Element TD 2 - Tower Defense,"Indie, Strategy, Tower Defense",,,,Element Studios,Element Studios,41.0,steamspy,1490.0,False
Tower Defense,328080,Rise to Ruins,"City Builder, Indie, Simulation, Strategy, Survival, Tower Defense",,,,Raymond Doerr,SixtyGig Games,38.0,steamspy,1440.0,False
Tower Defense,345330,Eden Rising,"Action, Adventure, Indie, RPG, Strategy, Survival, Tower Defense",,,,"The Wall Productions Inc., Meridian4",The Wall Productions Inc.,3.0,steamspy,1372.0,False
Tower Defense,2459550,Emberward,"Indie, Strategy, Tower Defense",,,,Refic Games,Refic Games,132.0,steamspy,1348.0,False
Tower Defense,1868000,Resist the succubus—The end of the female Knight,"Adventure, Card & Board, RPG, Strategy, Tower Defense, Visual Novel",,,,BoRoBoRoGame,"OTAKU Plan, BoRoBoRoGame",1.0,steamspy,1256.0,False
Tower Defense,204530,Infested Planet,"Action, Indie, Strategy, Tower Defense",,,,Rocket Bear Games,Rocket Bear Games,8.0,steamspy,1252.0,False
Tower Defense,1724770,Castle Of Alchemists,"Action, Indie, RPG, Shooter, Strategy, Tower Defense",,,,Team Machiavelli,"Team Machiavelli, IndieArk",5.0,steamspy,1193.0,False
Tower Defense,1433420,Love n War: Hero by Chance,"Casual, RPG, Simulation, Strategy, Tower Defense, Visual Novel",,,,Reborn Entertainment,Reborn Entertainment,1.0,steamspy,1102.0,False
Tower Defense,1482910,Idle Monster TD,"Casual, Strategy, Tower Defense",,,,Swell Games LLC,Swell Games LLC,35.0,steamspy,1088.0,False
Tower Defense,1975520,Astronomics,"Action, Shooter, Simulation, Strategy, Tower Defense",,,,Numizmatic,Numizmatic,37.0,steamspy,1004.0,False
Tower Defense,243780,PixelJunk Monsters Ultimate,"Indie, Strategy, Tower Defense",,,,"Double Eleven, Q-Games Ltd.",Double Eleven,9.0,steamspy,955.0,False
Tower Defense,422900,Particle Fleet: Emergence,"Indie, Simulation, Strategy, Tower Defense",,,,Knuckle Cracker,Knuckle Cracker,33.0,steamspy,927.0,False
Tower Defense,541230,Alien Shooter TD,"Action, Horror, Indie, RPG, Shooter, Strategy, Survival, Tower Defense",,,,Sigma Team Inc.,Sigma Team Inc.,2.0,steamspy,925.0,False
Tower Defense,454870,Magic Quest,"Action, Casual, Indie, Strategy, Tower Defense",,,,Stereo7 Games,Stereo7 Games,0.0,steamspy,850.0,False
Tower Defense,315460,Dig or Die,"Action, Adventure, Indie, RPG, Strategy, Survival, Tower Defense",,,,Gaddy Games,Gaddy Games,5.0,steamspy,842.0,False
Tower Defense,371140,Aegis Defenders,"Action, Adventure, Indie, Platformer, RPG, Strategy, Tower Defense",,,,GUTS Department,Humble Games,3.0,steamspy,833.0,False
Tower Defense,319760,Oh My Gore!,"Indie, Strategy, Tower Defense",,,,bumblebee.,Daedalic Entertainment,1.0,steamspy,833.0,False
Tower Defense,1983970,Affogato,"Adventure, Indie, JRPG, RPG, Strategy, Tower Defense",,,,Befun Studio,Spiral Up Games,2.0,steamspy,827.0,False
Tower Defense,878380,Touhou Big Big Battle,"Action, Adventure, Casual, Indie, Massively Multiplayer, RPG, Simulation, Strategy, Tower Defense",,,,MyACG Studio,MyACG Studio,2.0,steamspy,787.0,False
Tower Defense,1709900,Tower Tactics: Liberation,"Card & Board, Indie, Roguelike, Strategy, Tower Defense",,,,asraworks,"asraworks, Team17",14.0,steamspy,784.0,False
Tower Defense,1713810,Lumencraft,"Action, Indie, RPG, Roguelike, Shooter, Strategy, Survival, Tower Defense",,,,2Dynamic Games,"Star Drifters, Surefire.Games",6.0,steamspy,774.0,False
Tower Defense,989690,Conan Unconquered,"City Builder, Indie, Simulation, Strategy, Survival, Tower Defense",,,,Petroglyph,Funcom,7.0,steamspy,755.0,False
Tower Defense,40950,Stronghold HD (2012),"City Builder, Simulation, Strategy, Tower Defense",,,,Firefly Studios,Firefly Studios,58.0,steamspy,749.0,False
Tower Defense,254200,FortressCraft Evolved!,"Adventure, Casual, Indie, RPG, Simulation, Strategy, Survival, Tower Defense",,,,ProjectorGames,Digital Tribe,19.0,steamspy,715.0,False
Tower Defense,355800,Space Run Galaxy,"Indie, Strategy, Tower Defense",,,,Passtech Games,Focus Entertainment,1.0,steamspy,712.0,False
Tower Defense,249330,Unholy Heights,"Casual, City Builder, Simulation, Strategy, Tower Defense",,,,Petit Depotto,PLAYISM,3.0,steamspy,706.0,False
Tower Defense,2186360,IDUN - Frontline Survival,"Action, Adventure, Simulation, Strategy, Survival, Tower Defense",,,,IDUN Interactive,Surefire.Games,11.0,steamspy,703.0,False
Tower Defense,115120,Iron Brigade,"Action, Shooter, Strategy, Tower Defense",,,,Double Fine Productions,Double Fine Productions,4.0,steamspy,702.0,False
Tower Defense,449710,REDCON,"Indie, Simulation, Strategy, Tower Defense",,,,Hexage,Hexage,4.0,steamspy,667.0,False
Tower Defense,215710, Fieldrunners 2,"Action, Casual, Indie, Strategy, Tower Defense",,,,Subatomic Studios LLC,Subatomic Studios LLC,7.0,steamspy,646.0,False
Tower Defense,2118250,Kitchen Crisis,"Casual, Indie, Tower Defense",,,,Team Samoyed,Team Samoyed,1.0,steamspy,635.0,False
Tower Defense,2427570,Block Tower TD,"City Builder, Strategy, Survival, Tower Defense",,,,"MyDreamForever, Tazdraperm",MyDreamForever,1.0,steamspy,631.0,False
Tower Defense,538920,Fiery Disaster,"Action, Casual, Indie, Puzzle, Strategy, Survival, Tower Defense",,,,Vogelfänger,Vogelfänger,0.0,steamspy,618.0,False
Tower Defense,1946970,Isle of Arrows,"Card & Board, Casual, City Builder, Puzzle, Strategy, Tower Defense",,,,Gridpop,Gridpop,27.0,steamspy,581.0,False
Tower Defense,2296550,Axon TD: Uprising - Tower Defense,"Indie, Strategy, Tower Defense",,,,Element Studios,Element Studios,24.0,steamspy,563.0,False
Tower Defense,270010,Time Rifters,"Action, Casual, Indie, Puzzle, Shooter, Strategy, Tower Defense",,,,Proton Studio Inc,,2.0,steamspy,495.0,False
Tower Defense,227220,Sang-Froid - Tales of Werewolves,"Action, Adventure, Indie, RPG, Strategy, Tower Defense",,,,Artifice Studio,Artifice Studio,3.0,steamspy,493.0,False
Tower Defense,2287970,Dungeon's Legion,"Adventure, Casual, Indie, JRPG, RPG, Tower Defense",,,,LunaSoft,Kagura Games,3.0,steamspy,488.0,False
Tower Defense,1671350,Touhou Monster TD ~ 幻想乡妖怪塔防,"Action, Casual, RPG, Strategy, Tower Defense",,,,MyACG Studio,MyACG Studio,5.0,steamspy,435.0,False
Tower Defense,3133060,Gnomes,"City Builder, Strategy, Survival, Tower Defense",,,,DYSTOPIAN,"DYSTOPIAN, Gamersky Games",17.0,steamspy,435.0,False
Tower Defense,3054090,Idle Tower Defense,"Casual, Indie, Strategy, Tower Defense",,,,ZNZ Games,ZNZ Games,9.0,steamspy,430.0,False
Tower Defense,2617400,Minimalist Tower Defense,"Casual, Indie, Strategy, Survival, Tower Defense",,,,Happy213,Happy213,34.0,steamspy,427.0,False
Tower Defense,1504250,Paper Planet,"Action, Roguelike, Shooter, Tower Defense",,,,Doodlegames,2 Left Thumbs,4.0,steamspy,425.0,False
Tower Defense,1932260,No Creeps Were Harmed TD,"Action, Strategy, Survival, Tower Defense",,,,MinMax Games Ltd.,MinMax Games Ltd.,5.0,steamspy,410.0,False
Tower Defense,1620290,Zombie Cure Lab,"City Builder, Simulation, Strategy, Survival, Tower Defense",,,,Thera Bytes GmbH,Aerosoft GmbH,3.0,steamspy,402.0,False
Tower Defense,3179730,Deck of Haunts,"Card & Board, City Builder, Horror, Simulation, Strategy, Tower Defense",,,,Mantis,"DANGEN Entertainment, Game Source Entertainment",60.0,steamspy,380.0,False
Tower Defense,1487680,Broken Universe - Tower Defense,"Casual, Indie, Simulation, Strategy, Survival, Tower Defense",,,,Jinthree Studio,Jinthree Studio,1.0,steamspy,377.0,False
Tower Defense,622460,Steampunk Tower 2,"Action, Indie, Strategy, Tower Defense",,,,DreamGate,DreamGate,2.0,steamspy,362.0,False
Tower Defense,3359200,All Aboard! The Train Defense Express,"Casual, Strategy, Survival, Tower Defense",,,,Likadev,Likadev,23.0,steamspy,362.0,False
Tower Defense,880580,YORG.io,"Casual, Indie, Strategy, Tower Defense",,,,Tobias Springer,tobspr Games,8.0,steamspy,344.0,False
Tower Defense,562500,Warstone TD,"Casual, Indie, Strategy, Tower Defense",,,,Battlecruiser Games,Battlecruiser Games,9.0,steamspy,337.0,False
Tower Defense,2827810,Ark of Charon,"Simulation, Strategy, Survival, Tower Defense",,,,"Angoo Inc., SUNSOFT",SUNSOFT,7.0,steamspy,335.0,False
Tower Defense,1067600,The Defender: Farm and Castle,"Action, Indie, Shooter, Strategy, Tower Defense",,,,Kobsoft Kitti,Kobsoft Kitti,1.0,steamspy,335.0,False
Tower Defense,2223590,2112TD: Tower Defense Survival,"Action, Strategy, Survival, Tower Defense",,,,Refinery Games,Refinery Games,3.0,steamspy,332.0,False
Tower Defense,2726870,Loopstructor,"Casual, Indie, Roguelike, Strategy, Survival, Tower Defense",,,,Pone Games,Pone Games,2.0,steamspy,327.0,False
Tower Defense,429540,Prime World: Defenders 2,"Card & Board, Massively Multiplayer, Strategy, Survival, Tower Defense",,,,Nival,Nival,13.0,steamspy,305.0,False
Tower Defense,676500,Time Warpers,"Action, Adventure, Casual, Indie, RPG, Simulation, Strategy, Tower Defense",,,,Proton Studio Inc,Proton Studio Inc,16.0,steamspy,276.0,False
Tower Defense,3427090,Refence,"Casual, Indie, Strategy, Tower Defense",,,,Muurou Tech,Muurou Tech,15.0,steamspy,267.0,False
Tower Defense,979060,Bloons Adventure Time TD,"Action, Adventure, Casual, Strategy, Tower Defense",,,,Ninja Kiwi,Ninja Kiwi,71.0,steamspy,265.0,False
Tower Defense,3125890,Mineral Defense,"Card & Board, Casual, Strategy, Tower Defense",,,,Corestone Games,Corestone Games,6.0,steamspy,261.0,False
Tower Defense,1945990,Minion Raid: Epic Monsters,"Action, Casual, Platformer, Simulation, Strategy, Tower Defense",,,,NeoBird,upjers GmbH,0.0,steamspy,250.0,False
Tower Defense,2330870,CD 2: Trap Master,"Adventure, Card & Board, Casual, Indie, Strategy, Tower Defense",,,,ACE ENTERTAINMENT,"ACE ENTERTAINMENT, Erabit",1.0,steamspy,244.0,False
Tower Defense,2086680,Castle Craft,"Action, City Builder, RPG, Simulation, Strategy, Survival, Tower Defense",,,,Twin Earth,Astra Logical,5.0,steamspy,234.0,False
Tower Defense,644640,Band of Defenders,"Action, Shooter, Strategy, Tower Defense",,,,Alda Games,Alda Games,0.0,steamspy,230.0,False
Tower Defense,457730,Mushroom Wars 2,"Action, Indie, Strategy, Tower Defense",,,,Zillion Whales,Azur Games,3.0,steamspy,229.0,False
Tower Defense,645790,Home Wars,"Action, Shooter, Strategy, Tower Defense",,,,Insane Dreamers,Insane Dreamers,3.0,steamspy,226.0,False
Tower Defense,35480,Dwarfs!?,"Indie, Platformer, Simulation, Strategy, Survival, Tower Defense",,,,Power of 2,Tripwire Interactive,4.0,steamspy,219.0,False
Tower Defense,1137320,Screeps: Arena,"Simulation, Sports, Strategy, Tower Defense",,,,"Screeps, LLC","Screeps, LLC",10.0,steamspy,206.0,False
Tower Defense,1535060,Incremental Epic Breakers,"Action, Platformer, Puzzle, Strategy, Tower Defense",,,,Hapiwaku,"Idle System, Inc.",4.0,steamspy,201.0,False
Tower Defense,2209680,Beach Invasion 1944,"Action, Casual, Shooter, Simulation, Tower Defense",,,,AIx2 Games,AIx2 Games,1.0,steamspy,194.0,False
Tower Defense,809540,Mechs V Kaijus - Tower Defense,"Action, Indie, Strategy, Tower Defense",,,,Doble Punch Games,Doble Punch Games,1.0,steamspy,183.0,False
Tower Defense,2745870,Warfare Legacy Collection,"Action, Casual, Strategy, Tower Defense",,,,Con Artist Games,Armor Games Studios,23.0,steamspy,181.0,False
Tower Defense,1269690,Attack on Toys,"Action, Shooter, Strategy, Survival, Tower Defense",,,,N7T-GAMES,N7T-GAMES,26.0,steamspy,175.0,False
Tower Defense,1252680,SENTRY,"Action, Shooter, Strategy, Survival, Tower Defense",,,,Fireblade Software,Fireblade Software,5.0,steamspy,175.0,False
Tower Defense,412520,Evil Defenders,"Casual, Indie, Strategy, Tower Defense",,,,CP Decision,CP Decision,0.0,steamspy,171.0,False
Tower Defense,205530,Gratuitous Tank Battles,"Indie, Simulation, Strategy, Tower Defense",,,,Positech Games,Positech Games,1.0,steamspy,170.0,False
Tower Defense,422910,Creeper World: Anniversary Edition,"Indie, Simulation, Strategy, Tower Defense",,,,Knuckle Cracker,Knuckle Cracker,28.0,steamspy,168.0,False
Tower Defense,2050510,Oriental Dynasty - Silk Road defense war,"Adventure, Casual, Indie, Platformer, Simulation, Strategy, Tower Defense",,,,星环游戏,星环游戏,1.0,steamspy,166.0,False
Tower Defense,3066310,Final Outpost: Definitive Edition,"Action, City Builder, Simulation, Strategy, Survival, Tower Defense",,,,Exabyte Games,Exabyte Games,9.0,steamspy,156.0,False
Tower Defense,345090,Ancient Planet Tower Defense,"Casual, Indie, Strategy, Tower Defense",,,,Moonlight Mouse,Moonlight Mouse,0.0,steamspy,155.0,False
Tower Defense,2849680,Utopia Must Fall,"Action, Shooter, Tower Defense",,,,Pixeljam,Pixeljam,15.0,steamspy,144.0,False
Tower Defense,2310160,Operation: Polygon Storm,"Action, Simulation, Strategy, Tower Defense",,,,Toxic Studio,"Toxic Studio, Untold Tales",3.0,steamspy,143.0,False
Tower Defense,1476360,Hang up Street,"Casual, City Builder, RPG, Tower Defense",,,,FoxGame,FoxGame,2.0,steamspy,130.0,False
Tower Defense,2655590,Kingdom's Deck,"Card & Board, City Builder, RPG, Roguelike, Simulation, Strategy, Survival, Tower Defense",,,,Ivan Aco,"Rogue Duck Interactive, Gamersky Games",3.0,steamspy,119.0,False
Tower Defense,643960,Cursed Treasure 2,"Indie, Strategy, Tower Defense",,,,IriySoft,Armor Games Studios,10.0,steamspy,119.0,False
Tower Defense,378260,Fortify,"Action, Indie, Strategy, Tower Defense",,,,Holgersson Entertainment,Holgersson Entertainment,0.0,steamspy,104.0,False
Visual Novel,1669980,Volcano Princess,"Indie, JRPG, RPG, Simulation, Strategy, Visual Novel",,,,养蛋人 Egg Hatcher,养蛋人 Egg Hatcher,282.0,steamspy,30515.0,False
Visual Novel,626690,Sword Art Online: Fatal Bullet,"Action, JRPG, Massively Multiplayer, RPG, Shooter, Visual Novel",,,,DIMPS,BANDAI NAMCO Entertainment,50.0,steamspy,21727.0,False
Visual Novel,2786680,"Knowledge, or know Lady","Adventure, RPG, Simulation, Visual Novel",,,,蒸汽满满工作室,蒸汽满满工作室,44.0,steamspy,14963.0,False
Visual Novel,1449690,The Walking Dead: The Telltale Definitive Series,"Adventure, Horror, Visual Novel",,,,Skybound Games,Skybound Games,2573.0,steamspy,7754.0,False
Visual Novel,1880330,Sanfu,"Adventure, Horror, Platformer, Puzzle, RPG, Visual Novel",,,,Shiying Studio,Gamirror Games,6.0,steamspy,7558.0,False
Visual Novel,2593370,The Hungry Lamb: Traveling in the Late Ming Dynasty,"Adventure, Casual, Horror, RPG, Visual Novel",,,,零创游戏(ZerocreationGame),"零创游戏(ZerocreationGame), 2P Games",84.0,steamspy,4925.0,False
Visual Novel,567640,Danganronpa V3: Killing Harmony,"Adventure, Horror, Puzzle, Visual Novel",,,,"Spike Chunsoft Co., Ltd.","Spike Chunsoft Co., Ltd.",172.0,steamspy,4667.0,False
Visual Novel,459820,Crush Crush,"Casual, Indie, Visual Novel",,,,Sad Panda Studios,Sad Panda Studios,996.0,steamspy,4508.0,False
Visual Novel,2401970,Ace Attorney Investigations Collection,"Adventure, Puzzle, Visual Novel",,,,"CAPCOM Co., Ltd.","CAPCOM Co., Ltd.",119.0,steamspy,4419.0,False
Visual Novel,994730,Banner of the Maid,"Indie, JRPG, RPG, Strategy, Visual Novel",,,,Azure Flame Studio,2P Games,41.0,steamspy,3737.0,False
Visual Novel,1451940,NEEDY STREAMER OVERLOAD,"Adventure, Horror, Visual Novel",,,,"WSS playground, xemono","WSS playground, Alliance Arts",322.0,steamspy,3627.0,False
Visual Novel,412830,STEINS;GATE,"Adventure, Casual, Horror, Visual Novel",,,,MAGES. Inc.,"Spike Chunsoft Co., Ltd.",186.0,steamspy,3507.0,False
Visual Novel,973760,Thronebreaker: The Witcher Tales,"Adventure, Card & Board, Puzzle, RPG, Strategy, Visual Novel",,,,CD PROJEKT RED,CD PROJEKT RED,37.0,steamspy,3352.0,False
Visual Novel,1207650,Suzerain,"Adventure, RPG, Strategy, Visual Novel",,,,Torpor Games,Torpor Games,187.0,steamspy,3333.0,False
Visual Novel,2378900,The Coffin of Andy and Leyley,"Adventure, Horror, Puzzle, RPG, Visual Novel",,,,Kit9 Studio,Kit9 Studio,166.0,steamspy,3097.0,False
Visual Novel,821880,Idol Manager,"Indie, Simulation, Strategy, Visual Novel",,,,Glitch Pitch,PLAYISM,35.0,steamspy,2920.0,False
Visual Novel,2190220,Touhou Danmaku Kagura Phantasia Lost,"Action, Adventure, Casual, Indie, Visual Novel",,,,"Alliance Arts, UnknownX",Alliance Arts,38.0,steamspy,2805.0,False
Visual Novel,417860,Emily is Away,"Adventure, Casual, Indie, Simulation, Visual Novel",,,,Kyle Seeley,Kyle Seeley,13.0,steamspy,2747.0,False
Visual Novel,251990,Long Live The Queen,"Adventure, Indie, RPG, Simulation, Strategy, Visual Novel",,,,Hanako Games,Hanako Games,9.0,steamspy,2575.0,False
Visual Novel,2865490,恋爱单选题,"Adventure, Simulation, Visual Novel",,,,无忧传媒,"无忧传媒, 指间宇宙",9.0,steamspy,2469.0,False
Visual Novel,2826180,Chill Pulse,"Casual, Simulation, Visual Novel",,,,Catos Game,Catos Game,429.0,steamspy,2146.0,False
Visual Novel,498240,Batman - The Telltale Series,"Action, Adventure, Visual Novel",,,,Telltale,Telltale,128.0,steamspy,2115.0,False
Visual Novel,675260,Batman: The Enemy Within - The Telltale Series,"Action, Adventure, Visual Novel",,,,Telltale,Telltale,70.0,steamspy,2024.0,False
Visual Novel,331470,Everlasting Summer,"Adventure, Casual, Indie, Visual Novel",,,,Soviet Games,Soviet Games,115.0,steamspy,1907.0,False
Visual Novel,2073250,Rift of the NecroDancer,"Action, Indie, Visual Novel",,,,"Brace Yourself Games, Tic Toc Games",Klei Publishing,169.0,steamspy,1833.0,False
Visual Novel,2457540,Cardfight!! Vanguard Dear Days 2,"Card & Board, RPG, Strategy, Visual Novel",,,,"FURYU Corporation, LANCARSE Ltd.",Bushiroad Inc.,62.0,steamspy,1830.0,False
Visual Novel,743450,Monster Prom,"Indie, Simulation, Visual Novel",,,,Beautiful Glitch,"Xelu, Those Awesome Guys",36.0,steamspy,1510.0,False
Visual Novel,3433810,咸鱼殿下 / My journey,"Adventure, Indie, RPG, Visual Novel",,,,大聪明工作室,恭迎皇子驾到工作室,22.0,steamspy,1456.0,False
Visual Novel,648100,Raging Loop,"Adventure, Horror, Indie, Visual Novel",,,,KEMCO,KEMCO,93.0,steamspy,1270.0,False
Visual Novel,2097570,StarVaders,"Card & Board, Roguelike, Strategy, Visual Novel",,,,Pengonauts,"Joystick Ventures, Playworks",69.0,steamspy,1262.0,False
Visual Novel,1347430,Cute Honey,"Action, Adventure, Casual, Horror, Puzzle, Strategy, Visual Novel",,,,Lovely Games,"Lovely Games Hentai Club, Lovely Games",3.0,steamspy,1144.0,False
Visual Novel,1003520,Hentai Crush,"Adventure, Casual, Horror, Indie, Puzzle, RPG, Shooter, Simulation, Visual Novel",,,,Mature Games,Mature Games,0.0,steamspy,1107.0,False
Visual Novel,2396980,Fate/stay night REMASTERED,"Action, Adventure, Horror, Visual Novel",,,,"TYPE-MOON, fuzz Inc.",Aniplex Inc.,137.0,steamspy,1105.0,False
Visual Novel,1933650,The Imperial Gatekeeper,"Adventure, Indie, RPG, Visual Novel",,,,Tengsten,Kagura Games,10.0,steamspy,1060.0,False
Visual Novel,2113920,The Legend of Heroes: Kuro no Kiseki Ⅱ -CRIMSON SiN-	,"JRPG, RPG, Visual Novel",,,,Nihon Falcom,Clouded Leopard Entertainment,22.0,steamspy,1060.0,False
Visual Novel,313730,Sunrider: Mask of Arcadius,"Action, Indie, RPG, Strategy, Visual Novel",,,,Love in Space,Sekai Project,7.0,steamspy,1021.0,False
Visual Novel,2399220,NUKITASHI,"Adventure, Casual, Survival, Visual Novel",,,,Qruppo,Shiravune,33.0,steamspy,1007.0,False
Visual Novel,477740,Zero Escape: The Nonary Games,"Adventure, Horror, Puzzle, Visual Novel",,,,"Spike Chunsoft Co., Ltd.","Spike Chunsoft Co., Ltd.",95.0,steamspy,945.0,False
Visual Novel,524580,Fairy Fencer F Advent Dark Force,"Action, Adventure, JRPG, RPG, Visual Novel",,,,"IDEA FACTORY, COMPILE HEART",Idea Factory International,2.0,steamspy,944.0,False
Visual Novel,2011470,大侠请重来,"Casual, Indie, Strategy, Visual Novel",,,,熊窝dodox,"熊窝dodox, RuiXiao",1.0,steamspy,937.0,False
Visual Novel,1506980,Lay a Beauty to Rest: The Darkness Peach Blossom Spring,"Adventure, Casual, Indie, Visual Novel",,,,零创游戏(ZerocreationGame),零创游戏(ZerocreationGame),3.0,steamspy,887.0,False
Visual Novel,1920780,Stray Gods: The Roleplaying Musical,"Adventure, Visual Novel",,,,Summerfall Studios,Humble Games,17.0,steamspy,763.0,False
Visual Novel,1230140,ATRI -My Dear Moments-,"Adventure, Casual, Visual Novel",,,,"Frontwing, 枕",ANIPLEX.EXE,47.0,steamspy,738.0,False
Visual Novel,2142160,Turlock Holmes,"Adventure, Casual, Horror, Puzzle, Strategy, Visual Novel",,,,Find the Lamp Games,Neverland Entertainment,11.0,steamspy,690.0,False
Visual Novel,1340480,The Cosmic Wheel Sisterhood,"Adventure, Casual, Indie, Visual Novel",,,,Deconstructeam,Devolver Digital,24.0,steamspy,685.0,False
Visual Novel,1974520,Dusk Pub - Adult Only,"Adventure, Casual, Indie, RPG, Simulation, Visual Novel",,,,YellowDuckWorks,YellowDuckWorks,10.0,steamspy,679.0,False
Visual Novel,2734450,Folie Fatale,"Adventure, Horror, Indie, Simulation, Visual Novel",,,,Kanmidoko (神海処),346lab Localization,6.0,steamspy,670.0,False
Visual Novel,1662840,PARQUET,"Adventure, Casual, Visual Novel",,,,YUZUSOFTSOUR,"NekoNyan Ltd., HIKARI FIELD",1.0,steamspy,656.0,False
Visual Novel,368370,Her Story,"Adventure, Casual, Horror, Puzzle, Simulation, Visual Novel",,,,Sam Barlow,Sam Barlow,9.0,steamspy,648.0,False
Visual Novel,779640,妄想症：Deliver Me,"Adventure, Casual, Horror, Indie, Simulation, Visual Novel",,,,属音制作组,SakuraGame,5.0,steamspy,640.0,False
Visual Novel,833040,Hiveswap Friendsim,"Adventure, Casual, Horror, Indie, RPG, Simulation, Visual Novel",,,,"What Pumpkin Games, Inc.",Fellow Traveller,7.0,steamspy,634.0,False
Visual Novel,3173890,Half Billion: Love Choice,"Adventure, RPG, Simulation, Visual Novel",,,,"东阳开局互动影视有限公司, 上海哈昔互联网科技有限公司",坤舆科技,3.0,steamspy,633.0,False
Visual Novel,1574820,Until Then,"Adventure, Casual, Visual Novel",,,,Polychroma Games,Maximum Entertainment,98.0,steamspy,626.0,False
Visual Novel,581130,Metal Waltz: Anime tank girls,"Adventure, RPG, Simulation, Strategy, Visual Novel",,,,WuL Game Studio,WuL Game Studio,29.0,steamspy,601.0,False
Visual Novel,1155970,Roadwarden,"Adventure, Indie, RPG, Visual Novel",,,,Moral Anxiety Studio,Assemble Entertainment,20.0,steamspy,599.0,False
Visual Novel,1663220,Coffee Talk Episode 2: Hibiscus & Butterfly,"Adventure, Casual, Indie, Simulation, Visual Novel",,,,Toge Productions,Toge Productions,5.0,steamspy,592.0,False
Visual Novel,359390,Amnesia: Memories,"Adventure, Horror, Visual Novel",,,,"Idea Factory, Design Factory",Idea Factory International,33.0,steamspy,558.0,False
Visual Novel,648580,428: Shibuya Scramble,"Adventure, Visual Novel",,,,"Spike Chunsoft Co., Ltd., Abstraction Games","Spike Chunsoft Co., Ltd.",19.0,steamspy,555.0,False
Visual Novel,751440,VR Kanojo / VRカノジョ,"Adventure, Shooter, Simulation, Visual Novel",,,,ILLUSION,ILLUSION,1.0,steamspy,521.0,False
Visual Novel,333600,NEKOPARA Vol. 1,"Casual, Indie, Visual Novel",,,,NEKO WORKs,Sekai Project,34.0,steamspy,482.0,False
Visual Novel,2460980,Tide—1927—,"Action, Indie, Puzzle, RPG, Visual Novel",,,,咕咕制作组,咕咕制作组,1.0,steamspy,477.0,False
Visual Novel,429580,A Wild Catgirl Appears!,"Adventure, RPG, Visual Novel",,,,NewWestGames,NewWestGames,0.0,steamspy,469.0,False
Visual Novel,555950,Danganronpa Another Episode: Ultra Despair Girls,"Action, Adventure, Horror, Puzzle, Shooter, Survival, Visual Novel",,,,"Spike Chunsoft Co., Ltd.","Spike Chunsoft Co., Ltd.",32.0,steamspy,462.0,False
Visual Novel,2612700,S4U: CITYPUNK 2011 AND LOVE PUNCH,"Adventure, Casual, Indie, Simulation, Visual Novel",,,,U0U Games,GCORES PUBLISHING,2.0,steamspy,459.0,False
Visual Novel,1044620,Aokana - Four Rhythms Across the Blue,"Adventure, Casual, Sports, Visual Novel",,,,"sprite, NekoNyan Ltd.","NekoNyan Ltd., HIKARI FIELD",31.0,steamspy,447.0,False
Visual Novel,695330,SEASON: A letter to the future,"Adventure, Visual Novel",,,,Scavengers Studio,Scavengers Studio,1.0,steamspy,438.0,False
Visual Novel,2514640,All in Abyss: Judge the Fake,"Adventure, Card & Board, RPG, Visual Novel",,,,"ACQUIRE Corp., WSS playground",Alliance Arts,2.0,steamspy,432.0,False
Visual Novel,3068300,Katawa Shoujo,"Adventure, Casual, Simulation, Visual Novel",,,,Four Leaf Studios,Four Leaf Studios,61.0,steamspy,428.0,False
Visual Novel,2781750,Sisters: Last Day of Summer,"Adventure, Casual, Visual Novel",,,,Jellyfish,JAST,1.0,steamspy,412.0,False
Visual Novel,2185770,Aonatsu Line,"Adventure, Casual, Platformer, Visual Novel",,,,"GIGA, Entergram",HIKARI FIELD,3.0,steamspy,408.0,False
Visual Novel,264380,Narcissu 1st & 2nd,"Adventure, Casual, Indie, Visual Novel",,,,stage-nana,Sekai Project,21.0,steamspy,399.0,False
Visual Novel,324160,CLANNAD,"Adventure, Casual, Horror, Visual Novel",,,,VisualArts/Key,Sekai Project,49.0,steamspy,395.0,False
Visual Novel,642090,Coming Out on Top,"Casual, Horror, Indie, Simulation, Visual Novel",,,,Obscurasoft,Obscurasoft,4.0,steamspy,394.0,False
Visual Novel,1385730,Mosaique Neko Waifus 3,"Casual, Puzzle, RPG, Visual Novel",,,,Lil Hentai Games,Lil Hentai Games,0.0,steamspy,366.0,False
Visual Novel,1113680,Hentai Girl Division,"Action, Adventure, Casual, Horror, Indie, RPG, Simulation, Visual Novel",,,,Mature Games,Mature Games,1.0,steamspy,362.0,False
Visual Novel,2510810,突然＊恋人,"Adventure, Casual, Platformer, Shooter, Visual Novel",,,,SMEE,HIKARI FIELD,5.0,steamspy,361.0,False
Visual Novel,2812850,Love Chase,"Adventure, RPG, Visual Novel",,,,Topgame,Topgame,0.0,steamspy,352.0,False
Visual Novel,310360,Higurashi When They Cry Hou - Ch.1 Onikakushi,"Adventure, Casual, Indie, Visual Novel",,,,07th Expansion,MangaGamer,28.0,steamspy,350.0,False
Visual Novel,568770,Cinderella Phenomenon - Otome/Visual Novel,"Adventure, Casual, Indie, Simulation, Visual Novel",,,,Dicesuki,Dicesuki,15.0,steamspy,341.0,False
Visual Novel,712730,SIMULACRA,"Adventure, Horror, Puzzle, Simulation, Visual Novel",,,,Kaigan Games OÜ,"Kaigan Games OÜ, Neon Doctrine",11.0,steamspy,333.0,False
Visual Novel,1434480,Maitetsu:Last Run!!,"Adventure, Casual, Visual Novel",,,,Lose,HIKARI FIELD,35.0,steamspy,319.0,False
Visual Novel,880950,Maitetsu:Pure Station,"Adventure, Shooter, Simulation, Visual Novel",,,,Lose,HIKARI FIELD,13.0,steamspy,306.0,False
Visual Novel,589530,Hakuoki: Kyoto Winds,"Adventure, Visual Novel",,,,"Idea Factory, Design Factory",Idea Factory International,43.0,steamspy,300.0,False
Visual Novel,1604000,Milk outside a bag of milk outside a bag of milk,"Casual, Horror, Indie, Visual Novel",,,,Nikita Kryukov,Nikita Kryukov,20.0,steamspy,297.0,False
Visual Novel,1107790,The Complex,"Adventure, Horror, Indie, Visual Novel",,,,"Wales Interactive, Good Gate Media, Little Jade Productions",Wales Interactive,1.0,steamspy,294.0,False
Visual Novel,1642580,明星志願2000,"Casual, Platformer, Simulation, Visual Novel",,,,SOFTSTAR ENTERTAINMENT,SOFTSTAR ENTERTAINMENT,9.0,steamspy,288.0,False
Visual Novel,1205960,My Cute Fuhrer,"Adventure, Casual, Horror, Indie, Puzzle, Visual Novel",,,,CUTE ANIME GIRLS,Tranquility games,0.0,steamspy,281.0,False
Visual Novel,1427340,Witchy Life Story,"Casual, Simulation, Visual Novel",,,,Sundew Studios,Sundew Studios,3.0,steamspy,265.0,False
Visual Novel,1202540,Marco & The Galaxy Dragon,"Adventure, Casual, Simulation, Visual Novel",,,,TOKYOTOON,Shiravune,2.0,steamspy,264.0,False
Visual Novel,1956600,Yusetsu,"JRPG, Platformer, RPG, Visual Novel",,,,DSGame,DSGame,4.0,steamspy,260.0,False
Visual Novel,1249040,American Arcadia,"Adventure, Horror, Indie, Simulation, Visual Novel",,,,Out of the Blue Games,Raw Fury,6.0,steamspy,258.0,False
Visual Novel,1156990,Return to Shironagasu Island,"Adventure, Casual, Horror, Indie, Visual Novel",,,,HYOGO ONIMUSHI,TABINOMICHI,11.0,steamspy,256.0,False
Visual Novel,3027600,"Love, Elections, and Chocolate","Adventure, Casual, Visual Novel",,,,sprite,"NekoNyan Ltd., HIKARI FIELD",1.0,steamspy,248.0,False
Visual Novel,1812090,Escape Academy,"Adventure, Casual, Puzzle, Visual Novel",,,,Coin Crew Games,iam8bit Presents,14.0,steamspy,247.0,False
Visual Novel,2673490,Seifuku Kanojo,"Adventure, Casual, Platformer, Simulation, Visual Novel",,,,Entergram,HIKARI PULSE,3.0,steamspy,238.0,False
Visual Novel,339350,Choice of Robots,"Adventure, Indie, RPG, Visual Novel",,,,Choice of Games,Choice of Games,1.0,steamspy,236.0,False
Visual Novel,1574270,Sucker for Love: First Date,"Horror, RPG, Simulation, Visual Novel",,,,Akabaka,DreadXP,9.0,steamspy,235.0,False
Visual Novel,1879640,甜點王子2 典藏版,"Adventure, Casual, Indie, JRPG, RPG, Simulation, Strategy, Visual Novel",,,,EnjoyPlay Corp.,EnjoyPlay Corp.,5.0,steamspy,235.0,False
Visual Novel,340730,Sunrider Academy,"Casual, Indie, Simulation, Visual Novel",,,,Love in Space,Sekai Project,1.0,steamspy,231.0,False
Visual Novel,3304770,Exposed Livestream,"Adventure, RPG, Visual Novel",,,,Kumada Gaon,Saikey Studios,6.0,steamspy,226.0,False
Visual Novel,1057680,人间 The Lost We Lost,"Adventure, Casual, Indie, Simulation, Visual Novel",,,,白露社,PeriScope Game,1.0,steamspy,226.0,False
Visual Novel,1961950,CHAOS;HEAD NOAH,"Adventure, Horror, Visual Novel",,,,MAGES. Inc.,"Spike Chunsoft Co., Ltd.",31.0,steamspy,225.0,False
Visual Novel,1173010,Flowers Blooming at the End of Summer,"Casual, Indie, Visual Novel",,,,MidnightWorks,PsychoFlux Entertainment,3.0,steamspy,213.0,False
Visual Novel,512180,Nightshade／百花百狼,"Adventure, Visual Novel",,,,"Red Entertainment, LANTERN ROOMS",D3PUBLISHER,7.0,steamspy,210.0,False
Visual Novel,2203040,マーダーミステリーパラドクス このひと夏の十五年,"Adventure, Horror, Visual Novel",,,,213℉,Aniplex Inc.,4.0,steamspy,201.0,False
Visual Novel,802880,Muv-Luv,"Adventure, Casual, Horror, Visual Novel",,,,aNCHOR Inc.,aNCHOR Inc.,23.0,steamspy,200.0,False
Visual Novel,1509450,Elysium Above 履云录,"Adventure, JRPG, RPG, Strategy, Visual Novel",,,,上海泼泼猫文化传媒有限公司,上海泼泼猫文化传媒有限公司,0.0,steamspy,200.0,False
Visual Novel,352010,Beach Bounce,"Adventure, Casual, Indie, Visual Novel",,,,Dharker Studios,Dharker Studios,0.0,steamspy,193.0,False
Visual Novel,1065100,Golden Treasure: The Great Green,"Adventure, Indie, RPG, Simulation, Visual Novel",,,,Dreaming Door Studios,Dreaming Door Studios,3.0,steamspy,187.0,False
Visual Novel,1931940,Black Lily's Tale,"Adventure, Indie, Platformer, Visual Novel",,,,1000-REKA,"1000-REKA, mirai works",5.0,steamspy,185.0,False
Visual Novel,862440,Angel Wings,"Adventure, Casual, Simulation, Strategy, Visual Novel",,,,RumR Design,RumR Design,0.0,steamspy,185.0,False
Visual Novel,819030,STEINS;GATE ELITE,"Adventure, Horror, Visual Novel",,,,MAGES. Inc.,"Spike Chunsoft Co., Ltd.",9.0,steamspy,177.0,False
Visual Novel,2314820,Hira Hira Hihiru,"Adventure, Casual, Visual Novel",,,,BA-KU,ANIPLEX.EXE,2.0,steamspy,176.0,False
Visual Novel,1395030,Kathy Rain: Director's Cut,"Adventure, Puzzle, Visual Novel",,,,Clifftop Games,Raw Fury,11.0,steamspy,175.0,False
Visual Novel,1269640,Beacon Pines,"Action, Adventure, Casual, Horror, RPG, Visual Novel",,,,Hiding Spot,Fellow Traveller,15.0,steamspy,175.0,False
Visual Novel,635940,Little Busters! English Edition,"Adventure, Casual, Simulation, Sports, Visual Novel",,,,VisualArts/Key,VisualArts,20.0,steamspy,172.0,False
Visual Novel,2986260,Dreamlike Love with Seira,"Casual, Indie, Visual Novel",,,,るび様崇める会,JAST,2.0,steamspy,170.0,False
Visual Novel,1742930,Looking Up I See Only A Ceiling,"Adventure, Horror, Visual Novel",,,,silver978,IndieArk,28.0,steamspy,165.0,False
Visual Novel,447120,Where the Water Tastes Like Wine,"Adventure, Indie, RPG, Visual Novel",,,,"Dim Bulb Games, Serenity Forge",Good Shepherd Entertainment,1.0,steamspy,162.0,False
Visual Novel,381780,80 Days,"Adventure, Casual, Indie, Strategy, Visual Novel",,,,"inkle Ltd, Cape Guy Ltd",inkle Ltd,3.0,steamspy,161.0,False
Visual Novel,2432110,WHITE ALBUM: Memories like Falling Snow,"Adventure, Simulation, Visual Novel",,,,AQUAPLUS,"DMM GAMES, Shiravune",6.0,steamspy,158.0,False
Visual Novel,495480,Visual Novel Maker,"JRPG, RPG, Visual Novel",,,,KOMODO,KOMODO,12.0,steamspy,155.0,False
Visual Novel,766280,A Light in the Dark,"Casual, Indie, Visual Novel",,,,"CreSpirit, STORIA, Narrator",Sekai Project,0.0,steamspy,154.0,False
Visual Novel,2867510,Wishful Journey:Love Across Time,"RPG, Simulation, Visual Novel",,,,Hillhouse Holdings Limited,Hillhouse Holdings Limited,1.0,steamspy,151.0,False
Visual Novel,844980,I Am Your President,"Casual, City Builder, Indie, Strategy, Visual Novel",,,,President,President,2.0,steamspy,150.0,False
Visual Novel,850000,Noel the Mortal Fate Complete Edition,"Adventure, Casual, Horror, Indie, Puzzle, RPG, Visual Novel",,,,"KANAWO, Vaka Game Magazine",Vaka Game Magazine,9.0,steamspy,148.0,False
Visual Novel,857080,Escape from the Princess,"Adventure, Casual, Indie, Visual Novel",,,,Salamandra88,7DOTS,0.0,steamspy,146.0,False
Visual Novel,451760,Highway Blossoms,"Adventure, Casual, Indie, Visual Novel",,,,Studio Élan,"Studio Élan, Studio Elan",1.0,steamspy,142.0,False
Visual Novel,1111380,ROBOTICS;NOTES ELITE,"Adventure, Visual Novel",,,,MAGES. Inc.,"Spike Chunsoft Co., Ltd.",7.0,steamspy,137.0,False
Visual Novel,345370,TyranoBuilder Visual Novel Studio,Visual Novel,,,,STRIKEWORKS,STRIKEWORKS,34.0,steamspy,137.0,False
Visual Novel,658620,Wonderful Everyday Down the Rabbit-Hole,"Adventure, Casual, Horror, Visual Novel",,,,KeroQ,Frontwing USA,18.0,steamspy,137.0,False
Visual Novel,1102130,Florence,"Adventure, Casual, Indie, Visual Novel",,,,Mountains,Annapurna Interactive,6.0,steamspy,136.0,False
Visual Novel,542200,Animal Lover,"Casual, Indie, Simulation, Visual Novel",,,,Trainwreck Studios,Trainwreck Studios,0.0,steamspy,134.0,False
Visual Novel,293680,Cinders,"Adventure, Casual, Indie, RPG, Visual Novel",,,,MoaCube,MoaCube,0.0,steamspy,133.0,False
Visual Novel,2708210,Paradise,"Adventure, Casual, Horror, Survival, Visual Novel",,,,PIL/SLASH,"JAST BLUE, JAST",1.0,steamspy,130.0,False
Visual Novel,1278390,Succumate,"Adventure, Horror, Indie, JRPG, RPG, Visual Novel",,,,Dojin Otome,Kagura Games,2.0,steamspy,129.0,False
Visual Novel,2384920,Firefighter Connor,"Indie, RPG, Visual Novel",,,,XSSPACE,XSSPACE,0.0,steamspy,127.0,False
Visual Novel,2066360,Yumahorome ~Toki o Tometa Yakata de Asu o Sagasu Maigo-tachi~,"Adventure, Casual, Platformer, Visual Novel",,,,Lump of Sugar,HIKARI FIELD,2.0,steamspy,125.0,False
Visual Novel,1398740,The Chrono Jotter,"Adventure, Horror, Indie, Puzzle, Visual Novel",,,,Orca Layout,"2P Games, Orca Layout",3.0,steamspy,124.0,False
Visual Novel,2865220,Haunted House 2,"Adventure, Horror, Platformer, Puzzle, Visual Novel",,,,Genuine Studio,Genuine Studio,1.0,steamspy,124.0,False
Visual Novel,2903160,Midori no Kaori,"City Builder, Visual Novel",,,,TheLaba,TheLaba,8.0,steamspy,122.0,False
Visual Novel,408120,Cibele,"Indie, Visual Novel",,,,Star Maid Games,,0.0,steamspy,119.0,False
Visual Novel,1163600,Omega Labyrinth Life,"Action, Adventure, JRPG, RPG, Visual Novel",,,,Matrix,D3PUBLISHER,7.0,steamspy,118.0,False
Visual Novel,2307220,TSUNDERE MILFIN,"Casual, Indie, Puzzle, Visual Novel",,,,CUTE ANIME GIRLS,Tranquility games,7.0,steamspy,117.0,False
Visual Novel,2544760,Kuroinu 2 Redux,"Adventure, Horror, Visual Novel",,,,Liquid,Shiravune,0.0,steamspy,115.0,False
Visual Novel,2518900,Manny's,"Adventure, Casual, Horror, Survival, Visual Novel",,,,Bonemeal Productions,Bonemeal Productions,1.0,steamspy,113.0,False
Visual Novel,2267810,Locke(d),"Adventure, Casual, Horror, Visual Novel",,,,KigyoDev,KigyoDev,0.0,steamspy,108.0,False
Visual Novel,1424660,9-nine-:Episode 4,"Casual, Visual Novel",,,,PALETTE,Sekai Project,3.0,steamspy,108.0,False
Visual Novel,1575980,UsoNatsu ~The Summer Romance Bloomed From A Lie~,"Adventure, Casual, Visual Novel",,,,LYCORIS,Sekai Project,1.0,steamspy,103.0,False
Visual Novel,1768470,The Heroes Around Me,"Adventure, Indie, RPG, Visual Novel",,,,OKJOY,OKJOY,1.0,steamspy,102.0,False
