appid,name,publishers,Selected_Genre,game_revenue,publisher_revenue,distribution
232050,Eador. Masters of the Broken World,Snowbird Games,4X,$973.3k ($549.7k - $1.3m),$2m,
204880,Sins of a Solar Empire: Rebellion,Stardock Entertainment,4X,$10.5m ($5.9m - $15.1m),$62.4m,
289070,Sid Meier’s Civilization VI,2K,4X,$380.8m ($259.4m - $502.1m),$1.7b,
65980,Sid Meier's Civilization: Beyond Earth,2K,4X,$39.6m ($25.5m - $53.6m),$1.7b,
289130,ENDLESS Legend,AMPLITUDE Studios,4X,$28.3m ($16m - $40.6m),$86.3m,
1295660,Sid Meier's Civilization VII,2K,4X,$74.1m ($49.7m - $98.4m),$1.7b,
236850,Europa Universalis IV,Paradox Interactive,4X,$75.5m ($49.6m - $101.4m),$1.1b,
392110,ENDLESS Space 2,AMPLITUDE Studios,4X,$20m ($13.9m - $26m),$86.3m,
1669000,Age of Wonders 4,Paradox Interactive,4X,$41.9m ($24.6m - $59.3m),$1.1b,
885970,Total War: ROME REMASTERED,SEGA,4X,$13m ($8m - $18m),$1.6b,
208140,ENDLESS Space - Definitive Edition,AMPLITUDE Studios,4X,$3.4m ($1.6m - $5.2m),$86.3m,
244160,Homeworld Remastered Collection,Gearbox Publishing,4X,$18.4m ($12.9m - $24m),$259.6m,
1575940,Sins of a Solar Empire II,Stardock Entertainment,4X,$11.8m ($8.8m - $14.9m),$62.4m,
4700,Total War: MEDIEVAL II – Definitive Edition,SEGA,4X,$4.8m ($2.6m - $7.1m),$1.6b,
718850,Age of Wonders: Planetfall,Paradox Interactive,4X,$17.5m ($10.6m - $24.3m),$1.1b,
2328480,Ascension,Element  Game 微元游戏,4X,$1.1m ($753.1k - $1.6m),$1.1m,
1605220,Dune: Spice Wars,Funcom,4X,$11.4m ($7.8m - $15m),$197.9m,
463530,Empires of the Undergrowth,Hooded Horse,4X,$9.3m ($6.4m - $12.2m),$206.1m,
736820,Knights of Honor II: Sovereign,THQ Nordic,4X,$9.2m ($5.8m - $12.6m),$387m,
40400,AI War: Fleet Command,Arcen Games,4X,$364.9k ($164.9k - $564.8k),$2.2m,
32470,STAR WARS Empire at War - Gold Pack,Disney,4X,$12.9m ($7.9m - $17.8m),$129.5m,
1937780,Total War: PHARAOH,SEGA,4X,$6.2m ($4m - $8.4m),$1.6b,
1099410,A Total War Saga: TROY,SEGA,4X,$11.3m ($6m - $16.5m),$1.6b,
3910,Sid Meier's Civilization III Complete,2K,4X,$529.4k ($288.6k - $770.2k),$1.7b,
4760,Rome: Total War - Collection,SEGA,4X,ERROR,$1.6b,F2P
1656780,Hero's Hour,Goblinz Publishing,4X,$5m ($3.1m - $6.9m),$28.9m,
867210,Songs of Conquest,Coffee Stain Publishing,4X,$10.2m ($7.1m - $13.3m),$591.2m,
202200,Galactic Civilizations II: Ultimate Edition,Stardock Entertainment,4X,$742.6k ($148.5k - $1.3m),$62.4m,
365420,Apollo4x,Volens Nolens Games,4X,$4.7k ($2.3k - $7.1k),$658.5k,
252450,StarDrive 2,Iceberg Interactive,4X,$1.1m ($734.1k - $1.4m),$34.8m,
203630,Warlock - Master of the Arcane,Paradox Interactive,4X,$971.6k ($485.8k - $1.4m),$1.1b,
282210,Sid Meier's Starships,2K,4X,$1.8m ($1.1m - $2.4m),$1.7b,
1422440,Cataclismo,Hooded Horse,4X,$5m ($3.2m - $6.7m),$206.1m,
8800,Civilization IV: Beyond the Sword,2K,4X,$360.9k ($192.5k - $529.3k),$1.7b,
228260,Fallen Enchantress: Legendary Heroes,Stardock Entertainment,4X,$3.4m ($1.5m - $5.3m),$62.4m,
427940,Industries of Titan,Brace Yourself Games,4X,$1.8m ($1.1m - $2.5m),$16.9m,
544610,Battlestar Galactica Deadlock,Slitherine Ltd.,4X,$3.9m ($2.6m - $5.3m),$97.1m,
1191840,Legend Creatures(传奇生物),HideChara,4X,$766.9k ($505.2k - $1m),$767.2k,
2511500,Dominions 6 - Rise of the Pantokrator,Illwinter Game Design,4X,$1.6m ($1.2m - $2.1m),$6.5m,
201310,X3: Albion Prelude,Egosoft,4X,ERROR,$37.8m,DLC
887570,NEBULOUS: Fleet Command,Hooded Horse,4X,$2.4m ($1.4m - $3.3m),$206.1m,
1822550,Microcivilization,Ondrej Homola,4X,$1.3m ($878.8k - $1.7m),$1.3m,
3900,Sid Meier's Civilization IV,2K,4X,$505.7k ($270k - $741.3k),$1.7b,
261470,Distant Worlds: Universe,Slitherine Ltd.,4X,$3.5m ($2.5m - $4.5m),$97.1m,
2820,X3: Terran Conflict,Egosoft,4X,$1.4m ($723.8k - $2m),$37.8m,
1075190,A Game of Thrones: The Board Game - Digital Edition,Twin Sails Interactive,4X,$1.3m ($839.1k - $1.9m),$35.1m,
1481170,ZEPHON,Proxy Studios,4X,$1.4m ($1m - $1.9m),$1.4m,
1264280,Slipways,Beetlewing,4X,$659.3k ($465.2k - $853.3k),$659k,
1768280,Ozymandias: Bronze Age Empire Sim,Goblinz Publishing,4X,$795.5k ($436.8k - $1.1m),$28.9m,
205990,Warlock 2: The Exiled,Paradox Interactive,4X,$809.8k ($588.6k - $1m),$1.1b,
2001070,Heart of the Machine,Hooded Horse,4X,$754.1k ($525.2k - $983k),$206.1m,
42990,Sword of the Stars II: Enhanced Edition,Paradox Interactive,4X,$385k ($221.7k - $548.3k),$1.1b,
357310,Oriental Empires,Iceberg Interactive,4X,$2.7m ($1.9m - $3.4m),$34.8m,
265970,Worlds of Magic,Conglomerate 5,4X,$668.6k ($442.7k - $894.4k),$2.5m,
577230,Three Kingdoms The Last Warlord,LongYou Tech Ltd,4X,$1.2m ($812.7k - $1.6m),$1.2m,
755800,Hades' Star,Parallel Space Inc,4X,$542.2k ($271.5k - $812.8k),$542.9k,
201290,Sins of a Solar Empire: Trinity,Stardock Entertainment,4X,$548.2k ($170.9k - $925.5k),$62.4m,
659540,Warsim: The Realm of Aslona,Huw Millward,4X,$255.9k ($160k - $351.8k),$255.7k,
1623070,Master of Magic,Slitherine Ltd.,4X,$1.4m ($771.1k - $2.1m),$97.1m,
719640,War Planet Online: Global Conquest,Gameloft,4X,$7.2m ($4.1m - $10.3m),$64.5m,
1395760,Reshaping Mars,Yooreka Studio,4X,$220.1k ($158.4k - $281.8k),$3m,
1356810,Hexarchy,Yogscast Games,4X,$1.2m ($777.2k - $1.7m),$37.8m,
241000,Jon Shafer's At the Gates,Conifer Games,4X,$290k ($202.5k - $377.5k),$290k,
499660,Medieval Kingdom Wars,indie.io,4X,$2.2m ($1.5m - $2.9m),$36.8m,
259060,Dominions 4: Thrones of Ascension,Illwinter Game Design,4X,$939.6k ($418.1k - $1.4m),$6.5m,
874390,The Battle of Polytopia,Midjiwan AB,4X,$3.4m ($1.7m - $5m),$3.4m,
16810,Sid Meier's Civilization IV: Colonization,2K,4X,$1.8m ($1m - $2.6m),$1.7b,
464880,Stars in Shadow,Iceberg Interactive,4X,$366.6k ($237.2k - $496k),$34.8m,
1597310,Airship: Kingdoms Adrift,indie.io,4X,$706.3k ($522k - $890.5k),$36.8m,
651660,Halcyon 6: Starbase Commander (LIGHTSPEED EDITION),"Massive Damage, Inc.",4X,$245.8k ($143.6k - $348k),$1.9m,
294160,Galcon 2: Galactic Conquest,"Hassey Enterprises, Inc.",4X,$2.1k ($1.3k - $3k),$228.9k,
3990,Civilization IV: Warlords,2K,4X,$21.6k ($11.5k - $31.8k),$1.7b,
346810,Marble Age,Clarus Victoria,4X,$238.6k ($151.5k - $325.8k),$1.2m,
327400,Sid Meier's Colonization (Classic),Atari,4X,$92.9k ($52.2k - $133.7k),$37.6m,
2810,X3: Reunion,Egosoft,4X,$355k ($210.9k - $499.1k),$37.8m,
423890,Gods and Idols,Viking Tao,4X,ERROR,ERROR,F2P
287580,Pandora: First Contact,Slitherine Ltd.,4X,$696.7k ($478.8k - $914.6k),$97.1m,
410980,Master of Orion 2,Wargaming Labs,4X,$208.1k ($110k - $306.2k),$9.2m,
1145340,Rogue State Revolution,Modern Wolf,4X,$113.4k ($72.2k - $154.7k),$10.8m,
2204130,Sid Meier's Alpha Centauri Planetary Pack,Electronic Arts,4X,$52.8k ($34k - $71.7k),$4.4b,
646500,Egypt: Old Kingdom,Clarus Victoria,4X,$475k ($306.4k - $643.5k),$1.2m,
1245250,Thrive: Heavy Lies The Crown,PlaySide,4X,$367.1k ($248.2k - $486k),$8.6m,
1983990,Nexus 5X,Paradox Arc,4X,$293.4k ($186.3k - $400.4k),$16.2m,
1189100,Rise Of The White Sun - 白日升,Gaming at Work,4X,$346.9k ($171.2k - $522.6k),$444.6k,
1521070,The Pegasus Expedition,Fulqrum Publishing,4X,$136.1k ($89.4k - $182.9k),$51.6m,
1638300,Solargene,Alexander Semenov,4X,$241.4k ($143.1k - $339.6k),$241k,
975270,军团战棋Legion War,Bear & Cat Studio,4X,$241.5k ($161.4k - $321.6k),$241.5k,
403950,Conquest of Elysium 4,Illwinter Game Design,4X,$232.5k ($131.6k - $333.4k),$6.5m,
2147380,Heroes of Science and Fiction,Oxymoron Games,4X,$395k ($275.9k - $514.1k),$9.1m,
235660,Eador: Genesis,Snowbird Games,4X,$20.8k ($11.2k - $30.5k),$2m,
474020,Ragnorium,Devolver Digital,4X,$414.5k ($261k - $568.1k),$500.5m,
34460,Civilization IV: Beyond the Sword,2K,4X,ERROR,$1.7b,NOG
490370,Imperium Galactica II,THQ Nordic,4X,$101.1k ($59k - $143.3k),$387m,
1146370,Master of Magic Classic,Slitherine Ltd.,4X,$94.1k ($68.2k - $119.9k),$97.1m,
2275940,Rogue Hex,Topstitch Games,4X,$65k ($42.5k - $87.4k),$126.8k,
34440,Sid Meier's Civilization IV,2K,4X,ERROR,$1.7b,NOG
42890,Sword of the Stars: Complete Collection,Paradox Interactive,4X,$162.1k ($97.1k - $227.1k),$1.1b,
61520,Age of Wonders Shadow Magic,Paradox Interactive,4X,$112.5k ($69.9k - $155.2k),$1.1b,
1305310,Drox Operative 2,Soldak Entertainment,4X,$77.1k ($52.9k - $101.3k),$565.7k,
279140,Making History: The Great War,Factus Games,4X,$460.2k ($338.6k - $581.9k),$1.1m,
343710,Kholat,IMGN.PRO,Action,$2.3m ($1.2m - $3.5m),$3.6m,
238960,Path of Exile,Grinding Gear Games,Action,$209m ($130.7m - $287.2m),$344.1m,
550,Left 4 Dead 2,Valve,Action,$406.7m ($254.4m - $559m),$13.8b,
308600,Gene Shift Auto,Nik Nak Studios,Action,$11.8k ($4.9k - $18.7k),$11.9k,
881020,Granblue Fantasy: Relink,"Cygames, Inc.",Action,$69.6m ($47.4m - $91.7m),$209.2m,
2479810,Gray Zone Warfare,"MADFINGER Games, a.s.",Action,$36.8m ($23.4m - $50.3m),$36.8m,
883710,Resident Evil 2,"CAPCOM Co., Ltd.",Action,$121.7m ($81.3m - $162.1m),$1.8b,
1782210,Crab Game,Dani,Action,$7.6k ($3.4k - $11.8k),$7.6k,
391220,Rise of the Tomb Raider,Crystal Dynamics,Action,$116.7m ($77.5m - $155.9m),$244.2m,
2321470,Deep Rock Galactic: Survivor,Ghost Ship Publishing,Action,$16.3m ($11.5m - $21.1m),$18m,
851850,DRAGON BALL Z: KAKAROT,Bandai Namco Entertainment Inc.,Action,$50m ($34.3m - $65.6m),$236.4m,
780310,The Riftbreaker,EXOR Studios,Action,$19.2m ($12.4m - $25.9m),$19.8m,
1549970,Aliens: Fireteam Elite,Cold Iron Studios,Action,$15.9m ($10m - $21.8m),$15.9m,
2084940,Mysterious School,DuoDuoDog,Action,$61.7k ($29.2k - $94.1k),$63.1k,
1658280,Eiyuden Chronicle: Hundred Heroes,505 Games,Action,$4m ($2.8m - $5.3m),$292.7m,
636150,Cyberhunt,NukGames,Action,$79.2k ($48.3k - $110k),$298k,
1592190,BONELAB,Stress Level Zero,Action,$14.9m ($9.8m - $20.1m),$49.3m,
1556790,Isonzo,BlackMill Games,Action,$6.4m ($3.9m - $9m),$21.7m,
218680,Scribblenauts Unlimited,Warner Bros. Interactive Entertainment,Action,$3m ($1.4m - $4.5m),$446m,
42710,Call of Duty: Black Ops,Activision,Action,ERROR,$1.5b,NOG
859570,Secret Neighbor: Hello Neighbor Multiplayer,tinyBuild,Action,$8.6m ($5.9m - $11.3m),$178.4m,
410110,12 is Better Than 6,HypeTrain Digital,Action,$646.1k ($471.7k - $820.5k),$66.3m,
512410,69 Ways to Kill a Zombie,Conglomerate 5,Action,$4.3k ($2.1k - $6.5k),$2.5m,
2461850,Senua’s Saga: Hellblade II,Xbox Game Studios,Action,$4.7m ($3m - $6.4m),$1.8b,
1796470,Haste,Landfall,Action,$6.5m ($4.6m - $8.5m),$197.3m,
1090630,Granblue Fantasy: Versus,XSEED Games,Action,$14.7m ($8.4m - $21.1m),$125.4m,
341940,Hatred,Destructive Creations,Action,$5.3m ($3.8m - $6.8m),$11.9m,
3121110,Zort,Londer Software,Action,$2.6m ($1.6m - $3.5m),$2.6m,
233980,UnEpic,Unepic Games,Action,$4.4m ($2.8m - $6.1m),$5m,
385830,Burgers,storm_sharks,Action,$25.9k ($5.1k - $46.7k),$25.9k,
290930,Half-Life 2: Update,Filip Victor,Action,ERROR,ERROR,MOD
2064870,Deceit 2,World Makers,Action,$1.1m ($706.4k - $1.6m),$4m,
2521380,Legacy of Kain Soul Reaver 1&2 Remastered,Aspyr,Action,$3.1m ($2.1m - $4.1m),$17.9m,
240320,Panzar,OVALIS INVESTMENTS LIMITED,Action,ERROR,$811 ,F2P
2201940,Ship Graveyard Simulator 2,Games Incubator,Action,$3.2m ($2.1m - $4.4m),$11.9m,
204030,Fable - The Lost Chapters,Xbox Game Studios,Action,$4.7m ($3m - $6.5m),$1.8b,
250340,Blockland,Step 1 Games LLC,Action,$1.5m ($1m - $2m),$1.5m,
1701520,Afterimage,Maximum Entertainment,Action,$3.1m ($2.1m - $4.1m),$32.3m,
1259790,Puyo Puyo Tetris 2,SEGA,Action,$5.2m ($2.4m - $8m),$1.6b,
736590,Operation: Harsh Doorstop,Funbox Media Ltd,Action,$121.6k ($86.7k - $156.4k),$509.5k,
21970,R.U.S.E,Ubisoft,Action,ERROR,$2.4b,NOG
1980530,Kiwi Clicker - Juiced Up,tobspr Games,Action,$241.2k ($128k - $354.5k),$16.1m,
394690,Tower Unite,PixelTail Games,Action,$9.7m ($6.2m - $13.2m),$9.7m,
521980,Autumn Dream,GDNomaD,Action,$7k ($2.8k - $11.2k),$94.9k,
2345020,Bee Island,Lemma Arts,Action,$491.6k ($350.5k - $632.6k),$490.7k,
484950,恶魔迷宫 | Evil Maze,ZOV GAME STUDIO,Action,$79.2k ($48.1k - $110.2k),$220.3k,
2608270,Intravenous 2,HypeTrain Digital,Action,$2.3m ($1.5m - $3.1m),$66.3m,
2552450,KINGDOM HEARTS III + Re Mind (DLC),Square Enix,Action,$5.9m ($3.7m - $8.1m),$1b,
2514960,Refind Self: The Personality Test Game,PLAYISM,Action,$1.2m ($844.3k - $1.7m),$86.3m,
1724770,Castle Of Alchemists,Team Machiavelli,Action,$281.9k ($197.4k - $366.4k),$281.3k,
674930,Boyfriend Dungeon,Kitfox Games,Action,$1m ($724.1k - $1.3m),$38.8m,
230700,La-Mulana,PLAYISM,Action,$1.2m ($792.1k - $1.6m),$86.3m,
2102450,Enotria: The Last Song,Jyamma Games,Action,$1.3m ($856.1k - $1.9m),$1.3m,
2232840,Garten of Banban,Euphoric Brothers,Action,ERROR,$3.1m,F2P
2131640,METAL GEAR SOLID 2: Sons of Liberty - Master Collection Version,KONAMI,Action,$2.3m ($1.4m - $3.2m),$639.1m,
1239690,Retrowave,RewindApp,Action,$770.2k ($472.5k - $1m),$1.8m,
1232130,"BEAR, VODKA, STALINGRAD!",Rabotiagi games,Action,$60.3k ($16.8k - $103.8k),$174.3k,
1016960,Super Neptunia RPG,Idea Factory International,Action,$1.2m ($739.4k - $1.8m),$37.6m,
205350,Mortal Kombat Kollection,Warner Bros. Interactive Entertainment,Action,ERROR,$446m,NOG
1243960,Unspottable,GrosChevaux,Action,$523.2k ($239.7k - $806.6k),$521.6k,
200020,Global Ops: Commando Libya,Immanitas Entertainment GmbH,Action,$121.7k ($59.4k - $184.1k),$160.3k,
1592290,PARANOIA PLACE,Bloody Pixel Games,Action,$390.1k ($250.7k - $529.6k),$421.8k,
1532690,BLACKTAIL,Focus Entertainment,Action,$1.4m ($808.1k - $2m),$727.2m,
2650730,SEDAP! A Culinary Adventure,Isolated Games Publishing,Action,$147.5k ($99.4k - $195.6k),$147.3k,
1765300,Ultimate Zombie Defense 2,Terror Dog Studio,Action,$291.8k ($186.2k - $397.4k),$743.1k,
390340,Umbrella Corps,CAPCOM,Action,$1m ($657.8k - $1.3m),$1m,
252630,Eldritch,Minor Key Games,Action,$1m ($604.6k - $1.4m),$1.4m,
1189290,The Black Grimoire: Cursebreaker,Olipa Games,Action,$308.8k ($236.2k - $381.5k),$308.6k,
663690,Rival Rampage,Oddscure,Action,ERROR,$113.8k,F2P
2631250,Slitterhead,Bokeh Game Studio lnc.,Action,$902.5k ($575.6k - $1.2m),$898.1k,
578930,LOVE 2: kuso,Fred Wood,Action,$25.5k ($6.9k - $44k),$87k,
345260,Medieval: Total War - Collection,SEGA,Action,$256k ($139.2k - $372.8k),$1.6b,
60,Ricochet,Valve,Action,$619.6k ($123.9k - $1.1m),$13.8b,
22200,Zeno Clash,ACE Team,Action,$927.5k ($527.3k - $1.3m),$927.6k,
211600,Thief Gold,Eidos Interactive Corp.,Action,$401.6k ($245k - $558.3k),$111.3m,
448000,Sparkle ZERO,Forever Entertainment S. A.,Action,$44.5k ($10.6k - $78.4k),$4.5m,
80310,Gemini Rue,Wadjet Eye Games,Action,$476.4k ($285.1k - $667.6k),$3.4m,
2119590,Deducto 2,Red Fox Studios,Action,$111k ($66.9k - $155.1k),$116.9k,
1046400,Astalon: Tears of the Earth,DANGEN Entertainment,Action,$329.3k ($191.6k - $467.1k),$26.4m,
2441270,Kill The Crows,5minlab Corp.,Action,$317.6k ($225k - $410.2k),$3.2m,
3225010,SPARTA 2035,Lipsar Studio,Action,$102.6k ($59.9k - $145.4k),ERROR,NPI
2281820,Evolings,Super Rare Originals,Action,$46.8k ($31.8k - $61.8k),$3m,
1996770,Turok 3: Shadow of Oblivion Remastered,Nightdive Studios,Action,$422.7k ($285.7k - $559.7k),$20.4m,
1100990,Aimbeast,Focusd IO,Action,$554.3k ($322.9k - $785.8k),$552.6k,
317600,Company of Heroes: Eastern Front,Archaic Entertainment,Action,ERROR,ERROR,MOD
437630,State of Mind,Daedalic Entertainment,Action,$531.1k ($304.5k - $757.7k),$159.7m,
655290,Escape The Pacific,Gamers4Gamers Team,Action,$228.8k ($136.4k - $321.3k),$228.9k,
1304090,Cannibal Crossing,Rocketcat Games,Action,$149.3k ($101.4k - $197.1k),$5.6m,
1421490,Rise of the Triad: Ludicrous Edition,Apogee Entertainment,Action,$325.4k ($216.9k - $433.9k),$4.8m,
1387500,Offroad Mechanic Simulator,Image Power S.A.,Action,$270.9k ($180.2k - $361.7k),$772.1k,
1733250,Turbo Kid,Outerminds Inc.,Action,$133.7k ($95.6k - $171.8k),$633k,
2653170,Only Up 2,SKYZ Studio,Action,$62.9k ($41k - $84.8k),$62.9k,
2618840,末世少女 Zombie Girl,Utopia Game,Action,$91.3k ($68.1k - $114.6k),$91.5k,
225300,Tomb Raider II (1997),Crystal Dynamics,Action,$481.5k ($298.4k - $664.6k),$244.2m,
2934190,Aooni,Game Studio Inc.,Action,$116.4k ($71.2k - $161.7k),$245.3k,
12130,Manhunt,Rockstar Games,Action,$1.7m ($1m - $2.3m),$767.5m,
3390,Feeding Frenzy 2 Deluxe,"PopCap Games, Inc.",Action,$222.4k ($124.7k - $320.1k),$29m,
2785280,Ruined Nurse,eTIRUe,Action,$124.3k ($84.3k - $164.4k),$692.1k,
606680,Silver,THQ Nordic,Action,$88k ($50k - $126.1k),$387m,
1478050,Exploratombe,Atelier 801,Action,ERROR,$7m,F2P
346110,ARK: Survival Evolved,Studio Wildcard,Adventure,$456.4m ($309.6m - $603.2m),$537.5m,
49520,Borderlands 2,2K,Adventure,$99.8m ($69.3m - $130.4m),$1.7b,
552520,Far Cry 5,Ubisoft,Adventure,$172.4m ($130.8m - $214m),$2.4b,
287700,METAL GEAR SOLID V: THE PHANTOM PAIN,KONAMI,Adventure,$105.6m ($76.1m - $135.2m),$639.1m,
372000,Tree of Savior (English Ver.),"IMCGAMES Co., Ltd.",Adventure,$30.6m ($17.1m - $44.2m),$41.5m,retry
1928980,Nightingale,Inflexion Games,Adventure,$12.6m ($9m - $16.1m),$12.6m,
1030840,Mafia: Definitive Edition,2K,Adventure,$40.2m ($28.7m - $51.7m),$1.7b,
678960,CODE VEIN,Bandai Namco Entertainment,Adventure,$71.8m ($50.2m - $93.4m),$1.7b,
48700,Mount & Blade: Warband,TaleWorlds Entertainment,Adventure,$45.4m ($33.4m - $57.5m),$282.6m,
244850,Space Engineers,Keen Software House,Adventure,$60.2m ($47.1m - $73.4m),$71.4m,
1657630,Slime Rancher 2,Monomi Park,Adventure,$32.6m ($22.6m - $42.6m),$78.7m,
1875830,Shin Megami Tensei V: Vengeance,SEGA,Adventure,$16.1m ($10.7m - $21.5m),$1.6b,
226840,Age of Wonders III,Paradox Interactive,Adventure,$9.9m ($5.7m - $14m),$1.1b,
298110,Far Cry® 4,Ubisoft,Adventure,$55m ($43.8m - $66.1m),$2.4b,
8980,Borderlands Game of the Year,2K,Adventure,ERROR,$1.7b,NOG
261570,Ori and the Blind Forest,Xbox Game Studios,Adventure,$22.3m ($15m - $29.6m),$1.8b,
3123410,Atelier Yumia: The Alchemist of Memories & the Envisioned Land,"KOEI TECMO GAMES CO., LTD.",Adventure,$4.4m ($3m - $5.7m),$423.4m,
588650,Dead Cells,Motion Twin,Adventure,$84.2m ($60.7m - $107.6m),$93.8m,
113200,The Binding of Isaac,Edmund McMillen,Adventure,$8.6m ($4.8m - $12.3m),$13.1m,
20900,The Witcher: Enhanced Edition Director's Cut,CD PROJEKT RED,Adventure,$21m ($11.9m - $30.2m),$1.1b,
39120,RIFT,gamigo US Inc.,Adventure,ERROR,$53.8m,F2P
900040,ELEX II,THQ Nordic,Adventure,$4.7m ($3.5m - $5.8m),$387m,
485510,Nioh: Complete Edition,"KOEI TECMO GAMES CO., LTD.",Adventure,$35.1m ($23.4m - $46.7m),$423.4m,
47890,The Sims 3,Electronic Arts,Adventure,$32.5m ($17.4m - $47.6m),$4.4b,
1895880,Ratchet & Clank: Rift Apart,PlayStation Publishing LLC,Adventure,$22.5m ($15.7m - $29.4m),$1.2b,
1288320,Way of the Hunter,THQ Nordic,Adventure,$9.5m ($6.5m - $12.4m),$387m,
1063420,Void Crew,Focus Entertainment,Adventure,$10.7m ($6.8m - $14.6m),$727.2m,
212070,Star Conflict,Gaijin Network Ltd,Adventure,$7.2m ($4.5m - $9.9m),$516.8m,
215530,The Incredible Adventures of Van Helsing,NeocoreGames,Adventure,$5.6m ($3.3m - $7.8m),$38.8m,
257510,The Talos Principle,Devolver Digital,Adventure,$14.9m ($11m - $18.7m),$500.5m,
290340,Armello,League of Geeks,Adventure,$9.6m ($6.8m - $12.5m),$11.5m,
304430,INSIDE,Playdead,Adventure,$14.9m ($10.6m - $19.2m),$21.1m,
329110,Gems of War - Puzzle RPG,505 Games,Adventure,$14.5m ($8.5m - $20.4m),$292.7m,
206500,AirMech Strike,Carbon Games,Adventure,ERROR,$335k,F2P
1126310,风信楼,Pingfang Games,Adventure,$638.8k ($458.6k - $819k),$638.8k,
753650,Due Process,Giant Enemy Crab,Adventure,$3.9m ($2.4m - $5.4m),$3.9m,
658850,Do Not Feed the Monkeys,Alawar,Adventure,$1.4m ($699.7k - $2.2m),$13.3m,
952860,河洛群俠傳 (Ho Tu Lo Shu ： The Books of Dragon),香港商河洛互動娛樂股份有限公司,Adventure,$2.8m ($2m - $3.7m),$8.8m,
566560,Fighters Unleashed,Volens Nolens Games,Adventure,$3.2k ($644 - $5.7k),$658.5k,
928960,Godfall Ultimate Edition,Gearbox Publishing,Adventure,$1.1m ($860k - $1.4m),$259.6m,
294020,Merchants of Kaidan,Forever Entertainment S. A.,Adventure,$346.1k ($172.2k - $520k),$4.5m,
272470,The Incredible Adventures of Van Helsing II,NeocoreGames,Adventure,$1.5m ($879.9k - $2.2m),$38.8m,
280160,Aragami,Lince Works,Adventure,$6.6m ($4.5m - $8.7m),$8.9m,
1120320,Builder Simulator,Live Motion Games,Adventure,$1.8m ($1m - $2.6m),$3.2m,
321150,Melissa K. and the Heart of Gold Collector's Edition,KISS ltd,Adventure,$114.8k ($22.9k - $206.7k),$1.3m,
20510,S.T.A.L.K.E.R.: Clear Sky,GSC World Publishing,Adventure,$6.6m ($3.9m - $9.2m),$1.2m,
851100,Touhou Luna Nights,WSS playground,Adventure,$4.4m ($3.1m - $5.7m),$24.7m,
965230,DORAEMON  STORY OF SEASONS,BANDAI NAMCO Entertainment,Adventure,$1.4m ($935.4k - $1.9m),$477.4m,
317470,Cubic Castles,Cosmic Cow LLC,Adventure,ERROR,$0 ,F2P
212200,Mabinogi,Nexon America Inc.,Adventure,$14.2m ($7.1m - $21.3m),$109.7m,
2719290,Night Raider,TSUKUYOMIC,Adventure,$398.2k ($273.1k - $523.2k),$401k,
1580780,NINJA GAIDEN Σ [NINJA GAIDEN: Master Collection],"KOEI TECMO GAMES CO., LTD.",Adventure,$3.3m ($1.6m - $5m),$423.4m,
1281800,Samsara Room,Rusty Lake,Adventure,ERROR,$9.3m,F2P
731040,The Invincible,11 bit studios,Adventure,$3.9m ($2.7m - $5m),$175.9m,
1902710,Weird RPG,INDIECN,Adventure,$2.1m ($1.3m - $2.9m),$7m,
1133870,Space Engineers 2,Keen Software House,Adventure,$4.3m ($3m - $5.7m),$71.4m,
1250760,Far Away,Gratesca,Adventure,$1m ($678.2k - $1.3m),$1.6m,
1135810,Vault of the Void,Spider Nest Games,Adventure,$1.1m ($797.2k - $1.4m),$1.1m,
1225570,Unravel Two,Electronic Arts,Adventure,$4.5m ($2.5m - $6.4m),$4.4b,
1270010,Gone: Survival,Conglomerate 5,Adventure,$12.7k ($2.5k - $22.9k),$2.5m,
246760,Legends of Eisenwald,Aterdux Entertainment,Adventure,$1.3m ($865.8k - $1.7m),$1.3m,
15170,Heroes of Might & Magic V,Ubisoft,Adventure,$2.6m ($1.5m - $3.7m),$2.4b,
1601970,Tunguska: The Visitation - Enhanced Edition,Rotorist Workshop,Adventure,$635.3k ($328.9k - $941.6k),$636k,
420790,StarBreak,Crunchy Games,Adventure,ERROR,$0 ,F2P
17500,Zombie Panic! Source,Zombie Panic! Team,Adventure,ERROR,$0 ,F2P
45770,Dead Rising 2: Off the Record,Capcom,Adventure,$1.7m ($1m - $2.4m),$247.7m,
452060,Caveblazers,Yogscast Games,Adventure,$671.1k ($450.9k - $891.4k),$37.8m,
237430,Expeditions: Conquistador,THQ Nordic,Adventure,$1.2m ($806k - $1.6m),$387m,
390290,Bulb Boy,Bulbware,Adventure,$175.9k ($106.3k - $245.5k),$183.7k,
1398210,Selene ~Apoptosis~,Nupu Neko Dev,Adventure,$172.3k ($122.2k - $222.3k),$903.6k,
576770,Low Magic Age,Low Magic Studios,Adventure,$656.7k ($429.5k - $884k),$656k,
914710,Cat Quest II,Kepler Interactive,Adventure,$2.9m ($1.7m - $4m),$245.2m,
352890,Caravan,Daedalic Entertainment,Adventure,$171k ($106.1k - $235.9k),$159.7m,
1677770,The Case of the Golden Idol,Playstack,Adventure,$4.9m ($3.1m - $6.7m),$116.5m,
2612680,Cureocity,GCORES PUBLISHING,Adventure,ERROR,$1.2m,F2P
282530,Castlevania: Lords of Shadow – Mirror of Fate HD,KONAMI,Adventure,$766.8k ($505.1k - $1m),$639.1m,
2790330,Blood Typers,Outer Brain Studios,Adventure,$639.5k ($382.2k - $896.7k),$836.5k,
2947250,Select Oblige,HIKARI FIELD,Adventure,$143.1k ($70.8k - $215.3k),$46.7m,
1205450,Turnip Boy Commits Tax Evasion,Graffiti Games,Adventure,$2.3m ($1.5m - $3m),$5.1m,
1151450,Utawarerumono: Prelude to the Fallen,DMM GAMES,Adventure,$1.3m ($925.5k - $1.6m),$5.2m,
1927720,Monument Valley,ustwo games,Adventure,$1.1m ($678.3k - $1.6m),$4.9m,
1018800,DEEEER Simulator: Your Average Everyday Deer Game,PLAYISM,Adventure,$1.9m ($1.1m - $2.7m),$86.3m,
2716110,[Chilla's Art] Jisatsu | 自撮,Chilla's Art,Adventure,$120.8k ($73.1k - $168.4k),$4.4m,
1975440,Under The Waves,Spotlight by Quantic Dream,Adventure,$788k ($548.4k - $1m),$992k,
898890,Endling - Extinction is Forever,HandyGames,Adventure,$888.1k ($561k - $1.2m),$16.6m,
2976400,Fork Road,Simon Au Yeung,Adventure,$191.2k ($119.9k - $262.5k),$212.8k,
2663950,再见断刀,LoveStoryProject,Adventure,$204.8k ($121.1k - $288.5k),$845.8k,
1304470,降妖神兵,易远游戏,Adventure,$6.9k ($3.7k - $10.2k),$7.6k,
918820,Headliner: NoviNews,Unbound Creations,Adventure,$358.7k ($233.5k - $483.9k),$1m,
1200230,Ludus,Cheesecake Dev,Adventure,$166.4k ($73k - $259.9k),$16.4m,
1395030,Kathy Rain: Director's Cut,Raw Fury,Adventure,$282.4k ($191.6k - $373.3k),$100m,
1742930,Looking Up I See Only A Ceiling,IndieArk,Adventure,$84.5k ($54.1k - $114.8k),$95.7m,
826940,Maid of Sker,Wales Interactive,Adventure,$962k ($657k - $1.2m),$12.7m,
245150,The Novelist,Orthogonal Games,Adventure,$248.8k ($92.1k - $405.5k),$423.5k,
552280,Tayutama 2-you're the only one-,HIKARI FIELD,Adventure,$1.7m ($1m - $2.4m),$46.7m,
1546860,Saiko no sutoka,Habupain,Adventure,$371.3k ($200.6k - $542.1k),$393.7k,
1091010,Dark Swords,High Tower Entertainment,Adventure,ERROR,$0 ,F2P
2798600,Bagel Love Story,NVLMaker,Adventure,$57.9k ($36.3k - $79.5k),$6.2m,
1116170,CyberCorp,Megame LLC,Adventure,$199.1k ($130.2k - $268k),$444.2k,
269990,Infinite Space III: Sea of Stars,Digital Eel,Adventure,$57.1k ($15.9k - $98.3k),$113.7k,
3070070,TCG Card Shop Simulator,OPNeon Games,Card & Board,$30.8m ($19.4m - $42.1m),$30.7m,
1282730,Loop Hero,Devolver Digital,Card & Board,$12.8m ($8.6m - $17.1m),$500.5m,
646570,Slay the Spire,Mega Crit,Card & Board,$90.1m ($65.1m - $115.2m),$90m,
1189490,觅长生,Chalcedony Network,Card & Board,$13.7m ($8.8m - $18.5m),$13.7m,
3167550,Tiny Pasture,Gamersky Games,Card & Board,$1.7m ($1.1m - $2.4m),$60.1m,
1102190,Monster Train,Good Shepherd Entertainment,Card & Board,$20.1m ($12.2m - $27.9m),$91m,
1385380,Across the Obelisk,Paradox Interactive,Card & Board,$11.2m ($6.9m - $15.4m),$1.1b,
2784470,9 Kings,Hooded Horse,Card & Board,$7.9m ($5.3m - $10.5m),$206.1m,
544810,KARDS - The WWII Card Game,1939 Games,Card & Board,$12.9m ($7.4m - $18.4m),$12.9m,
211050,Battle vs Chess,,Card & Board,ERROR,ERROR,NOG
2103130,Matchmaking Inc.,Lightning Games,Card & Board,$2.3m ($1.4m - $3.2m),$85.3m,
2088160,天外武林 (Traveler of Wuxia),香港商河洛互動娛樂股份有限公司,Card & Board,$1.3m ($892.5k - $1.8m),$8.8m,
1785150,Friends vs Friends,Raw Fury,Card & Board,$4.1m ($2.7m - $5.6m),$100m,
1284410,GWENT: The Witcher Card Game,CD PROJEKT RED,Card & Board,$7m ($5.1m - $8.8m),$1.1b,
39150,FINAL FANTASY VIII,Square Enix,Card & Board,$3.2m ($2.2m - $4.2m),$1b,
1367550,Kingdom Rush Vengeance - Tower Defense,Ironhide Game Studio,Card & Board,$8.7m ($5.5m - $11.8m),$28.7m,
1232580,Knock on the Coffin Lid,RedBoon,Card & Board,$1.1m ($626.9k - $1.7m),$1.1m,
247000,Talisman: Digital Edition,Nomad Games,Card & Board,$5.1m ($3.2m - $7m),$6m,
1658150,Moonstone Island,Raw Fury,Card & Board,$4.3m ($2.8m - $5.8m),$100m,
1016950,Blood Bowl 3,Nacon,Card & Board,$2.2m ($1.5m - $3m),$157.4m,
2501600,DICEOMANCER,Gamirror Games,Card & Board,$3m ($1.9m - $4.1m),$119.8m,
861540,Dicey Dungeons,Terry Cavanagh,Card & Board,$6.7m ($4.4m - $9.1m),$9.1m,
913740,WORLD OF HORROR,Ysbryd Games,Card & Board,$5.5m ($4m - $6.9m),$16.6m,
1850960,The Jackbox Party Pack 9,"Jackbox Games, Inc.",Card & Board,$2.3m ($1m - $3.7m),$65.8m,
1557740,ROUNDS,Landfall,Card & Board,$7.6m ($4.8m - $10.3m),$197.3m,
1682060,Warriors of the Nile 2,Gamirror Games,Card & Board,$314.7k ($189.6k - $439.9k),$119.8m,
452230,Spellstone,Kongregate,Card & Board,$177.4k ($113.3k - $241.5k),$9.8m,
1550180,9th Dawn Remake,Valorware,Card & Board,$249.9k ($165.3k - $334.6k),$498.6k,
1038370,Trials of Fire,Whatboy Games,Card & Board,$974.6k ($705.9k - $1.2m),$974.6k,
2084000,Shogun Showdown,Goblinz Publishing,Card & Board,$2.9m ($1.9m - $3.9m),$28.9m,
800270,Terraforming Mars,Twin Sails Interactive,Card & Board,$4.9m ($2.9m - $6.9m),$35.1m,
444280,Alice's Patchwork,8Floor,Card & Board,$6.3k ($3.8k - $8.9k),$3.8m,
829660,No Time to Relax,Porcelain Fortress,Card & Board,$1.3m ($685.6k - $2m),$1.4m,
3066570,Aotenjo: Infinite Hands,XD,Card & Board,$602k ($380.1k - $823.9k),$84.3m,
1054490,Wingspan,Monster Couch,Card & Board,$8.7m ($5m - $12.3m),$9.3m,
595280,Throne of Lies: Medieval Politics,PT.farm Inc.,Card & Board,ERROR,$0 ,F2P
3453600,Supercar Collection Simulator,Kiki Games,Card & Board,$834.4k ($571.1k - $1m),$1.7m,
1113570,Voice of Cards: The Isle Dragon Roars,Square Enix,Card & Board,$784.1k ($500.7k - $1m),$1b,
886250,PokerStars VR,The Stars Group Inc.,Card & Board,$6.9m ($4.4m - $9.4m),$6.9m,
898920,Axis & Allies 1942 Online,Beamdog,Card & Board,$1.7m ($973.3k - $2.5m),$39.1m,
1075740,Banners of Ruin,Goblinz Publishing,Card & Board,$1.5m ($1m - $2m),$28.9m,
1084520,雀姬/姫麻雀,Smile Tech,Card & Board,$943.7k ($548.7k - $1.3m),$944.1k,
638510,dotAGE,Michele Pirovano,Card & Board,$1.4m ($966.7k - $1.8m),$1.4m,
1711950,GWENT: Rogue Mage (Single-Player Expansion),CD PROJEKT RED,Card & Board,$174.7k ($120.4k - $229.1k),$1.1b,
31280,Poker Night at the Inventory,Soldak Entertainment,Card & Board,ERROR,$565.7k,NOG
1131620,Dominion,Temple Gates Games,Card & Board,$1.7m ($746k - $2.8m),$2.3m,
1229460,Dice Legacy,DESTINYbit,Card & Board,$395.6k ($265.4k - $525.8k),$496.7k,
1883000,HEART of CROWN Online,illuCalab,Card & Board,$213.4k ($139.8k - $287.1k),$213.4k,
2420880,WitchHand,HopFrog,Card & Board,$236.2k ($170k - $302.5k),$299.8k,
2693930,Dice & Fold,Rogue Duck Interactive,Card & Board,$1m ($699.9k - $1.3m),$5.2m,
2868860,Card Survival: Fantasy Forest,WinterSpring Games,Card & Board,$294.8k ($171k - $418.5k),$1.9m,
1148760,I Was a Teenage Exocolonist,Finji,Card & Board,$2.3m ($1.6m - $3m),$24.5m,retry
2140850,Looper Tactics,2P Games,Card & Board,$180.2k ($126.8k - $233.7k),$42.9m,retry
698640,Deep Sky Derelicts,Fulqrum Publishing,Card & Board,$2m ($1.3m - $2.8m),$51.6m,retry
965580,Root,Dire Wolf,Card & Board,$6.4m ($2.9m - $9.9m),$14.5m,
3085950,Banana-Shaped,SeluGames,Card & Board,ERROR,$70 ,F2P
575720,Mighty Party,By Aliens L.L.C-FZ,Card & Board,$2.3m ($1.4m - $3.2m),$2.3m,
2752720,Dice Player One,KDream,Card & Board,$239.1k ($148.8k - $329.3k),$265.1k,
1455630,THE GAME OF LIFE 2,Marmalade Game Studio Ltd,Card & Board,$3.7m ($2.1m - $5.3m),$8m,
3411020,Villages & Dungeons,Morax Games,Card & Board,$98k ($61.4k - $134.6k),$98k,
2198070,Cardboard Town,Rogue Duck Interactive,Card & Board,$1.2m ($832.9k - $1.7m),$5.2m,
740240,Snake Eyes Dungeon,GrabTheGames,Card & Board,$971 ($486 - $1.4k),$13.6m,
1722860,Munchkin Digital,Dire Wolf,Card & Board,$1.2m ($680.8k - $1.8m),$14.5m,
1913420,Fantasy of Caocao 2,桑尼游戏(Sunny Game),Card & Board,$72.8k ($50.1k - $95.4k),$91.8k,
509580,The Lord of the Rings: Adventure Card Game - Definitive Edition,Twin Sails Interactive,Card & Board,$1.2m ($843.1k - $1.6m),$35.1m,
1737690,Yacht Dice,GoodOldMan Studio,Card & Board,$27k ($13k - $41k),$27k,
1484280,Demeo,Resolution Games,Card & Board,$2.1m ($1.3m - $2.9m),$3.2m,
1717640,Mahokenshi - The Samurai Deckbuilder,Iceberg Interactive,Card & Board,$409.6k ($300.2k - $518.9k),$34.8m,
2229560,Zet Zillions,Raw Fury,Card & Board,$178.2k ($138.8k - $217.5k),$100m,
1240630,Hex of Steel,War Frogs Studio,Card & Board,$248.4k ($162.8k - $334k),$247.4k,
2438990,Ark Nova,Dire Wolf,Card & Board,$456.7k ($299.7k - $613.7k),$14.5m,
539300,Solitaire,Nacon,Card & Board,$18k ($7.5k - $28.5k),$157.4m,
264690,Coin Crypt,Greg Lobanov,Card & Board,$131.6k ($65.8k - $197.4k),$795.7k,
1036950,Super Jigsaw Puzzle: Generations,Flat Cat Games,Card & Board,$148.7k ($76.2k - $221.2k),$179.1k,
351090,Regency Solitaire,Grey Alien Games,Card & Board,$245.3k ($132k - $358.6k),$983.7k,
2091500,Warlords Under Siege,RedKar Devs,Card & Board,$71.7k ($40.3k - $103.2k),$108.1k,
1585910,Roll,Joseph Distler,Card & Board,$135.5k ($86.1k - $185k),$135.5k,
427490,Shadowhand: RPG Card Game,Positech Games,Card & Board,$270.8k ($167.3k - $374.2k),$16.9m,
438140,Star Realms,"Wise Wizard Games, LLC",Card & Board,$381.8k ($200.1k - $563.5k),$403.6k,
1866630,Throne of Bone,Windmill Slam,Card & Board,$171.3k ($110.4k - $232.2k),$171.3k,
645090,Zup! 5,Quiet River,Card & Board,$133.2k ($82.5k - $184k),$2.4m,
1060670,Taboos: Cracks,DSGame,Card & Board,$29.7k ($16.7k - $42.8k),$15.5m,
1639080,Sandwalkers,Goblinz Publishing,Card & Board,$235.9k ($171.8k - $300k),$28.9m,
1458590,Anime Artist 3: Harem,Neoclassic Games,Card & Board,$2.8k ($1.4k - $4.3k),$150.2k,
320430,Ascension: Deckbuilding Game,"Playdek, Inc.",Card & Board,$348k ($237.6k - $458.3k),$1.8m,
1724390,Power Chord,Big Blue Bubble,Card & Board,$88.1k ($57.8k - $118.3k),$9.4m,
518060,Chess Ultra,Ripstone,Card & Board,$567.3k ($374.9k - $759.7k),$3m,
455200,The Battle for Sector 219,Large Visible Machine,Card & Board,$2.3k ($1.1k - $3.5k),$4.8k,
2491200,TOUHOU GENSOU MAHJONG,"Mediascape Co., Ltd.",Card & Board,$143.6k ($91.9k - $195.3k),$5.7m,
1101420,Dragon Call,organelemonhouse,Card & Board,ERROR,$0 ,F2P
2836860,The Horror at Highrook,Nullpointer Games,Card & Board,$147.1k ($104.2k - $190k),$147.1k,
1178160,Blackjack Championship,BBstudio Inc.,Card & Board,$217.2k ($116.9k - $317.5k),$1.5m,
1709050,Nitro Kid,tinyBuild,Card & Board,$156.6k ($110.9k - $202.3k),$178.4m,
2999030,Exploding Kittens 2,Marmalade Game Studio Ltd,Card & Board,$205.2k ($125.9k - $284.4k),$8m,
3234700,Break Siege,Edigger,Card & Board,$27.2k ($17.3k - $37.1k),$340.8k,
1015930,Blood Rage: Digital Edition,Twin Sails Interactive,Card & Board,$405.8k ($186k - $625.7k),$35.1m,
2138100,Cabin of Shadows - Dueling Impostors-,Nestopi Inc.,Card & Board,$24.2k ($14k - $34.4k),$404k,
1394130,Breach Wanderers,Baronnerie Games,Card & Board,$119.5k ($79.6k - $159.3k),$123.2k,
2544990,Hypnosis Card,Lovely Games,Card & Board,$54.9k ($37.4k - $72.4k),$2.7m,
1058200,Pixel Puzzles Traditional Jigsaw Puzzles,Pixel Puzzles,Card & Board,$13.2k ($8.4k - $18.1k),$595.7k,
351940,The Descendant,Microids Indie,Casual,$2.6m ($1.1m - $4.1m),$2.7m,
48000,LIMBO,Playdead,Casual,$6.1m ($3.8m - $8.5m),$21.1m,
2296990,We Were Here Expeditions: The FriendShip,Total Mayhem Games,Casual,$3.5m ($1.7m - $5.4m),$34.1m,
461040,PICO PARK,TECOPARK,Casual,ERROR,$17.3m,F2P
431240,Golf With Your Friends,Team17,Casual,$34.9m ($21.4m - $48.3m),$491.2m,
522210,Serial Cleaner,Curve Games,Casual,$747.5k ($435.5k - $1m),$195.7m,
434170,The Jackbox Party Pack 3,"Jackbox Games, Inc.",Casual,$13.9m ($8.6m - $19.3m),$65.8m,
1216060,DNF Duel,NEXON,Casual,$3.9m ($2.5m - $5.4m),$184.3m,
1211630,The Jackbox Party Pack 7,"Jackbox Games, Inc.",Casual,$15.8m ($8.9m - $22.7m),$65.8m,
1386730,Wordle 2,Gigantum Games,Casual,$8.4k ($1.6k - $15.1k),$144.1k,
397900,Business Tour - Board Game with Online Multiplayer,8Floor,Casual,$3.5m ($2.5m - $4.5m),$3.8m,
17390,SPORE,Electronic Arts,Casual,$40.4m ($25.6m - $55.3m),$4.4b,
470220,UNO,Ubisoft Entertainment,Casual,$18.3m ($10.1m - $26.6m),$56m,
201700,DiRT Showdown,Codemasters,Casual,ERROR,$43.3m,NOG
2608350,Snezhinka:Sentinel Girls2,hinyari9,Casual,$424.2k ($273k - $575.4k),$1.3m,
3191030,Nubby's Number Factory,MogDogBlog Productions,Casual,$2.1m ($1.5m - $2.8m),$2.1m,
840800,Outlaws of the Old West,Wandering Wizard,Casual,$2.2m ($1.2m - $3.2m),$4.4m,
493540,Figment,Bedtime Digital Games,Casual,$955.1k ($338k - $1.5m),$1.6m,
562430,Alien Hostage,Conglomerate 5,Casual,$11.2k ($5.1k - $17.4k),$2.5m,
2820820,Jotunnslayer: Hordes of Hel,Grindstone,Casual,$2.6m ($2m - $3.3m),$3.1m,
351510,Quiplash,"Jackbox Games, Inc.",Casual,$1.1m ($238.1k - $2.1m),$65.8m,
252410,SteamWorld Dig,Image & Form Games,Casual,$1.7m ($877k - $2.5m),$3.8m,
2205850,"Dwarves: Glory, Death and Loot",Sidekick Publishing,Casual,$1.4m ($965.3k - $1.9m),$2.6m,
745740,Reflex,Game for people,Casual,$9k ($3.6k - $14.4k),$73.9k,
3393750,我的人生,Gamirror Games,Casual,$188.8k ($119.7k - $257.9k),$119.8m,
343930,Fort Defense,8Floor,Casual,$10.2k ($6.1k - $14.3k),$3.8m,
3184110,Widget Inc.,Leaping Turtle,Casual,$384.8k ($236k - $533.6k),$384.7k,
460920,Steep,Ubisoft,Casual,$24.5m ($15.2m - $33.7m),$2.4b,
2089980,Extremely Powerful Capybaras,"PM Studios, Inc.",Casual,$253k ($164.1k - $341.9k),$24.8m,
341000,Mad Games Tycoon,Eggcode,Casual,$1.8m ($1.4m - $2.3m),$7m,
453090,Parkitect,Texel Raptor,Casual,$8.9m ($5.9m - $11.8m),$8.9m,
795100,Friday the 13th: Killer Puzzle,Blue Wizard Digital,Casual,ERROR,$368.8k,NOG
3204250,Lost But Found,Rogue Duck Interactive,Casual,$992.6k ($609.3k - $1.3m),$5.2m,
435790,10 Second Ninja X,Curve Games,Casual,$67.1k ($36.5k - $97.7k),$195.7m,
3263320,Carry The Glass,SlugShot Games,Casual,$1.3m ($764.3k - $1.8m),$1.2m,
1866180,Hooked on You: A Dead by Daylight Dating Sim,Behaviour Interactive Inc.,Casual,$1.2m ($843.7k - $1.7m),$205.4m,
2600600,Internet Cafe Evolution,Tiny Flame Games,Casual,$304.1k ($204.4k - $403.9k),$304.1k,
1482910,Idle Monster TD,Swell Games LLC,Casual,$28.1k ($14.9k - $41.4k),$1.2m,
461380,A Princess' Tale,Warfare Studios,Casual,$3.5k ($707 - $6.3k),$66k,
95400,ibb & obb,Sparpweed,Casual,$810.5k ($473.3k - $1.1m),$810.4k,
614910,#monstercakes,Paleno Games,Casual,$15.5k ($8.8k - $22.1k),$26k,
598810,Carcassonne - Tiles & Tactics,Twin Sails Interactive,Casual,$1m ($592.7k - $1.4m),$35.1m,
1215390,Animal Revolt Battle Simulator,VDimension,Casual,$2.7m ($1.4m - $3.9m),$2.7m,
298160,Eldevin,Hunted Cow Games,Casual,ERROR,$6.2m,F2P
3350140,漢字でGO! 集英社マンガ祭,Gotcha Gotcha Games,Casual,ERROR,$243.9k,F2P
2824310,Lucky Hunter,indienova,Casual,$119.6k ($78.5k - $160.7k),$41.5m,
2383120,Garten of Banban 4,Euphoric Brothers,Casual,$352.4k ($213.1k - $491.7k),$3.1m,
2181720,Scarlet Tower,Pyxeralia LLC,Casual,$245.9k ($172k - $319.8k),$245.9k,
1261040,Streamer Life Simulator,Cheesecake Dev,Casual,$4m ($2.9m - $5.1m),$16.4m,
200010,Quantum Conundrum,Square Enix,Casual,$675.9k ($443.6k - $908.2k),$1b,
1038450,Nancy Drew: Midnight in Salem,"HeR Interactive, Inc.",Casual,$835.2k ($481.3k - $1.1m),$836.2k,
2529170,Storage Hustle,Broken Clock,Casual,$829.6k ($587k - $1m),$900.3k,
1166860,Rival Stars Horse Racing: Desktop Edition,PikPok,Casual,$6m ($3.9m - $8.1m),$12m,
840390,Spacebase Startopia,Kalypso Media,Casual,$288.3k ($203.7k - $372.8k),$92m,
2977620,Squirreled Away,Amplifier Studios,Casual,$447.8k ($278.1k - $617.4k),$1.5m,
397550,Deus Ex: Revision,Caustic Creative,Casual,ERROR,ERROR,MOD
1078760,Motorcycle Mechanic Simulator 2021,PlayWay S.A.,Casual,$1.7m ($886k - $2.7m),$275.3m,
1114940,I Wanna Maker,The Elephant Crew,Casual,ERROR,$0 ,F2P
2602030,Entropy Survivors,First Break Labs,Casual,$288.8k ($179.5k - $398.2k),$630.1k,
698870,Metaverse Keeper / 元能失控,Sparks Games,Casual,$481.8k ($277.4k - $686.3k),$481.8k,
333600,NEKOPARA Vol. 1,Sekai Project,Casual,$5.8m ($3.5m - $8.1m),$39.2m,
667870,MINDNIGHT,No Moon,Casual,ERROR,$0 ,F2P
1430760,Aquarist,PlayWay S.A.,Casual,$415k ($263.5k - $566.4k),$275.3m,
3288270,Monster Care Simulator,Banana Tiger Studio,Casual,$301.6k ($189.9k - $413.3k),$300k,
1603640,The House of Da Vinci 3,Blue Brain Games,Casual,$1.1m ($654.6k - $1.6m),$5.6m,
269670,BADLAND: Game of the Year Edition,Frogmind,Casual,$156.4k ($97.4k - $215.4k),$155.8k,
2822370,Chocolate Factory Simulator,Games Incubator,Casual,$255.8k ($183.7k - $327.9k),$11.9m,
400080,Out of Space,Behold Studios,Casual,$1.2m ($734.6k - $1.7m),$3m,
1604000,Milk outside a bag of milk outside a bag of milk,Nikita Kryukov,Casual,$1.8m ($1.3m - $2.4m),$1.9m,
1133590,Stilt Fella,September Games,Casual,$288.1k ($188k - $388.3k),$384.6k,
360870,Ultimate Tic-Tac-Toe,Tigerish Games,Casual,ERROR,$398 ,F2P
2910990,HYAKKI YAKO Survivor,"pixyda, inc.",Casual,$34.7k ($21.2k - $48.1k),$34.8k,retry
788470,Stonies,upjers,Casual,$19k ($10.5k - $27.5k),$4.7m,
1205960,My Cute Fuhrer,Tranquility games,Casual,$46.5k ($25.2k - $67.9k),$330.9k,
667800,Loco Dojo,Make Real,Casual,$36.9k ($18.4k - $55.3k),$36.9k,
2089350,Hatsune Miku Logic Paint S,KOMODO,Casual,$239.9k ($148.5k - $331.3k),$17.2m,
440540,Ara Fell: Enhanced Edition,DANGEN Entertainment,Casual,$294.7k ($199.9k - $389.4k),$26.4m,
1918530,Pocket Stables,"Kairosoft Co., Ltd",Casual,$81.9k ($40.1k - $123.8k),$5.6m,retry
491330,12 Labours of Hercules V: Kids of Hellas (Platinum Edition),Jetdogs Studios,Casual,$18.4k ($11.1k - $25.7k),$1.2m,
1957760,Islands & Trains,Future Friends Games,Casual,$132.6k ($84.2k - $180.9k),$16.5m,
381780,80 Days,inkle Ltd,Casual,$628.1k ($369.6k - $886.6k),$2.6m,
2191490,Pocket Academy 3,"Kairosoft Co., Ltd",Casual,$98.2k ($59.7k - $136.7k),$5.6m,retry
1995870,Pixel Survivors : Roguelike,Amrita,Casual,$45.4k ($23.3k - $67.4k),$52.5k,
528250,Patchwork,Twin Sails Interactive,Casual,$60.1k ($12k - $108.2k),$35.1m,
1575710,AutoChess of Gensokyo,MyACG Studio,Casual,$34.7k ($19.2k - $50.2k),$2.8m,
529590,"Please, Don't Touch Anything 3D",ForwardXP,Casual,$857.3k ($531.5k - $1.1m),$1.8m,
2882870,Doll Impostor,HeadArrow,Casual,$112.4k ($72.7k - $152.1k),$139.2k,
584640,SUPER CHICKEN JUMPER,Sewer Cat,Casual,$70k ($32.7k - $107.3k),$77.7k,
723390,Hunt Down The Freeman,Royal Rudius Entertainment,Casual,$359.2k ($197.3k - $521.2k),$359.2k,
2087000,Idle Baker Boss,Doopwee Games,Casual,$1.4k ($404 - $2.5k),$1.4k,
2059660,Cavern of Dreams,Super Rare Originals,Casual,$363k ($250.7k - $475.2k),$3m,
885000,Synth Riders,Kluge Interactive,Casual,$667k ($370.2k - $963.8k),$675.2k,
1683340,Kayak VR: Mirage,Better Than Life,Casual,$1.7m ($909.7k - $2.6m),$1.7m,
623080,planetarian HD,VisualArts,Casual,$145.1k ($71.8k - $218.3k),$3.1m,
1744910,[Chilla's Art] The Radio Station | 深夜放送,Chilla's Art,Casual,$98.4k ($47k - $149.8k),$4.4m,
705280,Hakoniwa Explorer Plus,PLAYISM,Casual,$295.2k ($205.3k - $385.1k),$86.3m,
1916970,Tree Simulator 2023,Remvatek,Casual,$24.2k ($13.6k - $34.8k),$24.1k,
2307220,TSUNDERE MILFIN,Tranquility games,Casual,$23.6k ($17.2k - $30k),$330.9k,
319570,Heroes of SoulCraft - Arcade MOBA,MobileBits,Casual,ERROR,$9.4k,F2P
1213670,Solitaire Forever II,Solitaire Forever,Casual,$82 ($39 - $127),$83 ,
294100,RimWorld,Ludeon Studios,City Builder,$187.7m ($127.3m - $248.2m),$187.5m,
1466860,Age of Empires IV: Anniversary Edition,Xbox Game Studios,City Builder,$89.6m ($63.2m - $115.9m),$1.8b,
2456740,inZOI,"KRAFTON, Inc.",City Builder,$51.7m ($33.5m - $69.8m),$4.9b,
368230,Kingdom: Classic,Raw Fury,City Builder,ERROR,$100m,F2P
1366540,Dyson Sphere Program,Gamirror Games,City Builder,$48m ($34m - $62m),$119.8m,
255710,Cities: Skylines,Paradox Interactive,City Builder,$162.5m ($109.5m - $215.5m),$1.1b,
323190,Frostpunk,11 bit studios,City Builder,$74.3m ($50.3m - $98.3m),$175.9m,
1066780,Transport Fever 2,Good Shepherd Entertainment,City Builder,$37.4m ($24.4m - $50.4m),$91m,
701160,Kingdom Two Crowns,Raw Fury,City Builder,$7.3m ($3.8m - $10.7m),$100m,
875210,Kingdom Heroes 8,"USERJOY Technology Co.,Ltd.",City Builder,$6.9m ($4.3m - $9.5m),$10.6m,
690830,Foundation,Polymorph Games,City Builder,$26.4m ($18.1m - $34.7m),$26.3m,
1029780,Going Medieval,Mythwright,City Builder,$16.2m ($11m - $21.4m),$41.3m,
2688950,Planet Coaster 2,Frontier Developments,City Builder,$15.3m ($10.8m - $19.7m),$430m,
245620,Tropico 5,Kalypso Media Digital,City Builder,$18.7m ($12.6m - $24.9m),$47.6m,
768200,Smalland: Survive the Wilds,Maximum Entertainment,City Builder,$10.2m ($7m - $13.5m),$32.3m,
253900,Knights and Merchants,Topware Interactive,City Builder,$339.9k ($145.5k - $534.3k),$5.4m,
1937500,Let's School,Pathea Games,City Builder,$5.2m ($3.4m - $7.1m),$29.2m,
2239150,Thronefall,GrizzlyGames,City Builder,$8.8m ($5.8m - $11.9m),$9.6m,
403190,Planetbase,Madruga Works,City Builder,$6.4m ($4.6m - $8.2m),$20.7m,
933820,Endzone - A World Apart,Assemble Entertainment,City Builder,$7.3m ($4.3m - $10.4m),$24.2m,
352550,Urban Empire,Kalypso Media Digital,City Builder,$2.2m ($1.3m - $3m),$47.6m,
1121640,The Wandering Village,Stray Fawn Publishing,City Builder,$8.4m ($5.3m - $11.6m),$20.1m,
232890,Stronghold Crusader 2,Firefly Studios,City Builder,$23.9m ($16.4m - $31.5m),$45.3m,
3028310,Nordhold,HypeTrain Digital,City Builder,$3m ($1.9m - $4m),$66.3m,
24780,SimCity 4 Deluxe Edition,Electronic Arts,City Builder,$11.8m ($6.9m - $16.6m),$4.4b,
2292800,Blacksmith Master,Hooded Horse,City Builder,$2m ($1.3m - $2.6m),$206.1m,
2680550,Hollywood Animal,Weappy Studio,City Builder,$1m ($648.8k - $1.4m),$1m,
2021880,Ara History Untold: Anniversary Edition ,Xbox Game Studios,City Builder,$2.3m ($1.4m - $3.1m),$1.8b,
248390,Craft The World,Dekovir Ltd,City Builder,$6.9m ($5m - $8.9m),$6.9m,
1536610,OpenTTD,OpenTTD,City Builder,ERROR,$0 ,F2P
979110,Space Haven,Bugbyte Ltd.,City Builder,$9.2m ($6.1m - $12.4m),$9.5m,
1123830,Farm Manager 2021,PlayWay S.A.,City Builder,$1.3m ($832.7k - $1.9m),$275.3m,
1162750,Songs of Syx,Gamatron AB,City Builder,$3.9m ($2.6m - $5.2m),$3.9m,
352720,The Universim,Crytivo,City Builder,$10.9m ($8.2m - $13.5m),$23.4m,
1700870,Clanfolk,Hooded Horse,City Builder,$3.4m ($1.9m - $5m),$206.1m,
2700,RollerCoaster Tycoon 3: Platinum,Frontier,City Builder,$797 ($384 - $1.2k),$800 ,
1450900,Desynced,Forklift Interactive,City Builder,$2.2m ($1.4m - $2.9m),$7.1m,
1017900,Age of Empires: Definitive Edition,Xbox Game Studios,City Builder,$6.9m ($4.1m - $9.7m),$1.8b,
271240,Offworld Trading Company,Stardock Entertainment,City Builder,$8.4m ($5.3m - $11.5m),$62.4m,
2134770,SteamWorld Build,Thunderful Publishing,City Builder,$1.5m ($992k - $2.1m),$28.2m,
1220140,Cartel Tycoon,tinyBuild,City Builder,$4.5m ($2.8m - $6.3m),$178.4m,
496460,Life is Feudal: Forest Village,Bitbox Ltd.,City Builder,$5.5m ($3.5m - $7.6m),$21.3m,
1342330,Mad Games Tycoon 2,Eggcode,City Builder,$4.8m ($3.3m - $6.3m),$7m,
1726130,Pathless Woods,AniYa Games Studio,City Builder,$551.5k ($421.8k - $681.2k),$551.4k,
225420,Cities in Motion 2,Paradox Interactive,City Builder,$2.5m ($508.3k - $4.5m),$1.1b,
732050,Voxel Tycoon,Voxel Tycoon,City Builder,$1.7m ($1.1m - $2.3m),$1.7m,
1105420,Game of Thrones Winter is Coming,YOUZU (SINGAPORE) PTE. LTD.,City Builder,$23m ($10.8m - $35.2m),$26.3m,
588160,Pizza Connection 3,Assemble Entertainment,City Builder,$1.7m ($1m - $2.5m),$24.2m,
2013240,Immortal Family,方块游戏(CubeGame),City Builder,$322.6k ($205.9k - $439.3k),$15.5m,
2834600,My Little Life,9FingerGames,City Builder,$306.6k ($199.2k - $414.1k),$362.5k,
1368130,Park Beyond,Bandai Namco Europe S.A.S.,City Builder,$1.6m ($1m - $2.1m),$1.6m,
47400,Stronghold 3 Gold,Firefly Studios,City Builder,$2.8m ($835.4k - $4.7m),$45.3m,
1167140,Siege Survival: Gloria Victis,Ravenscourt,City Builder,$1.4m ($750.2k - $2.1m),$6.1m,
1281630,Anno 1404 - History Edition,Ubisoft,City Builder,$3.5m ($1.7m - $5.3m),$2.4b,
1254320,Surviving the Abyss,Paradox Arc,City Builder,$1m ($703.3k - $1.3m),$16.2m,
1983710,Dungeon Village 2,"Kairosoft Co., Ltd",City Builder,$417.6k ($252.1k - $583k),$5.6m,retry
521150,Another Brick in The Mall,The Quadsphere,City Builder,$1.5m ($1.1m - $2m),$1.5m,
1074070,Dust to the End,2P Games,City Builder,$201.2k ($120.5k - $281.8k),$42.9m,
762650,Depraved,Evil Bite,City Builder,$987.4k ($578.7k - $1.3m),$987.4k,
1207590,Builders of Egypt: Prologue,PlayWay S.A.,City Builder,ERROR,$275.3m,F2P
2381740,Hexguardian,Yogscast Games,City Builder,$339.3k ($235.9k - $442.6k),$37.8m,
564530,Pharaoh + Cleopatra,Activision,City Builder,$641.8k ($374.7k - $908.9k),$1.5b,
2934180,Doraemon Dorayaki Shop Story,"Kairosoft Co., Ltd",City Builder,$373.2k ($233.6k - $512.8k),$5.6m,retry
2427570,Block Tower TD,MyDreamForever,City Builder,$8.5k ($4.7k - $12.4k),$120.9k,
2438680,Airborne Empire,Stray Fawn Publishing,City Builder,$783.7k ($522.7k - $1m),$20.1m,
1864880,Roman Triumph: Survival City Builder,Forklift Interactive,City Builder,$571.9k ($377.6k - $766.2k),$7.1m,
1946970,Isle of Arrows,Gridpop,City Builder,$584.7k ($355.9k - $813.4k),$584.3k,
1847240,Game Dev Story,"Kairosoft Co., Ltd",City Builder,$512.5k ($270.1k - $754.9k),$5.6m,retry
667610,Ancient Cities,Uncasual Games,City Builder,$2m ($1.4m - $2.7m),$2m,
2512930,Guardians of the Sanctree,HuCang Studio,City Builder,$286k ($178.9k - $393.2k),$289.2k,
2521630,Mini Settlers,Goblinz Publishing,City Builder,$408.1k ($260.2k - $555.9k),$28.9m,
1409830,Sons of Valhalla,Hooded Horse,City Builder,$478.3k ($348.7k - $608k),$206.1m,
672630,Academia : School Simulator,Paradox Interactive,City Builder,$1.7m ($1m - $2.4m),$1.1b,
2891120,Mad Smartphone Tycoon,Miradil,City Builder,$146.7k ($94k - $199.5k),$145.9k,
3179730,Deck of Haunts,DANGEN Entertainment,City Builder,$434.5k ($320.2k - $548.9k),$26.4m,
1273100,Builders of Greece,CreativeForge Games,City Builder,$256.9k ($168.7k - $345.1k),$1.3m,
40980,Stronghold Legends: Steam Edition,Firefly Studios,City Builder,$622.6k ($358k - $887.1k),$45.3m,
876470,Tentlan,Lionmoon UG,City Builder,$5.1k ($2.3k - $7.9k),$5.1k,
57600,Tropico 3: Absolute Power,Kalypso Media Digital,City Builder,ERROR,$47.6m,DLC
2488340,Dream Town Island,"Kairosoft Co., Ltd",City Builder,$213.2k ($129.7k - $296.6k),$5.6m,retry
1923690,Pocket League Story,"Kairosoft Co., Ltd",City Builder,$54.5k ($28.2k - $80.8k),$5.6m,retry
2169830,How a Retired Strategist Saved the Country,OTAKU Plan,City Builder,$190.2k ($120.9k - $259.5k),$8.3m,
1733110,Of Life and Land,Metaroot,City Builder,$338.4k ($210k - $466.8k),$3.8m,
832360,Hotel Magnate,Arcade Oven,City Builder,$241.9k ($149.5k - $334.2k),$241.9k,
799240,My Free Farm 2,upjers,City Builder,$163.4k ($92.6k - $234.2k),$4.7m,
877080,Seeds of Resilience,Goblinz Publishing,City Builder,$113.7k ($70.2k - $157.2k),$28.9m,
1573590,Colonize,CreativeForge Games,City Builder,$49.6k ($31.4k - $67.9k),$1.3m,
1158420,SimCasino,LVGameDev LLC,City Builder,$775.3k ($475k - $1m),$4m,
2659050,Movies Tycoon,PixelCraze s.r.o.,City Builder,$259.8k ($171.7k - $347.8k),$259.3k,
2820130,Anno 1602 History Edition,Ubisoft,City Builder,$132.8k ($76.5k - $189.1k),$2.4b,
2820140,Anno 1701 History Edition,Ubisoft,City Builder,$114.5k ($64.6k - $164.3k),$2.4b,
844980,I Am Your President,President,City Builder,$147.7k ($106.9k - $188.4k),$147.7k,
3058140,Desperate Place,BruceGalaxy,City Builder,$103.7k ($73.3k - $134.1k),$103.8k,
3265070,City Tales - Medieval Era,Firesquid,City Builder,$137.7k ($96.5k - $178.8k),$2.9m,
517810,Caesar IV,Activision,City Builder,$280.6k ($169.5k - $391.7k),$1.5b,
365800,AdvertCity,VoxelStorm,City Builder,$78k ($17.3k - $138.8k),$90.5k,
2553050,Estate Agent Simulator,Kiki Games,City Builder,$485.1k ($330.8k - $639.5k),$1.7m,
719730,Uptasia,upjers,City Builder,$96.1k ($62.4k - $129.8k),$4.7m,
1273790,Empires and Tribes,White Vertex Studios,City Builder,$209.8k ($114.8k - $304.8k),$209.9k,
600420,Mob Rule Classic,System 3,City Builder,$62.9k ($12.5k - $113.2k),$789.7k,
304390,FOR HONOR,Ubisoft,Fighting,$171.8m ($107.4m - $236.2m),$2.4b,
1790600,DRAGON BALL: Sparking! ZERO,Bandai Namco Entertainment,Fighting,$89.3m ($64.2m - $114.4m),$1.7b,
629760,MORDHAU,Triternion,Fighting,$73.2m ($51.1m - $95.2m),$73.2m,
291550,Brawlhalla,Ubisoft,Fighting,$108.5m ($75.1m - $141.8m),$2.4b,
1384160,GUILTY GEAR -STRIVE-,Arc System Works,Fighting,$46m ($30.3m - $61.7m),$87.5m,
2015270,Rotwood,Klei Entertainment,Fighting,$4.4m ($3m - $5.8m),$371.1m,
208650,Batman: Arkham Knight,WB Games,Fighting,$46.4m ($32.8m - $60m),$198.5m,
389730,TEKKEN 7,BANDAI NAMCO Entertainment,Fighting,$67.7m ($47.1m - $88.3m),$477.4m,
544750,SOULCALIBUR VI,BANDAI NAMCO Entertainment,Fighting,$12.5m ($6.9m - $18.1m),$477.4m,
1372280,MELTY BLOOD: TYPE LUMINA,Lasengle Inc.,Fighting,$9.7m ($6.9m - $12.5m),$9.7m,
844870,KurtzPel,KOG,Fighting,$3.5m ($2.6m - $4.4m),$41.9m,
1742020,Idol Showdown,holo Indie,Fighting,ERROR,$1.3m,F2P
202170,Sleeping Dogs,Square Enix,Fighting,ERROR,$1b,NOG
1089090,ONE PIECE: PIRATE WARRIORS 4,BANDAI NAMCO Entertainment,Fighting,$19.9m ($12.3m - $27.6m),$477.4m,
200260,Batman: Arkham City - Game of the Year Edition,WB Games,Fighting,$10.4m ($6.6m - $14.2m),$198.5m,
272510,NARUTO SHIPPUDEN: Ultimate Ninja STORM Revolution,BANDAI NAMCO Entertainment,Fighting,$9.1m ($6.8m - $11.4m),$477.4m,
35140,Batman: Arkham Asylum Game of the Year Edition,WB Games,Fighting,$9.9m ($6.1m - $13.8m),$198.5m,
2217000,Rivals of Aether II,Aether Studios,Fighting,$5.8m ($4.1m - $7.6m),$18.7m,
1602010,Persona 4 Arena Ultimax,SEGA,Fighting,$3.8m ($2.1m - $5.4m),$1.6b,
45760,Ultra Street Fighter IV,Capcom,Fighting,$23.5m ($13.1m - $34m),$247.7m,
578620,GORN,Devolver Digital,Fighting,$8.3m ($4.8m - $11.8m),$500.5m,
1139900,Ghostrunner,505 Games,Fighting,$50.6m ($32.2m - $69m),$292.7m,
674940,Stick Fight: The Game,Landfall,Fighting,$27.1m ($16.7m - $37.5m),$197.3m,
394310,Punch Club,tinyBuild,Fighting,$4.8m ($3.4m - $6.3m),$178.4m,
310470,Grand Ages: Medieval,Kalypso Media Digital,Fighting,$2.4m ($1.6m - $3.2m),$47.6m,
331600,One Piece Pirate Warriors 3,BANDAI NAMCO Entertainment,Fighting,$9m ($6.8m - $11.2m),$477.4m,
278080,DYNASTY WARRIORS 8: Xtreme Legends Complete Edition,"KOEI TECMO GAMES CO., LTD.",Fighting,$19.3m ($12.9m - $25.7m),$423.4m,
667890,Dead Maze,Atelier 801,Fighting,$15.7k ($11.7k - $19.6k),$7m,
1163550,Captain Tsubasa: Rise of New Champions,BANDAI NAMCO Entertainment,Fighting,$5.1m ($3.1m - $7m),$477.4m,
495910,Dungeon Fighter Online,Neople,Fighting,$13.6m ($9.1m - $18.1m),$13.6m,
1335200,Action Taimanin,Infini-Brain inc.,Fighting,$25m ($18.1m - $31.9m),$25.1m,
418340,RWBY: Grimm Eclipse,FarBridge,Fighting,$4.9m ($3m - $6.7m),$4.9m,
1343240,Thymesia,Team17,Fighting,$4.2m ($3m - $5.4m),$491.2m,
1329500,SpiderHeck,tinyBuild,Fighting,$1.7m ($1m - $2.4m),$178.4m,
2138710,Sifu,Sloclap,Fighting,$29.2m ($18.1m - $40.4m),$67.2m,
1123770,Curse of the Dead Gods,Focus Entertainment,Fighting,$6.5m ($4.1m - $8.8m),$727.2m,
3027930,Karate Survivor,Alawar,Fighting,$576.2k ($393.6k - $758.9k),$13.3m,
285900,Gang Beasts,Boneloaf,Fighting,$48.1m ($34m - $62.2m),$48.1m,
511680,Fate/EXTELLA,XSEED Games,Fighting,$5.3m ($3.6m - $7.1m),$125.4m,
383980,Rivals of Aether,Aether Studios,Fighting,$12.5m ($9.3m - $15.7m),$18.7m,
654990,Dude Simulator,Kiddy,Fighting,$32.7k ($17.7k - $47.7k),$169.3k,
311730,DEAD OR ALIVE 5 Last Round: Core Fighters,"KOEI TECMO GAMES CO., LTD.",Fighting,$6.6m ($4.2m - $9m),$423.4m,
237310,Elsword,KOG Games,Fighting,$13.5m ($8.5m - $18.5m),$13.5m,
2076010,UNDER NIGHT IN-BIRTH II Sys:Celes,Arc System Works,Fighting,$3.7m ($2.5m - $4.8m),$87.5m,
240460,WWE 2K15,2K,Fighting,ERROR,$1.7b,NOG
94400,Nidhogg,Messhof,Fighting,$5.9m ($3.2m - $8.6m),$7.1m,
838380,DEAD OR ALIVE 6,"KOEI TECMO GAMES CO., LTD.",Fighting,$12.2m ($5.8m - $18.7m),$423.4m,
627270,Injustice 2,WB Games,Fighting,$11.2m ($6.7m - $15.7m),$198.5m,
2634890,MARVEL vs. CAPCOM Fighting Collection: Arcade Classics,"CAPCOM Co., Ltd.",Fighting,$4.1m ($2.6m - $5.6m),$1.8b,
576480,Drunken Fight Simulator,Volens Nolens Games,Fighting,$8.3k ($1.6k - $15k),$658.5k,
411370,Melty Blood Actress Again Current Code,Arc System Works,Fighting,$2.7m ($1.8m - $3.5m),$87.5m,
486780,Fruit Ninja VR,Halfbrick Studios Pty Ltd,Fighting,$1.2m ($772.3k - $1.6m),$2.8m,
597170,Clone Drone in the Danger Zone,Doborog Games,Fighting,$9.5m ($7.1m - $12m),$10m,
357190,ULTIMATE MARVEL VS. CAPCOM 3,"CAPCOM U.S.A., INC.",Fighting,$7.1m ($4.4m - $9.8m),$7.1m,
716710,東方憑依華　～ Antinomy of Common Flowers.,"SUNFISH Co., Ltd.",Fighting,$1.1m ($734.5k - $1.6m),$1.4m,
383840,Nimbatus - The Space Drone Constructor,Stray Fawn Publishing,Fighting,$1.8m ($1.1m - $2.6m),$20.1m,
758330,Shenmue I & II,SEGA,Fighting,$1.6m ($848.6k - $2.3m),$1.6b,
755500,ONE PIECE World Seeker,BANDAI NAMCO Entertainment,Fighting,$4.2m ($2.7m - $5.6m),$477.4m,
512250,Oh...Sir!! The Insult Simulator,Good Shepherd Entertainment,Fighting,$480.5k ($307.4k - $653.5k),$91m,
2955840,Kitchen Wars,Perfect Gen,Fighting,$136.3k ($55.5k - $217.2k),$128.5k,
571260,THE KING OF FIGHTERS XIV STEAM EDITION,SNK CORPORATION,Fighting,$7.4m ($4.6m - $10.1m),$35.5m,
411830,SENRAN KAGURA SHINOVI VERSUS,XSEED Games,Fighting,$3m ($2.2m - $3.8m),$125.4m,
577940,Killer Instinct,Xbox Game Studios,Fighting,$2.3m ($1.7m - $2.9m),$1.8b,
2360210,Rune Coliseum,Rafale Software,Fighting,$508.8k ($325.8k - $691.9k),$509.2k,
1390410,Midnight Fight Express,Humble Games,Fighting,$994.5k ($747.6k - $1.2m),$202.3m,
347630,16 Bit Arena,16bitarena.com,Fighting,ERROR,ERROR,NOG
601220,Zup! F,Quiet River,Fighting,$285.5k ($166.4k - $404.6k),$2.4m,
804490,Creed: Rise to Glory,Survios,Fighting,$1.2m ($745.1k - $1.7m),$9.1m,
1116960,UNDEFEATED,Vantan Game Academy,Fighting,ERROR,$0 ,F2P
222420,THE KING OF FIGHTERS '98 ULTIMATE MATCH FINAL EDITION,SNK CORPORATION,Fighting,$1.4m ($983k - $1.9m),$35.5m,
1420350,Fraymakers,Team Fray,Fighting,$975.1k ($636.1k - $1.3m),$974k,
495140,NARUTO: Ultimate Ninja STORM,BANDAI NAMCO Entertainment,Fighting,$2.5m ($1.7m - $3.3m),$477.4m,
1685750,Capcom Fighting Collection,"CAPCOM Co., Ltd.",Fighting,$1.8m ($944k - $2.8m),$1.8b,
2536260,Mayhemers,Anigtas,Fighting,$59.7k ($32.3k - $87.2k),$59k,
1000360,Hellish Quart,Kubold,Fighting,$4.7m ($3m - $6.3m),$4.7m,
528550,Drunkn Bar Fight,The Munky,Fighting,$1.2m ($773.4k - $1.7m),$1.2m,
390560,Fantasy Strike,Sirlin Games,Fighting,$11.8k ($6.4k - $17.1k),$116.5k,
251470,TowerFall Ascension,Maddy Makes Games Inc.,Fighting,$1m ($682.9k - $1.4m),$26.5m,
294810,BlazBlue: Continuum Shift Extend,"H2 Interactive Co., Ltd.",Fighting,$1.2m ($759.1k - $1.7m),$16m,
661990,Arcana Heart 3 LOVEMAX SIXSTARS!!!!!! XTEND,Arc System Works,Fighting,$398.7k ($200.8k - $596.5k),$87.5m,
1546400,GigaBash,Passion Republic Games,Fighting,$1.7m ($922.1k - $2.5m),$1.7m,
2463800,Iron Saga VS,Gameduchy,Fighting,$280.7k ($199.5k - $361.9k),$281.8k,
3391450,GORN 2,Devolver Digital,Fighting,$408.2k ($302.6k - $513.9k),$500.5m,
985900,Young Souls,The Arcade Crew,Fighting,$336.9k ($223.8k - $450k),$18.4m,
890550,RUMBLE,Buckethead Entertainment,Fighting,$1.3m ($635k - $2m),$1.3m,
1155650,Shady Knight,Alexey 'cptnsigh',Fighting,$327.8k ($231.8k - $423.8k),$327.2k,
889510,SENRAN KAGURA Burst Re:Newal,XSEED Games,Fighting,$1.6m ($971.5k - $2.3m),$125.4m,
965680,Boomerang Fu,Cranky Watermelon,Fighting,$1.4m ($716.4k - $2.1m),$1.4m,
543870,NARUTO SHIPPUDEN: Ultimate Ninja STORM 2,BANDAI NAMCO Entertainment,Fighting,$1.6m ($1m - $2.1m),$477.4m,
214590,Fairy Bloom Freesia,XSEED Games,Fighting,$291.7k ($155.2k - $428.2k),$125.4m,
780350,Unruly Heroes,Magic Design Studios,Fighting,$451.8k ($305.2k - $598.5k),$451.8k,
715310,Urban Rivals,Acute Games,Fighting,$248.8k ($168.4k - $329.3k),$249.2k,
2193490,First Cut: Samurai Duel,Night Eyes Interactive,Fighting,$509.4k ($346k - $672.8k),$509.3k,
971690,Cake Bash,Coatsink,Fighting,$135.5k ($67.7k - $203.2k),$6.8m,
294000,Knight Squad,Chainsawesome Games,Fighting,$238.3k ($53.2k - $423.4k),$301.7k,
565170,Blade Strangers,"Nicalis, Inc.",Fighting,$191.8k ($81.9k - $301.6k),$84.6m,
702120,THE KING OF FIGHTERS '97 GLOBAL MATCH,SNK CORPORATION,Fighting,$272.6k ($124.5k - $420.7k),$35.5m,
21010,Watchmen: The End is Nigh,Warner Bros. Games,Fighting,$140.5k ($70.2k - $210.7k),$882m,
326340,River City Super Sports Challenge ~All Stars Special~,"H2 Interactive Co., Ltd.",Fighting,$428.7k ($275.5k - $581.9k),$16m,
614090,Deadbeat Heroes,Square Enix,Fighting,$6.5k ($3.2k - $9.7k),$1b,
1966720,Lethal Company,Zeekerss,Horror,$144m ($101.3m - $186.7m),$144.4m,
391720,Layers of Fear (2016),Bloober Team SA,Horror,$9.1m ($5.4m - $12.8m),$23.6m,
782330,DOOM Eternal,Bethesda Softworks,Horror,$169.8m ($121.8m - $217.7m),$2.1b,
1971870,Mortal Kombat 1,Warner Bros. Games,Horror,$39.2m ($28.3m - $50.1m),$882m,
1850570,DEATH STRANDING DIRECTOR'S CUT,505 Games,Horror,$25.1m ($16.3m - $33.9m),$292.7m,
601510,Yu-Gi-Oh! Duel Links,KONAMI,Horror,$67.3m ($44.6m - $90m),$639.1m,
2531310,The Last of Us Part II Remastered,PlayStation Publishing LLC,Horror,$32.7m ($22.4m - $43.1m),$1.2b,
239160,Thief,Eidos Interactive Corp.,Horror,$19.4m ($12.1m - $26.7m),$111.3m,
1601580,Frostpunk 2,11 bit studios,Horror,$27.6m ($19.8m - $35.5m),$175.9m,
49540,Aliens: Colonial Marines Collection,SEGA,Horror,$7m ($4.2m - $9.7m),$1.6b,
67370,The Darkness II,2K,Horror,$8.6m ($5.4m - $11.8m),$1.7b,
312520,Rain World,Akupara Games,Horror,$16.8m ($12.2m - $21.4m),$33.7m,
1680880,Forspoken,Square Enix,Horror,$7m ($4.9m - $9.2m),$1b,
471710,Rec Room,Rec Room,Horror,$11.8m ($8.6m - $15.1m),$11.8m,
1507580,Enigma of Fear,Dumativa,Horror,$934.9k ($444.9k - $1.4m),$1.5m,
57300,Amnesia: The Dark Descent,Frictional Games,Horror,$6.6m ($3.9m - $9.2m),$30.8m,
409710,BioShock Remastered,2K,Horror,$26.4m ($17.5m - $35.3m),$1.7b,
2141730,Backrooms: Escape Together,Triiodide Studios,Horror,$11.3m ($6.7m - $15.9m),$11.3m,
1281590,The Dark Pictures Anthology: House of Ashes,BANDAI NAMCO Entertainment Europe,Horror,$8m ($5.1m - $10.9m),$29.8m,
558100,Art of War: Red Tides,Game Science,Horror,$142.5k ($91.6k - $193.3k),$675.2m,
1493640,Banishers: Ghosts of New Eden,Focus Entertainment,Horror,$6.5m ($4.6m - $8.3m),$727.2m,
1618540,Ghost Exorcism INC.,StudioGoupil,Horror,$3.4m ($2.4m - $4.4m),$3.4m,
320240,We Happy Few,Gearbox Publishing,Horror,$14.8m ($10.2m - $19.4m),$259.6m,
1732190,FATAL FRAME / PROJECT ZERO: Maiden of Black Water,"KOEI TECMO GAMES CO., LTD.",Horror,$3.1m ($1.9m - $4.3m),$423.4m,
960990,Beyond: Two Souls,Quantic Dream,Horror,$9.4m ($6.6m - $12.2m),$114.7m,
824270,KovaaK's,KovaaK Games,Horror,$16.2m ($10.3m - $22m),$16.1m,
3431040,That's not my Neighbor,Nachosama Games,Horror,$986.3k ($576.6k - $1.3m),$961k,
462930,AdVenture Communist,Hyper Hippo Games,Horror,$46.4k ($28.2k - $64.6k),$10m,
3062930,Unplagued,Euphoric Brothers,Horror,$1.1m ($221k - $1.9m),$3.1m,
376730,Monument,Andrei Ivashentsev,Horror,$27.2k ($5.4k - $48.9k),$28.7k,
526160,The Wild Eight,HypeTrain Digital,Horror,$4.2m ($2.8m - $5.6m),$66.3m,
3376250,Nine-Ball Roulette,WaveBox Labs,Horror,$459.2k ($260.1k - $658.3k),$446.4k,
321270,UNLOVED,Paul Schneider,Horror,$334.6k ($169.2k - $500k),$509.2k,
222480,Resident Evil Revelations,Capcom,Horror,$11m ($7.2m - $14.8m),$247.7m,
1562420,FOREWARNED,Dreambyte Games,Horror,$4.4m ($2.7m - $6.1m),$4.4m,
2223840,The Casting of Frank Stone,Behaviour Interactive Inc.,Horror,$2.6m ($1.7m - $3.6m),$205.4m,
1110910,Mortal Shell,Playstack,Horror,$4.7m ($3.3m - $6.2m),$116.5m,
1164940,Trepang2,Team17,Horror,$8.9m ($5.6m - $12.2m),$491.2m,
338840,Hollow's Land,Relax Minimalism,Horror,$9.1k ($3.6k - $14.5k),$9.1k,
2369900,Castlevania Dominus Collection,KONAMI,Horror,$2.3m ($1.5m - $3.1m),$639.1m,
2275020,Backrooms Rec.,Liminal Logic,Horror,$683.4k ($441.9k - $924.8k),$682.2k,
1092660,Blair Witch,Bloober Team NA,Horror,$2.7m ($1.9m - $3.6m),$2.8m,
505230,Pathologic 2,tinyBuild,Horror,$5.6m ($3.8m - $7.4m),$178.4m,
2310700,Shadow Corridor 2 雨ノ四葩,Space Onigiri Game LLC,Horror,$359.5k ($236.5k - $482.5k),$678.3k,
356040,Sheltered,Team17 Digital Ltd,Horror,$3.2m ($2m - $4.4m),$25.9m,
591960,Animation Throwdown: The Quest for Cards,Kongregate,Horror,$3.4m ($2.3m - $4.6m),$9.8m,
502280,BERSERK and the Band of the Hawk,"KOEI TECMO GAMES CO., LTD.",Horror,$4.1m ($2.8m - $5.4m),$423.4m,
1292940,Cube Escape Collection,Rusty Lake,Horror,$1.4m ($837.8k - $1.9m),$9.3m,
1051690,Nightmare Reaper,Blazing Bit Games,Horror,$1.6m ($1m - $2.1m),$1.6m,
1893810,Solium Infernum,League of Geeks,Horror,$1.3m ($962.8k - $1.7m),$11.5m,
16450,F.E.A.R. 2: Project Origin,Warner Bros. Games,Horror,$1.8m ($982.5k - $2.7m),$882m,
343780,Cat Goes Fishing,,Horror,$3.9m ($2.8m - $5m),ERROR,NPI
611350,Evil Tag,HFM Games,Horror,$45.7k ($9.1k - $82.4k),$3.2m,
2231300,Dodgy Deliveries,Deliver Games,Horror,$1k ($563 - $1.6k),$3.1k,
362680,Fran Bow,Killmonday Games AB,Horror,$3.8m ($3m - $4.7m),$8.8m,
964800,Prodeus,Humble Games,Horror,$3.4m ($2.6m - $4.2m),$202.3m,
2696480,Nothing,Pixelatto,Horror,$115.2k ($23k - $207.4k),$1.3m,
1423600,BLUE REFLECTION: Second Light,"KOEI TECMO GAMES CO., LTD.",Horror,$1.2m ($753.5k - $1.8m),$423.4m,
951240,Obenseuer,Loiste Interactive,Horror,$398.6k ($283.5k - $513.7k),$1.1m,
1397390,The Break-In,jorgen games Ltd,Horror,$1.9m ($1.2m - $2.5m),$1.9m,
94300,The Dream Machine: Chapter 1 & 2,The Sleeping Machine,Horror,$149k ($40.7k - $257.3k),$161.7k,
2121980,Void Stranger,System Erasure,Horror,$1m ($788k - $1.3m),$1.5m,
1179080,FAITH: The Unholy Trinity,New Blood Interactive,Horror,$3m ($1.8m - $4.1m),$66.9m,
1602080,Soulstice,Maximum Entertainment,Horror,$923.2k ($560k - $1.2m),$32.3m,
42670,Singularity,Activision,Horror,$3.6m ($2.8m - $4.4m),$1.5b,
246580,The Typing of The Dead: Overkill,SEGA,Horror,$3.2m ($2m - $4.5m),$1.6b,
252330,Slender: The Arrival,Blue Isle Publishing,Horror,$2.2m ($1.4m - $3.1m),$7.5m,
326190,Alchemy Mysteries: Prague Legends,Jetdogs Studios,Horror,$95.2k ($49.4k - $141k),$1.2m,
500260,Ben and Ed - Blood Party,Sluggerfly,Horror,$2.4m ($1.5m - $3.2m),$3.6m,
1103210,We Become What We Behold [Fan-Made Port],Mismatch Studio,Horror,ERROR,$1.2k,F2P
782250,Hush Hush - Only Your Love Can Save Them,Sad Panda Studios,Horror,$1.3m ($689.4k - $1.9m),$35.4m,
2357000,KILL IT WITH FIRE! 2,tinyBuild,Horror,$528.7k ($370.8k - $686.7k),$178.4m,
1777430,恋爱绮谭 不存在的真相,Never Knows Best,Horror,$198.7k ($98.6k - $298.7k),$456.6k,
1715730,Boo Men,Twisted Corridor,Horror,$1.1m ($633k - $1.6m),$1.1m,retry
2792610,Stickman Killing Zombie,Angels Vs Demons,Horror,$632 ($274 - $990),$2.4k,
986680,PAGUI打鬼,padendon,Horror,$480k ($323.8k - $636.1k),$480.8k,
262000,Gabriel Knight: Sins of the Fathers 20th Anniversary Edition,Pinkerton Road Studio,Horror,$565.5k ($350.4k - $780.6k),$565.5k,
819020,Zanki Zero: Last Beginning,"Spike Chunsoft Co., Ltd.",Horror,$681.6k ($428.6k - $934.6k),$94.4m,
597760,Yuppie Psycho: Executive Edition,Neon Doctrine,Horror,$1.8m ($1.3m - $2.3m),$16.2m,
1293820,YOU and ME and HER: A Love Story,JAST,Horror,$1.7m ($1.1m - $2.4m),$10.1m,
2317640,JUMP KING QUEST,Nexile,Horror,$417.6k ($280.2k - $555k),$5.9m,
1116580,Shady Part of Me,Focus Entertainment,Horror,$390.4k ($228k - $552.7k),$727.2m,
1182310,The Excavation of Hob's Barrow,Wadjet Eye Games,Horror,$569.5k ($341.4k - $797.5k),$3.4m,
296710,Monstrum,Junkfish Limited,Horror,$1.3m ($936.9k - $1.8m),$1.5m,
3011030,NO-SKIN,NoEye-Soft,Horror,$206.3k ($149.2k - $263.3k),$204.7k,
2462520,I'm on Observation Duty 7,Notovia,Horror,$407.3k ($239.7k - $574.9k),$2.9m,
395200,Ben and Ed,Sluggerfly,Horror,$1.2m ($828.6k - $1.7m),$3.6m,
399890,The Secret Order 2: Masked Intent,Artifex Mundi,Horror,$193.7k ($106.3k - $281.1k),$8.3m,
3126330,Kiosk,Vivi,Horror,$183.6k ($125.5k - $241.6k),$187k,
530390,Slayaway Camp,Blue Wizard Digital,Horror,$162.1k ($105.2k - $219k),$368.8k,
896520,Stay Out of the House,Puppet Combo,Horror,$329.8k ($194.2k - $465.4k),$800.8k,
230210,ASYLUM,Senscape,Horror,$150.8k ($91.9k - $209.7k),$148.2k,
250380,Knock-knock,Ice-Pick Lodge,Horror,$407.4k ($220.4k - $594.4k),$1m,
2578910,Nocturnals,Cowboy Toad Games,Horror,$145k ($85.8k - $204.2k),$144.9k,
1886070,USAC: Code Breach,Questions Factory,Horror,$260.7k ($168.1k - $353.2k),$259.7k,
658620,Wonderful Everyday Down the Rabbit-Hole,Frontwing USA,Horror,$665.3k ($375.3k - $955.3k),$6.8m,
22610,Alien Breed: Impact,Team17 Digital Ltd,Horror,$138.9k ($83.4k - $194.3k),$25.9m,
538070,Bad Dream: Coma,Desert Fox,Horror,$164.1k ($101.6k - $226.6k),$192.8k,
1892420,The Bunny Graveyard,Pichon Games,Horror,$152k ($98.4k - $205.5k),$151.8k,
367520,Hollow Knight,Team Cherry,Indie,$98.5m ($68.7m - $128.3m),$173.5m,
1454400,Cookie Clicker,Playsaurus,Indie,$9.3m ($6.8m - $11.8m),$17.9m,
285540,Among the Sleep Demo,Krillbite Studio,Horror,ERROR,$3.4m,DEMO
823130,Totally Accurate Battlegrounds,Landfall,Indie,$527.1k ($328k - $726.2k),$197.3m,
1476970,Legends of IdleOn - Idle MMO,Lavaflame2,Indie,$34.7m ($21.2m - $48.3m),$36m,
212680,FTL: Faster Than Light,Subset Games,Indie,$18.8m ($13.4m - $24.2m),$30.8m,
3213850,gogh: Focus with Your Avatar,ambr,Indie,$1.4m ($938.4k - $1.9m),$1.4m,
218510,Planets Under Attack,Topware Interactive,Indie,$262.5k ($116.4k - $408.7k),$5.4m,
1283970,YoloMouse - Game Cursor Changer,Dragonrise Games,Indie,ERROR,ERROR,NAG
104900,ORION: Prelude,DANKIE,Indie,$1.7m ($1.2m - $2.3m),$2.5m,
2436940,Sephiria,TEAM HORAY,Indie,$2.4m ($1.6m - $3.1m),$6.3m,
1388880,Doki Doki Literature Club Plus!,Serenity Forge,Indie,$6.4m ($4.6m - $8.2m),$41.4m,
451340,Gold Mining Simulator,Code Horizon,Indie,$9.7m ($7.4m - $12m),$10.2m,
371970,Barony,Turning Wheel LLC,Indie,$5.1m ($3m - $7.1m),$5.1m,
513930,J.U.R : Japan Underground Racing,Conglomerate 5,Indie,$6.1k ($3k - $9.1k),$2.5m,
568130,Gum Guy,Nickana Studio,Indie,$7.5k ($1.5k - $13.5k),$7.5k,
559650,Witch It,Barrel Roll Games,Indie,$5m ($2.8m - $7.1m),$5m,
40800,Super Meat Boy,,Indie,$18m ($9.7m - $26.3m),ERROR,NPI
1608450,Hellslave,Dear Villagers,Indie,$301.2k ($141.2k - $461.3k),$33.6m,
806140,Achievements printer,Game for people,Indie,$14.9k ($8.1k - $21.7k),$73.9k,
280220,Creeper World 3: Arc Eternal,Knuckle Cracker,Indie,$2.2m ($1.4m - $3m),$9.1m,
3511030,Mini Cozy Room: Lo-Fi,Tesseract Studio,Indie,$145.4k ($98.5k - $192.3k),$142.3k,
569860,Thimbleweed Park,Terrible Toybox,Indie,$1.4m ($990.2k - $1.9m),$1.4m,
531920,Carton,SA Industry,Indie,$12.4k ($2.4k - $22.4k),$4m,
919640,Steel Division 2,Eugen Systems,Indie,$10.4m ($6.2m - $14.5m),$60m,
323850,Move or Die,Those Awesome Guys,Indie,$4m ($2.4m - $5.6m),$8.1m,
1901370,Ib,PLAYISM,Indie,$1.6m ($1m - $2.1m),$86.3m,
981430,Gordian Quest,Mixed Realms Pte Ltd,Indie,$3.1m ($2.2m - $4m),$5.2m,
734750,PickCrafter,Fiveamp,Indie,$103.4k ($75.6k - $131.2k),$1.2m,
2254890,The Killing Antidote,MetalStar Studio,Indie,$3.1m ($2m - $4.1m),$3.1m,
434210,It's Spring Again,Sometimes You,Indie,$6.3k ($3.8k - $8.9k),$605.7k,
296490,GemCraft - Chasing Shadows,Armor Games Studios,Indie,$883.6k ($580.8k - $1.1m),$20.7m,
897330,Coloring Pixels,ToastieLabs,Indie,$554.8k ($397.4k - $712.1k),$609.7k,
1265820,Fights in Tight Spaces,Reforged Studios,Indie,$3.4m ($1.8m - $5.1m),$3.4m,
327410,A Bird Story,Freebird Games,Indie,$829.7k ($489.2k - $1.1m),$10.9m,
384190,ABZU,505 Games,Indie,$6.3m ($4.1m - $8.4m),$292.7m,
1606340,Conquest of Elysium 5,Illwinter Game Design,Indie,$1.4m ($939.7k - $2m),$6.5m,
2756920,Keep Driving,YCJY Games,Indie,$3m ($2m - $3.9m),$4m,
2435090,Talented,TurtleFox Games,Indie,$406.8k ($249.7k - $563.9k),$405k,
1517960,Rebirth:Beware of Mr.Wang,DSGame,Indie,$489.6k ($276.2k - $702.9k),$15.5m,
429050,Feed and Grow: Fish,Greens s.r.o.,Indie,$11.1m ($7.7m - $14.6m),$11.1m,
705120,Death Coming/死神来了,NEXT Studios,Indie,$1.2m ($779.8k - $1.7m),$18.9m,
380840,Teeworlds,Teeworlds Team,Indie,ERROR,$0 ,F2P
303210,The Beginner's Guide,Everything Unlimited Ltd.,Indie,$3.3m ($2.1m - $4.5m),$3.3m,
348360,Doodle God,JoyBits Ltd.,Indie,$149.7k ($91.6k - $207.7k),$343.3k,
263760,Turbo Dismount,Secret Exit Ltd.,Indie,$2.3m ($1.4m - $3.2m),$2.6m,
2157680,Lunar Mirror:The Pavilion of Desire,DSGame,Indie,$665.5k ($439.7k - $891.3k),$15.5m,
388880,Oxenfree,Night School Studio,Indie,$3m ($2.2m - $3.9m),$3.3m,
355800,Space Run Galaxy,Focus Entertainment,Indie,$802k ($511.5k - $1m),$727.2m,
2370570,Standable: Full Body Estimation,Standable,Indie,ERROR,ERROR,NOG
1410710,Democracy 4,Positech Games,Indie,$5.4m ($3.5m - $7.4m),$16.9m,
1159830,Scene Investigators,EQ Studios,Indie,$975.2k ($679.8k - $1.2m),$1.8m,
332570,Amazing Frog?,Fayju,Indie,$2.2m ($1.3m - $3m),$2.5m,
2746910,Three Kingdoms: The Blood Moon,Gamersky Games,Indie,$132.4k ($92k - $172.8k),$60.1m,
853550,Equilinox,ThinMatrix,Indie,$750.5k ($489.1k - $1m),$750.2k,
1571100,Passpartout 2: The Lost Artist,Flamebait Games,Indie,$1.1m ($730.3k - $1.5m),$4.5m,
378360,Ymir,Thibaud Michaud,Indie,$593k ($333.8k - $852.2k),$593k,
209950,Triple Town,Spry Fox LLC,Indie,$300.3k ($184.6k - $416k),$2.5m,
1082430,Before Your Eyes,Skybound Games,Indie,$1.9m ($1.3m - $2.6m),$81m,
1983260,Dungeons of Hinterberg,Curve Games,Indie,$1.3m ($942.5k - $1.7m),$195.7m,
503620,Fictorum,Scraping Bottom Games,Indie,$886.1k ($547.5k - $1.2m),$886.1k,
861250,Cyber Shadow,Yacht Club Games,Indie,$566.2k ($356k - $776.5k),$12.9m,
1419730,Seek Girl Ⅵ,DSGame,Indie,$88.5k ($50.4k - $126.7k),$15.5m,
1543150,The Fermi Paradox,Anomaly Games,Indie,$363.8k ($212.5k - $515.1k),$364k,
231040,Beatbuddy: Tale of the Guardians,Threaks,Indie,$178.4k ($89.2k - $267.6k),$196.9k,
521200,Epic Battle Fantasy 3,Matt Roszak,Indie,ERROR,$2.6m,F2P
685340,Delivery from the Pain:Survival / 末日方舟:生存,DigiPotato,Indie,$254.2k ($170.8k - $337.6k),$254.2k,
397090,Wind Child,Valkyria Games,Indie,$6.3k ($2.9k - $9.7k),$15.1k,
782570,Endless Road: Reborn,Sula Box Games,Indie,$182.3k ($122.3k - $242.3k),$182.3k,
2788310,Twilight Survivors,DORIDORI STUDIO,Indie,$81.5k ($61k - $102k),$81.4k,
3435260,Dice With Death,Sea Glass Games,Indie,$146.5k ($115.1k - $178k),$145.7k,
293780,Crawl,Powerhoof,Indie,$2.2m ($1.3m - $3m),$2.9m,
1500740,Snail Simulator,Mr. Snail Dev,Indie,$58.1k ($35.2k - $81.1k),$57.7k,
342380,Sakura Angels,Winged Cloud,Indie,$617.1k ($172.5k - $1m),$6.3m,
244430,realMyst: Masterpiece Edition,Cyan Worlds Inc,Indie,$1m ($710.4k - $1.3m),$8.6m,
924070,Arboria,All in! Games,Indie,$367.4k ($245.7k - $489.1k),$1.4m,
211340,Magical Diary: Horse Hall,Hanako Games,Indie,$606.4k ($395.9k - $817k),$3.5m,
1359120,The Dungeon Beneath,Puzzle Box Games,Indie,$497.5k ($274.2k - $720.8k),$497.6k,
232010,Euro Truck Simulator,SCS Software,Indie,$764.4k ($275.1k - $1.2m),$172.9m,
965820,沉睡的法则 Things as They Are,四块二茶会,Indie,$71.4k ($41.4k - $101.4k),$71.4k,
2119650,Convenience Stories,"Kairosoft Co., Ltd",Indie,$149.7k ($89.3k - $210.1k),$5.6m,retry
3463050,Dreams of Aether,Aether Studios,Indie,$32.8k ($6.5k - $59.1k),$18.7m,retry
354200,Aberoth,Jarbit,Indie,$8.5k ($4.9k - $12.2k),$8.5k,
754150,Rolling Line,Gaugepunk Games,Indie,$805k ($469.6k - $1.1m),$822.5k,
1194840,Frog Fractions: Game of the Decade Edition,"Twinbeard, Inc.",Indie,ERROR,$0 ,F2P
352010,Beach Bounce,Dharker Studios,Indie,$227.5k ($65.4k - $389.6k),$2.1m,retry
1085180,Gunvolt Chronicles: Luminous Avenger iX,"INTI CREATES CO., LTD.",Indie,$223.2k ($161.3k - $285k),$8.5m,retry
866140,Arise: A Simple Story,Untold Tales,Indie,$417.1k ($249.6k - $584.5k),$12.2m,retry
1028860,Star Chef: Cooking & Restaurant Game,99Games Online Pvt. Ltd.,Indie,ERROR,$25.4k,F2P
758990,Ancient Warfare 3,Jannik Nickel,Indie,$419k ($248.1k - $590k),$419k,
1363430,Propagation VR,WanadevStudio,Indie,$42.4k ($25.2k - $59.7k),$3.8m,
1626890,坏小孩,WildMonkey,Indie,$58.6k ($40.8k - $76.3k),$58.5k,
1046820,I'm on Observation Duty,Notovia,Indie,$425.1k ($208k - $642.3k),$2.9m,
1794950,LOST BUBBLES: Sweet mates,KIMIDORI SOFT,Indie,$14.2k ($5.5k - $23k),$180.2k,
2402280,Werewolf: The Apocalypse — The Book of Hungry Names,Choice of Games,Indie,$88.5k ($56.7k - $120.2k),$1.7m,
3675060,Goblin_Gnome_Horn,kawashiri_kodama,Indie,$50.9k ($28.9k - $72.9k),$50.8k,retry
672150,LOGistICAL 3: Earth,Sacada,Indie,$127.9k ($81.9k - $173.8k),$229.4k,retry
958480,Seed of the Dead,Eroge Japan,Indie,$500.1k ($268.3k - $731.9k),$3.6m,retry
1982340,Blanc,Gearbox Publishing,Indie,$705.9k ($461.7k - $950k),$259.6m,retry
1187030,星礼研究所 | Sighchology Research Lab,Daotuan Wang,Indie,$17.2k ($5.1k - $29.3k),$17.7k,retry
3334280,SpyFall,MB Studio,Indie,$40k ($22.6k - $57.5k),$41.3k,retry
1903340,Clair Obscur: Expedition 33,Kepler Interactive,JRPG,$144.1m ($99m - $189.3m),$245.2m,retry
39210,FINAL FANTASY XIV Online,Square Enix,JRPG,$96.3m ($47.7m - $145m),$1b,retry
2679460,Metaphor: ReFantazio,SEGA,JRPG,$52.7m ($34.5m - $70.9m),$1.6b,retry
1325200,Nioh 2 – The Complete Edition,"KOEI TECMO GAMES CO., LTD.",JRPG,$49.2m ($34.2m - $64.2m),$423.4m,retry
1113000,Persona 4 Golden,SEGA,JRPG,$29.7m ($21.6m - $37.8m),$1.6b,retry
637650,FINAL FANTASY XV WINDOWS EDITION,Square Enix,JRPG,$55.8m ($40.3m - $71.4m),$1b,retry
3061810,Like a Dragon: Pirate Yakuza in Hawaii,SEGA,JRPG,$11.3m ($8.3m - $14.3m),$1.6b,retry
626690,Sword Art Online: Fatal Bullet,BANDAI NAMCO Entertainment,JRPG,$20.3m ($12.8m - $27.8m),$477.4m,retry
2375550,Like a Dragon Gaiden: The Man Who Erased His Name,SEGA,JRPG,$9.7m ($7.2m - $12.1m),$1.6b,retry
2495450,Winter Memories,Kagura Games,JRPG,$9.6m ($5.9m - $13.3m),$63.3m,retry
728530,SD GUNDAM G GENERATION CROSS RAYS,BANDAI NAMCO Entertainment,JRPG,$9.4m ($5.8m - $12.9m),$477.4m,
595520,FINAL FANTASY XII THE ZODIAC AGE,Square Enix,JRPG,$14.4m ($10m - $18.8m),$1b,
1718570,ASTLIBRA Revision,WhisperGames,JRPG,$12.4m ($8.4m - $16.4m),$75.9m,
253940,Septerra Core,Topware Interactive,JRPG,$168k ($33.6k - $302.5k),$5.4m,
814000,ONE PIECE ODYSSEY,Bandai Namco Entertainment Inc.,JRPG,$7.9m ($5.4m - $10.4m),$236.4m,
39140,FINAL FANTASY VII,Square Enix,JRPG,$9.9m ($7m - $12.7m),$1b,
307070,Memories of a Vagabond,SA Industry,JRPG,$148k ($29.6k - $266.5k),$4m,
1227890,Summer Memories,Kagura Games,JRPG,$14.1m ($8.4m - $19.8m),$63.3m,
1121560,Atelier Ryza: Ever Darkness & the Secret Hideout,"KOEI TECMO GAMES CO., LTD.",JRPG,$16.2m ($9.8m - $22.5m),$423.4m,
1218210,Coromon,indie.io,JRPG,$4.5m ($2.9m - $6.1m),$36.8m,
1621310,Atelier Sophie 2: The Alchemist of the Mysterious Dream,"KOEI TECMO GAMES CO., LTD.",JRPG,$4.4m ($2.2m - $6.6m),$423.4m,
671210,FINAL FANTASY XV WINDOWS EDITION PLAYABLE DEMO,Square Enix,JRPG,ERROR,$1b,DEMO
2530980,Tales of Graces f Remastered,Bandai Namco Entertainment,JRPG,$1.5m ($952.1k - $2m),$1.7b,
738540,Tales of Vesperia: Definitive Edition,BANDAI NAMCO Entertainment,JRPG,$5.5m ($3.4m - $7.7m),$477.4m,
269770,Secrets of Grindea,Pixel Ferrets,JRPG,$4.7m ($3.5m - $5.8m),$4.6m,
3004100,FREEDOM WARS Remastered,Bandai Namco Entertainment Inc.,JRPG,$1m ($690.6k - $1.3m),$236.4m,
2591210,ASTRAL TALE-星界神話,"X-Legend Entertainment Co., Ltd.",JRPG,$148.9k ($78.2k - $219.6k),$832.8k,
405900,Disgaea PC,"NIS America, Inc.",JRPG,$4m ($2.7m - $5.4m),$47.9m,
1321440,Cassette Beasts,Raw Fury,JRPG,$6.6m ($4.3m - $8.9m),$100m,
1798020,Mega Man Battle Network Legacy Collection Vol. 2,"CAPCOM Co., Ltd.",JRPG,$714.4k ($423.8k - $1m),$1.8b,
282900,Hyperdimension Neptunia Re;Birth1,"Idea Factory International, Inc.",JRPG,$5.1m ($3.4m - $6.9m),$6.5m,
2138610,The Legend of Heroes: Trails through Daybreak,"NIS America, Inc.",JRPG,$1.7m ($1.1m - $2.3m),$47.9m,
2668430,The Legend of Heroes: Trails through Daybreak II,"NIS America, Inc.",JRPG,$1.1m ($824.1k - $1.4m),$47.9m,
1566880,SWORD ART ONLINE Last Recollection,Bandai Namco Entertainment,JRPG,$1.2m ($779.8k - $1.6m),$1.7b,
1233260,FAIRY TAIL,"KOEI TECMO GAMES CO., LTD.",JRPG,$2.3m ($1.3m - $3.3m),$423.4m,
538680,The Legend of Heroes: Trails of Cold Steel,XSEED Games,JRPG,$5m ($3.3m - $6.7m),$125.4m,
2085000,SaGa Emerald Beyond ,Square Enix,JRPG,$580.5k ($434.2k - $726.7k),$1b,
1388590,Yakuza 6: The Song of Life,SEGA,JRPG,$3.3m ($2.1m - $4.5m),$1.6b,
601050,Attack on Titan 2 - A.O.T.2,"KOEI TECMO GAMES CO., LTD.",JRPG,$10.8m ($8m - $13.6m),$423.4m,
387340,Hyperdimension Neptunia U: Action Unleashed,Idea Factory International,JRPG,$1.6m ($1m - $2.3m),$37.6m,
1351630,Ys IX: Monstrum Nox,"NIS America, Inc.",JRPG,$1.9m ($1.2m - $2.7m),$47.9m,retry
931500,Touhou Genso Wanderer -Reloaded-,AQUASTYLE,JRPG,$1.6m ($1m - $2.2m),$1.9m,retry
569970,Chosen 2,Senpai Industrial Studios,JRPG,$10.9k ($5.8k - $15.9k),$1m,
2731870,Ys X: Nordics,"NIS America, Inc.",JRPG,$1.2m ($806.7k - $1.6m),$47.9m,
1955830,Touhou Hero of Ice Fairy,GAMEPULSE 游戏脉冲,JRPG,$870.7k ($604.5k - $1.1m),$869.9k,
1371630,Incremental Adventures,Gniller,JRPG,$12.3k ($7.7k - $16.9k),$209.3k,
470310,TROUBLESHOOTER: Abandoned Children,Dandylion,JRPG,$2.5m ($1.5m - $3.5m),$2.5m,
359310,Evoland 2,Shiro Games,JRPG,$2m ($1.2m - $2.7m),$90.7m,
2371630,Sword Art Online: Integral Factor,Bandai Namco Entertainment,JRPG,$1.2m ($756k - $1.8m),$1.7b,
524580,Fairy Fencer F Advent Dark Force,Idea Factory International,JRPG,$2.3m ($1.5m - $3m),$37.6m,
1308700,Wizardry: The Five Ordeals,Game*Spark Publishing,JRPG,$1.2m ($661.9k - $1.8m),$1.2m,
3132860,天月麻雀 (Amatsuki Mahjong),Cyber Alice Limited,JRPG,$239.9k ($140.5k - $339.2k),$239.9k,
1105510,Yakuza 5 Remastered,SEGA,JRPG,$2.2m ($1.4m - $3m),$1.6b,
269190,Edge Of Eternity,Nacon,JRPG,$2.1m ($1.4m - $2.9m),$157.4m,
983970,Haven,The Game Bakers,JRPG,$2.8m ($1.8m - $3.9m),$9.2m,
1962430,Monochrome Mobius: Rights and Wrongs Forgotten,DMM GAMES,JRPG,$966.8k ($601k - $1.3m),$5.2m,
3188550,Trainee Death Simulator,Bone Nail,JRPG,$513.4k ($316.8k - $710k),$4.4m,
2844850,FANTASIAN Neo Dimension,Square Enix,JRPG,$720.2k ($507.4k - $932.9k),$1b,
2340520,Tales of Seikyu,Fireshine Games,JRPG,$493.2k ($329.6k - $656.8k),$66.9m,
2417850,Yolk Heroes: A Long Tamago,14 Hours Productions,JRPG,$104.7k ($71.5k - $137.9k),$109.2k,
1551530,Pray Game,Kagura Games,JRPG,$542.3k ($352.4k - $732.2k),$63.3m,
1405470,Scars of Summer,Kagura Games,JRPG,$768.4k ($533.6k - $1m),$63.3m,
2459750,Yohane the Parhelion - NUMAZU in the MIRAGE -,BeXide Inc.,JRPG,$301.9k ($199.6k - $404.3k),$512.6k,
1441840,FALL IN LABYRINTH,OTAKU Plan,JRPG,$268.4k ($164.9k - $371.9k),$8.3m,
2914480,Welcome to Maison Chichigami,Kagura Games,JRPG,$314k ($194.5k - $433.6k),$63.3m,
1768650,Path of the Abyss,Suzuki Suzuzou,JRPG,$185.1k ($116.3k - $253.8k),$184.3k,
1824580,Dungeon Drafters,DANGEN Entertainment,JRPG,$601.6k ($432.9k - $770.2k),$26.4m,
2248430,Touhou Artificial Dream in Arcadia,Bar Holographic Otaku,JRPG,$330.4k ($219.4k - $441.5k),$342.5k,
527290,Atelier Firis: The Alchemist and the Mysterious Journey / フィリスのアトリエ ～不思議な旅の錬金術士～,"KOEI TECMO GAMES CO., LTD.",JRPG,$3.3k ($2.2k - $4.5k),$423.4m,
2730530,Syn-Chorus 01: The New Life,方块游戏(CubeGame),JRPG,$80.9k ($51.3k - $110.5k),$15.5m,
1231990,Gestalt: Steam & Cinder,Fireshine Games,JRPG,$422k ($269k - $575k),$66.9m,
1158690,Uncharted Ocean,HiRabbitgame,JRPG,$75.4k ($42k - $108.9k),$75.4k,
638160,Moero Chronicle,Idea Factory International,JRPG,$346.9k ($174.6k - $519.2k),$37.6m,
1932160,Neptunia: Sisters VS Sisters,Idea Factory International,JRPG,$698k ($422.9k - $973.1k),$37.6m,
1419750,Apostle: Rebellion,Kagura Games,JRPG,$198.9k ($145.9k - $251.9k),$63.3m,
2258500,CRYMACHINA,"NIS America, Inc.",JRPG,$985.6k ($645.2k - $1.3m),$47.9m,
1257200,False Myth,Kagura Games,JRPG,$283k ($181.4k - $384.6k),$63.3m,
1034860,GRANDIA HD Remaster,"GungHo Online Entertainment America, Inc.",JRPG,$571.6k ($381.7k - $761.5k),$7.2m,
2113540,梦魇：无归 Nightmare without return,青衣工作室,JRPG,$31.3k ($18k - $44.7k),$60.5k,
948640,Wizardry: Labyrinth of Lost Souls,XSEED Games,JRPG,$249k ($167.5k - $330.4k),$125.4m,retry
3469850,Cradle of Nightmare : Flowers to you,红锈雨,JRPG,$47.5k ($29.3k - $65.7k),$47.5k,
3127000,Splintered,dotMake Studios,JRPG,$41.9k ($25.4k - $58.5k),$41.8k,
1601280,Potato Flowers in Full Bloom,PLAYISM,JRPG,$194.2k ($111.2k - $277.3k),$86.3m,
1516080,That Time I Got Reincarnated as an Orc,OTAKU Plan,JRPG,$116.8k ($67.5k - $166.1k),$8.3m,
1141100,Lilitales,Kagura Games,JRPG,$402.9k ($271.3k - $534.6k),$63.3m,
1450120,The Legend of Heroes: Sen no Kiseki I KAI -Thors Military Academy 1204-,Clouded Leopard Entertainment,JRPG,$591.6k ($382.3k - $800.9k),$14.9m,
606370,Romancing SaGa 2,Square Enix,JRPG,$253.8k ($143.5k - $364.1k),$1b,
1494560,Rogue Voltage,Horizont Computergrafik,JRPG,$121.4k ($82.7k - $160k),$121.5k,
1867510,WrestleQuest,Skybound Games,JRPG,$386.6k ($270k - $503.2k),$81m,
1509450,Elysium Above 履云录,上海泼泼猫文化传媒有限公司,JRPG,$40.8k ($25.6k - $55.9k),$40.8k,
981750,Crystar,"Spike Chunsoft Co., Ltd.",JRPG,$1m ($705.6k - $1.4m),$94.4m,
206250,Cladun X2,"NIS America, Inc.",JRPG,$147.2k ($56.5k - $238k),$47.9m,
2429890,Incubus Quest,Kagura Games,JRPG,$74k ($47.9k - $100k),$63.3m,
889600,The Caligula Effect: Overdose,"NIS America, Inc.",JRPG,$863.2k ($576.5k - $1.1m),$47.9m,
2120310,Sagres,Kakehashi Games,JRPG,$94.6k ($61.7k - $127.5k),$125.8k,
1069760,Ethereal Enigma,PixelFade,JRPG,$213.4k ($120.2k - $306.6k),$928.7k,
362870,RPG Maker 2003,Gotcha Gotcha Games,JRPG,ERROR,$243.9k,NOG
2179300,Blades of Jianghu: Ballad of Wind and Dust,Alice Publication,JRPG,$251k ($170.3k - $331.7k),$6m,
2850220,The Girl's Moving Castle,Monkeygames Studio,JRPG,$22.2k ($12.8k - $31.6k),$22.2k,
1502980,Atelier Firis: The Alchemist and the Mysterious Journey DX,"KOEI TECMO GAMES CO., LTD.",JRPG,$1m ($548.8k - $1.6m),$423.4m,
899770,Last Epoch,Eleventh Hour Games,Massively Multiplayer,$82.2m ($55.3m - $109.1m),$82.2m,
552990,World of Warships,Wargaming Group Limited,Massively Multiplayer,$175.2m ($130.3m - $220m),$410m,
2694490,Path of Exile 2,Grinding Gear Games,Massively Multiplayer,$135.1m ($94.9m - $175.3m),$344.1m,
1151340,Fallout 76,Bethesda Softworks,Massively Multiplayer,$101.2m ($61.5m - $140.9m),$2.1b,
230410,Warframe,Digital Extremes,Massively Multiplayer,$905.7m ($588.9m - $1.2b),$905.9m,
1604030,V Rising,Stunlock Studios,Massively Multiplayer,$105.9m ($74.1m - $137.6m),$106.4m,
304050,Trove,gamigo US Inc.,Massively Multiplayer,$53.2m ($37.1m - $69.4m),$53.8m,
834910,ATLAS,Grapeshot Games,Massively Multiplayer,$24m ($16.3m - $31.7m),$24m,
2344520,Diablo IV,"Blizzard Entertainment, Inc.",Massively Multiplayer,$62.3m ($46.1m - $78.5m),$136m,
646910,The Crew 2,Ubisoft,Massively Multiplayer,$29.5m ($19.2m - $39.7m),$2.4b,
202990,Call of Duty: Black Ops II,Activision,Massively Multiplayer,ERROR,$1.5b,NOG
393380,Squad,Offworld,Massively Multiplayer,$185.1m ($122.4m - $247.8m),$227.3m,
1371580,Myth of Empires,Imperium Interactive Entertainment,Massively Multiplayer,$22.4m ($11.4m - $33.4m),$22.5m,
466660,Stash,Frogdice,Massively Multiplayer,ERROR,$545.6k,F2P
389430,Knight Online,NTTGame,Massively Multiplayer,$18.1m ($8.7m - $27.5m),$18.1m,
386360,SMITE,Hi-Rez Studios,Massively Multiplayer,$131.7m ($90.1m - $173.2m),$199.8m,
1407200,World of Tanks,Wargaming Group Limited,Massively Multiplayer,$56.7m ($32.5m - $80.9m),$410m,
476600,Call of Duty: WWII,Activision,Massively Multiplayer,$83.6m ($62.6m - $104.7m),$1.5b,
2437170,SMITE 2,Hi-Rez Studios,Massively Multiplayer,$17.2m ($12.7m - $21.8m),$199.8m,
2285150,The Front,Samar Studio,Massively Multiplayer,$5.1m ($3.4m - $6.7m),$5.1m,
550650,Black Squad,VALOFE,Massively Multiplayer,$15m ($11.4m - $18.5m),$27.4m,
486310,Meadow - A Shelter Game,Might and Delight,Massively Multiplayer,$865.1k ($593.3k - $1.1m),$5.7m,
555570,Infestation: The New Z,OP Productions LLC,Massively Multiplayer,$1.8m ($1.3m - $2.2m),$1.8m,
109600,Neverwinter,Arc Games,Massively Multiplayer,ERROR,$330m,F2P
239220,The Mighty Quest For Epic Loot,Ubisoft Montreal,Massively Multiplayer,ERROR,ERROR,NOG
291480,Warface: Clutch,MY.GAMES,Massively Multiplayer,$39.1m ($28.4m - $49.9m),$115.8m,
1995520,Pax Dei,Mainframe Industries,Massively Multiplayer,$4.7m ($3.1m - $6.3m),$4.7m,
259080,Just Cause 2: Multiplayer Mod,Square Enix,Massively Multiplayer,ERROR,$1b,DLC
8500,EVE Online,CCP,Massively Multiplayer,$38.9m ($24.1m - $53.8m),$39m,
1969870,Battle Teams 2,Wizard Games,Massively Multiplayer,$12.3m ($7.8m - $16.8m),$12.4m,
2064650,Tower of Fantasy,Perfect World Games,Massively Multiplayer,$22.3m ($15.2m - $29.5m),$22.3m,
3107230,Pantheon: Rise of the Fallen,Visionary Realms,Massively Multiplayer,$3.9m ($2.3m - $5.5m),$3.9m,
1041320,Lords Mobile,IGG SINGAPORE PTE. LTD.,Massively Multiplayer,$32.5m ($14.9m - $50.1m),$37.5m,
42160,War of the Roses,Paradox Interactive,Massively Multiplayer,ERROR,$1.1b,NOG
113400,APB Reloaded,Little Orbit,Massively Multiplayer,ERROR,$23.1k,F2P
47410,Stronghold Kingdoms,FireFly Studios,Massively Multiplayer,ERROR,$3.7m,F2P
311310,Naval Action,Bermuda Computer Club,Massively Multiplayer,$14.7m ($9.6m - $19.9m),$14.7m,
299740,Miscreated,Entrada Interactive LLC,Massively Multiplayer,$13.1m ($8.7m - $17.5m),$13.1m,
551170,Onmyoji,NetEase Games,Massively Multiplayer,$6.7m ($3.8m - $9.5m),$304m,
99900,Spiral Knights,Grey Havens,Massively Multiplayer,ERROR,$3.1m,F2P
215080,WAKFU,Ankama Games,Massively Multiplayer,ERROR,$2.4m,F2P
1611600,WARNO,Eugen Systems,Massively Multiplayer,$14.5m ($8.8m - $20.2m),$60m,
212160,Vindictus,NEXON Korea Corp. & NEXON America Inc.,Massively Multiplayer,ERROR,$0 ,F2P
397060,Faeria,Versus Evil,Massively Multiplayer,$4.8m ($1.1m - $8.5m),$33.5m,
2682580,DUCKSIDE,tinyBuild,Massively Multiplayer,$1.5m ($1.1m - $2m),$178.4m,
223750,DCS World Steam Edition,Eagle Dynamics SA,Massively Multiplayer,$70m ($50.8m - $89.1m),$69.9m,
1088090,Day of Dragons,Beawesome Games,Massively Multiplayer,$3.6m ($2.3m - $4.9m),$3.7m,
767560,War Robots,MY.GAMES,Massively Multiplayer,$73.2m ($42.8m - $103.6m),$115.8m,
513000,KUBOOM,nobodyshot,Massively Multiplayer,$11.1k ($6.3k - $15.9k),$14.7k,
1180380,Stay Out,MOBITECH LLC,Massively Multiplayer,$6.8m ($3.9m - $9.7m),$6.8m,
253710,theHunter Classic,Expansive Worlds,Massively Multiplayer,$10.1m ($7.8m - $12.4m),$10.1m,
429790,AdventureQuest 3D,"Artix Entertainment, LLC",Massively Multiplayer,$4m ($2.8m - $5.1m),$4m,
375900,Trackmania Turbo,Ubisoft,Massively Multiplayer,$2.4m ($1.6m - $3.2m),$2.4b,
1422130,SimRail - The Railway Simulator,PlayWay S.A.,Massively Multiplayer,$3.4m ($2.3m - $4.6m),$275.3m,
1104450,Bombergrounds: Battle Royale,Gigantic Duck Games,Massively Multiplayer,$353.8k ($228.7k - $478.9k),$354.1k,
578310,BRAIN / OUT,Desertkun,Massively Multiplayer,$39.9k ($26k - $53.9k),$40k,
702320,March of Empires,Gameloft,Massively Multiplayer,$20.9m ($12.6m - $29.3m),$64.5m,
3183310,Forgotten Journey,FJ-Studio,Massively Multiplayer,$2.8k ($1.4k - $4.2k),$2.8k,
1232420,Atlantica Global,VALOFE,Massively Multiplayer,$1.1m ($585.6k - $1.6m),$27.4m,
784950,CONFLICT OF NATIONS: WORLD WAR 3,Dorado Games,Massively Multiplayer,$7.3m ($4.4m - $10.2m),$7.3m,
799960,Wizard101,KingsIsle Entertainment,Massively Multiplayer,$31.6m ($22.1m - $41m),$32.2m,
1333350,Angel Legion,Shanghai SilverMoon Network Technology Co.Ltd,Massively Multiplayer,$9.6m ($2.8m - $16.4m),$9.6m,
764050,Maelstrom,Forthright Entertainment,Massively Multiplayer,$31.2k ($23.2k - $39.3k),$293.5k,
891040,Pool 2D - Poolians,Poolians.com,Massively Multiplayer,ERROR,$106.8k,F2P
290730,My Lands: Black Gem Hunting,ELYLAND  INVESTMENT COMPANY Ltd,Massively Multiplayer,ERROR,$0 ,F2P
747610,Zula Global,Madbyte Games,Massively Multiplayer,$2.9m ($2.1m - $3.8m),$2.9m,
219700,Dogs of War Online,Nacon,Massively Multiplayer,ERROR,$157.4m,F2P
215100,Ragnarok Online,Gravity Interactive,Massively Multiplayer,$4.8m ($2.9m - $6.6m),$6.8m,
924140,Hand Simulator: Survival,HFM Games,Massively Multiplayer,$646.7k ($364.7k - $928.7k),$3.2m,
314970,Age of Conquest IV,Noble Master LLC,Massively Multiplayer,$8.2k ($5.7k - $10.7k),$17.6k,
2996570,Figure Adventure,Figure Fantasy,Massively Multiplayer,$313.4k ($161.6k - $465.2k),$313.4k,
384180,Prominence Poker,Jagex Ltd,Massively Multiplayer,$1.4m ($1m - $1.9m),$104.8m,
1358710,Battle Cry of Freedom,Flying Squirrel Entertainment,Massively Multiplayer,$275.4k ($130.2k - $420.5k),$275.5k,
1456200,Initial Drift Online,RewindApp,Massively Multiplayer,$497.6k ($281.5k - $713.6k),$1.8m,
979920,Supremacy 1914: World War 1,Bytro Labs GmbH,Massively Multiplayer,$1.2m ($879k - $1.6m),$2.9m,
439370,Midair,Archetype Studios,Massively Multiplayer,ERROR,$0 ,F2P
2520870,Love In The Dark,DuoDuoDog,Massively Multiplayer,$1.4k ($691 - $2.2k),$63.1k,
3267430,Last Remains,Earn Alliance,Massively Multiplayer,$485.2k ($304.2k - $666.1k),$485.6k,
1144170,Warhammer: Chaos And Conquest,Tilting Point,Massively Multiplayer,$1.2m ($638.9k - $1.8m),$6.3m,
716350,Reign of Guilds,Atlant Games ltd,Massively Multiplayer,$222k ($117.9k - $326.1k),$222k,
542480,Therian Saga,Virtys,Massively Multiplayer,$14.9k ($9.6k - $20.2k),$102.1k,
2707940,FPV Kamikaze Drone,HFM Games,Massively Multiplayer,$838.4k ($633.2k - $1m),$3.2m,
384030,Florensia,Giiku Games,Massively Multiplayer,$515.6k ($282k - $749.2k),$586.5k,
469920,hackmud,ComCODE,Massively Multiplayer,$778.7k ($372.1k - $1.1m),$779.7k,
359800,Copa Petrobras de Marcas,Reiza Studios,Massively Multiplayer,ERROR,$13.7m,F2P
1379130,League of Angels-Heaven's Fury,YOUZU SINGAPORE PTE LTD,Massively Multiplayer,$1.3m ($786.9k - $1.9m),$1.3m,
1511630,TrackDayR,MadCow S.r.l.,Massively Multiplayer,$1.4m ($1m - $1.7m),$1.4m,
451130,Khan: Absolute Power,Khanatic Network Gaming,Massively Multiplayer,ERROR,$0 ,F2P
1112400,Project Torque - Free 2 Play MMO Racing Game,JOGARA LTD,Massively Multiplayer,$3.4k ($2.1k - $4.7k),$3.4k,
500710,Wild Terra Online,Juvty Worlds,Massively Multiplayer,$5.4k ($3.5k - $7.2k),$961.9k,
429540,Prime World: Defenders 2,Nival,Massively Multiplayer,$69.7k ($37.7k - $101.8k),$2.5m,
782670,Battle Tanks: Legends of World War II,XDEVS LTD,Massively Multiplayer,$1.6m ($796k - $2.5m),$7.7m,
485670,Mini Golf Arena,Evoluta Studio,Massively Multiplayer,$19.7k ($9.9k - $29.5k),$20.9k,
565020,Global Adventures,SubaGames,Massively Multiplayer,ERROR,$168.5k,F2P
295710,Darkwind: War on Wheels,Psychic Software,Massively Multiplayer,ERROR,$339.3k,F2P
542590,SoulSaverOnline,Netgame,Massively Multiplayer,$248k ($138.1k - $357.8k),$248.2k,
1469160,Wartune Reborn,7Road,Massively Multiplayer,$480k ($173.8k - $786.2k),$480.5k,
754420,Metro Conflict: The Origin Demo,"RED DUCK, INC.",Massively Multiplayer,ERROR,ERROR,DEMO
929490,RAM Pressure,GDT,Massively Multiplayer,$2.9k ($1k - $4.9k),$2.9k,
782660,Armada: Modern Tanks,XDEVS LTD,Massively Multiplayer,$47.1k ($29.1k - $65.1k),$7.7m,
251410,Dark Matter,Iceberg Interactive,Metroidvania,$56.7k ($35.8k - $77.7k),$34.8m,
1253920,Rogue Legacy 2,Cellar Door Games,Metroidvania,$16.3m ($10.7m - $21.9m),$26.4m,
1147560,Skul: The Hero Slayer,NEOWIZ,Metroidvania,$24.2m ($17m - $31.5m),$123.3m,
2725260,ENDER MAGNOLIA: Bloom in the Mist,Binary Haze Interactive,Metroidvania,$4.7m ($3.2m - $6.2m),$18.1m,
870780,Control Ultimate Edition,Remedy Entertainment,Metroidvania,$36.3m ($25.3m - $47.3m),$65.9m,
2114740,Blasphemous 2,Team17,Metroidvania,$8.7m ($6.5m - $11m),$491.2m,
241600,Rogue Legacy,Cellar Door Games,Metroidvania,$8.9m ($5.8m - $11.9m),$26.4m,
463220,Dungeon of Zolthan,New Reality Games,Metroidvania,$15.1k ($8.1k - $22.2k),$603.1k,
50650,Darksiders II,Nordic Games,Metroidvania,ERROR,$160.3k,NOG
1369630,ENDER LILIES: Quietus of the Knights,Binary Haze Interactive,Metroidvania,$13.1m ($9.6m - $16.6m),$18.1m,
257850,Hyper Light Drifter,Heart Machine,Metroidvania,$10.3m ($7.6m - $12.9m),$10.3m,
50620,Darksiders,THQ Nordic,Metroidvania,ERROR,$387m,NOG
239250,Castlevania: Lords of Shadow 2,KONAMI,Metroidvania,$5.8m ($4.1m - $7.5m),$639.1m,
953490,CARRION,Devolver Digital,Metroidvania,$11m ($8.1m - $13.9m),$500.5m,
753420,Dungreed,TEAM HORAY,Metroidvania,$3.9m ($2.8m - $5m),$6.3m,
553640,ICEY,XD,Metroidvania,$6.1m ($3.8m - $8.5m),$84.3m,
388410,Darksiders II Deathinitive Edition,THQ Nordic,Metroidvania,$9.8m ($6.6m - $13m),$387m,
462780,Darksiders Warmastered Edition,THQ Nordic,Metroidvania,$2.3m ($1.4m - $3.2m),$387m,
236090,Dust: An Elysian Tail,Xbox Game Studios,Metroidvania,$6.5m ($4.6m - $8.4m),$1.8b,
356650,Death's Gambit: Afterlife,Serenity Forge,Metroidvania,$3.5m ($2.3m - $4.6m),$41.4m,
553420,TUNIC,Finji,Metroidvania,$12m ($9.2m - $14.8m),$24.5m,
1347970,Patch Quest,Curve Games,Metroidvania,$1.2m ($671.7k - $1.7m),$195.7m,
400630,Wuppo: Definitive Edition,snekflat,Metroidvania,$874.7k ($589.1k - $1.1m),$874.6k,
263980,Out There Somewhere,Senpai Industrial Studios,Metroidvania,$362.3k ($221.8k - $502.7k),$1m,
1274600,The Last Faith,Playstack,Metroidvania,$1.9m ($1.3m - $2.6m),$116.5m,
1120810,Eastern Exorcist,Wildfire Game（无锡野火数字科技有限公司）,Metroidvania,$1.3m ($860.8k - $1.7m),$1.3m,
1123050,GRIME,Akupara Games,Metroidvania,$2.4m ($1.7m - $3.1m),$33.7m,
214770,Guacamelee! Gold Edition,Drinkbox Studios,Metroidvania,$4m ($2m - $6m),$12.7m,
1745510,Lunacid,KIRA LLC,Metroidvania,$2m ($1.3m - $2.8m),$2m,
234080,Castlevania: Lords of Shadow – Ultimate Edition,KONAMI,Metroidvania,$9.3m ($7.1m - $11.5m),$639.1m,
813630,Supraland,Supra Games,Metroidvania,$3.7m ($2.5m - $5m),$5.6m,
418670,Pankapu,Dear Villagers,Metroidvania,$28.1k ($8k - $48.3k),$33.6m,
1149440,Dragon Marked For Death,"INTI CREATES CO., LTD.",Metroidvania,$1.2m ($890.8k - $1.6m),$8.5m,
1634860,Minishoot' Adventures,SoulGame Studio,Metroidvania,$1.5m ($1.1m - $2m),$1.5m,
2081400,Gal Guardians: Demon Purge,"INTI CREATES CO., LTD.",Metroidvania,$946.6k ($727.4k - $1.1m),$8.5m,
927250,Bladed fury,NEXT Studios,Metroidvania,$447.6k ($252.4k - $642.8k),$18.9m,
1426490,LOST EPIC,One or Eight,Metroidvania,$583.6k ($357.8k - $809.3k),$739.8k,
1306630,Lost Ruins,DANGEN Entertainment,Metroidvania,$2.5m ($1.7m - $3.3m),$26.4m,
1574240,Dread Delusion,DreadXP,Metroidvania,$1.6m ($1m - $2.3m),$18.5m,
838310,Bloodstained: Curse of the Moon,"INTI CREATES CO., LTD.",Metroidvania,$1.1m ($826.7k - $1.4m),$8.5m,
393520,Iconoclasts,Bifrost Entertainment,Metroidvania,$2m ($1.4m - $2.6m),$2m,
916730,Gato Roboto,Devolver Digital,Metroidvania,$613.6k ($424.4k - $802.7k),$500.5m,
231160,The Swapper,Facepalm Games,Metroidvania,$2.5m ($1.5m - $3.5m),$2.5m,
1637730,Crystal Project,Andrew Willman,Metroidvania,$951k ($556.8k - $1.3m),$953.4k,
235210,STRIDER / ストライダー飛竜,Capcom,Metroidvania,$1.5m ($917.2k - $2.1m),$247.7m,
1191630,Shantae and the Seven Sirens,WayForward,Metroidvania,$1.5m ($1m - $2m),$11.8m,
1582650,Caravan SandWitch,Dear Villagers,Metroidvania,$1.3m ($906.8k - $1.7m),$33.6m,
248190,Knytt Underground,Ripstone,Metroidvania,$148.5k ($30.4k - $266.5k),$3m,
1552550,Castlevania Advance Collection,KONAMI,Metroidvania,$1.9m ($1m - $2.8m),$639.1m,
764790,The Messenger,Devolver Digital,Metroidvania,$4m ($2.8m - $5.3m),$500.5m,
1209490,Exit the Gungeon,Devolver Digital,Metroidvania,$1.3m ($791k - $1.9m),$500.5m,
428550,Momodora: Reverie Under The Moonlight,PLAYISM,Metroidvania,$2.8m ($2m - $3.5m),$86.3m,
400910,Rabi-Ribi,CreSpirit,Metroidvania,$3.7m ($2.5m - $4.9m),$6.5m,
347800,Ghost Song,Humble Games,Metroidvania,$374.1k ($230.7k - $517.6k),$202.3m,
860950,Mark of the Ninja: Remastered,Klei Entertainment,Metroidvania,$2.4m ($1.5m - $3.4m),$371.1m,
2365810,Pseudoregalia,rittzler,Metroidvania,$1.6m ($1.1m - $2.1m),$1.6m,
374190,Infernax,The Arcade Crew,Metroidvania,$955.2k ($634.6k - $1.2m),$18.4m,
789760,DEAD OR SCHOOL,Studio Nanafushi,Metroidvania,$1.1m ($818.5k - $1.5m),$1.1m,
286100,You Have to Win the Game,Minor Key Games,Metroidvania,ERROR,$1.4m,F2P
2404370,YOHANE THE PARHELION -BLAZE in the DEEPBLUE-,"INTI CREATES CO., LTD.",Metroidvania,$417.8k ($290k - $545.6k),$8.5m,
1761380,Otherworld Legends 战魂铭人,ChillyRoom,Metroidvania,$77.1k ($31.6k - $122.7k),$1.3m,
1087760,The Gunk,Thunderful Publishing,Metroidvania,$888.8k ($604.2k - $1.1m),$28.2m,
999020,Mega Man Zero/ZX Legacy Collection,"CAPCOM CO., LTD.",Metroidvania,$2.3m ($1.2m - $3.4m),$6m,
1614440,Bō: Path of the Teal Lotus,Humble Games,Metroidvania,$485.2k ($323.1k - $647.4k),$202.3m,
3099000,Guns of Fury,Gelato Games Ltd,Metroidvania,$226.2k ($160.7k - $291.8k),$225k,
463270,Ghost 1.0,Unepic Games,Metroidvania,$513k ($357.4k - $668.6k),$5m,
1231880,"Haiku, the Robot",Mister Morris Games,Metroidvania,$713.2k ($517.2k - $909.3k),$3.9m,
1413870,Shadow Man Remastered,Nightdive Studios,Metroidvania,$400.1k ($299.3k - $500.8k),$20.4m,
339200,Oceanhorn: Monster of Uncharted Seas,Cornfox & Brothers Ltd.,Metroidvania,$969.1k ($632.3k - $1.3m),$969k,
449610,Monster Boy and the Cursed Kingdom,FDG Entertainment,Metroidvania,$807.1k ($573.3k - $1m),$1.2m,
361230,Super Daryl Deluxe,Dan & Gary Games,Metroidvania,$243k ($96.1k - $390k),$243k,
277890,Shantae: Risky's Revenge - Director's Cut,WayForward,Metroidvania,$546.6k ($344.7k - $748.6k),$11.8m,
1123450,Chicory: A Colorful Tale,Finji,Metroidvania,$1.2m ($927.1k - $1.5m),$24.5m,
1436590,Phoenotopia: Awakening,Cape Cosmic,Metroidvania,$593.4k ($346.1k - $840.7k),$593.2k,
366320,Seasons after Fall,Focus Entertainment,Metroidvania,$826.1k ($529.2k - $1.1m),$727.2m,
1220150,Blue Fire,Graffiti Games,Metroidvania,$848k ($634.1k - $1m),$5.1m,
334940,Yoku's Island Express,Team17 Digital Ltd,Metroidvania,$822.7k ($503.4k - $1.1m),$25.9m,
2851150,Tomba! Special Edition,Limited Run Games,Metroidvania,$286.2k ($201.9k - $370.5k),$860.5k,
2386310,Ultros,Kepler Interactive,Metroidvania,$1m ($648.3k - $1.4m),$245.2m,
1802880,The Devil Within: Satgat,Newcore Games,Metroidvania,$260k ($164.1k - $355.9k),$259.9k,
2014550,Voidwrought,Kwalee,Metroidvania,$242.5k ($162.8k - $322.2k),$21.5m,
1772830,Rusted Moss,PLAYISM,Metroidvania,$459.8k ($314.2k - $605.4k),$86.3m,
1299690,Gori: Cuddly Carnage,Wired Productions,Metroidvania,$341.2k ($236.4k - $446.1k),$13.3m,
1911360,Trinity Fusion,Angry Mob Games,Metroidvania,$327.4k ($234.1k - $420.7k),$676.4k,
1649740,Hunt the Night,DANGEN Entertainment,Metroidvania,$174k ($115.3k - $232.8k),$26.4m,
95300,Capsized,Alientrap,Metroidvania,$278.2k ($133.1k - $423.3k),$3.4m,
201420,Toki Tori 2+,Two Tribes,Metroidvania,$80.9k ($39.9k - $122k),$80.9k,
1413660,Elderand,Graffiti Games,Metroidvania,$440.8k ($312.4k - $569.2k),$5.1m,
1580180,Gunbrella,Devolver Digital,Metroidvania,$358.9k ($261.1k - $456.7k),$500.5m,
1315610,Source of Madness,Thunderful Publishing,Metroidvania,$605.9k ($328.3k - $883.5k),$28.2m,
787850,Heroine Anthem Zero 2 : Scalescars Oath,Skywalker HK,Metroidvania,$185k ($117.9k - $252.1k),$478.4k,
1911940,Twilight Monk,"GRAVITY GAME ARISE Co., Ltd.",Metroidvania,$107.8k ($66.2k - $149.3k),$726.7k,
2231190,Magical Delicacy,Whitethorn Games,Metroidvania,$129k ($82.9k - $175.1k),$5.7m,
2644360,Kingsgrave,Alawar,Metroidvania,$104.9k ($75.3k - $134.4k),$13.3m,
312560,Xanadu Next,XSEED Games,Metroidvania,$232.7k ($168.5k - $297k),$125.4m,
600130,Valfaris,Silver Lining Interactive,Metroidvania,$1m ($725.4k - $1.3m),$7.8m,retry
1517970,Aeterna Noctis,Aeternum Game Studios S.L,Metroidvania,$540.7k ($309k - $772.5k),$675.4k,retry
2769080,Kong: Survivor Instinct,7Levels,Metroidvania,$155.8k ($100.4k - $211.3k),$166.3k,retry
946030,Axiom Verge 2,Thomas Happ Games LLC,Metroidvania,$390.9k ($283.6k - $498.1k),$3.6m,
1172380,STAR WARS Jedi: Fallen Order,Electronic Arts,Platformer,$137.7m ($100.3m - $175.1m),$4.4b,
1286280,Pronty,18Light Game Ltd.,Metroidvania,$240.5k ($156.3k - $324.7k),$298.5k,
1416920,Chinese Online Game,Wise Games,Platformer,$2m ($1.2m - $2.9m),$2.8m,
204300,Awesomenauts,Atari,Platformer,$4.9m ($2.4m - $7.4m),$37.6m,
1382330,Persona 5 Strikers,SEGA,Platformer,$22.4m ($15m - $29.8m),$1.6b,
813230,ANIMAL WELL,Bigmode,Platformer,$13m ($9.1m - $16.8m),$13.8m,
1608070,CRISIS CORE –FINAL FANTASY VII– REUNION,Square Enix,Platformer,$11.7m ($7.1m - $16.3m),$1b,
253230,A Hat in Time,Gears for Breakfast,Platformer,$23.1m ($16.1m - $30.1m),$23.4m,
1353230,Bomb Rush Cyberfunk,Team Reptile,Platformer,$11.5m ($8.1m - $14.8m),$18.8m,
1499560,LastCloudia,Boltrend Games,Platformer,ERROR,ERROR,NOG
2478970,Tomb Raider I-III Remastered Starring Lara Croft,Aspyr,Platformer,$6m ($4.2m - $7.9m),$17.9m,
335240,Transformice,Atelier 801,Platformer,$7m ($4.9m - $9.1m),$7m,
2230650,TEVI,CreSpirit,Platformer,$2.3m ($1.5m - $3.1m),$6.5m,
1372110,JoJo's Bizarre Adventure: All-Star Battle R,Bandai Namco Entertainment,Platformer,$11.6m ($8.1m - $15.2m),$1.7b,
2492040,FATAL FURY: City of the Wolves,SNK CORPORATION,Platformer,$4.3m ($3.2m - $5.4m),$35.5m,retry
508760,Ball of Wonder,My Way Games,Platformer,$46.9k ($9.3k - $84.5k),$729.1k,retry
1147860,UFO 50,Mossmouth,Platformer,$5.7m ($4.1m - $7.3m),$23.4m,
329380,Stealth Inc 2: A Game of Clones,Curve Games,Platformer,$247.2k ($109.1k - $385.4k),$195.7m,
35720,Trine 2: Complete Story,Frozenbyte,Platformer,$2.6m ($1.3m - $3.8m),$30.2m,
239350,Spelunky,Mossmouth,Platformer,$6.9m ($4.8m - $9m),$23.4m,
250760,Shovel Knight: Treasure Trove,Yacht Club Games,Platformer,$11.1m ($8.1m - $14.2m),$12.9m,
487370,Akin,Conglomerate 5,Platformer,$6.9k ($4.1k - $9.6k),$2.5m,
1533390,Gorilla Tag,Another Axiom Inc.,Platformer,$26.7m ($16.8m - $36.6m),$26.7m,
487700,Conan the mighty pig,Mihai Morosanu,Platformer,$12.2k ($6.6k - $17.8k),$41.3k,
619700,Steel Rats,Tate Multimedia,Platformer,$268.2k ($62.5k - $473.8k),$1.7m,
2022670,SONIC SUPERSTARS,SEGA,Platformer,$2.6m ($1.7m - $3.5m),$1.6b,
71340,Sonic Generations Collection,SEGA,Platformer,$4.4m ($2.8m - $5.9m),$1.6b,
589770,Green Elephant 2D,4Fufelz,Platformer,ERROR,$0 ,F2P
2139020,What the Fog,Behaviour Interactive Inc.,Platformer,$104.7k ($55.4k - $154.1k),$205.4m,
3195790,White Knuckle,DreadXP,Platformer,$1.4m ($958.3k - $1.8m),$18.5m,
314660,Oddworld: New 'n' Tasty,"Oddworld Inhabitants, Inc.",Platformer,$3m ($2m - $4m),$3m,
521890,Hello Neighbor,tinyBuild,Platformer,$8.8m ($5.9m - $11.6m),$178.4m,
2431880,High Sea Saga DX,"Kairosoft Co., Ltd",Platformer,$262.8k ($163.1k - $362.5k),$5.6m,retry
115800,Owlboy,D-Pad Studio,Platformer,$4.9m ($3.4m - $6.5m),$5m,
598700,The Vagrant,SakuraGame,Platformer,$760.7k ($501.4k - $1m),$3.9m,
745330,StrikeForce Kitty,Creepy Brothers,Platformer,$86k ($37.3k - $134.7k),$744.3k,retry
230050,DLC Quest,Going Loud Studios,Platformer,$651k ($445.8k - $856.2k),$671.8k,
257750,Bloody Trapland,2Play,Platformer,$1m ($579k - $1.6m),$1.5m,
1051200,Trover Saves the Universe,"Squanch Games, Inc.",Platformer,$4.5m ($2.9m - $6.1m),$40.3m,
2835110,Sea Fantasy,METASLA,Platformer,$239.6k ($168.4k - $310.7k),$239.2k,
312200,Chasm,"Bit Kid, Inc.",Platformer,$717.8k ($396.4k - $1m),$716.6k,
1203630,Record of Lodoss War-Deedlit in Wonder Labyrinth-,WSS playground,Platformer,$1.3m ($970.3k - $1.8m),$24.7m,
371140,Aegis Defenders,Humble Games,Platformer,$825.1k ($357.4k - $1.2m),$202.3m,
1835240,Spiritfall,Gentle Giant,Platformer,$829k ($613.7k - $1m),$827.9k,
1536070,Sword and Fairy 3,SOFTSTAR ENTERTAINMENT,Platformer,$526.9k ($327.1k - $726.7k),$29.9m,
3084280,Threefold Recital,indienova,Platformer,$564.2k ($348.4k - $779.9k),$41.5m,
331480,Pinstripe,Armor Games Studios,Platformer,$370.2k ($246.1k - $494.4k),$20.7m,
319910,Trine 3: The Artifacts of Power,Frozenbyte,Platformer,$4.5m ($3.1m - $5.9m),$30.2m,
2671230,BLADECHIMERA,PLAYISM,Platformer,$439.7k ($311.7k - $567.8k),$86.3m,
1429500,Frontier Hunter: Erza’s Wheel of Fortune,IceSitruuna,Platformer,$1m ($632.7k - $1.5m),$1.6m,
227600,Castle of Illusion,SEGA,Platformer,$1.4m ($969.8k - $1.9m),$1.6b,
1623940,Bramble: The Mountain King,Maximum Entertainment,Platformer,$1.9m ($1.4m - $2.5m),$32.3m,
211260,They Bleed Pixels,Spooky Squid Games Inc.,Platformer,$875.4k ($580.7k - $1.1m),$944.2k,
212800,Super Crate Box,Vlambeer,Platformer,ERROR,$8.5m,F2P
1244950,Battletoads,Microsoft Studios,Platformer,$964.7k ($666.8k - $1.2m),$964k,
102840,Shank 2,Klei Entertainment,Platformer,$578.1k ($286.4k - $869.9k),$371.1m,
1276800,CONVERGENCE: A League of Legends Story,Riot Forge,Platformer,$1m ($713.1k - $1.3m),$15.8m,
331870,AER Memories of Old,Daedalic Entertainment,Platformer,$941.9k ($587.1k - $1.2m),$159.7m,
1455900,Plunder Panic,Will Winn Games,Platformer,$119.5k ($23.9k - $215.1k),$119.8k,
809880,Degrees of Separation,Maximum Entertainment,Platformer,$475.8k ($210k - $741.5k),$32.3m,
1448260,下一站江湖Ⅰ,成都搜发互娱网络科技有限公司,Platformer,$127.2k ($73.4k - $181k),$127.2k,
537450,ReCore: Definitive Edition,Xbox Game Studios,Platformer,$633.5k ($421.2k - $845.9k),$1.8b,
32330,LEGO Indiana Jones: The Original Adventures,LucasArts,Platformer,$1.4m ($881.7k - $2m),$124.9m,
405820,Turok,Nightdive Studios,Platformer,$1.1m ($740.2k - $1.4m),$20.4m,
2394650,Crypt Custodian,Kyle Thompson,Platformer,$640.3k ($435.9k - $844.8k),$679k,
2692570,Sonder,Finally Games,Platformer,ERROR,$0 ,F2P
1555400,Gomoku Let's Go,indienova,Platformer,$80.6k ($54.4k - $106.8k),$41.5m,
1859470,PAC-MAN WORLD Re-PAC,Bandai Namco Entertainment,Platformer,$914.9k ($493.6k - $1.3m),$1.7b,
1430220,BIOMORPH,Lucid Dreams Studio,Platformer,$198.4k ($132.2k - $264.7k),$204.2k,
2427100,Cafe Master Story,"Kairosoft Co., Ltd",Platformer,$110.7k ($66.2k - $155.2k),$5.6m,retry
509250,TO THE TOP,Electric Hat Games LLC.,Platformer,$914.8k ($576.5k - $1.2m),$914.8k,
6120,Shank,Klei Entertainment,Platformer,$509k ($324.1k - $693.9k),$371.1m,
318530,Wings of Vi,Grynsoft,Platformer,$1m ($679.4k - $1.3m),$1m,
1130410,Cyber Hook,Graffiti Games,Platformer,$513.4k ($317.1k - $709.6k),$5.1m,
3171460,Hatsuyuki Sakura,HIKARI FIELD,Platformer,$127.4k ($66.5k - $188.3k),$46.7m,
2235020,Contra: Operation Galuga,KONAMI,Platformer,$840.9k ($600.6k - $1m),$639.1m,
2073050,Emma's Armaments,Emma Create,Platformer,$55.9k ($12.1k - $99.6k),$113.7k,
1921780,The Sushi Spinnery,"Kairosoft Co., Ltd",Platformer,$164.7k ($84k - $245.4k),$5.6m,retry
320590,Warside,Kraken Games,Platformer,ERROR,$320 ,NOG
1808780,祖玛少女/Zuma Girls,Twilight Sonata Studio,Platformer,$78.9k ($39.5k - $118.3k),$256.1k,
753660,AtmaSphere,GrabTheGames,Platformer,$17.4k ($8.7k - $26.1k),$13.6m,
3073470,MY DIRECT DAMAG 7 TRILLION,真香工作室,Platformer,$5.4k ($2.7k - $8.1k),$5.4k,
1924430,Cookie Cutter: Overkill Edition,Subcult Joint LTD,Platformer,$442.1k ($290.2k - $593.9k),$441.9k,
1261520,Asterix & Obelix XXL: Romastered,Microids,Platformer,$406k ($227.4k - $584.6k),$27m,
1579020,Golfie,Yogscast Games,Platformer,$578.9k ($269.2k - $888.6k),$37.8m,
1214670,Mr. Sun's Hatbox,Raw Fury,Platformer,$199k ($124.8k - $273.1k),$100m,
488730,God's Trigger,Techland Publishing,Platformer,$361.1k ($213.7k - $508.6k),$12.7m,
2119680,Tropical Resort Story,"Kairosoft Co., Ltd",Platformer,$51.7k ($31.3k - $72.1k),$5.6m,retry
510420,The Hex,Daniel Mullins Games,Platformer,$554.4k ($377k - $731.9k),$2.1m,
1710540,Fall of Porcupine,Assemble Entertainment,Platformer,$235.1k ($164.2k - $306.1k),$24.2m,
1581480,HUMANITY,Enhance,Platformer,$484.8k ($325.7k - $643.8k),$12m,
591630,Candleman: The Complete Journey,Candleman Games,Platformer,$385.3k ($249.6k - $521k),$401.6k,
1018010,Castlevania Anniversary Collection,KONAMI,Platformer,$722.7k ($376.2k - $1m),$639.1m,
1918540,The Ramen Sensei,"Kairosoft Co., Ltd",Platformer,$104.7k ($51.6k - $157.9k),$5.6m,retry
610570,Paradox Soul,GrabTheGames,Platformer,$4.2k ($2.1k - $6.3k),$13.6m,
1800940,The Enjenir: The Engineering Physics Building Simulator,PeatyTurf,Platformer,$449.8k ($308.4k - $591.1k),$449.4k,
1354910,Tiny Lands,Maple Whispering Limited,Platformer,$145.4k ($96.6k - $194.3k),$31.3m,
2347380,Witch's Garden,HIKARI FIELD,Platformer,$50.8k ($30.8k - $70.7k),$46.7m,
1286710,Hylics 2,Mason Lindroth,Platformer,$1m ($752.2k - $1.2m),$1.3m,
253350,Tiny Barbarian DX,"Nicalis, Inc.",Platformer,$106.1k ($56.3k - $156k),$84.6m,
1496590,Tchia,Kepler Interactive,Platformer,$394.5k ($256.6k - $532.4k),$245.2m,
395170,DISTRAINT: Deluxe Edition,Jesse Makkonen,Puzzle,$230.6k ($141.4k - $319.8k),$554.2k,
1483870,Draw & Guess,Acureus,Puzzle,$9.9m ($5.7m - $14m),$9.9m,
1092790,Inscryption,Devolver Digital,Puzzle,$42.1m ($32.2m - $51.9m),$500.5m,
668580,Atomic Heart,Focus Entertainment,Puzzle,$50.4m ($35.4m - $65.5m),$727.2m,
1477020,Wordle 4,Gigantum Games,Puzzle,$12.6k ($2.5k - $22.7k),$144.1k,
282140,SOMA,Frictional Games,Puzzle,$11m ($7.9m - $14.1m),$30.8m,
351030,Pixel Puzzles Ultimate Jigsaw Puzzles,Pixel Puzzles,Puzzle,$140.8k ($105.9k - $175.7k),$595.7k,
973760,Thronebreaker: The Witcher Tales,CD PROJEKT RED,Puzzle,$10.9m ($7.4m - $14.4m),$1.1b,
383270,Hue,Curve Games,Puzzle,$488k ($265.7k - $710.4k),$195.7m,
234330,MARVEL Puzzle Quest,505 Go Inc,Puzzle,$12m ($5.9m - $18.2m),$12m,
407230,Legend of Mysteria RPG,Senpai Industrial Studios,Puzzle,$25.2k ($13.6k - $36.7k),$1m,
597220,West of Loathing,Asymmetric,Puzzle,$3.6m ($2.6m - $4.6m),$6.6m,
1109570,Word Game,Team9,Puzzle,$2.9m ($1.7m - $4.2m),$2.9m,
1302240,Labyrinthine,Valko Game Studios,Puzzle,$8.1m ($5.2m - $11m),$8.1m,
683320,GRIS,Devolver Digital,Puzzle,$11.9m ($8.5m - $15.4m),$500.5m,
572890,Pikuniku,Devolver Digital,Puzzle,$2.9m ($1.7m - $4.1m),$500.5m,
3028500,Cakey's Twisted Bakery,TinyMindz,Puzzle,$404.2k ($80.8k - $727.5k),$403k,
1216710,Cyber Manhunt,Aluba Van+,Puzzle,$3m ($1.9m - $4m),$3m,
1801650,Lost: Find,DSGame,Puzzle,$519.4k ($313.7k - $725.1k),$15.5m,
3218600,Game of Fate 2: A Century's Promise,EpicDream Games,Puzzle,$392.8k ($244.9k - $540.6k),$956.7k,
233290,Murdered: Soul Suspect,Square Enix,Puzzle,$7.4m ($4.8m - $10m),$1b,
2495050,Merge Adventure: Magic Dragons,Neverest Games,Puzzle,$63.4k ($45.8k - $81k),$63.3k,
1436700,Trine 5: A Clockwork Conspiracy,THQ Nordic,Puzzle,$4m ($2.4m - $5.6m),$387m,
34900,Bad Rats: the Rats' Revenge,Strategy First,Puzzle,$176.2k ($87.5k - $265k),$11.8m,
316790,Grim Fandango Remastered,Double Fine Productions,Puzzle,$1.8m ($1.2m - $2.4m),$20.8m,
1069740,Seen,Seen Games,Puzzle,$98.2k ($55.3k - $141.2k),$98.2k,
1574580,Strange Horticulture,Iceberg Interactive,Puzzle,$4.3m ($2.8m - $5.7m),$34.8m,
35700,Trine Enchanted Edition,Frozenbyte,Puzzle,$3.1m ($1.6m - $4.6m),$30.2m,
404680,Hob,Arc Games,Puzzle,$2.3m ($1.5m - $3.1m),$330m,
351920,Crazy Machines 3,Daedalic Entertainment,Puzzle,$888.2k ($577.7k - $1.1m),$159.7m,
2233120,A Quiet Place: The Road Ahead,Saber Interactive,Puzzle,$1.7m ($1.2m - $2.2m),$3.1m,
1672670,彷徨之街 The Street of Adrift,LoveStoryProject,Puzzle,$191.1k ($108.7k - $273.5k),$845.8k,
906100,Observation,Devolver Digital,Puzzle,$1.1m ($801.9k - $1.5m),$500.5m,
437920,Tricky Towers,WeirdBeard,Puzzle,$2.8m ($1.7m - $3.9m),$2.8m,
1213700,Spirit of the North,Silver Lining Interactive,Puzzle,$1.3m ($848.4k - $1.8m),$7.8m,
1301720,Escape Room - Der kranke Kollege,Bitbeast Games,Puzzle,ERROR,$3.5k,F2P
359810,Hare In The Hat,RunServer,Puzzle,$17.6k ($7.6k - $27.7k),$324.6k,
1125480,School Years,电钮组,Puzzle,$25.1k ($9.9k - $40.3k),$67.3k,
1244630,House Builder,PlayWay S.A.,Puzzle,$1.9m ($1.1m - $2.7m),$275.3m,
828740,Tales of the Neon Sea,Thermite Games,Puzzle,$859.2k ($658.3k - $1m),$5.2m,
1346020,Wargroove 2,Chucklefish,Puzzle,$361.4k ($240.5k - $482.3k),$84m,
2676840,No Case Should Remain Unsolved,Somi,Puzzle,$850.3k ($542.8k - $1.1m),$1.3m,
1026820,Coloring Game,L. Stotch,Puzzle,$33k ($20.7k - $45.4k),$283.1k,
2008920,Lorelei and the Laser Eyes,Annapurna Interactive,Puzzle,$1.4m ($1m - $1.8m),$187.8m,
1042380,Hundred Days - Winemaking Simulator,Broken Arms Games,Puzzle,$910.3k ($515k - $1.3m),$949.6k,
416680,Zombie Night Terror,Good Shepherd Entertainment,Puzzle,$586.5k ($377.9k - $795k),$91m,
2286770,Paper Bride 4 Bound Love,HeartBeat Plus,Puzzle,$314k ($203.8k - $424.2k),$1.7m,
435030,Lost Lands: Mahjong,FIVE-BN GAMES,Puzzle,$52.8k ($29.5k - $76.2k),$717.4k,
2963550,Game of Fate: Chasing Through Time,EpicDream Games,Puzzle,$253.7k ($168.1k - $339.2k),$956.7k,
3620,Zuma's Revenge!,"PopCap Games, Inc.",Puzzle,$874.9k ($486.7k - $1.2m),$29m,
1497440,COCOON,Annapurna Interactive,Puzzle,$2.9m ($2.2m - $3.7m),$187.8m,
1670870,MADiSON,BLOODIOUS GAMES,Puzzle,$2.9m ($2.2m - $3.5m),$3m,
643270,OLDTV,Creability,Puzzle,ERROR,$0 ,F2P
823550,Booty Calls,Nutaku Publishing,Puzzle,ERROR,$34.6m,F2P
1544360,LEGO Builder's Journey,LEGO® Games,Puzzle,$1.8m ($1.3m - $2.3m),$2m,
473950,Manifold Garden,William Chyr Studio,Puzzle,$2.3m ($1.5m - $3.1m),$2.3m,
962400,Granny,DVloper,Puzzle,$939.7k ($689.7k - $1.1m),$1.2m,
99910,Puzzle Pirates,Grey Havens,Puzzle,$3m ($1.9m - $4m),$3.1m,
1369340,Cats Organized Neatly,DU&I,Puzzle,$456.5k ($300.7k - $612.2k),$671.8k,
711660,CHUCHEL,Amanita Design,Puzzle,$718.8k ($503.9k - $933.6k),$10.7m,
1372320,Cloud Gardens,Noio,Puzzle,$852k ($545.8k - $1.1m),$851.6k,
2880730,AI2U: With You 'Til The End,AlterStaff Inc.,Puzzle,$310.4k ($231.7k - $389.1k),$304.7k,
1904790,Agatha Christie - Murder on the Orient Express,Microids,Puzzle,$892.8k ($632.5k - $1.1m),$27m,
537110,Angels of Death,Vaka Game Magazine,Puzzle,$871k ($651.8k - $1m),$2.5m,
47000,4 Elements,Playrix Entertainment,Puzzle,ERROR,ERROR,NOG
1062110,UNSIGHTED,Humble Games,Puzzle,$618.9k ($430.2k - $807.5k),$202.3m,
1093910,Tales of the Black Forest,SakuraGame,Puzzle,$430.1k ($275.2k - $585k),$3.9m,
1926590,Nancy Drew: Mystery of the Seven Keys,HeR Interactive,Puzzle,$486.6k ($288.8k - $684.4k),$3.1m,
740410,Puzzle Chambers,GrabTheGames,Puzzle,$4.3k ($2.1k - $6.4k),$13.6m,
390460,Tyler,IndieGala,Puzzle,$9k ($1.8k - $16.3k),$913.4k,
795420,The Darkside Detective: A Fumble in the Dark,Akupara Games,Puzzle,$572.2k ($363.5k - $780.9k),$33.7m,
3508770,Haydee 3,Haydee Interactive,Puzzle,$182.3k ($121.1k - $243.4k),$3m,
746710,Cypher,Matthew Brown,Puzzle,$77.3k ($54k - $100.7k),$943.6k,
45400,Fortix,Nemesys Games,Puzzle,$87.5k ($49.5k - $125.6k),$381.6k,
771950,SUMETRICK,Paleno Games,Puzzle,$6.7k ($2.7k - $10.7k),$26k,
966330,Flower,Annapurna Interactive,Puzzle,$735k ($471.2k - $998.7k),$187.8m,
485380,Welcome to the Game,Reflect Studios,Puzzle,$308.1k ($220.4k - $395.9k),$2.5m,
2101890,Zoonomaly,LIGHTS ARE OFF LLC,Puzzle,$220.2k ($131.3k - $309.2k),$218.8k,
1693260,Yugo Puzzle,Qrostar,Puzzle,$71.2k ($37k - $105.4k),$71.2k,
3330280,Free Solitaire,WMGames,Puzzle,ERROR,$0 ,F2P
862480,The Spiral Scouts,Cantaloupe Kids,Puzzle,$185.9k ($42k - $329.8k),$185.9k,
3600,Escape Rosecliff Island,"PopCap Games, Inc.",Puzzle,$86.8k ($35.5k - $138.1k),$29m,
2094250,Valhalla：Awakening of Valkyrie,DSGame,Puzzle,$27.6k ($17.1k - $38k),$15.5m,
3540,Peggle Nights,PopCap Games,Puzzle,$348.6k ($216.1k - $481.1k),$29m,retry
16030,7 Wonders: Treasures of Seven,Accelerate Games,Puzzle,$65.1k ($13k - $117.3k),$1.5m,
850000,Noel the Mortal Fate Complete Edition,Vaka Game Magazine,Puzzle,$651.7k ($362.8k - $940.6k),$2.5m,
251110,INFRA,Loiste Interactive,Puzzle,$789.4k ($549.8k - $1m),$1.1m,
1599560,Wanderer,Mighty Eyes,Puzzle,$586.1k ($379.4k - $792.9k),$661.6k,
1054340,Logic World,Mouse Hat Games,Puzzle,$72.5k ($41.6k - $103.4k),$73k,
1188330,Classic Sudoku,Studio Goya,Puzzle,$116.6k ($67.3k - $165.8k),$287.2k,
22120,Penumbra: Black Plague Gold Edition,Frictional Games,Puzzle,$452.3k ($269.9k - $634.8k),$30.8m,
1238280,100 Doors Game - Escape from School,Peaksel,Puzzle,ERROR,$31.7k,F2P
3057180,Abnormal1999:Sector 49,QZQ Studio,Puzzle,$4.9k ($2k - $7.9k),$58.7k,
1550510,Creepy Tale 2,Creepy Brothers,Puzzle,$134.9k ($80.4k - $189.5k),$744.3k,
1747050,Sam & Max: Beyond Time and Space,Skunkape Games,Puzzle,$343.7k ($182.3k - $505.1k),$1.9m,
1969080,A Building Full of Cats,Devcats,Puzzle,$154.1k ($111.9k - $196.4k),$1.3m,
1003480,Fireboy & Watergirl: Elements,Oslo Albet,Puzzle,$64.7k ($30.1k - $99.3k),$80.3k,
440420,True Fear: Forsaken Souls Part 1,The Digital Lounge,Puzzle,$146.8k ($86.8k - $206.7k),$874.5k,
10100,King's Quest Collection,Activision,Puzzle,$436.4k ($249.7k - $623k),$1.5b,
791470,DYO,Team DYO,Puzzle,ERROR,$0 ,F2P
745920,Temtem,Humble Games,RPG,$41.5m ($26.8m - $56.2m),$202.3m,
1501750,Lords of the Fallen,CI Games,RPG,$34.6m ($22.3m - $47m),$116.9m,
766570,Russian Fishing 4,FishSoft LLC,RPG,$38.3m ($25.3m - $51.4m),$38.3m,
524220,NieR:Automata,Square Enix,RPG,$121.5m ($87.7m - $155.3m),$1b,
1876890,Wandering Sword,Spiral Up Games,RPG,$17.5m ($11.1m - $23.8m),$32.8m,
824550,SD GUNDAM BATTLE ALLIANCE,Bandai Namco Entertainment,RPG,$4.7m ($2.9m - $6.6m),$1.7b,
258970,Gauntlet Slayer Edition,WB Games,RPG,$10.8m ($6.3m - $15.3m),$198.5m,
1991040,School Days,白雨工作室,RPG,$964.6k ($627.3k - $1.3m),$963k,
2161440,Sailing Era,bilibili,RPG,$2.4m ($1.7m - $3.1m),$129m,
226320,Marvel Heroes Omega,Gazillion Entertainment,RPG,ERROR,ERROR,NOG
747200,Keplerth,Gamirror Games,RPG,$4.2m ($2.7m - $5.7m),$119.8m,
487120,Citadel: Forged with Fire,Blue Isle Publishing,RPG,$3.9m ($2.7m - $5.2m),$7.5m,
1712840,Tiny Tina's Assault on Dragon Keep: A Wonderlands One-shot Adventure,2K,RPG,$839.5k ($378k - $1.3m),$1.7b,
929010,Swag and Sorcery,tinyBuild,RPG,$590.4k ($354.7k - $826.2k),$178.4m,
1043810,Tactical Breach Wizards,Suspicious Developments,RPG,$4.3m ($3.2m - $5.4m),$12.4m,
519190,Next Day: Survival,Last Level,RPG,$2.4m ($1.6m - $3.2m),$2.4m,
56400,"Warhammer 40,000: Dawn of War II: Retribution",SEGA,RPG,ERROR,$1.6b,NOG
1588010,PGA TOUR 2K23,2K,RPG,$14.7m ($8.1m - $21.3m),$1.7b,
1135230,Ember Knights,Twin Sails Interactive,RPG,$4.6m ($2.5m - $6.8m),$35.1m,
1519090,Welcome to ParadiZe,Nacon,RPG,$914k ($684k - $1.1m),$157.4m,
360170,How to Survive 2,505 Games,RPG,$6m ($3.8m - $8.3m),$292.7m,
302510,Ryse: Son of Rome,Crytek,RPG,$16.6m ($12.5m - $20.8m),$186.8m,
1295270,SaGa Frontier Remastered,Square Enix,RPG,$637.8k ($361.1k - $914.4k),$1b,
1211600,ZED ZONE,INDIECN,RPG,$1.1m ($796.3k - $1.5m),$7m,
2561580,Horizon Zero Dawn Remastered,PlayStation Publishing LLC,RPG,$10m ($6.1m - $13.9m),$1.2b,
1839430,Dolls Nest,NITRO PLUS,RPG,$917.8k ($594.7k - $1.2m),$926k,
291860,Pit People,The Behemoth,RPG,$5.5m ($3.8m - $7.1m),$72.5m,
926990,WolfQuest: Anniversary Edition,eduweb,RPG,$6.5m ($4.5m - $8.6m),$7.2m,
1599330,Wildmender,Kwalee,RPG,$2.5m ($1.6m - $3.3m),$21.5m,
2190290,To Be or Not to Be,DSGame,RPG,$6.8m ($4.1m - $9.4m),$15.5m,
3315330,Big Winner,iFAction Studio,RPG,$314.4k ($196.8k - $432.1k),$1.1m,
1097420,No-brainer Heroes 挂机吧！勇者,小团团工作室,RPG,$370k ($202.6k - $537.4k),$370k,
991270,The Legend of Heroes: Trails of Cold Steel III,"NIS America, Inc.",RPG,$2.6m ($1.6m - $3.6m),$47.9m,
1915510,Yao-Guai Hunter,MòGames,RPG,$1m ($761.8k - $1.4m),$1m,
678800,SAS: Zombie Assault 4,Ninja Kiwi,RPG,$3m ($2.2m - $3.8m),$64.7m,
1746930,SunnySide,Merge Games,RPG,$478k ($298.6k - $657.3k),$1.2m,
1330000,Stolen Realm,Burst2Flame Entertainment,RPG,$2.9m ($1.7m - $4.1m),$2.9m,
552700,WORLD OF FINAL FANTASY,Square Enix,RPG,$3.7m ($2.6m - $4.8m),$1b,
1059980,Just King,VISH,RPG,$371.3k ($233.2k - $509.4k),$371.3k,
20570,"Warhammer 40,000: Dawn of War II Chaos Rising",SEGA,RPG,$340.6k ($198k - $483.2k),$1.6b,
257170,Rebuild 3: Gangs of Deadsville,Northway Games,RPG,$1.3m ($889.5k - $1.7m),$1.8m,
1769420,Noble Fates,"Xobermon, LLC",RPG,$1m ($674.4k - $1.4m),$1m,
2311680,Magic Research,Maticolotto,RPG,$161.2k ($101.2k - $221.3k),$454k,
3046600,Onimusha 2: Samurai's Destiny,"CAPCOM Co., Ltd.",RPG,$635.9k ($414.4k - $857.4k),$1.8b,
776490,永远消失的幻想乡 ～ The Disappearing of Gensokyo,MyACG Studio,RPG,$1m ($660.1k - $1.5m),$2.8m,
1011940,Ideology in Friction,Kagura Games,RPG,$942.1k ($579.6k - $1.3m),$63.3m,
370690,Elendia Ceus,Aldorlea Games,RPG,$1.6k ($815 - $2.4k),$395.8k,retry
1035610,Hentai Mosaique Vip Room,Lil Hentai Games,RPG,$11.8k ($5.9k - $17.8k),$424.3k,
657090,Robothorium,Goblinz Publishing,RPG,$153.8k ($56.3k - $251.3k),$28.9m,
1540960,Underworld Idle,Aleksandr Golovkin,RPG,$147.3k ($56.3k - $238.3k),$1.1m,
1956740,Argentum Online,Noland Studios,RPG,ERROR,$0 ,F2P
1167950,Vampire's Fall: Origins,Early Morning Studio,RPG,$223.7k ($126.1k - $321.3k),$327.8k,
2529520,Magical Girl Konoha,OTAKU Plan,RPG,$302k ($184.2k - $419.8k),$8.3m,
389170,Songs for a Hero - Definitive Edition,Dumativa,RPG,$611k ($340k - $882.1k),$1.5m,
874260,The Forgotten City,Dear Villagers,RPG,$3.9m ($2.3m - $5.6m),$33.6m,
363130,Toukiden: Kiwami,"KOEI TECMO GAMES CO., LTD.",RPG,$1.7m ($1m - $2.3m),$423.4m,
3123830,Dread Tomb,Gamirror Games,RPG,$26.9k ($15.5k - $38.3k),$119.8m,
1265780,The Lord of the Rings: Gollum,Daedalic Entertainment,RPG,$649.3k ($471.6k - $826.9k),$159.7m,
2633080,Struggle F.O,Espada Inc.,RPG,$60.4k ($37.6k - $83.1k),$60.4k,
2014380,LIVE A LIVE,Square Enix,RPG,$1.3m ($816.4k - $1.7m),$1b,
223630,AirBuccaneers,LudoCraft Ltd.,RPG,ERROR,ERROR,NOG
1986010,灵墟,HappyTall Game,RPG,$217.6k ($155.8k - $279.3k),$217.6k,
1329510,Big Farm Story,Goodgame Studios,RPG,$530.3k ($313.7k - $747k),$530.4k,
480640,Pathfinder Adventures,Twin Sails Interactive,RPG,$596.7k ($399.9k - $793.5k),$35.1m,
871530,Radio Commander,Games Operators,RPG,$1.4m ($874.6k - $2m),$28.2m,
927890,Hentai Girl Linda,GirlGames,RPG,$64k ($15.5k - $112.5k),$1.1m,
311190,Super Panda Adventures,Paul Schneider,RPG,$140.8k ($50.4k - $231.2k),$509.2k,
2250080,The Last Man Survivor,Renderise,RPG,$35.5k ($23.5k - $47.4k),$9.5m,
404200,WARTILE,Playwood Project,RPG,$503.2k ($369.6k - $636.7k),$536.5k,
1519490,The Doors of Trithius,Jake Donkersgoed,RPG,$259k ($188.8k - $329.3k),$258.4k,
250580,Paranautical Activity: Deluxe Atonement Edition,Digerati,RPG,$861.8k ($368.7k - $1.3m),$1.7m,
676500,Time Warpers,Proton Studio Inc,RPG,$305.9k ($214.3k - $397.5k),$305.1k,
3088410,7th Domain:Tree of Chaos,Lightimpact,RPG,$62.2k ($37.5k - $86.8k),$62.3k,
3549220,Tennis Manager 25,Rebound CG,RPG,$227.1k ($138.6k - $315.7k),$1.1m,
838410,Tabletop Playground,Modularity,RPG,$280.3k ($121.7k - $438.9k),$770.6k,
1647550,NEO: The World Ends with You,Square Enix,RPG,$1.2m ($717.4k - $1.7m),$1b,
2856450,Dimensionals,Mino Games,RPG,$163.7k ($103.6k - $223.8k),$163k,
3170,King's Bounty: Armored Princess,Fulqrum Publishing,RPG,$159.8k ($86.1k - $233.4k),$51.6m,
1913740,SUPER BOMBERMAN R 2,KONAMI,RPG,$263.7k ($178.9k - $348.4k),$639.1m,
1533680,Dead Grid,Atom Void,RPG,$43.7k ($22.8k - $64.6k),$43.7k,
730390,Raji: An Ancient Epic,Nodding Heads Games,RPG,$1.5m ($916.2k - $2m),$1.5m,
2956820,近畿霊務局 - Kinki Spiritual Affairs Bureau,Noto Muteki,RPG,$234.2k ($146.3k - $322.1k),$238.4k,
1634150,Behind the Frame: The Finest Scenery,Akupara Games,RPG,$1m ($558.5k - $1.4m),$33.7m,
3201530,巴哈姆特1-REMAKE(BAHAMUT1-REMAKE),RMAsia,RPG,$22.4k ($10.3k - $34.6k),$343.7k,
883130,New Star Manager,Five Aces Publishing Ltd.,RPG,$107k ($62.5k - $151.4k),$563.5k,
1040510,Princess of Zeven,Kagura Games,RPG,$84.5k ($54.5k - $114.5k),$63.3m,
1218170,回门 Way Back Home,漫森游戏工作室,RPG,$61.2k ($35.7k - $86.7k),$61.2k,
1246020,NOeSIS_诉说谎言记忆物语,Hikare 个人汉化,RPG,ERROR,$0 ,F2P
436500,Diaries of a Spaceport Janitor,Sundae Month,RPG,$136.8k ($83.7k - $190k),$136.8k,
495480,Visual Novel Maker,KOMODO,RPG,ERROR,$17.2m,NAG
1430680,Clash: Artifacts of Chaos,Nacon,RPG,$442k ($312.9k - $571.1k),$157.4m,
1367040,Kingdom of Wreck Business,WarZoneLab,RPG,$19.9k ($13.8k - $26.1k),$19.9k,
1476360,Hang up Street,FoxGame,RPG,$3k ($1.6k - $4.3k),$3k,
1163590,Bullet Girls Phantasia,D3PUBLISHER,RPG,$841.8k ($517.6k - $1.1m),$55.3m,
541450,Operation Abyss: New Tokyo Legacy,"NIS America, Inc.",RPG,$128.1k ($89.8k - $166.4k),$47.9m,
329770,4089: Ghost Within,Phr00t's Software,RPG,$25.8k ($5.1k - $46.5k),$704.4k,
506870,Unexplored,Ludomotion,RPG,$193.6k ($117.6k - $269.6k),$303.9k,
1437870,Heroes of the Three Kingdoms 6,"USERJOY Technology Co.,Ltd.",RPG,$66.7k ($31.6k - $101.8k),$10.6m,
1546090,RAIDBORN,Phodex Games,RPG,$221.7k ($164.1k - $279.2k),$225.9k,
624690,NEXT JUMP: Shmup Tactics,GrabTheGames,RPG,$16.8k ($8.4k - $25.3k),$13.6m,
1677740,Stumble Guys,Scopely,Racing,$17.6m ($9.7m - $25.5m),$17.6m,
1551360,Forza Horizon 5,Xbox Game Studios,Racing,$235.2m ($174.3m - $296.1m),$1.8b,
252950,Rocket League,Psyonix LLC,Racing,ERROR,ERROR,NOG
1190000,Car Mechanic Simulator 2021,PlayWay S.A.,Racing,$29.3m ($17.3m - $41.3m),$275.3m,
1692250,F1 22,Electronic Arts,Racing,$5.2m ($3.2m - $7.2m),$4.4b,
207140,SpeedRunners,tinyBuild,Racing,$15.3m ($7.8m - $22.8m),$178.4m,
2625420,Drive Beyond Horizons,Tacty Studio,Racing,$19.3m ($13.1m - $25.4m),$19m,
9200,RAGE,Bethesda Softworks,Racing,$13.5m ($7.5m - $19.4m),$2.1b,
516750,My Summer Car,Amistech Games,Racing,$27.5m ($19.3m - $35.6m),$27.3m,
412880,Drift Streets Japan,SA Industry,Racing,$1.9m ($1m - $2.8m),$4m,
655500,MX Bikes,PiBoSo,Racing,$16.5m ($10.8m - $22.2m),$17.7m,
690790,DiRT Rally 2.0,Codemasters,Racing,$30.4m ($19.3m - $41.5m),$43.3m,
2440510,Forza Motorsport,Xbox Game Studios,Racing,$12.7m ($9.1m - $16.3m),$1.8b,
320300,Car Mechanic Simulator 2015,PlayWay S.A.,Racing,$6.6m ($4.1m - $9m),$275.3m,
307690,Sleeping Dogs: Definitive Edition,Square Enix,Racing,$17.1m ($11.4m - $22.8m),$1b,
1066890,Automobilista 2,Reiza Studios,Racing,$12.1m ($7.6m - $16.5m),$13.7m,
450860,Andarilho,SC Jogos,Racing,$22.6k ($13.5k - $31.6k),$791.4k,
3058630,Assetto Corsa EVO,505 Games,Racing,$14.7m ($9.9m - $19.4m),$292.7m,
232910,TrackMania² Stadium,Ubisoft,Racing,$4.5m ($2.5m - $6.5m),$2.4b,
1369670,Motor Town: Behind The Wheel,P3 Games,Racing,$4.7m ($2.9m - $6.5m),$4.7m,
1911390,Knightfall: A Daring Journey,Landfall,Racing,$38.8k ($24.5k - $53.2k),$197.3m,
705210,Cube Racer,Simon Blasen,Racing,ERROR,$0 ,F2P
1259980,RIDE 4,Milestone S.r.l.,Racing,$11.8m ($7.4m - $16.1m),$60.1m,
2477340,Expeditions: A MudRunner Game,Focus Entertainment,Racing,$6.2m ($4m - $8.5m),$727.2m,
211500,RaceRoom Racing Experience,KW Studios,Racing,$13.3m ($8.3m - $18.3m),$13.2m,
552100,Brick Rigs,Fluppisoft GmbH,Racing,$11.3m ($7.3m - $15.3m),$11.3m,
12900,AudioSurf,,Racing,$5.9m ($3.3m - $8.4m),ERROR,NPI
292410,Street Racing Syndicate,Funbox Media Ltd,Racing,$127.2k ($69.7k - $184.7k),$509.5k,
228940,Carnage Racing ™,Jagex,Racing,ERROR,ERROR,NOG
397950,Clustertruck,tinyBuild,Racing,$6.9m ($4.7m - $9.1m),$178.4m,
11020,TrackMania Nations Forever,Ubisoft,Racing,ERROR,$2.4b,F2P
1029550,Torque Drift,Grease Monkey Games,Racing,$132.5k ($80.1k - $184.9k),$306.3k,
1038250,DIRT 5,Codemasters,Racing,$8.9m ($5m - $12.7m),$43.3m,
231120,Euro Truck Simulator 2 Demo,SCS Software,Racing,ERROR,$172.9m,DEMO
1797610,Barro 22,SC Jogos,Racing,$84.3k ($16.8k - $151.8k),$791.4k,
2354000,Slackers - Carts of Glory,Falling Saints,Racing,$1.2m ($789.5k - $1.6m),$1.2m,
3077390,MotoGP25,Milestone S.r.l.,Racing,$1.1m ($762.6k - $1.4m),$60.1m,
517710,Redout: Enhanced Edition,34BigThings srl,Racing,$4.8m ($3m - $6.7m),$5.5m,
1451810,LEGO 2K Drive,2K,Racing,$2.1m ($1.2m - $3m),$1.7b,
2581700,MotoGP24,Milestone S.r.l.,Racing,$1.6m ($1.1m - $2.1m),$60.1m,
785260,Team Sonic Racing,SEGA,Racing,$3.9m ($2.7m - $5.1m),$1.6b,
220820,Zombie Driver HD,Exor Studios,Racing,$532.2k ($320.9k - $743.6k),$532.2k,
2990,FlatOut 2,Strategy First,Racing,$2.4m ($1.3m - $3.4m),$11.8m,
457210,SEUM: Speedrunners from Hell,Pine Studio,Racing,$450.3k ($288.9k - $611.7k),$31.4m,
324070,iO,Gamious,Racing,$62.1k ($19.3k - $104.9k),$4.4m,
849100,Alaskan Road Truckers,Green Man Gaming Publishing,Racing,$1.6m ($1.1m - $2.2m),$2.7m,
249380,Carmageddon: Reincarnation,Stainless Games Ltd,Racing,ERROR,ERROR,NOG
497180,Street Legal Racing: Redline v2.3.1,Activision Value Publishing Inc.,Racing,$656.3k ($417.9k - $894.6k),$670.4k,
358270,Death Rally (Classic),3D Realms (Apogee Software),Racing,ERROR,$0 ,F2P
381990,Dragon Saga,Gravity Interactive,Racing,$2m ($1.5m - $2.5m),$6.8m,
1170970,Marbles on Stream,Pixel by Pixel Studios Inc.,Racing,$1.1m ($526.4k - $1.7m),$1.1m,
505170,Carmageddon: Max Damage,THQ Nordic,Racing,$2.1m ($1.4m - $2.9m),$387m,
732430,Superflight,GrizzlyGames,Racing,$829k ($542.1k - $1.1m),$9.6m,
1070580,Drift86,RewindApp,Racing,$275.3k ($151.7k - $398.8k),$1.8m,
1085510,Garfield Kart - Furious Racing,Microids,Racing,$1.6m ($1m - $2.2m),$27m,
882020,Monster Energy Supercross - The Official Videogame 2,Milestone S.r.l.,Racing,$606.1k ($415.6k - $796.6k),$60.1m,
1668080,Pinchcliffe Grand Prix,Ravn Studio,Racing,$356.4k ($181.5k - $531.3k),$376.3k,
1664220,TRAIL OUT,Crytivo,Racing,$713.8k ($380k - $1m),$23.4m,
99300,Renegade Ops,SEGA,Racing,$1.2m ($628.8k - $1.8m),$1.6b,
431590,Earn to Die 2,Not Doppler,Racing,$160k ($108k - $212.1k),$160.6k,
520010,Climbey,ShadowBrain Games,Racing,$718.7k ($449.1k - $988.3k),$719.8k,
2058750,Monster Energy Supercross - The Official Videogame 6,Milestone S.r.l.,Racing,$710.9k ($438.8k - $983.1k),$60.1m,
626610,TT Isle of Man: Ride on the Edge,Nacon,Racing,$1.3m ($894.9k - $1.7m),$157.4m,
561610,MotoGP17,Milestone S.r.l.,Racing,$832k ($543.5k - $1.1m),$60.1m,
400800,MXGP2 - The Official Motocross Videogame,Milestone S.r.l.,Racing,$950.1k ($610.5k - $1.2m),$60.1m,
837880,You Suck at Parking - Complete Edition,Curve Games,Racing,$334.8k ($159.5k - $510.2k),$195.7m,
2494340,Tour de France 2024,Nacon,Racing,$319.7k ($199.1k - $440.3k),$157.4m,
1089830,Monster Energy Supercross - The Official Videogame 3,Milestone S.r.l.,Racing,$809.7k ($504k - $1.1m),$60.1m,
243800,Gas Guzzlers Extreme,Jagex Ltd,Racing,$2.4m ($1.5m - $3.3m),$104.8m,
320140,Absolute Drift,Funselektor Labs Inc.,Racing,$966.1k ($653.1k - $1.2m),$4.8m,
320540,Coffin Dodgers,Milky Tea Studios,Racing,$214.6k ($66.8k - $362.3k),$245.2k,
520940,MX vs ATV All Out,THQ Nordic,Racing,$1.5m ($1m - $2m),$387m,
798290,MXGP PRO,Milestone S.r.l.,Racing,$498.6k ($301.3k - $696k),$60.1m,
7200,Trackmania United Forever,Ubisoft,Racing,$4.1m ($2.5m - $5.7m),$2.4b,
2052040,Golden Lap,Funselektor Labs Inc.,Racing,$370.8k ($248.4k - $493.2k),$4.8m,
355130,MotoGP15,Milestone S.r.l.,Racing,$598.8k ($389.2k - $808.4k),$60.1m,
1799930,Redout 2,34BigThings srl,Racing,$461.8k ($256.5k - $667.2k),$5.5m,
727020,Arcade Moonlander,Back Of Nowhere Studios,Racing,$2.3k ($1.1k - $3.4k),$2.3k,
256330,WRC 4 FIA World Rally Championship,Nacon,Racing,$788.2k ($368.8k - $1.2m),$157.4m,
434030,Aerofly FS 2 Flight Simulator,IPACS,Racing,$1.7m ($840.6k - $2.7m),$3.6m,
356400,Thumper,Drool,Racing,$2.5m ($1.8m - $3.3m),$2.5m,
1881200,TRYP FPV: Drone Racer Simulator,UNDEAD BATTERY,Racing,$2.1m ($1.3m - $2.9m),$2.1m,
2083210,Super Woden GP 2,ViJuDa,Racing,$280.1k ($212.7k - $347.5k),$329.4k,
844260,Rustler (Grand Theft Horse),Games Operators,Racing,$1m ($552.9k - $1.5m),$28.2m,
415600,Kart Racing Pro,PiBoSo,Racing,$1m ($734.4k - $1.3m),$17.7m,
1440670,Zeepkist,Steelpan Interactive,Racing,$474.2k ($278k - $670.5k),$474.2k,
1184480,Inertial Drift,PQube,Racing,$324.8k ($152.2k - $497.4k),$20m,
2217580,New Star GP,Five Aces Publishing Ltd.,Racing,$456.6k ($347.8k - $565.5k),$563.5k,
362930,Garfield Kart,Microids,Racing,$532.6k ($364.6k - $700.6k),$27m,
354160,WRC 5 FIA World Rally Championship,Nacon,Racing,$598.2k ($339.2k - $857.2k),$157.4m,
864060,Marble It Up! Ultra,"Alvios, Inc.",Racing,$1.1m ($655.1k - $1.6m),$3.1m,
406350,KartKraft,Motorsport Games,Racing,$3.1m ($2.2m - $4.1m),$3.1m,
2107090,KitHack Model Club,Floating Origin Interactive,Racing,$388.1k ($279.8k - $496.4k),$388.2k,
3281130,World of Outlaws: Dirt Racing 24 Gold Edition,iRacing.com Motorsport Simulations,Racing,$347.8k ($248.6k - $447.1k),$2.2m,
2113900,Touge Shakai,Raiyon Studios Pte Ltd,Racing,$393.7k ($253.8k - $533.6k),$392.8k,
1383960,Nickelodeon Kart Racers 2: Grand Prix,GameMill Entertainment,Racing,$304.4k ($140.4k - $468.4k),$8.3m,
359350,Defunct,SOEDESCO,Racing,$76.4k ($46.4k - $106.3k),$1.9m,
938220,TAPSONIC BOLD,NEOWIZ,Racing,$317.2k ($152k - $482.5k),$123.3m,
2503220,Karting Superstars,Original Fire Games,Racing,$151.7k ($104.7k - $198.8k),$1.1m,
3241660,R.E.P.O.,semiwork,Roguelike,$137.7m ($86.4m - $189m),$136.3m,
1491340,Marble World,Vector Interactive,Racing,$787.1k ($541.6k - $1m),$786.1k,
250900,The Binding of Isaac: Rebirth,"Nicalis, Inc.",Roguelike,$76.6m ($55.4m - $97.7m),$84.6m,
1145360,Hades,Supergiant Games,Roguelike,$153.1m ($110.9m - $195.3m),$256.5m,
2420510,HoloCure - Save the Fans!,KayAnimate,Roguelike,ERROR,$0 ,F2P
1337520,Risk of Rain Returns,Gearbox Publishing,Roguelike,$13.3m ($8.7m - $18m),$259.6m,
2427700,Backpack Battles,IndieArk,Roguelike,$12.9m ($8.3m - $17.6m),$95.7m,
2103140,Magicraft,bilibili,Roguelike,$7.5m ($5m - $9.9m),$129m,
2742830,Monster Train 2,Big Fan Games,Roguelike,$7.8m ($5.2m - $10.5m),$8.6m,
619820,Heroes of Hammerwatch II,Team17,Roguelike,$6.2m ($4.1m - $8.4m),$491.2m,
1599600,PlateUp!,Yogscast Games,Roguelike,$25.7m ($15m - $36.4m),$37.8m,
269210,Hero Siege,Panic Art Studios Ltd,Roguelike,$5.7m ($4m - $7.5m),$5.7m,
586350,UBERMOSH:WRAITH,Walter Machado,Roguelike,$20.6k ($13.1k - $28.1k),$295.7k,
2719030,Meme Mayhem,Cr3 Studio,Roguelike,$1.5m ($909.3k - $2.2m),$1.5m,
1492070,Sker Ritual,Wales Interactive,Roguelike,$4.8m ($3m - $6.6m),$12.7m,
1811990,Wildfrost,Chucklefish,Roguelike,$4.3m ($3m - $5.6m),$84m,
248820,Risk of Rain (2013),Gearbox Publishing,Roguelike,$11.4m ($7m - $15.7m),$259.6m,
268130,Heat Signature,Suspicious Developments,Roguelike,$3.3m ($2.4m - $4.2m),$12.4m,
434650,Lost Castle / 失落城堡,Neon Doctrine,Roguelike,$9.7m ($6.2m - $13.3m),$16.2m,
3328720,Flash Doll,Game Star,Roguelike,$527.6k ($327.5k - $727.8k),$813.1k,
1178790,Shiren the Wanderer: The Tower of Fortune and the Dice of Fate,"Spike Chunsoft Co., Ltd.",Roguelike,$846.1k ($489.2k - $1.2m),$94.4m,
2151580,Infinite Tao,insomnia,Roguelike,$106.8k ($63.9k - $149.7k),$106.8k,
1076200,Roguebook,Nacon,Roguelike,$2m ($1.1m - $2.8m),$157.4m,
1280930,Astral Ascent,Hibernian Workshop,Roguelike,$3.1m ($2m - $4.1m),$3m,
960690,One Step From Eden,Humble Games,Roguelike,$7.1m ($4.4m - $9.7m),$202.3m,
2086430,NIMRODS,Fiveamp,Roguelike,$1m ($692.1k - $1.3m),$1.2m,
619780,The Swords of Ditto: Mormo's Curse,Devolver Digital,Roguelike,$1.1m ($728.9k - $1.6m),$500.5m,
1944570,Boneraiser Minions,caiysware,Roguelike,$995.8k ($668.5k - $1.3m),$1.2m,
98800,Dungeons of Dredmor,"Gaslamp Games, Inc.",Roguelike,$1.6m ($912.9k - $2.3m),$1.6m,
2116060,Epic Auto Towers,Aleksandr Golovkin,Roguelike,$537k ($377.2k - $696.9k),$1.1m,
317820,Guild of Dungeoneering Ultimate Edition,Gambrinous,Roguelike,$1.5m ($991.6k - $2m),$1.5m,
2400510,Dungeons & Degenerate Gamblers,Yogscast Games,Roguelike,$3m ($1.9m - $4.1m),$37.8m,
688420,Bad North: Jotunn Edition,Raw Fury,Roguelike,$4.7m ($3.1m - $6.3m),$100m,
1699480,KLETKA,Callback,Roguelike,$2.6m ($1.6m - $3.7m),$2.6m,
2179850,Cobalt Core,Brace Yourself Games,Roguelike,$2.1m ($1.5m - $2.7m),$16.9m,
2178480,Shiren the Wanderer: The Mystery Dungeon of Serpentcoil Island,"Spike Chunsoft Co., Ltd.",Roguelike,$1m ($581.7k - $1.4m),$94.4m,
2097570,StarVaders,Joystick Ventures,Roguelike,$2m ($1.4m - $2.5m),$6.1m,
2996040,Teenage Mutant Ninja Turtles: Splintered Fate,Super Evil Megacorp,Roguelike,$2.5m ($1.7m - $3.3m),$2.5m,
362490,Exanima,Bare Mettle Entertainment,Roguelike,$5.5m ($3.7m - $7.2m),$5.5m,
1137460,ALTF4,PUMPKIM,Roguelike,$1.1m ($747.9k - $1.5m),$1.2m,
1490610,METALLIC CHILD,HIKE Inc.,Roguelike,$502.3k ($352.6k - $652k),$1.1m,
2499520,Be My Horde,Polished Games,Roguelike,$254k ($194k - $314.1k),$675k,
364420,Roguelands,SmashGames,Roguelike,$2m ($1.2m - $2.7m),$12.4m,
1484720,Dead Estate,2 Left Thumbs,Roguelike,$2.4m ($1.5m - $3.2m),$4.2m,
1456820,Marfusha:Sentinel Girls ,hinyari9,Roguelike,$911.5k ($522.8k - $1.3m),$1.3m,
1290330,Time Wasters,Proton Studio,Roguelike,$415k ($284.3k - $545.7k),$414.8k,
2294130,Goobies,Höganäs Spel,Roguelike,$546.3k ($364.6k - $728k),$545.8k,
2343600,Endgame of Devil,Anotherindie,Roguelike,$326k ($214.6k - $437.4k),$1.4m,
255070,Abyss Odyssey,SEGA,Roguelike,$1.4m ($783k - $2m),$1.6b,
2917350,Spin Hero,Goblinz Publishing,Roguelike,$438.1k ($275.7k - $600.5k),$28.9m,
1062340,KATANA KAMI: A Way of the Samurai Story,"Spike Chunsoft Co., Ltd.",Roguelike,$371.6k ($217.6k - $525.5k),$94.4m,
2939640,Broventure: The Wild Co-op,Alice Games,Roguelike,$101.8k ($69k - $134.7k),$102.9k,
757320,Atomicrops,Raw Fury,Roguelike,$1.6m ($1m - $2.3m),$100m,
252610,Death Road to Canada,Rocketcat Games,Roguelike,$5.4m ($3m - $7.7m),$5.6m,
2770460,Lunavania,Gamirror Games,Roguelike,$185.5k ($116.6k - $254.4k),$119.8m,
1803400,Beneath Oresa,Goblinz Publishing,Roguelike,$753.4k ($579k - $927.8k),$28.9m,
843200,Alien Hominid Invasion,The Behemoth,Roguelike,$1m ($758.1k - $1.3m),$72.5m,
2002220,Keeper's Toll,Stingbot Games,Roguelike,$159.3k ($107.2k - $211.4k),$168.8k,
274500,Brigador: Up-Armored Edition,Stellar Jockeys,Roguelike,$3m ($2.1m - $3.8m),$2.9m,
595140,Immortal Redneck,Crema,Roguelike,$940.2k ($603.1k - $1.2m),$2.1m,
3069810,Rocket Rats,Gagonfe,Roguelike,$132.9k ($90.6k - $175.1k),$439.9k,
323220,Vagante,Nuke Nine,Roguelike,$2.2m ($1.4m - $2.9m),$2.2m,
1479140,AK-xolotl: Together,Playstack,Roguelike,$911.2k ($605.3k - $1.2m),$116.5m,
2852980,Necroking,Alawar,Roguelike,$239k ($148.5k - $329.5k),$13.3m,
3091340,Metal Thunder,Dumbbell Games,Roguelike,$187.9k ($126.2k - $249.7k),$186.9k,
403940,Dungelot: Shattered Lands,tinyBuild,Roguelike,$110.5k ($79.2k - $141.7k),$178.4m,
290470,Onigiri,"CyberStep, Inc.",Roguelike,$3.3m ($1.8m - $4.8m),$9.7m,
2942700,Seed of Heroes,Sekai Project,Roguelike,$119.7k ($73.1k - $166.3k),$39.2m,
1131240,Dungeons of Edera,Monster Tooth Studios,Roguelike,$594.7k ($357.1k - $832.3k),$629.8k,
1608040,Castle Morihisa,Thermite Games,Roguelike,$57.4k ($27k - $87.8k),$5.2m,
2259260,Tyrant's Realm,Skystone Games,Roguelike,$394.7k ($270.9k - $518.5k),$10.5m,
1402120,9 Years of Shadows,indie.io,Roguelike,$841.4k ($584.7k - $1m),$36.8m,
2090760,X Invader,ALLAF GAMES,Roguelike,$103k ($72.4k - $133.7k),$140.4k,
2006140,Withering Rooms,Perp Games,Roguelike,$511.3k ($360.1k - $662.6k),$807k,
2726450,Windowkill,torcado,Roguelike,$619.9k ($424.7k - $815.1k),$619.1k,
3159570,Lynked: Banner of the Spark,Dreamhaven,Roguelike,$271.7k ($183.7k - $359.8k),$15m,
407560,Killing Room,Alda Games,Roguelike,$564k ($355.6k - $772.4k),$975.3k,
1688320,OneBit Adventure,"Galactic Slice, LLC",Roguelike,$592 ($299 - $887),$593 ,
2088650,Mist Slayer,Moju Games,Roguelike,$88.5k ($53.2k - $123.9k),$88.5k,
1911860,Grit and Valor - 1949,Megabit Publishing,Roguelike,$147.8k ($99.7k - $195.8k),$147.8k,
2441700,UNDERDOGS,One Hamsa,Roguelike,$1.7m ($1.3m - $2.2m),$2.1m,
297120,Heavy Bullets,Devolver Digital,Roguelike,$659.2k ($393.3k - $925.1k),$500.5m,
437570,GoNNER,Raw Fury,Roguelike,$402.9k ($243.8k - $562k),$100m,
1840710,These Doomed Isles,Fireshine Games,Roguelike,$150.3k ($96.4k - $204.1k),$66.9m,
1305300,Love Love School Days,OTL GAME,Roguelike,$201k ($138.5k - $263.5k),$211.9k,
2630080,They Are Coming,OnHit Developments,Roguelike,$54.3k ($36.1k - $72.5k),$54.3k,
2776940,Echoes of Yi : Samsara,Runmeng,Roguelike,$109.4k ($63.4k - $155.3k),$109.4k,
1016790,West of Dead,Raw Fury,Roguelike,$606.3k ($406.6k - $805.9k),$100m,
1958340,Cube Chaos,Wunarg,Roguelike,$88.4k ($59.2k - $117.6k),$88.5k,
1589570,Dunjungle,Astrolabe Games,Roguelike,$87.5k ($51.4k - $123.5k),$4.1m,
1098610,Crush the Industry,Cognoggin Games,Roguelike,$150.2k ($93.9k - $206.5k),$146.8k,
2404510,Lucky Hero,Neverland Entertainment,Roguelike,$55.6k ($35.3k - $75.9k),$11.2m,
402120,Deathstate: Abyssal Edition,Bread Machine Games,Roguelike,$211.3k ($133.8k - $288.9k),$211.4k,
2905790,PROJECT TACHYON,HIKE Inc.,Roguelike,$45k ($29.1k - $60.9k),$1.1m,
1167680,Orbital Bullet – The 360° Rogue-lite,Assemble Entertainment,Roguelike,$171k ($124.8k - $217.2k),$24.2m,
1285670,Post Void,YCJY Games,Roguelike,$739.9k ($462.6k - $1m),$4m,
2099220,Mobmania,azndesserts,Roguelike,$86.9k ($50.5k - $123.3k),$86.9k,
871420,Lovecraft's Untold Stories,Fulqrum Publishing,Roguelike,$283.3k ($148.8k - $417.9k),$51.6m,
2516820,LuckLand,e-Jade,Roguelike,$78.7k ($46.8k - $110.6k),$78.6k,
2577760,Just Click The Button,Simon Eftestol,Roguelike,$69.6k ($42k - $97.2k),$181.6k,
1422410,Into the Pit,Humble Games,Roguelike,$61.6k ($36.7k - $86.5k),$202.3m,
2183900,"Warhammer 40,000: Space Marine 2",Focus Entertainment,Shooter,$196.9m ($135.6m - $258.3m),$727.2m,
680420,OUTRIDERS,Square Enix,Shooter,$31.1m ($18.6m - $43.5m),$1b,
1517290,Battlefield 2042,Electronic Arts,Shooter,$158.3m ($108.2m - $208.3m),$4.4b,
1832640,Mirror 2: Project X,NIJICO,Shooter,$3.2m ($1.9m - $4.5m),$3.2m,
273350,Evolve Stage 2,2K,Shooter,ERROR,$1.7b,NOG
209170,Call of Duty: Ghosts,Activision,Shooter,ERROR,$1.5b,NOG
686810,Hell Let Loose,Team17,Shooter,$104.5m ($75.6m - $133.3m),$491.2m,
581320,Insurgency: Sandstorm,Focus Entertainment,Shooter,$68m ($47.3m - $88.7m),$727.2m,
2231380,Tom Clancy's Ghost Recon Breakpoint,Ubisoft,Shooter,$24.1m ($17.3m - $31m),$2.4b,
2406770,Bodycam,Reissad Studio,Shooter,$35.2m ($24.8m - $45.5m),$35.1m,
505460,Foxhole,Siege Camp,Shooter,$34.5m ($23.1m - $45.9m),$35.3m,
12210,Grand Theft Auto IV: The Complete Edition,Rockstar Games,Shooter,$51.6m ($37.5m - $65.7m),$767.5m,
224260,No More Room in Hell,Lever Games,Shooter,$341 ($232 - $451),$342 ,
1645820,SurrounDead,PlaySurrounDead,Shooter,$6.6m ($4.5m - $8.8m),$6.6m,
8190,Just Cause 2,Square Enix,Shooter,$36.9m ($21m - $52.8m),$1b,
3228590,Deadzone: Rogue,Prophecy Games,Shooter,$10.6m ($7.6m - $13.7m),$11m,
2051620,Enlisted: Reinforced,Gaijin Network Ltd,Shooter,$6.8m ($3.9m - $9.7m),$516.8m,
290300,Rebel Galaxy,Double Damage Games,Shooter,$4.6m ($3.4m - $5.8m),$5.1m,
784080,MechWarrior 5: Mercenaries,Piranha Games Inc.,Shooter,$12m ($7.4m - $16.6m),$24.5m,
20500,Red Faction Guerrilla Steam Edition,Deep Silver,Shooter,ERROR,$565m,F2P
322500,SUPERHOT,SUPERHOT Team,Shooter,$28.3m ($19.5m - $37.1m),$43.2m,
915810,Midnight Ghost Hunt,Coffee Stain Publishing,Shooter,$4.1m ($2.5m - $5.6m),$591.2m,
242860,Verdun,BlackMill Games,Shooter,$15.3m ($10.9m - $19.6m),$21.7m,
274190,Broforce,Devolver Digital,Shooter,$18.8m ($12.7m - $25m),$500.5m,
444220,Asteroid Bounty Hunter,SA Industry,Shooter,$71.1k ($14.2k - $128k),$4m,
33220,Tom Clancy's Splinter Cell Conviction,Ubisoft,Shooter,$6.8m ($4.1m - $9.5m),$2.4b,
823500,BONEWORKS,Stress Level Zero,Shooter,$31.1m ($21.1m - $41.2m),$49.3m,
1030830,Mafia II: Definitive Edition,2K,Shooter,$17.1m ($11.1m - $23.1m),$1.7b,
287290,Resident Evil Revelations 2,"CAPCOM Co., Ltd.",Shooter,$2.9m ($1.9m - $3.9m),$1.8b,
611660,Fallout 4 VR,Bethesda Softworks,Shooter,$20.7m ($13m - $28.4m),$2.1b,
312990,The Expendabros,Devolver Digital,Shooter,ERROR,$500.5m,F2P
287390,Metro: Last Light Redux,Deep Silver,Shooter,$17.4m ($12m - $22.8m),$565m,
657200,Hand Simulator,HFM Games,Shooter,$1.3m ($826.2k - $1.9m),$3.2m,
2695490,Age of Water,Gaijin Network Ltd,Shooter,$1.6m ($1.1m - $2.2m),$516.8m,
2218400,Greedland,Gamersky Games,Shooter,$1.3m ($917.3k - $1.6m),$60.1m,
608800,Guns of Icarus Alliance,Muse Games,Shooter,$860.1k ($395.5k - $1.3m),$3.4m,
2078450,"Warhammer 40,000: Speed Freeks",Wired Productions,Shooter,$1.6m ($756.1k - $2.5m),$13.3m,
732370,Juicy Realm,XD,Shooter,$1m ($712.8k - $1.3m),$84.3m,
1522870,Supraland Six Inches Under,Supra Games,Shooter,$1m ($713.2k - $1.4m),$5.6m,
562590,Galactic Junk League,Pixel Federation,Shooter,ERROR,$329.3k,NOG
546930,Machine Hunt,ANPA.US,Shooter,$11.6k ($6.3k - $17k),$372.3k,
2780710,Asgard's Fall — Viking Survivors,Assemble Entertainment,Shooter,$448.2k ($304.3k - $592k),$24.2m,
302670,Call to Arms,Digitalmindsoft,Shooter,$9.6m ($6.8m - $12.4m),$24.2m,
436180,Spacelords,Mercury Steam Entertainment s.l.,Shooter,$38.1k ($25.2k - $50.9k),$110.3k,
1679220,Portal Dungeon,DuskDogStudio,Shooter,$989.6k ($531.6k - $1.4m),$1m,
467370,Escape This,Conglomerate 5,Shooter,$12.1k ($5.5k - $18.6k),$2.5m,
3126470,Ice World,CoolRabbit Games,Shooter,$213k ($85.8k - $340.2k),$217.8k,
1592670,Soda Crisis,bilibili,Shooter,$538.5k ($352.4k - $724.5k),$129m,
501590,Bulletstorm: Full Clip Edition,Gearbox Publishing,Shooter,$5.5m ($3.6m - $7.4m),$259.6m,
324810,TOXIKK,Schwiezer System GmbH,Shooter,$2.5k ($1.6k - $3.5k),$2.5k,
3177970,Bioweaver,Emprom Game,Shooter,$183.7k ($125.9k - $241.6k),$536.6k,
214250,I Am Alive,Ubisoft,Shooter,$1.9m ($1.5m - $2.3m),$2.4b,
1979440,SAND LAND,Bandai Namco Entertainment Inc.,Shooter,$1.8m ($1.2m - $2.3m),$236.4m,
606960,CRIMSON METAL Classic 1999,Madbox Entertainment,Shooter,$22.7k ($4.5k - $40.9k),$24.9k,
2131630,METAL GEAR SOLID - Master Collection Version,KONAMI,Shooter,$3.6m ($2.1m - $5m),$639.1m,
1227690,Severed Steel,Greylock Studio,Shooter,$2.4m ($1.5m - $3.3m),$5.9m,
1494810,Mortal Sin,Nikola Todorovic,Shooter,$4.1m ($2.8m - $5.5m),$4.1m,
485450,Ninja Stealth,SC Jogos,Shooter,$45k ($24.5k - $65.5k),$791.4k,
964440,Hell is Others,A List Games,Shooter,$254k ($164.7k - $343.2k),$253.9k,
200900,Cave Story+,"Nicalis, Inc.",Shooter,$6.5m ($4m - $8.9m),$84.6m,
2111190,MULLET MADJACK,Epopeia Games,Shooter,$2.3m ($1.5m - $3m),$2.4m,
3193840,OUTLAWED,Okami Studio,Shooter,$307.7k ($186.2k - $429.2k),$307.5k,
335430,Grimoire: Manastorm,Omniconnection,Shooter,ERROR,$0 ,F2P
1836550,Tap Wizard 2,TopCog,Shooter,$17.2k ($11.1k - $23.2k),$29.7k,
115120,Iron Brigade,Double Fine Productions,Shooter,$326.8k ($203.6k - $450k),$20.8m,
1275350,Ninja Kiwi Archive,Ninja Kiwi,Shooter,$23.5k ($11.3k - $35.7k),$64.7m,
574090,MOTHERGUNSHIP,Terrible Posture Games,Shooter,$1.2m ($728.3k - $1.7m),$1.8m,
3281300,DUNGEON RAZE,KOTARO YOSHIDA,Shooter,$42.5k ($25.7k - $59.3k),$42.4k,
2400160,Glyphica: Typing Survival,aliasBLACK,Shooter,$592.4k ($392.7k - $792.1k),$590.8k,
35130,Lara Croft and the Guardian of Light,Crystal Dynamics,Shooter,$845.5k ($438.9k - $1.2m),$244.2m,
1947500,The Walking Dead: Saints & Sinners - Chapter 2: Retribution,Skydance Interactive,Shooter,$1.5m ($1m - $2.1m),$21.2m,
824600,HROT,Spytihněv,Shooter,$1.4m ($977.4k - $1.9m),$1.4m,
714070,Entropy : Zero,Breadman,Shooter,ERROR,ERROR,MOD
893680,Project Warlock,Retrovibe,Shooter,$787.6k ($447.9k - $1.1m),$1.3m,
2292260,STAR WARS: Dark Forces Remaster,Nightdive Studios,Shooter,$1.4m ($1m - $1.9m),$20.4m,
235780,MINERVA,Adam Foster,Shooter,ERROR,ERROR,MOD
1263550,Combat Arms: the Classic,VALOFE,Shooter,$471.2k ($300.4k - $642.1k),$27.4m,
366250,METAL SLUG,SNK CORPORATION,Shooter,$455.7k ($269.7k - $641.7k),$35.5m,
2124780,Endoparasitic,Deep Root Interactive,Shooter,$522.1k ($262.9k - $781.4k),$952.6k,
422970,Devil Daggers,Sorath,Shooter,$746.7k ($495.7k - $997.7k),$1.7m,
2434730,EZ-Crosshair,Lluis Vinent,Shooter,ERROR,ERROR,NOG
880950,Maitetsu:Pure Station,HIKARI FIELD,Shooter,$985.8k ($478.8k - $1.4m),$46.7m,
1901200,FPS Game: Dev Test,jackal_dev_test,Shooter,ERROR,$0 ,F2P
995050,Havocado: Ragdoll Fighter,Webble Games,Shooter,$362.4k ($204.5k - $520.3k),$363k,
1409200,HYPERVIOLENT,Fulqrum Publishing,Shooter,$86k ($51.5k - $120.5k),$51.6m,
1694600,THE HOUSE OF THE DEAD: Remake,Forever Entertainment S. A.,Shooter,$925.9k ($621.9k - $1.2m),$4.5m,
2314160,Tactical Assault VR,2080 Games,Shooter,$1.5m ($1.1m - $1.9m),$1.5m,
1640300,Project Warlock II,Retrovibe,Shooter,$297.5k ($176.3k - $418.7k),$1.3m,
10130,TimeShift,Activision,Shooter,$781.6k ($496.7k - $1m),$1.5b,
495050,Mega Man Legacy Collection 2,"CAPCOM CO., LTD",Shooter,$926.2k ($597.2k - $1.2m),$6.1m,
1872680,The Knight Witch,Team17,Shooter,$331.2k ($201.3k - $461.1k),$491.2m,
1378290,The Citadel,doekuramori,Shooter,$656.1k ($476.4k - $835.8k),$1.6m,
1633370,Boat Crew,MicroProse Software,Shooter,$289.6k ($186.8k - $392.4k),$43.5m,
32380,STAR WARS Jedi Knight: Dark Forces II,LucasArts,Shooter,$749.1k ($456.7k - $1m),$124.9m,
1576240,The Shadow of Yidhra,WhitePeach,Shooter,$493.8k ($236k - $751.6k),$674.9k,
1155590,Warplanes: WW1 Sky Aces,Home Net Games,Shooter,$1.3k ($666 - $2k),$441.1k,
1524630,KeepUp Survival,Witte Studio,Shooter,$211.4k ($154.3k - $268.6k),$219.4k,
2609610,CONVRGENCE,Monkey-With-a-Bomb,Shooter,$458.8k ($294.8k - $622.9k),$456.6k,
853770,Maximum Action,Balloon Moose Games,Shooter,$1.4m ($899.8k - $2m),$1.4m,
377260,Unearned Bounty,Extrokold Games,Shooter,ERROR,$9.1k,F2P
222880,Insurgency,New World Interactive,Simulation,$35.4m ($20.3m - $50.4m),$43.4m,
1665460,eFootball,KONAMI,Simulation,$60.1m ($35.5m - $84.7m),$639.1m,
1401590,Disney Dreamlight Valley,Gameloft,Simulation,$22.3m ($12.7m - $32m),$64.5m,
871720,Ultimate Custom Night,Scott Cawthon,Simulation,ERROR,$27.6m,F2P
2399420,Le Mans Ultimate,Studio 397,Simulation,$10.8m ($7.6m - $14.1m),$20.3m,
942970,Unheard - Voices of Crime,NEXT Studios,Simulation,$4.4m ($2.7m - $6.1m),$18.9m,
375910,Anno 2205,Ubisoft,Simulation,$7.8m ($5.4m - $10.2m),$2.4b,
1048370,Idle Skilling,Lavaflame2,Simulation,$1.2m ($800k - $1.6m),$36m,
2429860,Living With Sister: Monochrome Fantasy,Kagura Games,Simulation,$4.2m ($2.8m - $5.5m),$63.3m,
1001270,Kebab Chefs! - Restaurant Simulator,Biotech Gameworks,Simulation,$5.9m ($4.1m - $7.6m),$5.9m,
921570,OCTOPATH TRAVELER,Square Enix,Simulation,$23.9m ($16.2m - $31.6m),$1b,
1397920,Mr.Mine,Playsaurus,Simulation,$1.7m ($1.3m - $2.1m),$17.9m,
2194530,Yog-Sothoth’s Yard,Bone Nail,Simulation,$3.9m ($2.3m - $5.5m),$4.4m,
1239020,TOGETHER BnB,AURORA Games,Simulation,$5m ($3.2m - $6.8m),$5.1m,
236370,Interstellar Marines,Zero Point Software,Simulation,$5.3m ($2.9m - $7.6m),$5.3m,
220160,Trials Evolution: Gold Edition,Ubisoft,Simulation,$3.5m ($1.8m - $5.2m),$2.4b,
1009560,The Tenants,Frozen District,Simulation,$6.4m ($3.9m - $8.8m),$99m,
496300,Kingdom: New Lands,Raw Fury,Simulation,$3.6m ($2.3m - $5m),$100m,
1457320,Techtonica,Fire Hose Games,Simulation,$4.3m ($3m - $5.6m),$4.4m,
298630,The Escapists,Team17,Simulation,$12.7m ($7.7m - $17.6m),$491.2m,
490110,The Precinct,Kwalee,Simulation,$8m ($5.7m - $10.3m),$21.5m,
629820,Maneater,Tripwire Interactive,Simulation,$14.3m ($10m - $18.6m),$237.8m,
466170,Idling to Rule the Gods,Shugasu GmbH,Simulation,$4.1m ($2.4m - $5.8m),$4.1m,
868360,Project Hospital,Oxymoron Games,Simulation,$8.8m ($4.8m - $12.7m),$9.1m,
581980,Candy Machine,Colossal Wreck,Simulation,$7.7k ($3.1k - $12.2k),$7.7k,
895870,Project Wingman,Sector D2,Simulation,$10.6m ($7.6m - $13.6m),$10.6m,
861650,Session: Skate Sim,Nacon,Simulation,$7.2m ($5m - $9.4m),$157.4m,
2228280,MEMORIAPOLIS,5PM Studio,Simulation,$2m ($1.4m - $2.6m),$2.1m,
388090,Five Nights at Freddy's 4,Scott Cawthon,Simulation,$5.2m ($3.5m - $7m),$27.6m,
599460,Weapon Shop Fantasy,INDIECN,Simulation,$710.5k ($442.7k - $978.4k),$7m,
34830,Sniper: Ghost Warrior,CI Games,Simulation,$1m ($625.4k - $1.5m),$116.9m,
496240,Onward,Downpour Interactive,Simulation,$7.9m ($5.8m - $10.1m),$7.9m,
239840,Dead State: Reanimated,DoubleBear Productions,Simulation,$2.2m ($1.4m - $3m),$2.2m,
1150640,Yu-Gi-Oh! Legacy of the Duelist : Link Evolution,KONAMI,Simulation,$6.2m ($4.1m - $8.3m),$639.1m,
817840,Max Gentlemen Sexy Business!,The Men Who Wear Many Hats,Simulation,$700.8k ($431k - $970.6k),$1.9m,
1690730,Incremental Cubes,"Idle System, Inc.",Simulation,$19.1k ($15k - $23.2k),$1.2m,
678900,Farmer's Dynasty,Toplitz Productions,Simulation,$4.9m ($3.4m - $6.4m),$73.1m,
1681060,Exogate Initiative,Xeno Bits,Simulation,$655.4k ($449.6k - $861.1k),$652.6k,
591460,Parkasaurus,Washbear Studio,Simulation,$2.1m ($1.2m - $2.9m),$2.1m,
2604480,City Transport Simulator,ViewApp,Simulation,$1.1m ($760.5k - $1.4m),$1.1m,
469610,Rick and Morty: Virtual Rick-ality,Adult Swim Games,Simulation,$6.3m ($4.3m - $8.4m),$7.3m,
254440,Pool Nation,Cherry Pop Games,Simulation,$668.7k ($441.7k - $895.6k),$752.4k,
1118310,RetroArch,Libretro,Simulation,ERROR,$0 ,F2P
726110,Overcrowd: A Commute 'Em Up,SquarePlay Games,Simulation,$882.1k ($561.7k - $1.2m),$881.8k,
568570,Force of Nature,A.Y.std,Simulation,$1m ($784.4k - $1.3m),$1m,
735280,EMERGENCY 20,Sixteen Tons Entertainment,Simulation,$3.3m ($2.3m - $4.3m),$5.3m,
792100,7 Billion Humans,Tomorrow Corporation,Simulation,$2.4m ($1.4m - $3.4m),$8.9m,
2734450,Folie Fatale,346lab Localization,Simulation,$205.5k ($125.9k - $285.1k),$820.6k,
1031120,Bakery Simulator,Ultimate Games S.A.,Simulation,$464.4k ($276.7k - $652k),$9.4m,
1390190,APICO,Whitethorn Games,Simulation,$785.4k ($481.9k - $1m),$5.7m,
833040,Hiveswap Friendsim,Fellow Traveller,Simulation,$51.4k ($35.9k - $67k),$16.8m,
1931010,Spirittea,No More Robots,Simulation,$341.3k ($224k - $458.6k),$24.5m,
1705180,"Gunner, HEAT, PC!",Radian Simulations LLC,Simulation,$4.7m ($3.4m - $5.9m),$4.6m,
3441460,Fuel Harvest Together,Grejuva,Simulation,$662.6k ($444.3k - $881k),$739.6k,
1250790,Crafting Idle Clicker,Bling Bling Games GmbH,Simulation,$35.5k ($20k - $51k),$35.6k,
839200,SpedV,Freie Programme Hohenstein,Simulation,ERROR,$0 ,F2P
2533960,SUMMERHOUSE,Future Friends Games,Simulation,$793.1k ($479.8k - $1.1m),$16.5m,
3357250,Corner Kitchen Fast Food Simulator,Purple Heads Games,Simulation,$201.3k ($127.8k - $274.8k),$200.4k,
1342890,Who Needs a Hero?,Baby Stone Studios,Simulation,$48.2k ($26.6k - $69.8k),$48.2k,
2649080,Coffee Caravan,Broccoli Games,Simulation,$674.2k ($425.6k - $922.8k),$673.3k,
634160,Cattails | Become a Cat!,Falcon Development,Simulation,$754.8k ($496.9k - $1m),$1.2m,
1307710,GRID Legends,Electronic Arts,Simulation,$2m ($1.2m - $2.9m),$4.4b,
952040,MUSYNX,Wave Game,Simulation,$697.4k ($375.3k - $1m),$696.5k,
550320,art of rally,Funselektor Labs Inc.,Simulation,$3.5m ($2.1m - $4.9m),$4.8m,
1859360,Dungeon Village,"Kairosoft Co., Ltd",Simulation,$310.3k ($166.6k - $454k),$5.6m,retry
3615160,Teddy's Haven - A Fantasy Inspired Shop Simulator,Teddy Bear Games LLC,Simulation,$376.8k ($257.8k - $495.9k),$371.5k,
936720,Wrench,Missing Digit,Simulation,$1.6m ($1.1m - $2m),$1.6m,
1330660,Train Life: A Railway Simulator,Nacon,Simulation,$612.5k ($457.1k - $767.8k),$157.4m,
2445340,Love n Life: Lucky Teacher,Reborn Entertainment,Simulation,$217.2k ($139.9k - $294.4k),$776.1k,
1252000,GOAL! The Club Manager,2tainment,Simulation,$286.3k ($223.6k - $349k),$297.7k,
788770,Meteor 60 Seconds!,AvoCavo,Simulation,ERROR,$4k,F2P
2109270,Preserve,Grindstone,Simulation,$377.3k ($240.3k - $514.3k),$3.1m,
1428100,Instruments of Destruction,Secret Mode,Simulation,$858.4k ($584.9k - $1.1m),$73.7m,
712730,SIMULACRA,Kaigan Games OÜ,Simulation,$226k ($148.3k - $303.8k),$226.1k,
403120,THE GAME OF LIFE,Marmalade Game Studio Ltd,Simulation,$885.5k ($573.4k - $1.1m),$8m,
492090,A-Train PC Classic,STUDIOARTDINK,Simulation,$636.7k ($188.9k - $1m),$636.7k,
1477700,Project Wunderwaffe,Weasel Games,Simulation,$93.7k ($51.6k - $135.8k),$93.8k,
250600,The Plan,Krillbite Studio,Simulation,ERROR,$3.4m,F2P
1087270,Franchise Hockey Manager 6,Out of the Park Developments,Simulation,$260k ($179.3k - $340.7k),$3.5m,
2517200,Repair this!,HGISoft,Simulation,$211.9k ($139.9k - $284k),$211.6k,
2240790,Sucker for Love: Date to Die For,DreadXP,Simulation,$271.7k ($179.9k - $363.5k),$18.5m,
29180,Osmos,Hemisphere Games,Simulation,$715.9k ($337.9k - $1m),$716k,
1573630,Choice of Life: Middle Ages 2,Blazing Planet Studio,Simulation,$104.2k ($64k - $144.4k),$312.6k,
1947950,Boxing Gym Story,"Kairosoft Co., Ltd",Simulation,$33k ($21.2k - $44.8k),$5.6m,retry
2673490,Seifuku Kanojo,HIKARI PULSE,Simulation,$351.2k ($215.5k - $486.9k),$544.8k,
2484130,Fruitbus,Krillbite Studio,Simulation,$567.7k ($399.8k - $735.6k),$3.4m,
2429350,myPOPGOES,Clickteam,Simulation,$57.3k ($36.7k - $78k),$163.8k,
2429190,Amerzone - The Explorer's Legacy,Microids,Simulation,$331.1k ($219.4k - $442.7k),$27m,
834280,Fishing Sim World: Pro Tour,Dovetail Games,Simulation,$997.8k ($674.3k - $1.3m),$37.5m,
824720,Pure Rock Crawling,Maciej Kuzianik,Simulation,$636.6k ($433.8k - $839.4k),$636.5k,
754500,Plutocracy,Redwood,Simulation,$555.4k ($354.3k - $756.6k),$556k,
1168880,MOLEK-SYNTEZ,Zachtronics,Simulation,$343.7k ($200.3k - $487.2k),$14.4m,
1627350,DEAD LETTER DEPT.,Belief Engine,Simulation,$227.3k ($145.7k - $309k),$226.7k,
2449430,Incremental Factory,Significant Steak,Simulation,$184.2k ($117k - $251.3k),$184.2k,
1187510,Rock Simulator,vinoo,Simulation,$22.7k ($10.4k - $35k),$45.2k,
2520410,Dragons Legacy,Beawesome Games,Simulation,$73.8k ($39.6k - $107.9k),$3.7m,
1502380,Combat Mission Black Sea,Matrix Games,Simulation,$833.8k ($561k - $1.1m),$17.2m,
3440120, Knights of the Crusades,indie.io,Simulation,$95.5k ($63.8k - $127.2k),$36.8m,
2505570,Burger Shop 3,GoBit Games,Simulation,$80.8k ($45.5k - $116.1k),$210.4k,
1803390,Bounty: Drag Racing,KODgames,Simulation,$175.8k ($114.8k - $236.8k),$175.9k,
359550,Tom Clancy's Rainbow Six Siege,Ubisoft,Sports,$556.6m ($304.3m - $808.9m),$2.4b,
2669320,EA SPORTS FC 25,Electronic Arts,Sports,$107.3m ($74.9m - $139.7m),$4.4b,
1100600,Football Manager 2020,SEGA,Sports,ERROR,$1.6b,NOG
1263850,Football Manager 2021,SEGA,Sports,ERROR,$1.6b,NOG
1569040,Football Manager 2022,SEGA,Sports,ERROR,$1.6b,NOG
1222680,Need for Speed Heat,Electronic Arts,Sports,$88m ($59.2m - $116.7m),$4.4b,
436150,Governor of Poker 3,Playtika Ltd.,Sports,$13.6m ($7.6m - $19.7m),ERROR,F2P
378120,Football Manager 2016,SEGA,Sports,ERROR,$1.6b,NOG
1778820,TEKKEN 8,Bandai Namco Entertainment,Sports,$63.9m ($45.2m - $82.5m),$1.7b,
678950,DRAGON BALL FighterZ,Bandai Namco Entertainment,Sports,$54.5m ($39.2m - $69.9m),$1.7b,
295270,Football Manager 2015,SEGA,Sports,ERROR,$1.6b,NOG
611500,Quake Champions,Bethesda Softworks,Sports,$1.2m ($936.3k - $1.5m),$2.1b,
310950,Street Fighter V,"CAPCOM Co., Ltd.",Sports,$45.8m ($28.6m - $63m),$1.8b,
321040,DiRT 3 Complete Edition,Codemasters,Sports,ERROR,$43.3m,NOG
44350,GRID 2,Codemasters,Sports,ERROR,$43.3m,NOG
339610,Freestyle 2: Street Basketball,JOYCITY,Sports,$27.6m ($18.7m - $36.4m),$27.7m,
234710,Poker Night 2,Telltale Games,Sports,ERROR,$0 ,NOG
2315690,WWE 2K24,2K,Sports,$9.8m ($7.3m - $12.3m),$1.7b,
370240,NBA 2K16,2K,Sports,ERROR,$1.7b,NOG
1372810,Teamfight Manager,Team Samoyed,Sports,$3m ($2m - $4.1m),$3.2m,
2290180,Riders Republic,Ubisoft Entertainment,Sports,$14.7m ($9.8m - $19.6m),$56m,
2157560,Granblue Fantasy Versus: Rising,"Cygames, Inc.",Sports,$9.3m ($6m - $12.5m),$209.2m,
223670,F1 2013,Codemasters,Sports,ERROR,$43.3m,NOG
1451190,Undisputed,Deep Silver,Sports,$13.2m ($8.6m - $17.8m),$565m,
415200,Motorsport Manager,Miniclip,Sports,$11m ($7.6m - $14.4m),$11m,
2878960,WWE 2K25,2K,Sports,$8.8m ($6.3m - $11.2m),$1.7b,
1278540,Esports Godfather,Asteroid Game Studio,Sports,$2.2m ($1.5m - $2.9m),$2.5m,
2012510,Stormgate,Frost Giant Studios,Sports,$1.8m ($1.2m - $2.4m),$1.8m,
981890,Olympic Games Tokyo 2020 – The Official Video Game,SEGA,Sports,$445.7k ($241.1k - $650.3k),$1.6b,
375960,Pro Evolution Soccer 2016,Konami Digital Entertainment,Sports,ERROR,ERROR,NOG
287680,Pro Evolution Soccer 2015,KONAMI Digital Entertainment,Sports,ERROR,ERROR,NOG
1196470,WE ARE FOOTBALL,THQ Nordic,Sports,$840.5k ($519.4k - $1.1m),$387m,
2698940,The Crew Motorfest,Ubisoft,Sports,$9.2m ($6.6m - $11.8m),$2.4b,
520440,GUILTY GEAR Xrd REV 2,Arc System Works,Sports,$11.1m ($7.3m - $14.8m),$87.5m,
525920,Pro Cycling Manager 2017,Focus Entertainment,Sports,$903.4k ($534.6k - $1.2m),$727.2m,
1153410,JDM: Japanese Drift Master,Gaming Factory,Sports,$4m ($2.8m - $5.2m),$6.4m,
417430,Moto Racer  4,Microids,Sports,$616.4k ($259.1k - $973.6k),$27m,
2063610,Pro Cycling Manager 2023,Nacon,Sports,$1m ($644.2k - $1.4m),$157.4m,
571740,Golf It!,Perfuse Entertainment,Sports,$18.5m ($11.9m - $25.1m),$18.5m,
702890,BlazBlue: Cross Tag Battle,Arc System Works,Sports,$4.6m ($2.8m - $6.5m),$87.5m,
393430,Ice Lakes,Paradox Interactive,Sports,$710.9k ($428.2k - $993.7k),$1.1b,
2494350,Pro Cycling Manager 2024,Nacon,Sports,$1.1m ($683.9k - $1.6m),$157.4m,
468920,Ultimate Fishing Simulator,Ultimate Games S.A.,Sports,$1.1m ($691.9k - $1.6m),$9.4m,
618140,Barro,SC Jogos,Sports,$67.7k ($29.8k - $105.7k),$791.4k,
523150,Mahjong World Contest (麻将),8Floor,Sports,$8k ($4.3k - $11.7k),$3.8m,
1477590,EZ2ON REBOOT : R,"Neonovice Co., Ltd.",Sports,$3.8m ($2.1m - $5.5m),$3.8m,
371460,Gnumz: Masters of Defense,8Floor,Sports,$7.5k ($4k - $11k),$3.8m,
681280,Descenders,No More Robots,Sports,$8.4m ($5.9m - $10.9m),$24.5m,
2334220,Home Sweet Home : Online,Shift Now,Sports,$953.6k ($482.7k - $1.4m),$953.6k,
266410,iRacing,iRacing.com Motorsport Simulations,Sports,$1.6m ($1.1m - $2m),$2.2m,
1263860,Football Manager 2021 Touch,SEGA,Sports,ERROR,$1.6b,NOG
365960,rFactor 2,Studio 397,Sports,$9.5m ($6m - $13.1m),$20.3m,
2486740,Sledders,Bonus Stage Publishing,Sports,$1.8m ($1.2m - $2.3m),$2.9m,
1447000,MotoGP21,Milestone S.r.l.,Sports,$1.1m ($677.6k - $1.5m),$60.1m,
673560,IOSoccer,IOSoccer Team,Sports,ERROR,$0 ,F2P
3116890,Out of the Park Baseball 26,Out of the Park Developments,Sports,$1.3m ($833.3k - $1.7m),$3.5m,
1990740,Barro GT,SC Jogos,Sports,$151.6k ($30.3k - $273k),$791.4k,
388750,BlazBlue: Chronophantasma Extend,"H2 Interactive Co., Ltd.",Sports,$2m ($1.3m - $2.8m),$16m,
1389990,Oblivity - Find your perfect Sensitivity,Poly Games,Sports,$1.2m ($640.5k - $1.8m),$1.2m,
301120,Eastside Hockey Manager,SEGA,Sports,$736.2k ($363.5k - $1.1m),$1.6b,
994910,Poker Master,NGIN LIMITED,Sports,$824.7k ($264.2k - $1.3m),$823.6k,
576740,FootRock 2,nobodyshot,Sports,$3.5k ($1.7k - $5.3k),$14.7k,
58520,Blood Bowl - Legendary Edition,Cyanide Studios,Sports,$659.6k ($172.7k - $1.1m),$2.8m,
410340,Liftoff: FPV Drone Racing,LuGus Studios,Sports,$9.4m ($6m - $12.8m),$10.5m,
1710580,MotoGP22,Milestone S.r.l.,Sports,$1.6m ($945.5k - $2.4m),$60.1m,
1072480,The Fisherman - Fishing Planet,Fishing Planet LLC,Sports,$627.9k ($452.7k - $803.1k),$50.9m,
1474740,Horse Tales: Emerald Valley Ranch,Microids,Sports,$506.3k ($374.4k - $638.1k),$27m,
641960,BOXVR,FitXR,Sports,$989.5k ($654.2k - $1.3m),$988.4k,
488310,Eleven Table Tennis,For Fun Labs,Sports,$1.3m ($885.3k - $1.7m),$1.3m,
1701380,Cricket 22,Nacon,Sports,$1.5m ($870.2k - $2.1m),$157.4m,
645260,Trophy Fishing 2,Overgroup,Sports,$26.6k ($15.2k - $38k),$26.6k,
1044620,Aokana - Four Rhythms Across the Blue,NekoNyan Ltd.,Sports,$1.6m ($953.9k - $2.2m),$29.7m,
1072500,AO Tennis 2,Nacon,Sports,$3m ($1.6m - $4.4m),$157.4m,
429780,Bunny Hop League,PolyDigital,Sports,$122.6k ($71.6k - $173.6k),$122.6k,
399820,Kopanito All-Stars Soccer,Merixgames,Sports,$540.6k ($352.2k - $729k),$540.6k,
314520,Euro Fishing,Dovetail Games,Sports,$679.8k ($474.6k - $885k),$37.5m,
626680,Kreedz Climbing,ObsessionSoft,Sports,ERROR,$0 ,F2P
505740,Eximius: Seize the Frontline,Ammobox Studios,Sports,$736k ($425k - $1m),$735.8k,
2051120,HOT WHEELS UNLEASHED 2 - Turbocharged,Milestone S.r.l.,Sports,$858.4k ($534.8k - $1.1m),$60.1m,
1726120,Cursed to Golf,Thunderful Publishing,Sports,$397k ($206.1k - $588k),$28.2m,
336250,Monster Jam Battlegrounds,GameMill Entertainment,Sports,ERROR,$8.3m,NOG
3170410,Backyard Soccer '98,Playground Productions,Sports,$80k ($53.5k - $106.5k),$1.2m,
240600,MotoGP13,Plug In Digital,Sports,$298k ($209k - $386.9k),$7.2m,
1082180,TT Isle of Man: Ride on the Edge 2,Nacon,Sports,$940.1k ($639.6k - $1.2m),$157.4m,
2581370,Monster Energy Supercross 25 - The Official Video Game,Milestone S.r.l.,Sports,$360.6k ($258.8k - $462.5k),$60.1m,
2564660,Frontline 1942: Battles of the World War 2,XDEVS LTD,Sports,$70.9k ($38.9k - $102.9k),$7.7m,
1452830,Disc Space,Vadim Slyusarev,Sports,ERROR,$0 ,F2P
335070,VRC PRO,Virtual Racing Industries Ltd.,Sports,$705.3k ($472.2k - $938.3k),$705k,
1610470,MXGP 2021 - The Official Motocross Videogame,Milestone S.r.l.,Sports,$844.1k ($562.8k - $1.1m),$60.1m,
1488560,Football Simulator,Refactor Games,Sports,$565.3k ($378k - $752.5k),$564.1k,
922500,KILL la KILL -IF,Arc System Works,Sports,$1m ($655.7k - $1.4m),$87.5m,
1924170,TT Isle Of Man: Ride on the Edge 3,Nacon,Sports,$845.1k ($569k - $1.1m),$157.4m,
1040430,Adventure Climb VR,MXTreality,Sports,$295 ($126 - $464),$295 ,
1076640,Cricket Captain 2019,Childish Things Ltd,Sports,$164.3k ($43.5k - $285.1k),$819.3k,
394260,Dance Magic,Targem Games,Sports,$31.8k ($6.3k - $57.3k),$591.5k,
671620,Beast Battle Simulator,DOG HOGGLER,Sports,$456.2k ($249.7k - $662.6k),$2.7m,
940580,FIA European Truck Racing Championship,Nacon,Sports,$244.3k ($138.9k - $349.8k),$157.4m,
377060,On a Roll,Creative Concepts,Sports,$206k ($43.9k - $368.2k),$206k,
536560,CHAOS CODE -NEW SIGN OF CATASTROPHE-,Arc System Works,Sports,$169.2k ($99.7k - $238.7k),$87.5m,
243820,MotoGP 13 Demo,Milestone S.r.l.,Sports,ERROR,$60.1m,DEMO
3097560,Liar's Bar,Curve Animation,Strategy,$39.5m ($23.2m - $55.9m),$39.5m,
570,Dota 2,Valve,Strategy,$2.1b ($725.6m - $3.5b),$13.8b,
1124300,HUMANKIND,AMPLITUDE Studios,Strategy,$25.1m ($16.3m - $33.9m),$86.3m,
209670,Cortex Command,"Data Realms, LLC",Strategy,$3.3m ($1.6m - $5m),$3.3m,
872790,Football Manager 2019,SEGA,Strategy,ERROR,$1.6b,NOG
1049590,Eternal Return,Nimble Neuron,Strategy,$80.6m ($53.6m - $107.5m),$80.5m,
504370,Battlerite,Stunlock Studios,Strategy,$648.9k ($472.1k - $825.7k),$106.4m,
1677280,Company of Heroes 3,Relic Entertainment,Strategy,$34.5m ($24.6m - $44.4m),$144.6m,
218230,PlanetSide 2,Daybreak Game Company,Strategy,ERROR,$42.3m,F2P
262060,Darkest Dungeon,Red Hook Studios,Strategy,$53.1m ($38.4m - $67.7m),$77.5m,
233450,Prison Architect,Paradox Interactive,Strategy,$34.9m ($23.9m - $45.9m),$1.1b,
305620,The Long Dark,Hinterland Studio Inc.,Strategy,$52.5m ($37.3m - $67.7m),$52.3m,
1062090,Timberborn,Mechanistry,Strategy,$32m ($20.6m - $43.4m),$32.1m,
641990,The Escapists 2,Team17,Strategy,$12.7m ($7.3m - $18m),$491.2m,
4920,Natural Selection 2,Unknown Worlds Entertainment,Strategy,$8.3m ($4.5m - $12.1m),$185.5m,
1816570,江湖十一,万象皆春,Strategy,$685.7k ($375.6k - $995.7k),$685.2k,
669330,Mechabellum,Dreamhaven,Strategy,$7.8m ($5.8m - $9.8m),$15m,
2772750,Age of History 3,Łukasz Jakowski Games,Strategy,$3m ($1.9m - $4.2m),$7.3m,
2060160,The Farmer Was Replaced,Metaroot,Strategy,$3.5m ($2.1m - $5m),$3.8m,retry
1455840,Dorfromantik,Toukana Interactive,Strategy,$14.8m ($9.1m - $20.4m),$16.3m,
285160,LEGO The Hobbit,Warner Bros. Interactive Entertainment,Strategy,$2.8m ($1.3m - $4.2m),$446m,
282800,100% Orange Juice,Fruitbat Factory,Strategy,$1.5m ($944.1k - $2.2m),$3.3m,
339800,HuniePop,HuniePot,Strategy,$6.3m ($3.1m - $9.5m),$30.7m,
2273980,Orcs Must Die! Deathtrap,Robot Entertainment,Strategy,$2.9m ($2m - $3.8m),$25.8m,
592580,PRO EVOLUTION SOCCER 2018,Konami Digital Entertainment,Strategy,ERROR,ERROR,NOG
1606180,下一站江湖Ⅱ,白玉京工作室,Strategy,$3.9m ($2.4m - $5.4m),$3.9m,
1840080,Homeworld 3,Gearbox Publishing,Strategy,$7.7m ($5.5m - $9.8m),$259.6m,
436520,Line of Sight,BlackSpot Entertainment,Strategy,$18.2k ($12.5k - $23.9k),$18.2k,
586790,Hold your houses,Conglomerate 5,Strategy,$2.9k ($583 - $5.2k),$2.5m,
1178400,Pro Cycling Manager 2020,Nacon,Strategy,$438k ($242.6k - $633.4k),$157.4m,
2346410,Border Pioneer,Yogscast Games,Strategy,$1.5m ($933.5k - $2.1m),$37.8m,
1318690,shapez,tobspr Games,Strategy,$3.5m ($2m - $5m),$16.1m,
444640,Bloons TD Battles,Ninja Kiwi,Strategy,$1.3m ($974.2k - $1.7m),$64.7m,
612020,Zombidle : REMONSTERED,Berzerk Studio,Strategy,$30k ($19.3k - $40.8k),$7.4m,
434460,Rock of Ages 2: Bigger & Boulder,SEGA,Strategy,$1.2m ($794.3k - $1.6m),$1.6b,
1453850,Pro Cycling Manager 2021,Nacon,Strategy,$886.2k ($177.8k - $1.5m),$157.4m,
9420,Supreme Commander: Forged Alliance,Square Enix,Strategy,$2.9m ($1.8m - $4.1m),$1b,
2277320,Necrosmith 2,Alawar,Strategy,$531.1k ($353k - $709.3k),$13.3m,
98200,Frozen Synapse,Mode 7,Strategy,$3.3m ($673.9k - $6m),$5.4m,
798510,SUPER DRAGON BALL HEROES WORLD MISSION,BANDAI NAMCO Entertainment,Strategy,$2.5m ($1.6m - $3.4m),$477.4m,
604040,Legion Tale,Maulidan Games,Strategy,$6.9k ($1.3k - $12.5k),$76.5k,
369990,"Gremlins, Inc.",The Merchant Guild of Rund (Limited),Strategy,$2.3m ($1.4m - $3.1m),$2.3m,
1434950,HighFleet,MicroProse Software,Strategy,$4.9m ($3.4m - $6.4m),$43.5m,
1904860,Legends of Kingdom Rush,Ironhide Game Studio,Strategy,$665.6k ($414.3k - $916.8k),$28.7m,
1357210,Galactic Civilizations IV,Stardock Entertainment,Strategy,$3.9m ($2.5m - $5.4m),$62.4m,
566090,The Bard's Tale IV: Barrows Deep,inXile Entertainment,Strategy,ERROR,$48.9m,NOG
2195410,Songs of Silence,Chimera Entertainment,Strategy,$1.8m ($1.3m - $2.3m),$1.8m,
433530,Heliborne Collection,Klabater,Strategy,$1.2m ($866.7k - $1.6m),$3m,
2459550,Emberward,Refic Games,Strategy,$2.2m ($1.4m - $2.9m),$2.2m,
1679290,Fire & Maneuver,Armchair History Interactive,Strategy,$185.1k ($95.8k - $274.4k),$1.5m,
1612770,Sweet Transit,Team17,Strategy,$1.7m ($946.6k - $2.4m),$491.2m,
57740,Jagged Alliance - Back in Action,THQ Nordic,Strategy,$2m ($680.6k - $3.3m),$387m,
809720,Rescue HQ - The Tycoon,Aerosoft GmbH,Strategy,$893.5k ($563.1k - $1.2m),$56.6m,
313730,Sunrider: Mask of Arcadius,Sekai Project,Strategy,ERROR,$39.2m,F2P
3064290,Trizon,Ling,Strategy,$165k ($109.9k - $220.2k),$164.8k,
531510,Just Shapes & Beats,Berzerk Studio,Strategy,$7.3m ($5.1m - $9.6m),$7.4m,
654890,Grand Tactician: The Civil War (1861-1865),Grand Engineer Corps,Strategy,$1.8m ($1.1m - $2.6m),$1.8m,
320340,Cosmonautica,Chasing Carrots,Strategy,$508.4k ($316.7k - $700.1k),$8.1m,
551860,Abandon Ship,Fireblade Software,Strategy,$1m ($729.5k - $1.4m),$1.4m,
1352330,Zoo 2: Animal Park,upjers,Strategy,$2m ($459.6k - $3.7m),$4.7m,
515040,Make America Great Again: The Trump Presidency,Three Guys Game Studio,Strategy,$197.9k ($126.7k - $269.2k),$204.2k,
24860,Battlefield 2,Electronic Arts,Strategy,ERROR,$4.4b,NOG
73010,Cities in Motion,Paradox Interactive,Strategy,$651.6k ($328.4k - $974.7k),$1.1b,
1025600,Battle Realms: Zen Edition,Ed Del Castillo,Strategy,$3.9m ($1.9m - $5.8m),$3.9m,
2513240,Hero Tale,Weird Johnny Studio,Strategy,$88.5k ($61.9k - $115.2k),$88.5k,
2518630,None Shall Intrude,GrabTheGames,Strategy,$354.5k ($246.5k - $462.4k),$13.6m,
476240,KNIGHTS,Arzola's,Strategy,$17.4k ($9.8k - $24.9k),$22.8k,
1687530,Elder Ring,2P Games,Strategy,$68.5k ($41k - $95.9k),$42.9m,
2206350,Farm Manager World,Sim Farm S.A.,Strategy,$552.2k ($371.6k - $732.8k),$4.5m,
1368870,Field of Glory II: Medieval,Slitherine Ltd.,Strategy,$456.3k ($247.3k - $665.3k),$97.1m,
699330,The Iron Oath,Humble Games,Strategy,$836.3k ($564.5k - $1.1m),$202.3m,
1543280,Espresso Tycoon,PlayWay S.A.,Strategy,$922.4k ($588.5k - $1.2m),$275.3m,
1182020,WGT Golf,"World Golf Tour, LLC",Strategy,$3.2m ($1.7m - $4.8m),$3.2m,
1121420,Kingdom Under Fire: The Crusaders,Blueside,Strategy,$553.5k ($355.4k - $751.5k),$780.2k,retry
13560,Tom Clancy's Splinter Cell,Ubisoft,Strategy,$1.7m ($1.1m - $2.4m),$2.4b,
1437840,Heroes of the Three Kingdoms 3,"USERJOY Technology Co.,Ltd.",Strategy,$35.3k ($20.3k - $50.3k),$10.6m,
46770,Making History II: The War of the World,Factus Games,Strategy,$396.1k ($249.7k - $542.5k),$1.1m,
2384610,Franchise Hockey Manager 10,Out of the Park Developments,Strategy,$315.9k ($217.6k - $414.1k),$3.5m,
1865060,14 Minesweeper Variants,Artless Games,Strategy,$197.6k ($104.4k - $290.7k),$504k,
579020,Constructor,System 3,Strategy,$572.4k ($411.3k - $733.4k),$789.7k,
1148490,Second Front,MicroProse Software,Strategy,$319.1k ($190.4k - $447.8k),$43.5m,
260730,Desperados: Wanted Dead or Alive,THQ Nordic,Strategy,$115.2k ($66.2k - $164.2k),$387m,
1428520,Mech Engineer,MicroProse Software,Strategy,$491.1k ($376.6k - $605.7k),$43.5m,
3320,Insaniquarium Deluxe,"PopCap Games, Inc.",Strategy,$1.5m ($909k - $2.2m),$29m,
345460,War of Omens Card Game,Fifth Column Games,Strategy,$5.6k ($1.1k - $10.1k),$5.6k,
1159090,Zoria: Age of Shattering,Anshar Publishing,Strategy,$278.2k ($192.5k - $363.9k),$2.2m,
2377280,Eriksholm: The Stolen Dream,Nordcurrent Labs,Strategy,$732.5k ($466.1k - $998.8k),$2m,
2936410,Franchise Hockey Manager 11,Out of the Park Developments,Strategy,$190.6k ($116.5k - $264.7k),$3.5m,
421140,Blades of the Righteous,Vladimir Slav,Strategy,$1k ($521 - $1.5k),$1k,
3428620,Max Manos,Max Manos,Strategy,$170.1k ($107.3k - $232.8k),$193.4k,
2311990,Rack and Slay,2 Left Thumbs,Strategy,$171k ($111.3k - $230.7k),$4.2m,
2078910,汉尘：腐草为萤,"兰廷科技 Lanting Technology Co., Ltd.",Strategy,$108.5k ($63.8k - $153.1k),$109.8k,
956450,Rogue Fable III,Pixel Forge Games,Strategy,$149.2k ($83.2k - $215.2k),$203.2k,
2945100,Idle Taoist Mage Warrior 2,okyakusama,Strategy,$4.5k ($1.9k - $7.1k),$73.8k,
1446930,Merge & Blade,Magic Cube,Strategy,$38.5k ($24.6k - $52.4k),$40.2k,
494720,Morphblade,Suspicious Developments,Strategy,$122.2k ($24.4k - $220k),$12.4m,
1341160,Infinite Tournament Paintball,FiveTwo Games,Strategy,$164.4k ($106.7k - $222.1k),$164.1k,
201270,Total War: SHOGUN 2,SEGA,Strategy,$35m ($17.5m - $52.5m),$1.6b,
2184350,Guild Saga: Vanished Worlds,Ocelot,Strategy,$152.3k ($116.7k - $187.9k),$152.2k,
1842690,Station Manager,"Kairosoft Co., Ltd",Strategy,$70.5k ($31k - $110k),$5.6m,retry
1063730,New World: Aeternum,Amazon Games,Survival,$203.1m ($133.1m - $273m),$795.1m,
945360,Among Us,Innersloth,Survival,$52.1m ($35.3m - $69m),$68.2m,
2622380,ELDEN RING NIGHTREIGN,"FromSoftware, Inc.",Survival,$119.3m ($76.8m - $161.9m),$1.3b,
617290,Remnant: From the Ashes,Arc Games,Survival,$64.5m ($45.1m - $84m),$330m,
1196590,Resident Evil Village,"CAPCOM Co., Ltd.",Survival,$74.8m ($51.3m - $98.3m),$1.8b,
1621690,Core Keeper,Fireshine Games,Survival,$41.9m ($26.6m - $57.3m),$66.9m,
1693980,Dead Space,Electronic Arts,Survival,$50.2m ($38.9m - $61.6m),$4.4b,
760160,Vampire: The Masquerade - Bloodhunt,Sharkmob AB,Survival,$1.8m ($1.2m - $2.4m),$1.8m,
975370,Dwarf Fortress,Kitfox Games,Survival,$26.6m ($19m - $34.2m),$38.8m,
1259420,Days Gone,PlayStation Publishing LLC,Survival,$70.6m ($46.8m - $94.4m),$1.2b,
518790,theHunter: Call of the Wild,Avalanche Studios,Survival,$73.8m ($49.3m - $98.3m),$115.1m,
235540,Warhammer: End Times - Vermintide,Fatshark,Survival,$28m ($18.3m - $37.7m),$155.6m,
236110,Dungeon Defenders II,Chromatic Games,Survival,$21.7m ($15.8m - $27.6m),$43.3m,
261030,The Walking Dead: Season Two,Skybound Games,Survival,$12.6m ($9.4m - $15.9m),$81m,
202970,Call of Duty: Black Ops II,Activision,Survival,$83.4m ($44.1m - $122.6m),$1.5b,
1898300,ASKA,Thunderful Publishing,Survival,$8.5m ($6.2m - $10.9m),$28.2m,
2909110,Nuclear Nightmare,BG Productions,Survival,$4.9m ($3m - $6.9m),$4.9m,
1660080,Aloft,Funcom,Survival,$5.1m ($3.2m - $7m),$197.9m,
313120,Stranded Deep,Beam Team Publishing,Survival,$28.8m ($21.1m - $36.6m),$28.8m,
801800,Atomfall,Rebellion,Survival,$5.8m ($4.3m - $7.4m),$224.7m,
536220,The Walking Dead: A New Frontier,Skybound Games,Survival,$5.9m ($3.8m - $7.9m),$81m,
254700,Resident Evil 4 (2005),Capcom,Survival,$18m ($12.4m - $23.5m),$247.7m,
1850740,Ghost Watchers,Renderise,Survival,$9m ($6m - $12.1m),$9.5m,
921800,Encased: A Sci-Fi Post-Apocalyptic RPG,Prime Matter,Survival,$1.6m ($990.4k - $2.2m),$76.6m,
1721060,Mandragora: Whispers of the Witch Tree,Knights Peak,Survival,$1.6m ($1m - $2.2m),$37m,
3373660,Look Outside,Devolver Digital,Survival,$1.7m ($1.2m - $2.2m),$500.5m,
2059530,Dawn of Defiance,Traega Entertainment,Survival,$1.1m ($814.8k - $1.4m),$1.1m,
952070,RESIDENT EVIL RESISTANCE,"CAPCOM Co., Ltd.",Survival,ERROR,$1.8b,NOG
552620,ATOM RPG: Post-apocalyptic indie game,AtomTeam,Survival,$3.2m ($2.2m - $4.2m),$4.2m,
354140,Five Nights at Freddy's 3,Scott Cawthon,Survival,$3.7m ($2.6m - $4.7m),$27.6m,
951440,Volcanoids,Volcanoid,Survival,$10.8m ($6.9m - $14.6m),$10.7m,
2272900,Mirthwood,V Publishing,Survival,$1.2m ($858.7k - $1.7m),$1.9m,retry
326990,Deep Eclipse: New Space Odyssey,Conglomerate 5,Survival,$4.3k ($863 - $7.7k),$2.5m,retry
1021100,Aircraft Carrier Survival,CreativeForge Games,Survival,$316.7k ($204.4k - $428.9k),$1.3m,
706990,BLOCKPOST,Skullcap Studios,Survival,$7k ($4.2k - $9.8k),$17.7k,
1766060,HumanitZ,indie.io,Survival,$6.7m ($4.3m - $9.1m),$36.8m,
412730,Days Under Custody,Groupees Interactive,Survival,$9.7k ($1.9k - $17.5k),$12.7k,
1593350,Increlution,Gniller,Survival,$197k ($120k - $273.9k),$209.3k,
1049800,BLOCKADE,Novalink,Survival,$79.2k ($51.4k - $107k),$136k,
17470,Dead Space (2008),Electronic Arts,Survival,$18.7m ($12.3m - $25.1m),$4.4b,
3094010,HENPRI,Shiravune,Survival,$876.3k ($580.2k - $1.1m),$15.2m,
1226510,Trigon: Space Story,Gameforge 4D GmbH,Survival,$814.1k ($449k - $1.1m),$17.2m,
3042190,Nomad Idle,The Fox Knocks,Survival,$397.3k ($287.2k - $507.5k),$694.2k,
366090,Colony Survival,Pipliz,Survival,$6.5m ($5m - $8.1m),$6.5m,
1556200,Predator: Hunting Grounds,IllFonic Publishing,Survival,$3.5m ($2.2m - $4.8m),$6.5m,
332950,Dark Deception,Glowstick Entertainment,Survival,$5.3m ($3.7m - $6.9m),$5.7m,
606230,Thea 2: The Shattering,MuHa Games,Survival,$1.1m ($738.2k - $1.4m),$3.9m,
729720,Zomborg,GrabTheGames,Survival,$8.2k ($4.1k - $12.3k),$13.6m,
2708450,Oh Deer,Cozy Cabin Studios,Survival,$2.3m ($1.3m - $3.3m),$2.3m,
1713350,Project Castaway,Mardonpol Inc.,Survival,$826.5k ($532.7k - $1.1m),$826.3k,
274520,Darkwood,Acid Wizard Studio,Survival,$7.8m ($5.4m - $10.2m),$7.8m,
10680,Aliens vs. Predator,SEGA,Survival,$8.8m ($5.4m - $12.1m),$1.6b,
324510,Boundless,"Monumental, LLC",Survival,$2.8m ($1.8m - $3.8m),$2.8m,
2614070,NUKITASHI 2,Shiravune,Survival,$1m ($677k - $1.4m),$15.2m,
1293860,The Riftbreaker: Prologue,EXOR Studios,Survival,ERROR,$19.8m,F2P
1238060,Dead Space 3,Electronic Arts,Survival,$5.4m ($3.4m - $7.3m),$4.4b,
427190,DEAD RISING,Capcom,Survival,$3.9m ($2.3m - $5.4m),$247.7m,
440650,Niche - a genetics survival game,Stray Fawn Publishing,Survival,$2.8m ($1.7m - $3.9m),$20.1m,
2427430,S.T.A.L.K.E.R.: Call of Prypiat - Enhanced Edition,GSC Game World,Survival,$2.5m ($1.3m - $3.7m),$19.9m,
1104330,Founders' Fortune,Dionic Software,Survival,$1.4m ($936.9k - $2m),$3.7m,
1262460,Zompiercer,DDDimanN,Survival,$1.4m ($959.4k - $1.9m),$1.4m,
1713810,Lumencraft,Star Drifters,Survival,$1.2m ($720.2k - $1.8m),$2.6m,
2061440,Oxygen: First Breath,GrabTheGames,Survival,ERROR,$13.6m,F2P
951430,Dead Age 2: The Zombie Survival RPG,Headup,Survival,$436.6k ($290.5k - $582.7k),$14m,
1515900,Heaven Dust 2,indienova,Survival,$167.9k ($98.3k - $237.6k),$41.5m,
594160,The Last Patient,NGV Studio,Survival,$1k ($213 - $1.9k),$1.2k,
2186360,IDUN - Frontline Survival,Surefire.Games,Survival,$321k ($232.9k - $409.2k),$27.7m,
1573100,Subterrain: Mines of Titan,indie.io,Survival,$317k ($211.2k - $422.9k),$36.8m,
253430,CastleMiner Z,DigitalDNA Games,Survival,$1.9m ($1.3m - $2.5m),$2m,
2625510,Don't Shout Together,SinisterGames,Survival,$122.3k ($78.8k - $165.8k),$122.2k,
3133060,Gnomes,DYSTOPIAN,Survival,$390.8k ($269.3k - $512.4k),$388.8k,
715560,Eastshade,Eastshade Studios,Survival,$2m ($1.3m - $2.6m),$2m,
3311740,The Cabin Factory,Future Friends Games,Survival,$536.1k ($341.1k - $731k),$16.5m,
2378910,Settlements Rising,The Catalyst Crew,Survival,$211.5k ($152.8k - $270.1k),$211.2k,
3168310,True Fear: Forsaken Souls Part 3,The Digital Lounge,Survival,$149.5k ($91.9k - $207.1k),$874.5k,
3243190,Psychopomp GOLD,Fading Club,Survival,$541.8k ($363.6k - $720k),$589.8k,
409510,Genesis Online,Shumkov Dmitriy,Survival,ERROR,$0 ,F2P
1269300,This Means Warp,Jagex Ltd,Survival,$607.4k ($332.9k - $881.9k),$104.8m,
1315980,Tin Can,Tin Can Studio,Survival,$540.4k ($371.1k - $709.8k),$540.3k,
310370,The Way of Life Free Edition,CyberCoconut,Survival,ERROR,$58.1k,F2P
2532430,Supernormal,Hitori de Productions,Survival,$151.2k ($116.2k - $186.2k),$150.9k,
458000,March of the Living,Creaky Corpse Ltd,Survival,$333.9k ($198.3k - $469.5k),$9.2m,
3449590,Murim Survival,Sunwood Games,Survival,$97k ($63.7k - $130.2k),$96.6k,
1451470,El Dorado: The Golden City Builder,Gameparic,Survival,$46k ($28.4k - $63.7k),$179.2k,
1644490,Occult,Renderise,Survival,$405.1k ($252k - $558.1k),$9.5m,
1394960,Winter Survival,DRAGO entertainment,Survival,$223k ($158.7k - $287.3k),$20.9m,
431180,WolfQuest: Classic,eduweb,Survival,$621.6k ($386.3k - $857k),$7.2m,
35480,Dwarfs!?,Tripwire Interactive,Survival,$284.2k ($135k - $433.4k),$237.8m,
3140990,Backrooms Cleanup Crew,On The Bridge Games,Survival,$169.1k ($112.2k - $226k),$167.7k,
1295900,Draconia,Draconia Dev Team,Survival,$518.7k ($335.4k - $701.9k),$518.5k,
2373290,The Game of Annie 安妮的游戏,potentknight,Survival,$88.6k ($57.2k - $120.1k),$88.6k,
1782330,Green Hell VR,Incuvo,Survival,$764.5k ($489.6k - $1m),$763.4k,
2243110,EMPTY SHELL,Hyperstrange,Survival,$391.5k ($254.4k - $528.6k),$8.6m,
1232460,Onee Chanbara ORIGIN,D3PUBLISHER,Survival,$1.2m ($728.2k - $1.7m),$55.3m,
469800,Evolution Board Game,North Star Games,Survival,$181.7k ($128.1k - $235.3k),$184.9k,
704510,Mercury Fallen,indie.io,Survival,$134.4k ($74.5k - $194.2k),$36.8m,
2655590,Kingdom's Deck,Rogue Duck Interactive,Survival,$208.2k ($140.1k - $276.3k),$5.2m,
691450,Misao - 2024 HD Remaster,PLAYISM,Survival,$266.1k ($177.6k - $354.6k),$86.3m,
618360,Aesthetic Melody,Adam DeLease,Survival,$6.1k ($1.2k - $11k),$53.9k,
1672310,Decarnation,Shiro Unlimited,Survival,$220.6k ($151.8k - $289.3k),$1m,
1504570,Cultivation Tales,Ac Games,Tower Defense,$2.4m ($1.4m - $3.5m),$2.4m,
1566690,Outpost: Infinity Siege,Lightning Games,Tower Defense,$5.5m ($3.5m - $7.6m),$85.3m,
3590,Plants vs. Zombies GOTY Edition,"PopCap Games, Inc.",Tower Defense,$22m ($14.9m - $29m),$29m,
210770,Sanctum 2,Coffee Stain Publishing,Tower Defense,$3.1m ($1.5m - $4.7m),$591.2m,
262280,Dungeons 2,Kalypso Media Digital,Tower Defense,$7.7m ($3.9m - $11.5m),$47.6m,
2647230,HoloParade,holo Indie,Tower Defense,$406.7k ($236.6k - $576.8k),$1.3m,
2140020,Stronghold: Definitive Edition,Firefly Studios,Tower Defense,$5.8m ($3.7m - $8m),$45.3m,
1485590,ENDLESS Dungeon - Definitive Edition,AMPLITUDE Studios,Tower Defense,$4.5m ($3.2m - $5.8m),$86.3m,
1202130,Starship Troopers: Terran Command,Slitherine Ltd.,Tower Defense,$9.4m ($6.4m - $12.5m),$97.1m,
498660,Mind Spheres,SA Industry,Tower Defense,$37k ($21k - $53k),$4m,
385770,Time Clickers,,Tower Defense,ERROR,ERROR,"F2P, NPI"
1105670,The Last Spell,Nacon,Tower Defense,$7.7m ($5.6m - $9.8m),$157.4m,
1426450,Age of Darkness: Final Stand,PlaySide,Tower Defense,$7.4m ($5m - $9.8m),$8.6m,
3226530,Tower Dominion,Parallel 45 Games,Tower Defense,$2.8m ($2m - $3.7m),$2.8m,
102600,Orcs Must Die!,Robot Entertainment,Tower Defense,$1.7m ($1m - $2.4m),$25.8m,
1949190,Necrosmith,Alawar,Tower Defense,$661.4k ($427.6k - $895.2k),$13.3m,
1843760,Rogue Tower,Die of Death Games,Tower Defense,$4.8m ($3.2m - $6.5m),$4.8m,
1262240,Plants vs. Zombies: Battle for Neighborville,Electronic Arts,Tower Defense,$9.5m ($6m - $12.9m),$4.4b,
503770,Elven Assassin,Wenkly Studio Sp. z o.o.,Tower Defense,$275.6k ($151.6k - $399.5k),$580.1k,
1127400,Mindustry,AnukenDev,Tower Defense,$5.7m ($3.8m - $7.7m),$5.7m,
809140,Cliff Empire,Lion's Shade,Tower Defense,$1.8m ($1.2m - $2.4m),$1.8m,
218410,Defender's Quest: Valley of the Forgotten (DX edition),Level Up Labs,Tower Defense,$1m ($789.2k - $1.3m),$1m,
1101190,Dungeon Defenders: Awakened,Chromatic Games,Tower Defense,$5.1m ($3.5m - $6.7m),$43.3m,
357780,Defend Your Life: TD,Alda Games,Tower Defense,$72.3k ($41.8k - $102.9k),$975.3k,
2181610,Heretic's Fork,Ravenage Games,Tower Defense,$1.7m ($1.1m - $2.4m),$6.5m,
2821800,Drill Core,tinyBuild,Tower Defense,$2.1m ($1.4m - $2.8m),$178.4m,
937310,Infinitode 2 - Infinite Tower Defense,Prineside,Tower Defense,$12.5k ($7.2k - $17.8k),$12.6k,
1197570,Until We Die,Pixeye Games,Tower Defense,$1m ($594.3k - $1.5m),$1m,
1291010,Warpips,Daedalic Entertainment,Tower Defense,$2.4m ($1.5m - $3.3m),$159.7m,
2411910,miniBONG,Game Star,Tower Defense,$179.9k ($119.7k - $240.1k),$813.1k,
408410,X-Morph: Defense,EXOR Studios,Tower Defense,$679.2k ($408.7k - $949.7k),$19.8m,
246420,Kingdom Rush  - Tower Defense,Ironhide Game Studio,Tower Defense,$4.1m ($2.9m - $5.2m),$28.7m,
2322440,METAL SLUG ATTACK RELOADED,SNK CORPORATION,Tower Defense,$282.7k ($180.7k - $384.7k),$35.5m,
91200,Anomaly: Warzone Earth,11 bit studios,Tower Defense,$1.7m ($343.7k - $3m),$175.9m,
2093920,Dread Dawn,Kioop,Tower Defense,$1m ($737.6k - $1.4m),$1m,
1956040,Kingdom Eighties,Raw Fury,Tower Defense,$915.9k ($709.1k - $1.1m),$100m,
18500,Defense Grid: The Awakening,Hidden Path Entertainment,Tower Defense,$1.8m ($1.2m - $2.4m),$3.1m,
2510710,Kunitsu-Gami: Path of the Goddess,"CAPCOM Co., Ltd.",Tower Defense,$1.9m ($1.4m - $2.4m),$1.8b,
306020,Bloons TD 5,Ninja Kiwi,Tower Defense,$3.3m ($2.3m - $4.3m),$64.7m,
227860,Castle Story,Sauropod Studio,Tower Defense,$6m ($4.2m - $7.8m),$6m,
2400770,Dungeon Tycoon,Goblinz Publishing,Tower Defense,$897k ($622.3k - $1.1m),$28.9m,
345330,Eden Rising,The Wall Productions Inc.,Tower Defense,$12.1k ($7.1k - $17.2k),$12.2k,
1108370,Ratropolis,Cassel Games,Tower Defense,$2.7m ($1.8m - $3.6m),$5.6m,
1868000,Resist the succubus—The end of the female Knight,OTAKU Plan,Tower Defense,$568.6k ($397.4k - $739.9k),$8.3m,
1252780,Bloons Monkey City,Ninja Kiwi,Tower Defense,$216.8k ($136.7k - $296.8k),$64.7m,
2853160,SHOOPER NOVA,gamersky games,Tower Defense,$221.2k ($138.1k - $304.3k),$219k,retry
243780,PixelJunk Monsters Ultimate,Double Eleven,Tower Defense,$357k ($145.8k - $568.1k),$684.7k,
454870,Magic Quest,Stereo7 Games,Tower Defense,$4.1k ($2k - $6.2k),$32.4k,
422900,Particle Fleet: Emergence,Knuckle Cracker,Tower Defense,$717.2k ($482.3k - $952.2k),$9.1m,
235360,Prime World: Defenders,Nival,Tower Defense,$349.8k ($221.8k - $477.9k),$2.5m,
2055050,Cavalry Girls,OKJOY,Tower Defense,$525.4k ($361k - $689.8k),$1.7m,
1709900,Tower Tactics: Liberation,asraworks,Tower Defense,$700.9k ($446.2k - $955.6k),$714.7k,
254200,FortressCraft Evolved!,Digital Tribe,Tower Defense,$796k ($548.3k - $1m),$3.3m,
698540,Dungeon Warfare 2,Valsar,Tower Defense,$635.8k ($367.3k - $904.3k),$961.1k,
2182630,Mob Factory,LiterallyEveryone Games,Tower Defense,$414.4k ($272.1k - $556.8k),$414.2k,
449710,REDCON,Hexage,Tower Defense,$156.5k ($96.2k - $216.7k),$352.6k,
215710, Fieldrunners 2,Subatomic Studios LLC,Tower Defense,$111.8k ($72k - $151.5k),$196.3k,
2118250,Kitchen Crisis,Team Samoyed,Tower Defense,$140.8k ($98.8k - $182.8k),$3.2m,
1227780,Taur,Echo Entertainment,Tower Defense,$1.3m ($855k - $1.7m),$1.3m,
947300,Grim Nights,Edym Pixels,Tower Defense,$136.2k ($104.3k - $168k),$234.5k,
647960,Rusted Warfare - RTS,Corroding Games,Tower Defense,$660.9k ($480.4k - $841.4k),$660.5k,
2162680,Doom Sweeper,Paper Dog,Tower Defense,$98.2k ($70.3k - $126.1k),$98.2k,
1076750,Dream Engines: Nomad Cities,Suncrash,Tower Defense,$513.2k ($335.5k - $690.9k),$2.3m,
227220,Sang-Froid - Tales of Werewolves,Artifice Studio,Tower Defense,ERROR,$170.6k,F2P
2287970,Dungeon's Legion,Kagura Games,Tower Defense,$391.2k ($252.2k - $530.2k),$63.3m,
355980,Dungeon Warfare,Valsar,Tower Defense,$325.1k ($205.8k - $444.4k),$961.1k,
1671350,Touhou Monster TD ~ 幻想乡妖怪塔防,MyACG Studio,Tower Defense,$322.4k ($227.4k - $417.5k),$2.8m,
3054090,Idle Tower Defense,ZNZ Games,Tower Defense,$31.7k ($19.5k - $43.9k),$31.7k,
1487680,Broken Universe - Tower Defense,Jinthree Studio,Tower Defense,$92.4k ($59k - $125.8k),$92.4k,
562500,Warstone TD,Battlecruiser Games,Tower Defense,$836.5k ($533.4k - $1.1m),$878.5k,
266390,Farm for your Life,Hammer Labs,Tower Defense,$250.5k ($190.8k - $310.2k),$267.2k,
1067600,The Defender: Farm and Castle,Kobsoft Kitti,Tower Defense,ERROR,$0 ,F2P
2223590,2112TD: Tower Defense Survival,Refinery Games,Tower Defense,$63.6k ($43.2k - $83.9k),$63.6k,
1011590,Night is Coming,101XP,Tower Defense,$202k ($140.6k - $263.3k),$3.9m,
2751050,clickyland,Sokpop Collective,Tower Defense,$158.5k ($104k - $213.1k),$11.5m,
1516750,Alien Marauder,Vexan Studio,Tower Defense,$145.6k ($84.9k - $206.3k),$145.5k,
1945990,Minion Raid: Epic Monsters,upjers GmbH,Tower Defense,$461 ($261 - $662),$462 ,
2330870,CD 2: Trap Master,ACE ENTERTAINMENT,Tower Defense,$167.1k ($125.5k - $208.6k),$167k,
2086680,Castle Craft,Astra Logical,Tower Defense,$310.7k ($209.5k - $411.9k),$2.4m,
1137320,Screeps: Arena,"Screeps, LLC",Tower Defense,$46.2k ($24.7k - $67.6k),$1.8m,
457730,Mushroom Wars 2,Azur Games,Tower Defense,$356.7k ($222.1k - $491.3k),$512.9k,
3139620,Frontline Crisis,Gamersky Games,Tower Defense,$82.7k ($53.2k - $112.3k),$60.1m,
2209680,Beach Invasion 1944,AIx2 Games,Tower Defense,$356.8k ($216.4k - $497.2k),$458.6k,
2607060,From Glory To Goo,Stratagem Blue,Tower Defense,$371.8k ($256.1k - $487.5k),$369.7k,
1252680,SENTRY,Fireblade Software,Tower Defense,$427.3k ($304.7k - $549.9k),$1.4m,
2745870,Warfare Legacy Collection,Armor Games Studios,Tower Defense,$334.6k ($227.9k - $441.3k),$20.7m,
1269690,Attack on Toys,N7T-GAMES,Tower Defense,$168.4k ($108.3k - $228.6k),$168k,
2361460,Toy Shire,Catoptric Games,Tower Defense,$263.3k ($176.6k - $350k),$1.2m,
412520,Evil Defenders,CP Decision,Tower Defense,$68.4k ($47.1k - $89.7k),$68.2k,
205530,Gratuitous Tank Battles,Positech Games,Tower Defense,$24.2k ($11.3k - $37k),$16.9m,
422910,Creeper World: Anniversary Edition,Knuckle Cracker,Tower Defense,$30.7k ($18.8k - $42.6k),$9.1m,
2050510,Oriental Dynasty - Silk Road defense war,星环游戏,Tower Defense,$41.6k ($20.5k - $62.6k),$41.6k,
525620,Octogeddon,All Yes Good,Tower Defense,$413.4k ($230.7k - $596k),$419.4k,
2849680,Utopia Must Fall,Pixeljam,Tower Defense,$94.7k ($59.3k - $130.1k),$5.3m,
2310160,Operation: Polygon Storm,Toxic Studio,Tower Defense,$102.6k ($73.7k - $131.4k),$121.8k,
209690,Fieldrunners,Subatomic Studios LLC,Tower Defense,$84.9k ($41.7k - $128.1k),$196.3k,
1101360,Rock of Ages 3: Make & Break,Maximum Entertainment,Tower Defense,$1.1m ($670.3k - $1.7m),$32.3m,
3001330,Forest Heroes,Hoochoo Game Studios,Tower Defense,$58.9k ($41.4k - $76.5k),$901.3k,
378260,Fortify,Holgersson Entertainment,Tower Defense,$32k ($21.2k - $42.7k),$36.7k,
1368850,Cursed Treasure 2 Ultimate Edition - Tower Defense,Surefire.Games,Tower Defense,$41.6k ($18.1k - $65.1k),$27.7m,
1687950,Persona 5 Royal,SEGA,Visual Novel,$101.4m ($64.4m - $138.5m),$1.6b,
491950,Orwell: Keeping an Eye On You,Daedalic Entertainment,Visual Novel,$2m ($1.2m - $2.8m),$159.7m,
654880,Dream Daddy: A Dad Dating Simulator,Game Grumps,Visual Novel,$3.8m ($2.6m - $4.9m),$3.8m,
1256670,Library Of Ruina,ProjectMoon,Visual Novel,$12.9m ($9.5m - $16.3m),$108.6m,
420740,The Deed,GrabTheGames,Visual Novel,$56.5k ($31.6k - $81.5k),$13.6m,
994730,Banner of the Maid,2P Games,Visual Novel,$3.3m ($2.1m - $4.4m),$42.9m,
1207650,Suzerain,Torpor Games,Visual Novel,$2.5m ($1.3m - $3.7m),$2.5m,
1451940,NEEDY STREAMER OVERLOAD,WSS playground,Visual Novel,$16.3m ($11.4m - $21.2m),$24.7m,
607890,Sword Art Online: Hollow Realization Deluxe Edition,BANDAI NAMCO Entertainment,Visual Novel,$12m ($7.7m - $16.4m),$477.4m,
1108320,妄想破绽 Broken Delusion,bilibili,Visual Novel,$249.4k ($131k - $367.8k),$129m,
1449200,AI: THE SOMNIUM FILES - nirvanA Initiative,"Spike Chunsoft Co., Ltd.",Visual Novel,$3.3m ($1.7m - $4.9m),$94.4m,
2190220,Touhou Danmaku Kagura Phantasia Lost,Alliance Arts,Visual Novel,$1.4m ($920.9k - $1.9m),$19.3m,
568720,The Agony,KishMish Games,Visual Novel,$10.4k ($5.2k - $15.7k),$1.6m,
1684350,The Thaumaturge,11 bit studios,Visual Novel,$5.1m ($3.4m - $6.8m),$175.9m,
2865490,恋爱单选题,无忧传媒,Visual Novel,$586.7k ($412.7k - $760.7k),$586.4k,
2826180,Chill Pulse,Catos Game,Visual Novel,$565k ($403.8k - $726.3k),$563.7k,
1129190,Our Life: Beginnings & Always,GB Patch Games,Visual Novel,$2m ($917.1k - $3.1m),$2m,
675260,Batman: The Enemy Within - The Telltale Series,Telltale,Visual Novel,$2.6m ($1.8m - $3.5m),$25.7m,
331470,Everlasting Summer,Soviet Games,Visual Novel,ERROR,$463.1k,F2P
1394800,Rebirth:Mr Wang,DSGame,Visual Novel,$1m ($225.4k - $1.7m),$15.5m,
413420,Danganronpa 2: Goodbye Despair,"Spike Chunsoft Co., Ltd.",Visual Novel,$10.4m ($7.5m - $13.3m),$94.4m,
2869860,Monster Prom 4: Monster Con,Beautiful Glitch,Visual Novel,$712.7k ($459.5k - $965.8k),$5.9m,
423550,Day D: Tower Rush,8Floor,Visual Novel,$7.3k ($4.4k - $10.3k),$3.8m,
1967430,Ghost Trick: Phantom Detective,"CAPCOM Co., Ltd.",Visual Novel,$3.6m ($2.5m - $4.7m),$1.8b,
1213300,Rebellion GODSOUL: Awakening,U-Secret Studio,Visual Novel,$1.3m ($798.8k - $1.8m),$1.3m,
3319980,"The Legend of Heroes: Kai no Kiseki -Farewell, O Zemuria-",Clouded Leopard Entertainment,Visual Novel,$920.8k ($642.4k - $1.1m),$14.9m,
420110,NEKOPARA Vol. 2,Sekai Project,Visual Novel,$2.4m ($1.4m - $3.4m),$39.2m,
1140270,Monster Prom 2: Monster Camp,Beautiful Glitch,Visual Novel,$2.5m ($1.4m - $3.5m),$5.9m,
648100,Raging Loop,KEMCO,Visual Novel,$4.1m ($2.5m - $5.6m),$4.7m,
1433420,Love n War: Hero by Chance,Reborn Entertainment,Visual Novel,$32.4k ($18.5k - $46.2k),$776.1k,
2901520,An alt girl for skoof,Terletski Games,Visual Novel,$479k ($292.6k - $665.4k),$504.3k,
353270,Hyperdimension Neptunia Re;Birth3 V Generation,Idea Factory,Visual Novel,$1.5m ($1m - $2m),$2.7m,
801630,UNDER NIGHT IN-BIRTH Exe:Late[cl-r],Arc System Works,Visual Novel,$4.3m ($2.4m - $6.2m),$87.5m,
2757330,Class of '09: The Flip Side,Wrath Club,Visual Novel,$526.1k ($309.4k - $742.7k),$2.4m,
601570,Fix Me Fix You,Sapphire Dragon Productions,Visual Novel,$18.8k ($3.7k - $33.9k),$173.3k,
876850,WhiteLily 1：丽丽公主,游学者狐狸,Visual Novel,$5.2k ($2.6k - $7.8k),$20.5k,
825630,STEINS;GATE 0,"Spike Chunsoft Co., Ltd.",Visual Novel,$1.9m ($1.1m - $2.7m),$94.4m,
1895350,I Wani Hug that Gator!,Cavemanon,Visual Novel,$413.3k ($243.2k - $583.4k),$413.1k,
1277930,Riddle Joker,NekoNyan Ltd.,Visual Novel,$1.9m ($1.1m - $2.7m),$29.7m,
2976720,1 to 1 humanoid edible toys,无,Visual Novel,$188.3k ($111.9k - $264.8k),$193.5k,
2075070,KinitoPET,troy_en,Visual Novel,$1.4m ($1m - $1.9m),$1.4m,
779640,妄想症：Deliver Me,SakuraGame,Visual Novel,$53.5k ($30.2k - $76.8k),$3.9m,
1609230,Scarlet Hollow,Black Tabby Games,Visual Novel,$1.5m ($1m - $2m),$10.3m,
1859280,7 Days to End with You,PLAYISM,Visual Novel,$1.2m ($721.7k - $1.7m),$86.3m,
2704110,Aliya: Timelink,Anotherindie,Visual Novel,$258.9k ($162.8k - $355k),$1.4m,retry
1181840,HIVESWAP: ACT 2,"What Pumpkin Games, Inc.",Visual Novel,$364.2k ($232.5k - $495.8k),$1.1m,
1510030,Knights College,KAIJYU-09,Visual Novel,$638.6k ($412.3k - $864.8k),$882k,
2071200,The Bad Kids,LightOn Game,Visual Novel,$107.1k ($70.5k - $143.7k),$150k,
648580,428: Shibuya Scramble,"Spike Chunsoft Co., Ltd.",Visual Novel,$794k ($629.5k - $958.6k),$94.4m,
1504500,OPUS: Echo of Starsong - Full Bloom Edition,SIGONO INC.,Visual Novel,$1.8m ($1.1m - $2.4m),$2.3m,
501300,What Remains of Edith Finch,Annapurna Interactive,Visual Novel,$11m ($7.3m - $14.7m),$187.8m,
1202900,Assemble with Care,ustwo games,Visual Novel,$1.4m ($989.5k - $1.8m),$4.9m,
1817940,Love Delivery,Smilegate,Visual Novel,$502k ($303.6k - $700.5k),$5.6m,
849740,Love Esquire - RPG/Dating Sim/Visual Novel,Yangyang Mobile,Visual Novel,$572.6k ($358.8k - $786.4k),$1m,
1952250,SAMURAI MAIDEN,D3PUBLISHER,Visual Novel,$1.1m ($648.2k - $1.6m),$55.3m,
2460980,Tide—1927—,咕咕制作组,Visual Novel,$19.7k ($10.1k - $29.2k),$21.3k,
899970,NEKOPARA Extra,Sekai Project,Visual Novel,$379.6k ($167.7k - $591.5k),$39.2m,
347620,Gaokao.Love.100Days,NVLMaker,Visual Novel,$1.9m ($1.2m - $2.6m),$6.2m,
2781750,Sisters: Last Day of Summer,JAST,Visual Novel,$220k ($131.5k - $308.5k),$10.1m,
600090,The Coma: Recut,Headup,Visual Novel,$383.9k ($218.2k - $549.7k),$14m,
2185770,Aonatsu Line,HIKARI FIELD,Visual Novel,$234.3k ($133.6k - $335k),$46.7m,
1555110,Chasing Tails ~A Promise in the Snow~,Nupu Neko Dev,Visual Novel,$533.2k ($237.9k - $828.4k),$903.6k,
1604380,Hamidashi Creative,TamaMako gaming,Visual Novel,$626.9k ($384.1k - $869.7k),$655.3k,
312790,Agarest: Generations of War 2,Ghostlight LTD,Visual Novel,$175.9k ($108.7k - $243k),$3.8m,
2812850,Love Chase,Topgame,Visual Novel,$60.4k ($40.3k - $80.5k),$60.8k,
1788780,VenusBlood HOLLOW International,JAST,Visual Novel,$201.2k ($130k - $272.5k),$10.1m,
3227760,Paper Bride 6 Nightmare,HeartBeat Plus,Visual Novel,$171.5k ($99.5k - $243.6k),$1.7m,
251870,Go! Go! Nippon! ~My First Trip to Japan~,MangaGamer,Visual Novel,$384.8k ($245.7k - $524k),$15.5m,
1642580,明星志願2000,SOFTSTAR ENTERTAINMENT,Visual Novel,$27.8k ($15.7k - $40k),$29.9m,
787370,Fable of the Sword,SakuraGame,Visual Novel,$9.9k ($5.3k - $14.5k),$3.9m,
523000,Princess Maker 2 Refine,Bliss Brain,Visual Novel,$685.1k ($476.6k - $893.6k),$1.9m,
1956600,Yusetsu,DSGame,Visual Novel,$511.4k ($354k - $668.9k),$15.5m,
604330,The Crown of Leaves,The Broken Horn,Visual Novel,$178.4k ($100.9k - $255.8k),$178.3k,
1460040,Love Fantasy,Mature Games,Visual Novel,$31.7k ($9.7k - $53.7k),$416.9k,
1430420,CBT With Yuuka Kazami,Sigyaad Team,Visual Novel,$6k ($2.6k - $9.4k),$194.5k,
2258770,The Shell Part I: Inferno,Shiravune,Visual Novel,$375.6k ($247.6k - $503.5k),$15.2m,
453730,Borstal,The Secret Pie,Visual Novel,$1.8k ($911 - $2.7k),$51.2k,
528060,東周列萌志 Philosophic Love,"IWPLAY WORLD INTERACTIVE ENTERTAINMENT TECHNOLOGY CO., LTD.",Visual Novel,ERROR,$0 ,F2P
2127430,Loop8: Summer of Gods,XSEED Games,Visual Novel,$81.8k ($50.2k - $113.4k),$125.4m,
862440,Angel Wings,RumR Design,Visual Novel,ERROR,$0 ,F2P
1065100,Golden Treasure: The Great Green,Dreaming Door Studios,Visual Novel,$180k ($97.3k - $262.7k),$179.8k,
925470,Endless Jade Sea -Midori no Umi-,SakuraGame,Visual Novel,$11.7k ($6.5k - $17k),$3.9m,
1279630,Vampire: The Masquerade - Shadows of New York,Dear Villagers,Visual Novel,$373.2k ($264.3k - $482.1k),$33.6m,
2986260,Dreamlike Love with Seira,JAST,Visual Novel,$200.8k ($125.3k - $276.4k),$10.1m,
1491670,Venba,Visai Games,Visual Novel,$668k ($504.5k - $831.6k),$665.6k,
938860,"Get In The Car, Loser!",Love Conquers All Games,Visual Novel,$40.4k ($28.1k - $52.6k),$824.3k,
1331210,Wolfstride,Raw Fury,Visual Novel,$130.1k ($78.4k - $181.8k),$100m,
1465190,古代人生 Ancient Life,Wingjoy Games,Visual Novel,$17k ($10.8k - $23.2k),$272.5k,
293680,Cinders,MoaCube,Visual Novel,$471.2k ($299k - $643.3k),$580.9k,
345370,TyranoBuilder Visual Novel Studio,STRIKEWORKS,Visual Novel,ERROR,ERROR,NAG
2515070,AQUARIUM,"ENTERGRAM, INC.",Visual Novel,$166.4k ($99.6k - $233.1k),$166.3k,retry
1590230,Tyrion Cuthbert: Attorney of the Arcane,Diamondhenge Entertainment,Visual Novel,$278.3k ($174.3k - $382.2k),$278.7k,
2544760,Kuroinu 2 Redux,Shiravune,Visual Novel,$379.6k ($227.6k - $531.6k),$15.2m,
2712550,The Shell Part II: Purgatorio,Shiravune,Visual Novel,$243.3k ($156.2k - $330.3k),$15.2m,
2349140,KONOSUBA - God's Blessing on this Wonderful World! Love For These Clothes Of Desire!,PQube,Visual Novel,$184.6k ($117.6k - $251.6k),$20m,
453340,Hustle Cat,Date Nighto,Visual Novel,$411.7k ($304.2k - $519.3k),$433.9k,
787510,Muv-Luv Alternative Total Eclipse Remastered,aNCHOR Inc.,Visual Novel,$288.5k ($165.7k - $411.3k),$3.8m,
1697700,Who's Lila?,Garage Heathen,Visual Novel,$560.8k ($418.2k - $703.5k),$596.9k,
2303800,My Life as a Cult Leader,Kagura Games,Visual Novel,$272.6k ($170.1k - $375.1k),$63.3m,
1575980,UsoNatsu ~The Summer Romance Bloomed From A Lie~,Sekai Project,Visual Novel,$114.9k ($71.5k - $158.2k),$39.2m,
